run,duration_ticks,elapsed,clock,road,atv,flying,on_map_all,civilian,police,parked,ground_velocity_moving,ground_moved_last_step,ground_mission_bearing,stationary_12000,entries,road_entries,flyer_entries,civilian_entries,police_entries,building_entries,confirmed_target_arrivals,successful_retirements,dead_exits,other_exits,newly_seen,ground_tile_changes,ground_reversals
baseline_6h,3110400,0,6220800,0,0,0,0,0,0,330,0,0,0,0,0,0,0,0,0,0,0,0,0,0,0,0,0
baseline_6h,3110400,12000,6232800,11,0,2,13,11,2,317,11,11,11,0,14,12,2,11,3,1,1,0,0,0,0,363,0
baseline_6h,3110400,24000,6244800,16,0,4,20,18,2,311,16,16,16,0,36,24,12,29,7,16,16,0,0,0,1,1563,0
baseline_6h,3110400,36000,6256800,18,0,5,23,21,2,308,18,18,18,0,61,40,21,53,8,38,38,0,0,0,1,2861,0
baseline_6h,3110400,48000,6268800,19,0,7,26,23,3,305,18,18,19,0,87,51,36,74,13,60,60,0,1,0,2,4364,0
baseline_6h,3110400,60000,6280800,16,0,3,19,16,3,312,15,15,16,0,105,60,45,89,16,85,85,0,1,0,2,5749,0
baseline_6h,3110400,72000,6292800,25,0,2,27,23,4,304,24,24,25,0,127,77,50,108,19,99,99,0,1,0,2,7003,0
baseline_6h,3110400,84000,6304800,29,0,2,31,27,4,299,29,29,29,0,155,94,61,134,21,122,122,0,2,0,2,8658,0
baseline_6h,3110400,96000,6316800,27,0,3,30,27,3,301,25,25,27,0,183,115,68,160,23,151,151,0,2,0,3,10303,0
baseline_6h,3110400,108000,6328800,33,0,2,35,31,4,296,28,28,33,0,209,136,73,184,25,172,172,0,2,0,3,11979,2
baseline_6h,3110400,120000,6340800,27,0,1,28,25,3,303,27,27,27,0,229,152,77,202,27,198,198,0,3,0,4,13589,4
baseline_6h,3110400,132000,6352800,23,0,5,28,25,3,303,23,23,23,0,255,167,88,227,28,223,223,0,4,0,5,15156,4
baseline_6h,3110400,144000,6364800,24,0,3,27,24,3,303,24,24,24,0,277,182,95,247,30,245,245,0,5,0,5,16697,4
baseline_6h,3110400,156000,6376800,24,0,2,26,23,3,303,22,22,24,0,293,195,98,262,31,261,261,0,6,0,5,17884,4
baseline_6h,3110400,168000,6388800,29,0,1,30,28,2,299,29,29,29,0,314,212,102,281,33,278,278,0,6,0,5,19138,6
baseline_6h,3110400,180000,6400800,28,0,2,30,27,3,300,27,27,28,0,334,228,106,300,34,298,298,0,6,0,6,20619,6
baseline_6h,3110400,192000,6412800,31,0,0,31,29,2,298,31,31,31,0,356,249,107,320,36,318,318,0,7,0,6,21998,6
baseline_6h,3110400,204000,6424800,35,0,0,35,32,3,294,35,35,35,0,377,270,107,340,37,335,335,0,7,0,6,23390,6
baseline_6h,3110400,216000,6436800,27,0,4,31,27,4,299,24,24,27,0,401,289,112,361,40,363,363,0,7,0,7,24924,6
baseline_6h,3110400,228000,6448800,26,0,2,28,24,4,302,25,25,26,0,419,302,117,377,42,384,384,0,7,0,7,26545,6
baseline_6h,3110400,240000,6460800,23,0,1,24,20,4,305,22,22,23,0,441,317,124,394,47,409,409,0,8,0,7,27960,6
baseline_6h,3110400,252000,6472800,26,0,4,30,24,6,299,25,26,26,0,465,331,134,412,53,427,427,0,8,0,7,29381,6
baseline_6h,3110400,264000,6484800,28,0,4,32,30,2,296,27,27,28,0,488,347,141,433,55,446,446,0,10,0,8,30887,6
baseline_6h,3110400,276000,6496800,26,0,4,30,28,2,298,26,26,26,0,509,362,147,450,59,469,469,0,10,0,8,32468,7
baseline_6h,3110400,288000,6508800,32,0,0,32,29,3,295,32,32,32,0,531,381,150,470,61,488,488,0,11,0,8,34014,7
baseline_6h,3110400,300000,6520800,26,0,2,28,25,3,300,25,25,26,0,548,390,158,486,62,509,509,0,11,0,9,35650,7
baseline_6h,3110400,312000,6532800,24,0,3,27,23,4,301,23,23,24,0,574,410,164,509,65,536,536,0,11,0,9,36954,7
baseline_6h,3110400,324000,6544800,30,0,3,33,29,4,295,28,27,30,0,593,424,169,526,67,549,549,0,11,0,9,38306,9
baseline_6h,3110400,336000,6556800,29,0,2,31,27,4,297,28,28,29,0,616,442,174,546,70,574,574,0,11,0,9,39736,9
baseline_6h,3110400,348000,6568800,28,0,1,29,23,6,299,28,28,28,0,638,459,179,565,73,597,597,0,12,0,10,41299,9
baseline_6h,3110400,360000,6580800,27,0,3,30,25,5,298,27,27,27,0,661,479,182,585,76,619,619,0,12,0,10,42618,9
baseline_6h,3110400,372000,6592800,31,0,2,33,29,4,295,31,31,31,0,682,494,188,604,78,637,637,0,12,0,10,44238,9
baseline_6h,3110400,384000,6604800,28,0,1,29,26,3,298,28,28,28,0,699,509,190,620,79,657,657,0,13,0,10,45576,9
baseline_6h,3110400,396000,6616800,27,0,4,31,29,2,297,27,27,27,0,719,522,197,639,80,675,675,0,13,0,11,47041,9
baseline_6h,3110400,408000,6628800,26,0,3,29,25,4,299,25,25,26,0,745,539,206,662,83,703,703,0,13,0,11,48487,9
baseline_6h,3110400,420000,6640800,29,0,0,29,25,4,298,29,29,29,0,771,557,214,686,85,728,728,0,14,0,11,50051,9
baseline_6h,3110400,432000,6652800,26,0,4,30,25,5,298,24,24,26,0,798,574,224,710,88,754,754,0,14,0,12,51642,9
baseline_6h,3110400,444000,6664800,21,0,1,22,18,4,306,21,21,21,0,814,587,227,724,90,778,778,0,14,0,12,52954,9
baseline_6h,3110400,456000,6676800,25,0,1,26,22,4,302,24,24,25,0,834,604,230,741,93,794,794,0,14,0,12,54169,9
baseline_6h,3110400,468000,6688800,30,0,1,31,28,3,298,30,30,30,0,863,627,236,769,94,818,818,0,14,0,13,55509,10
baseline_6h,3110400,480000,6700800,24,0,4,28,25,3,301,24,24,24,0,883,641,242,786,97,841,841,0,14,0,13,56842,11
baseline_6h,3110400,492000,6712800,25,0,3,28,25,3,301,25,25,25,0,902,655,247,803,99,859,859,0,15,0,14,58121,11
baseline_6h,3110400,504000,6724800,23,0,3,26,23,3,303,23,23,23,0,924,672,252,823,101,883,883,0,15,0,14,59466,11
baseline_6h,3110400,516000,6736800,27,0,3,30,28,2,299,27,26,27,0,946,689,257,843,103,901,901,0,15,0,14,60822,11
baseline_6h,3110400,528000,6748800,33,0,2,35,32,3,294,33,33,33,0,970,708,262,866,104,920,920,0,15,0,14,62436,11
baseline_6h,3110400,540000,6760800,33,0,2,35,32,3,294,29,29,33,0,995,727,268,886,109,944,944,0,16,0,15,64131,11
baseline_6h,3110400,552000,6772800,30,0,4,34,31,3,295,28,28,30,0,1015,741,274,905,110,965,965,0,16,0,15,65830,11
baseline_6h,3110400,564000,6784800,25,0,4,29,26,3,300,24,24,25,0,1039,757,282,928,111,993,993,0,17,0,16,67564,11
baseline_6h,3110400,576000,6796800,30,0,2,32,30,2,296,30,30,30,0,1070,783,287,957,113,1020,1020,0,18,0,16,69208,11
baseline_6h,3110400,588000,6808800,31,0,3,34,30,4,294,30,30,31,0,1102,808,294,986,116,1050,1050,0,18,0,16,70938,11
baseline_6h,3110400,600000,6820800,28,0,5,33,30,3,295,27,28,28,0,1129,823,306,1013,116,1078,1078,0,18,0,16,72708,11
baseline_6h,3110400,612000,6832800,25,0,5,30,27,3,297,25,25,25,0,1157,844,313,1039,118,1108,1108,0,19,0,16,74299,11
baseline_6h,3110400,624000,6844800,27,0,4,31,29,2,297,27,27,27,0,1181,856,325,1062,119,1131,1131,0,19,0,17,75983,11
baseline_6h,3110400,636000,6856800,33,0,0,33,30,3,295,32,32,33,0,1210,879,331,1088,122,1158,1158,0,19,0,17,77539,11
baseline_6h,3110400,648000,6868800,33,0,2,35,32,3,293,32,32,33,0,1232,896,336,1109,123,1178,1178,0,19,0,17,78984,11
baseline_6h,3110400,660000,6880800,27,0,1,28,25,3,300,27,27,27,0,1253,909,344,1128,125,1205,1205,0,20,0,18,80631,13
baseline_6h,3110400,672000,6892800,33,0,0,33,30,3,295,32,32,33,0,1277,930,347,1150,127,1224,1224,0,20,0,18,82184,13
baseline_6h,3110400,684000,6904800,29,0,2,31,30,1,298,29,29,29,0,1302,950,352,1175,127,1251,1251,0,20,0,19,83789,13
baseline_6h,3110400,696000,6916800,31,0,3,34,31,3,295,30,30,31,0,1330,972,358,1200,130,1276,1276,0,20,0,19,85493,13
baseline_6h,3110400,708000,6928800,30,0,2,32,29,3,297,30,30,30,0,1352,991,361,1221,131,1299,1299,0,21,0,20,87054,15
baseline_6h,3110400,720000,6940800,32,0,2,34,32,2,295,32,32,32,0,1372,1008,364,1240,132,1317,1317,0,21,0,20,88630,15
baseline_6h,3110400,732000,6952800,33,0,2,35,31,4,293,33,33,33,0,1400,1032,368,1264,136,1343,1343,0,22,0,20,90160,15
baseline_6h,3110400,744000,6964800,28,0,4,32,30,2,297,27,27,28,0,1420,1045,375,1283,137,1366,1366,0,22,0,21,91744,15
baseline_6h,3110400,756000,6976800,32,0,3,35,32,3,294,30,30,32,0,1442,1064,378,1302,140,1385,1385,0,22,0,21,93225,15
baseline_6h,3110400,768000,6988800,29,0,1,30,28,2,299,29,29,29,0,1461,1082,379,1320,141,1409,1409,0,22,0,21,94728,15
baseline_6h,3110400,780000,7000800,31,0,0,31,28,3,298,30,30,31,0,1485,1104,381,1342,143,1431,1431,0,23,0,22,96361,15
baseline_6h,3110400,792000,7012800,30,0,2,32,30,2,298,30,30,30,0,1511,1127,384,1366,145,1456,1456,0,23,0,23,97815,15
baseline_6h,3110400,804000,7024800,32,0,2,34,31,3,296,32,32,32,0,1538,1149,389,1392,146,1481,1481,0,23,0,23,99298,15
baseline_6h,3110400,816000,7036800,34,0,0,34,32,2,296,33,33,34,0,1558,1168,390,1410,148,1501,1501,0,23,0,23,100856,15
baseline_6h,3110400,828000,7048800,30,0,2,32,29,3,298,30,30,30,0,1581,1186,395,1431,150,1525,1525,0,24,0,24,102496,15
baseline_6h,3110400,840000,7060800,32,0,4,36,33,3,294,31,31,32,0,1604,1202,402,1452,152,1544,1544,0,24,0,24,104137,15
baseline_6h,3110400,852000,7072800,35,0,3,38,35,3,292,34,34,35,0,1631,1220,411,1476,155,1569,1569,0,24,0,24,105885,16
baseline_6h,3110400,864000,7084800,28,0,6,34,30,4,296,27,27,28,0,1657,1238,419,1500,157,1599,1599,0,24,0,24,107561,18
baseline_6h,3110400,876000,7096800,30,0,3,33,30,3,298,29,29,30,0,1687,1256,431,1528,159,1630,1630,0,24,0,25,109282,21
baseline_6h,3110400,888000,7108800,27,0,3,30,25,5,301,27,27,27,0,1714,1272,442,1552,162,1659,1659,0,25,0,26,111028,21
baseline_6h,3110400,900000,7120800,27,0,5,32,27,5,299,26,26,27,0,1743,1289,454,1578,165,1686,1686,0,25,0,26,112692,21
baseline_6h,3110400,912000,7132800,31,0,3,34,31,3,297,29,29,31,0,1767,1306,461,1600,167,1708,1708,0,25,0,26,114303,21
baseline_6h,3110400,924000,7144800,25,0,2,27,24,3,305,25,25,25,0,1784,1317,467,1614,170,1732,1732,0,25,0,27,116024,21
baseline_6h,3110400,936000,7156800,34,0,0,34,29,5,296,34,34,34,0,1817,1344,473,1644,173,1756,1756,0,27,0,27,117579,21
baseline_6h,3110400,948000,7168800,31,0,6,37,34,3,294,31,31,31,0,1840,1358,482,1666,174,1776,1776,0,27,0,28,119225,21
baseline_6h,3110400,960000,7180800,31,0,4,35,31,4,295,31,31,31,0,1868,1375,493,1692,176,1805,1805,0,28,0,28,121053,23
baseline_6h,3110400,972000,7192800,32,0,3,35,32,3,296,27,27,32,0,1900,1398,502,1723,177,1837,1837,0,28,0,29,122900,23
baseline_6h,3110400,984000,7204800,31,0,1,32,30,2,299,30,30,31,0,1920,1414,506,1741,179,1860,1860,0,28,0,29,124400,23
baseline_6h,3110400,996000,7216800,29,0,1,30,28,2,301,29,29,29,0,1946,1437,509,1766,180,1888,1888,0,28,0,29,125964,23
baseline_6h,3110400,1008000,7228800,30,0,4,34,31,3,297,30,30,30,0,1977,1456,521,1794,183,1914,1914,0,29,0,30,127610,23
baseline_6h,3110400,1020000,7240800,31,0,5,36,34,2,295,31,31,31,0,2003,1471,532,1819,184,1938,1938,0,29,0,30,129381,23
baseline_6h,3110400,1032000,7252800,29,0,2,31,28,3,300,29,29,29,0,2025,1489,536,1838,187,1965,1965,0,29,0,30,131131,23
baseline_6h,3110400,1044000,7264800,25,0,6,31,29,2,301,24,24,25,0,2052,1506,546,1862,190,1992,1992,0,29,0,31,132883,25
baseline_6h,3110400,1056000,7276800,32,0,1,33,29,4,298,32,32,32,0,2082,1532,550,1890,192,2019,2019,0,30,0,31,134620,25
baseline_6h,3110400,1068000,7288800,34,0,2,36,33,3,295,33,33,34,0,2104,1551,553,1909,195,2038,2038,0,30,0,31,136180,25
baseline_6h,3110400,1080000,7300800,35,0,0,35,31,4,296,33,33,35,0,2126,1572,554,1929,197,2060,2060,0,31,0,32,137813,25
baseline_6h,3110400,1092000,7312800,32,0,2,34,31,3,298,32,32,32,0,2150,1592,558,1950,200,2085,2085,0,31,0,33,139329,25
baseline_6h,3110400,1104000,7324800,32,0,1,33,31,2,299,30,30,32,0,2168,1608,560,1967,201,2104,2104,0,31,0,33,141025,25
baseline_6h,3110400,1116000,7336800,27,0,4,31,27,4,300,26,26,27,0,2195,1624,571,1990,205,2132,2132,0,32,0,33,142749,25
baseline_6h,3110400,1128000,7348800,33,0,2,35,32,3,296,32,32,33,0,2223,1646,577,2015,208,2156,2156,0,32,0,33,144323,25
baseline_6h,3110400,1140000,7360800,28,0,3,31,28,3,301,27,27,28,0,2245,1661,584,2036,209,2182,2182,0,32,0,34,145989,25
baseline_6h,3110400,1152000,7372800,27,0,4,31,29,2,300,26,26,27,0,2272,1682,590,2061,211,2208,2208,0,33,0,34,147454,25
baseline_6h,3110400,1164000,7384800,26,0,2,28,25,3,304,25,26,26,0,2294,1694,600,2079,215,2233,2233,0,33,0,35,149254,25
baseline_6h,3110400,1176000,7396800,29,0,2,31,29,2,301,29,29,29,0,2325,1718,607,2107,218,2261,2261,0,33,0,35,150754,25
baseline_6h,3110400,1188000,7408800,30,0,2,32,29,3,299,28,28,30,0,2350,1736,614,2131,219,2284,2284,0,34,0,35,152454,25
baseline_6h,3110400,1200000,7420800,30,0,1,31,29,2,301,30,30,30,0,2372,1754,618,2151,221,2307,2307,0,34,0,36,153969,25
baseline_6h,3110400,1212000,7432800,29,0,2,31,27,4,300,29,29,29,0,2394,1772,622,2169,225,2328,2328,0,35,0,36,155498,25
baseline_6h,3110400,1224000,7444800,33,0,1,34,29,5,297,33,33,33,0,2421,1796,625,2193,228,2351,2351,0,36,0,37,157248,27
baseline_6h,3110400,1236000,7456800,32,0,2,34,31,3,297,31,31,32,0,2444,1816,628,2214,230,2374,2374,0,36,0,37,158837,27
baseline_6h,3110400,1248000,7468800,30,0,2,32,30,2,299,30,30,30,0,2468,1834,634,2236,232,2400,2400,0,36,0,37,160497,27
baseline_6h,3110400,1260000,7480800,31,0,0,31,28,3,300,31,31,31,0,2490,1855,635,2256,234,2423,2423,0,36,0,37,162106,27
baseline_6h,3110400,1272000,7492800,32,0,2,34,30,4,297,31,31,32,0,2514,1874,640,2277,237,2443,2443,0,37,0,38,163970,27
baseline_6h,3110400,1284000,7504800,28,0,6,34,29,5,297,27,27,28,0,2542,1893,649,2303,239,2471,2471,0,37,0,38,165475,28
baseline_6h,3110400,1296000,7516800,28,0,7,35,29,6,297,28,28,28,0,2569,1910,659,2325,244,2497,2497,0,37,0,39,167204,28
baseline_6h,3110400,1308000,7528800,30,0,5,35,30,5,297,30,30,30,0,2601,1930,671,2354,247,2529,2529,0,37,0,39,168971,29
baseline_6h,3110400,1320000,7540800,25,0,6,31,27,4,301,25,25,25,0,2626,1942,684,2375,251,2557,2557,0,38,0,40,170883,29
baseline_6h,3110400,1332000,7552800,25,0,5,30,27,3,302,24,24,25,0,2651,1957,694,2398,253,2583,2583,0,38,0,40,172596,29
baseline_6h,3110400,1344000,7564800,31,0,2,33,29,4,300,30,30,31,0,2678,1980,698,2422,256,2607,2607,0,38,0,41,174154,29
baseline_6h,3110400,1356000,7576800,32,0,3,35,32,3,298,32,32,32,0,2702,2000,702,2445,257,2629,2629,0,38,0,41,175744,29
baseline_6h,3110400,1368000,7588800,27,0,3,30,26,4,302,26,26,27,0,2724,2017,707,2464,260,2655,2655,0,39,0,41,177401,29
baseline_6h,3110400,1380000,7600800,29,0,4,33,29,4,300,28,28,29,0,2755,2037,718,2493,262,2683,2683,0,39,0,42,179182,29
baseline_6h,3110400,1392000,7612800,33,0,1,34,32,2,298,32,32,33,0,2773,2053,720,2511,262,2699,2699,0,40,0,42,180815,31
baseline_6h,3110400,1404000,7624800,35,0,0,35,32,3,297,33,33,35,0,2795,2073,722,2530,265,2720,2720,0,40,0,42,182329,33
baseline_6h,3110400,1416000,7636800,33,0,3,36,33,3,296,33,33,33,0,2821,2095,726,2556,265,2745,2745,0,40,0,42,183917,33
baseline_6h,3110400,1428000,7648800,28,0,3,31,28,3,301,28,28,28,0,2839,2106,733,2571,268,2767,2767,0,41,0,43,185522,33
baseline_6h,3110400,1440000,7660800,28,0,1,29,25,4,303,28,28,28,0,2859,2122,737,2589,270,2789,2789,0,41,0,43,187027,33
baseline_6h,3110400,1452000,7672800,34,0,1,35,31,4,297,32,32,34,0,2879,2139,740,2607,272,2803,2803,0,41,0,43,188531,33
baseline_6h,3110400,1464000,7684800,31,0,1,32,28,4,300,31,31,31,0,2897,2154,743,2624,273,2823,2823,0,42,0,44,190105,33
baseline_6h,3110400,1476000,7696800,35,0,1,36,34,2,295,34,34,35,0,2929,2183,746,2654,275,2850,2850,0,43,0,44,191859,33
baseline_6h,3110400,1488000,7708800,33,0,2,35,31,4,296,32,32,33,0,2949,2200,749,2671,278,2871,2871,0,43,0,44,193485,33
baseline_6h,3110400,1500000,7720800,27,0,3,30,26,4,301,26,26,27,0,2975,2220,755,2693,282,2901,2901,0,44,0,45,195033,33
baseline_6h,3110400,1512000,7732800,29,0,4,33,29,4,299,26,26,29,0,2997,2236,761,2714,283,2920,2920,0,44,0,46,196548,33
baseline_6h,3110400,1524000,7744800,32,0,3,35,32,3,297,31,31,32,0,3025,2256,769,2739,286,2946,2946,0,44,0,46,198259,33
baseline_6h,3110400,1536000,7756800,35,0,0,35,31,4,296,35,35,35,0,3050,2280,770,2762,288,2970,2970,0,45,0,46,199896,33
baseline_6h,3110400,1548000,7768800,30,0,1,31,28,3,301,29,29,30,0,3067,2293,774,2778,289,2991,2991,0,45,0,47,201464,33
baseline_6h,3110400,1560000,7780800,31,0,2,33,31,2,299,30,30,31,0,3090,2310,780,2799,291,3012,3012,0,45,0,47,202875,33
baseline_6h,3110400,1572000,7792800,31,0,4,35,32,3,297,31,31,31,0,3113,2328,785,2821,292,3033,3033,0,45,0,47,204487,33
baseline_6h,3110400,1584000,7804800,32,0,2,34,31,3,298,32,32,32,0,3136,2345,791,2842,294,3056,3056,0,46,0,48,206140,33
baseline_6h,3110400,1596000,7816800,27,0,3,30,27,3,302,27,27,27,0,3159,2362,797,2863,296,3083,3083,0,46,0,48,207735,33
baseline_6h,3110400,1608000,7828800,27,0,2,29,26,3,302,27,26,27,0,3181,2379,802,2883,298,3105,3105,0,47,0,48,209198,33
baseline_6h,3110400,1620000,7840800,29,0,2,31,28,3,301,25,25,29,0,3206,2397,809,2906,300,3128,3128,0,47,0,49,210720,33
baseline_6h,3110400,1632000,7852800,32,0,0,32,29,3,298,30,30,32,0,3229,2418,811,2927,302,3148,3148,0,49,0,49,212279,33
baseline_6h,3110400,1644000,7864800,30,0,3,33,31,2,298,30,30,30,0,3250,2435,815,2946,304,3168,3168,0,49,0,50,213891,34
baseline_6h,3110400,1656000,7876800,31,0,1,32,29,3,299,31,31,31,0,3270,2452,818,2965,305,3189,3189,0,49,0,50,215464,34
baseline_6h,3110400,1668000,7888800,30,0,3,33,30,3,299,29,29,30,0,3290,2469,821,2982,308,3208,3208,0,49,0,51,216940,36
baseline_6h,3110400,1680000,7900800,33,0,1,34,29,5,297,33,32,33,0,3313,2489,824,3002,311,3229,3229,0,50,0,51,218468,36
baseline_6h,3110400,1692000,7912800,31,0,3,34,30,4,297,28,28,31,0,3331,2501,830,3018,313,3247,3247,0,50,0,51,219973,36
baseline_6h,3110400,1704000,7924800,29,0,5,34,28,6,298,28,28,29,0,3366,2523,843,3048,318,3282,3282,0,50,0,52,221746,36
baseline_6h,3110400,1716000,7936800,30,0,4,34,31,3,297,29,29,30,0,3393,2541,852,3073,320,3308,3308,0,51,0,52,223589,36
baseline_6h,3110400,1728000,7948800,34,0,1,35,31,4,296,29,29,34,0,3419,2563,856,3096,323,3333,3333,0,51,0,52,225183,38
baseline_6h,3110400,1740000,7960800,29,0,1,30,26,4,301,28,29,29,0,3434,2577,857,3109,325,3352,3352,0,52,0,53,226683,38
baseline_6h,3110400,1752000,7972800,33,0,2,35,31,4,296,33,33,33,0,3459,2598,861,3132,327,3372,3372,0,52,0,53,228214,38
baseline_6h,3110400,1764000,7984800,31,0,3,34,29,5,297,31,31,31,0,3483,2615,868,3151,332,3397,3397,0,52,0,53,229709,38
baseline_6h,3110400,1776000,7996800,31,0,4,35,30,5,296,31,31,31,0,3502,2627,875,3168,334,3414,3414,0,53,0,54,231360,38
baseline_6h,3110400,1788000,8008800,30,0,0,30,24,6,301,29,29,30,0,3521,2644,877,3183,338,3438,3438,0,53,0,54,232850,39
baseline_6h,3110400,1800000,8020800,31,0,1,32,27,5,300,31,31,31,0,3544,2664,880,3203,341,3459,3459,0,53,0,55,234380,40
baseline_6h,3110400,1812000,8032800,30,0,2,32,31,1,300,29,29,30,0,3561,2679,882,3220,341,3476,3476,0,53,0,55,235845,40
baseline_6h,3110400,1824000,8044800,34,0,3,37,34,3,295,33,33,34,0,3583,2698,885,3239,344,3492,3492,0,54,0,56,237543,40
baseline_6h,3110400,1836000,8056800,30,0,5,35,33,2,297,27,27,30,0,3606,2712,894,3261,345,3517,3517,0,54,0,56,239175,40
baseline_6h,3110400,1848000,8068800,32,0,3,35,33,2,296,30,30,32,0,3634,2733,901,3287,347,3544,3544,0,55,0,56,240888,40
baseline_6h,3110400,1860000,8080800,31,0,3,34,31,3,297,30,30,31,0,3663,2753,910,3314,349,3573,3573,0,56,0,57,242842,40
baseline_6h,3110400,1872000,8092800,25,0,2,27,24,3,304,25,25,25,0,3687,2769,918,3336,351,3604,3604,0,56,0,57,244509,40
baseline_6h,3110400,1884000,8104800,28,0,4,32,29,3,299,28,28,28,0,3712,2788,924,3359,353,3624,3624,0,56,0,57,245858,40
baseline_6h,3110400,1896000,8116800,31,0,2,33,28,5,298,31,31,31,0,3734,2808,926,3377,357,3644,3644,0,57,0,58,247450,40
baseline_6h,3110400,1908000,8128800,30,0,3,33,28,5,298,30,30,30,0,3764,2829,935,3404,360,3674,3674,0,57,0,58,249194,40
baseline_6h,3110400,1920000,8140800,20,0,4,24,20,4,307,20,20,20,0,3786,2841,945,3424,362,3705,3705,0,57,0,58,250891,40
baseline_6h,3110400,1932000,8152800,30,0,3,33,28,5,297,30,30,30,0,3815,2862,953,3447,368,3724,3724,0,58,0,58,252429,40
baseline_6h,3110400,1944000,8164800,31,0,4,35,33,2,295,29,29,31,0,3841,2880,961,3472,369,3748,3748,0,58,0,58,254032,40
baseline_6h,3110400,1956000,8176800,33,0,1,34,31,3,297,32,32,33,0,3868,2900,968,3497,371,3776,3776,0,58,0,59,255811,40
baseline_6h,3110400,1968000,8188800,31,0,2,33,30,3,299,31,31,31,0,3884,2914,970,3511,373,3793,3793,0,58,0,60,257315,40
baseline_6h,3110400,1980000,8200800,32,0,1,33,29,4,298,32,32,32,0,3908,2934,974,3533,375,3816,3816,0,59,0,60,258832,40
baseline_6h,3110400,1992000,8212800,35,0,2,37,33,4,295,35,35,35,0,3932,2953,979,3554,378,3836,3836,0,59,0,61,260461,40
baseline_6h,3110400,2004000,8224800,26,0,2,28,23,5,304,26,26,26,0,3954,2971,983,3573,381,3867,3867,0,59,0,61,262180,40
baseline_6h,3110400,2016000,8236800,31,0,2,33,28,5,298,31,31,31,0,3981,2992,989,3598,383,3888,3888,0,60,0,61,263629,40
baseline_6h,3110400,2028000,8248800,24,0,3,27,24,3,305,24,24,24,0,4000,3003,997,3615,385,3913,3913,0,60,0,62,265292,40
baseline_6h,3110400,2040000,8260800,32,0,5,37,32,5,294,31,31,32,0,4030,3023,1007,3642,388,3932,3932,0,61,0,62,266965,40
baseline_6h,3110400,2052000,8272800,33,0,2,35,32,3,297,27,27,33,0,4055,3043,1012,3667,388,3959,3959,0,61,0,63,268648,40
baseline_6h,3110400,2064000,8284800,33,0,1,34,30,4,297,33,33,33,0,4078,3061,1017,3686,392,3982,3982,0,62,0,63,270326,40
baseline_6h,3110400,2076000,8296800,32,0,3,35,31,4,296,30,31,32,0,4106,3080,1026,3712,394,4009,4009,0,62,0,63,271975,40
baseline_6h,3110400,2088000,8308800,26,0,1,27,24,3,303,26,26,26,0,4123,3094,1029,3727,396,4033,4033,0,63,0,63,273475,40
baseline_6h,3110400,2100000,8320800,26,0,3,29,27,2,302,26,26,26,0,4145,3112,1033,3748,397,4053,4053,0,63,0,64,274756,40
baseline_6h,3110400,2112000,8332800,30,0,1,31,27,4,300,30,30,30,0,4168,3133,1035,3767,401,4074,4074,0,63,0,64,276277,40
baseline_6h,3110400,2124000,8344800,30,0,3,33,29,4,298,29,29,30,0,4194,3152,1042,3791,403,4097,4097,0,64,0,65,277939,40
baseline_6h,3110400,2136000,8356800,29,0,2,31,27,4,300,27,27,29,0,4217,3172,1045,3811,406,4122,4122,0,64,0,65,279580,40
baseline_6h,3110400,2148000,8368800,29,0,3,32,29,3,298,28,28,29,0,4239,3188,1051,3830,409,4142,4142,0,65,0,65,281206,42
baseline_6h,3110400,2160000,8380800,25,0,2,27,24,3,304,22,22,25,0,4262,3202,1060,3852,410,4170,4170,0,65,0,66,282667,42
baseline_6h,3110400,2172000,8392800,23,0,4,27,24,3,305,23,23,23,0,4284,3218,1066,3871,413,4192,4192,0,65,0,67,284042,42
baseline_6h,3110400,2184000,8404800,27,0,4,31,28,3,300,27,27,27,0,4309,3232,1077,3894,415,4212,4212,0,66,0,67,285675,45
baseline_6h,3110400,2196000,8416800,28,0,3,31,26,5,301,27,27,28,0,4335,3254,1081,3915,420,4238,4238,0,66,0,68,287117,47
baseline_6h,3110400,2208000,8428800,31,0,2,33,28,5,298,30,30,31,0,4362,3275,1087,3938,424,4262,4262,0,67,0,68,288702,48
baseline_6h,3110400,2220000,8440800,30,0,2,32,27,5,299,28,28,30,0,4383,3290,1093,3955,428,4284,4284,0,67,0,68,290372,48
baseline_6h,3110400,2232000,8452800,24,0,2,26,23,3,306,24,24,24,0,4407,3305,1102,3978,429,4314,4314,0,67,0,69,292051,48
baseline_6h,3110400,2244000,8464800,20,0,4,24,22,2,308,20,20,20,0,4425,3315,1110,3995,430,4334,4334,0,67,0,69,293264,48
baseline_6h,3110400,2256000,8476800,28,0,3,31,28,3,301,27,27,28,0,4454,3336,1118,4021,433,4355,4355,0,68,0,70,294667,48
baseline_6h,3110400,2268000,8488800,26,0,3,29,26,3,303,25,25,26,0,4475,3349,1126,4041,434,4378,4378,0,68,0,70,296144,48
baseline_6h,3110400,2280000,8500800,26,0,4,30,27,3,301,26,26,26,0,4498,3363,1135,4063,435,4399,4399,0,69,0,70,297616,48
baseline_6h,3110400,2292000,8512800,23,0,3,26,22,4,306,22,22,23,0,4519,3379,1140,4080,439,4424,4424,0,69,0,71,299103,48
baseline_6h,3110400,2304000,8524800,29,0,1,30,25,5,302,28,28,29,0,4545,3401,1144,4103,442,4446,4446,0,69,0,71,300411,48
baseline_6h,3110400,2316000,8536800,29,0,2,31,27,4,300,29,29,29,0,4568,3421,1147,4123,445,4467,4467,0,70,0,71,301669,48
baseline_6h,3110400,2328000,8548800,30,0,0,30,27,3,301,30,30,30,0,4583,3435,1148,4137,446,4483,4483,0,70,0,71,303029,48
baseline_6h,3110400,2340000,8560800,32,0,1,33,30,3,298,31,31,32,0,4611,3459,1152,4164,447,4507,4507,0,71,0,72,304575,48
baseline_6h,3110400,2352000,8572800,32,0,2,34,31,3,297,32,32,32,0,4629,3475,1154,4180,449,4524,4524,0,71,0,72,306104,48
baseline_6h,3110400,2364000,8584800,30,0,1,31,28,3,299,30,30,30,0,4647,3489,1158,4197,450,4544,4544,0,72,0,72,307622,48
baseline_6h,3110400,2376000,8596800,29,0,4,33,31,2,298,25,24,29,0,4673,3508,1165,4222,451,4568,4568,0,72,0,73,309136,48
baseline_6h,3110400,2388000,8608800,36,0,0,36,33,3,294,35,35,36,0,4695,3530,1165,4243,452,4586,4586,0,73,0,73,310679,48
baseline_6h,3110400,2400000,8620800,29,0,1,30,27,3,299,29,29,29,0,4713,3542,1171,4258,455,4609,4609,0,74,0,73,312228,48
baseline_6h,3110400,2412000,8632800,29,0,2,31,27,4,298,29,29,29,0,4736,3560,1176,4279,457,4631,4631,0,74,0,73,313677,48
baseline_6h,3110400,2424000,8644800,28,0,2,30,27,3,299,28,28,28,0,4756,3574,1182,4298,458,4651,4651,0,75,0,74,315219,48
baseline_6h,3110400,2436000,8656800,26,0,1,27,24,3,302,26,26,26,0,4775,3591,1184,4314,461,4673,4673,0,75,0,74,316584,48
baseline_6h,3110400,2448000,8668800,30,0,3,33,30,3,297,30,30,30,0,4799,3607,1192,4338,461,4691,4691,0,75,0,75,318128,49
baseline_6h,3110400,2460000,8680800,34,0,2,36,32,4,293,34,34,34,0,4822,3626,1196,4357,465,4710,4710,0,76,0,75,319645,49
baseline_6h,3110400,2472000,8692800,28,0,4,32,28,4,297,28,28,28,0,4845,3644,1201,4379,466,4737,4737,0,76,0,75,321281,49
baseline_6h,3110400,2484000,8704800,27,0,4,31,30,1,298,24,24,27,0,4870,3661,1209,4403,467,4763,4763,0,76,0,75,322823,49
baseline_6h,3110400,2496000,8716800,27,0,0,27,23,4,302,27,27,27,0,4892,3679,1213,4422,470,4788,4788,0,77,0,76,324508,49
baseline_6h,3110400,2508000,8728800,32,0,0,32,28,4,297,32,32,32,0,4916,3699,1217,4443,473,4807,4807,0,77,0,76,326082,49
baseline_6h,3110400,2520000,8740800,33,0,2,35,33,2,294,32,33,33,0,4938,3718,1220,4464,474,4826,4826,0,77,0,76,327508,49
baseline_6h,3110400,2532000,8752800,30,0,1,31,27,4,297,29,29,30,0,4959,3737,1222,4482,477,4850,4850,0,78,0,76,328968,49
baseline_6h,3110400,2544000,8764800,23,0,1,24,21,3,305,21,22,23,0,4977,3752,1225,4497,480,4875,4875,0,78,0,77,330525,49
baseline_6h,3110400,2556000,8776800,29,0,2,31,27,4,298,29,29,29,0,5003,3770,1233,4520,483,4894,4894,0,78,0,77,332076,49
baseline_6h,3110400,2568000,8788800,29,0,4,33,28,5,297,29,29,29,0,5034,3788,1246,4546,488,4923,4923,0,78,0,78,333709,49
baseline_6h,3110400,2580000,8800800,27,0,2,29,25,4,300,27,27,27,0,5052,3802,1250,4564,488,4944,4944,0,79,0,78,335222,49
baseline_6h,3110400,2592000,8812800,23,0,6,29,25,4,300,21,21,23,0,5076,3819,1257,4584,492,4968,4968,0,79,0,78,336642,49
baseline_6h,3110400,2604000,8824800,27,0,4,31,28,3,298,27,27,27,0,5096,3831,1265,4603,493,4985,4985,0,80,0,79,338244,49
baseline_6h,3110400,2616000,8836800,26,0,0,26,23,3,303,26,26,26,0,5115,3845,1270,4621,494,5009,5009,0,80,0,79,339750,49
baseline_6h,3110400,2628000,8848800,27,0,0,27,23,4,302,27,27,27,0,5142,3868,1274,4644,498,5035,5035,0,80,0,79,341072,49
baseline_6h,3110400,2640000,8860800,28,0,2,30,27,3,299,27,27,28,0,5159,3881,1278,4660,499,5048,5048,0,81,0,80,342498,49
baseline_6h,3110400,2652000,8872800,30,0,2,32,29,3,298,26,26,30,0,5178,3897,1281,4677,501,5065,5065,0,81,0,81,343970,49
baseline_6h,3110400,2664000,8884800,33,0,2,35,30,5,295,31,31,33,0,5203,3919,1284,4698,505,5087,5087,0,81,0,81,345537,49
baseline_6h,3110400,2676000,8896800,28,0,2,30,27,3,300,27,27,28,0,5217,3929,1288,4710,507,5106,5106,0,81,0,81,347152,49
baseline_6h,3110400,2688000,8908800,32,0,1,33,30,3,297,32,32,32,0,5240,3949,1291,4730,510,5125,5125,0,82,0,82,348515,49
baseline_6h,3110400,2700000,8920800,31,0,3,34,30,4,296,29,29,31,0,5262,3968,1294,4750,512,5146,5146,0,82,0,82,349997,49
baseline_6h,3110400,2712000,8932800,31,0,1,32,28,4,297,31,31,31,0,5277,3981,1296,4763,514,5162,5162,0,83,0,82,351570,49
baseline_6h,3110400,2724000,8944800,32,0,0,32,29,3,297,31,32,32,0,5295,3999,1296,4777,518,5180,5180,0,83,0,82,352960,49
baseline_6h,3110400,2736000,8956800,32,0,3,35,31,4,295,32,32,32,0,5321,4020,1301,4800,521,5203,5203,0,83,0,83,354648,49
baseline_6h,3110400,2748000,8968800,29,0,2,31,29,2,298,28,28,29,0,5341,4033,1308,4820,521,5226,5226,0,84,0,83,356274,49
baseline_6h,3110400,2760000,8980800,28,0,0,28,25,3,301,28,28,28,0,5359,4048,1311,4835,524,5247,5247,0,84,0,83,357656,49
baseline_6h,3110400,2772000,8992800,28,0,1,29,26,3,300,27,27,28,0,5382,4066,1316,4857,525,5269,5269,0,84,0,83,359213,49
baseline_6h,3110400,2784000,9004800,33,0,2,35,30,5,294,31,31,33,0,5408,4086,1322,4879,529,5288,5288,0,85,0,84,360974,49
baseline_6h,3110400,2796000,9016800,31,0,1,32,30,2,297,30,30,31,0,5427,4104,1323,4897,530,5310,5310,0,85,0,84,362397,49
baseline_6h,3110400,2808000,9028800,36,0,0,36,32,4,293,36,36,36,0,5447,4122,1325,4914,533,5326,5326,0,85,0,84,363977,49
baseline_6h,3110400,2820000,9040800,32,0,1,33,30,3,297,31,31,32,0,5467,4140,1327,4932,535,5349,5349,0,85,0,85,365460,49
baseline_6h,3110400,2832000,9052800,24,0,2,26,22,4,303,24,24,24,0,5484,4150,1334,4945,539,5372,5372,0,86,0,85,367004,51
baseline_6h,3110400,2844000,9064800,22,0,1,23,21,2,306,22,22,22,0,5498,4162,1336,4957,541,5389,5389,0,86,0,85,368095,51
baseline_6h,3110400,2856000,9076800,24,0,8,32,29,3,298,24,24,24,0,5529,4180,1349,4986,543,5411,5411,0,86,0,86,369508,52
baseline_6h,3110400,2868000,9088800,25,0,1,26,23,3,304,25,25,25,0,5551,4194,1357,5005,546,5439,5439,0,86,0,86,371268,52
baseline_6h,3110400,2880000,9100800,26,0,3,29,26,3,302,25,25,26,0,5575,4211,1364,5027,548,5460,5460,0,86,0,87,372669,52
baseline_6h,3110400,2892000,9112800,28,0,3,31,29,2,299,28,28,28,0,5600,4231,1369,5050,550,5482,5482,0,87,0,87,374106,52
baseline_6h,3110400,2904000,9124800,28,0,2,30,26,4,300,27,26,28,0,5618,4241,1377,5066,552,5501,5501,0,87,0,87,375675,52
baseline_6h,3110400,2916000,9136800,24,0,3,27,25,2,303,20,20,24,0,5642,4255,1387,5090,552,5527,5527,0,88,0,88,377253,52
baseline_6h,3110400,2928000,9148800,26,0,2,28,24,4,301,26,26,26,0,5665,4273,1392,5109,556,5548,5548,0,89,0,88,378772,52
baseline_6h,3110400,2940000,9160800,23,0,1,24,23,1,306,23,23,23,0,5685,4288,1397,5129,556,5572,5572,0,89,0,89,380408,52
baseline_6h,3110400,2952000,9172800,27,0,0,27,24,3,303,26,26,27,0,5704,4307,1397,5145,559,5588,5588,0,89,0,89,381704,52
baseline_6h,3110400,2964000,9184800,25,0,4,29,26,3,302,25,25,25,0,5729,4326,1403,5169,560,5611,5611,0,89,0,90,383042,52
baseline_6h,3110400,2976000,9196800,19,0,3,22,21,1,308,19,18,19,0,5743,4335,1408,5182,561,5631,5631,0,90,0,90,384535,52
baseline_6h,3110400,2988000,9208800,25,0,0,25,22,3,305,25,25,25,0,5764,4351,1413,5201,563,5649,5649,0,90,0,90,385885,52
baseline_6h,3110400,3000000,9220800,31,0,1,32,29,3,297,31,31,31,0,5797,4376,1421,5230,567,5674,5674,0,91,0,90,387383,52
baseline_6h,3110400,3012000,9232800,32,0,4,36,33,3,294,32,32,32,0,5817,4391,1426,5249,568,5690,5690,0,91,0,91,389042,52
baseline_6h,3110400,3024000,9244800,33,0,2,35,32,3,295,32,32,33,0,5838,4408,1430,5268,570,5712,5712,0,91,0,91,390745,52
baseline_6h,3110400,3036000,9256800,31,0,0,31,28,3,298,31,31,31,0,5857,4425,1432,5286,571,5734,5734,0,92,0,91,392148,52
baseline_6h,3110400,3048000,9268800,25,0,2,27,25,2,302,25,25,25,0,5876,4440,1436,5303,573,5756,5756,0,93,0,92,393550,52
baseline_6h,3110400,3060000,9280800,28,0,2,30,26,4,299,26,26,28,0,5905,4462,1443,5328,577,5782,5782,0,93,0,92,394921,52
baseline_6h,3110400,3072000,9292800,26,0,1,27,24,3,302,25,25,26,0,5926,4477,1449,5346,580,5806,5806,0,93,0,92,396354,52
baseline_6h,3110400,3084000,9304800,27,0,1,28,25,3,300,26,26,27,0,5946,4493,1453,5363,583,5824,5824,0,94,0,92,397742,52
baseline_6h,3110400,3096000,9316800,29,0,4,33,29,4,296,29,29,29,0,5971,4511,1460,5386,585,5844,5844,0,94,0,93,399245,52
baseline_6h,3110400,3108000,9328800,29,0,3,32,28,4,297,29,29,29,0,5995,4528,1467,5407,588,5869,5869,0,94,0,93,400799,52
baseline_6h,3110400,3110400,9331200,27,0,5,32,29,3,297,24,24,27,0,6001,4531,1470,5413,588,5875,5875,0,94,0,93,401126,52
candidate_6h,3110400,0,6220800,0,0,0,0,0,0,330,0,0,0,0,0,0,0,0,0,0,0,0,0,0,0,0,0
candidate_6h,3110400,12000,6232800,13,0,0,13,9,4,327,13,13,13,0,13,13,0,9,4,0,0,0,0,0,10,311,0
candidate_6h,3110400,24000,6244800,21,0,1,22,17,5,329,21,21,21,0,28,24,4,20,8,6,6,2,0,0,23,1063,1
candidate_6h,3110400,36000,6256800,26,0,3,29,24,5,327,26,26,26,0,40,32,8,29,11,11,11,7,0,0,33,2278,14
candidate_6h,3110400,48000,6268800,27,0,6,33,28,5,328,25,25,27,0,54,40,14,39,15,20,20,13,1,0,45,3477,21
candidate_6h,3110400,60000,6280800,20,0,3,23,18,5,327,20,20,20,0,63,44,19,45,18,38,38,31,2,0,53,4449,27
candidate_6h,3110400,72000,6292800,16,0,4,20,16,4,329,16,16,16,0,76,51,25,56,20,54,54,43,2,0,64,5227,29
candidate_6h,3110400,84000,6304800,19,0,3,22,17,5,328,19,19,19,0,89,59,30,66,23,65,65,53,2,0,75,6012,33
candidate_6h,3110400,96000,6316800,28,0,3,31,25,6,327,28,28,28,0,107,73,34,80,27,72,72,58,4,0,90,7207,41
candidate_6h,3110400,108000,6328800,28,0,3,31,29,2,329,22,23,28,0,121,84,37,94,27,86,86,70,4,0,104,8538,48
candidate_6h,3110400,120000,6340800,28,0,1,29,24,5,328,28,28,28,0,133,92,41,102,31,100,100,82,4,0,113,9820,58
candidate_6h,3110400,132000,6352800,31,0,2,33,29,4,329,31,31,31,0,146,103,43,113,33,109,109,89,4,0,125,11201,64
candidate_6h,3110400,144000,6364800,30,0,3,33,27,6,328,30,30,30,0,160,112,48,123,37,122,122,100,5,0,136,12441,77
candidate_6h,3110400,156000,6376800,32,0,2,34,28,6,328,29,29,32,0,175,123,52,135,40,136,136,112,5,0,149,13720,84
candidate_6h,3110400,168000,6388800,25,0,0,25,21,4,328,25,25,25,0,185,132,53,143,42,154,154,127,6,0,156,14948,88
candidate_6h,3110400,180000,6400800,29,0,1,30,25,5,327,29,29,29,0,203,147,56,159,44,166,166,138,7,0,172,16148,95
candidate_6h,3110400,192000,6412800,35,0,0,35,31,4,329,35,35,35,0,219,162,57,172,47,176,176,144,8,0,186,17507,109
candidate_6h,3110400,204000,6424800,32,0,0,32,26,6,328,31,31,32,0,227,169,58,176,51,187,187,154,8,0,192,18933,121
candidate_6h,3110400,216000,6436800,31,0,3,34,28,6,327,28,28,31,0,238,175,63,186,52,196,196,163,8,0,202,20314,129
candidate_6h,3110400,228000,6448800,28,0,3,31,25,6,329,27,27,28,0,250,184,66,195,55,210,210,173,9,0,212,21630,137
candidate_6h,3110400,240000,6460800,31,0,2,33,25,8,327,31,31,31,0,262,193,69,205,57,220,220,183,9,0,222,22900,143
candidate_6h,3110400,252000,6472800,28,0,2,30,24,6,327,28,28,28,0,273,202,71,213,60,233,233,194,10,0,231,24128,150
candidate_6h,3110400,264000,6484800,26,0,4,30,24,6,329,26,26,26,0,286,209,77,224,62,246,246,205,10,0,244,25263,162
candidate_6h,3110400,276000,6496800,27,0,2,29,22,7,328,27,27,27,0,297,218,79,232,65,258,258,215,10,0,252,26371,167
candidate_6h,3110400,288000,6508800,25,0,3,28,22,6,329,24,24,25,0,311,229,82,243,68,273,273,228,10,0,265,27527,172
candidate_6h,3110400,300000,6520800,25,0,4,29,21,8,327,25,25,25,0,326,238,88,255,71,286,286,241,11,0,278,28683,180
candidate_6h,3110400,312000,6532800,25,0,0,25,20,5,328,25,25,25,0,337,248,89,263,74,301,301,252,11,0,286,29767,186
candidate_6h,3110400,324000,6544800,30,0,2,32,30,2,329,25,25,30,0,350,259,91,275,75,307,307,256,11,0,298,30887,194
candidate_6h,3110400,336000,6556800,27,0,2,29,26,3,327,27,27,27,0,359,266,93,282,77,319,319,267,11,0,304,32068,197
candidate_6h,3110400,348000,6568800,26,0,4,30,28,2,329,26,26,26,0,370,273,97,291,79,328,328,273,12,0,314,33213,209
candidate_6h,3110400,360000,6580800,30,0,3,33,28,5,328,30,30,30,0,385,283,102,301,84,340,340,282,12,0,325,34381,214
candidate_6h,3110400,372000,6592800,31,0,2,33,27,6,329,31,31,31,0,402,298,104,313,89,357,357,296,12,0,340,35624,220
candidate_6h,3110400,384000,6604800,28,0,0,28,22,6,328,28,28,28,0,407,302,105,317,90,366,366,304,13,0,343,37013,231
candidate_6h,3110400,396000,6616800,25,0,3,28,22,6,327,25,25,25,0,423,313,110,328,95,382,382,318,13,0,356,38322,241
candidate_6h,3110400,408000,6628800,28,0,3,31,27,4,328,28,28,28,0,439,324,115,342,97,395,395,328,13,0,370,39551,246
candidate_6h,3110400,420000,6640800,22,0,3,25,21,4,327,22,22,22,0,453,332,121,354,99,414,414,346,14,0,382,40722,254
candidate_6h,3110400,432000,6652800,19,0,3,22,19,3,327,16,16,19,0,463,339,124,363,100,427,427,358,14,0,391,41686,259
candidate_6h,3110400,444000,6664800,17,0,3,20,16,4,327,17,17,17,0,472,346,126,369,103,437,437,366,15,0,398,42497,264
candidate_6h,3110400,456000,6676800,21,0,3,24,20,4,328,21,21,21,0,484,355,129,378,106,445,445,370,15,0,407,43308,269
candidate_6h,3110400,468000,6688800,28,0,3,31,28,3,328,28,28,28,0,499,366,133,392,107,452,452,376,16,0,421,44434,273
candidate_6h,3110400,480000,6700800,28,0,2,30,26,4,328,28,28,28,0,510,375,135,402,108,463,463,386,17,0,431,45624,286
candidate_6h,3110400,492000,6712800,29,0,1,30,26,4,328,29,29,29,0,522,386,136,411,111,475,475,395,17,0,440,46817,292
candidate_6h,3110400,504000,6724800,27,0,3,30,27,3,328,26,26,27,0,533,394,139,421,112,485,485,404,18,0,450,48173,300
candidate_6h,3110400,516000,6736800,27,0,4,31,27,4,328,27,27,27,0,546,402,144,432,114,497,497,414,18,0,461,49457,308
candidate_6h,3110400,528000,6748800,29,0,4,33,30,3,328,29,29,29,0,563,415,148,447,116,512,512,426,18,0,475,50648,318
candidate_6h,3110400,540000,6760800,32,0,3,35,32,3,328,26,26,32,0,582,429,153,462,120,528,528,440,19,0,492,51986,325
candidate_6h,3110400,552000,6772800,28,0,2,30,26,4,329,28,28,28,0,594,439,155,471,123,545,545,454,19,0,502,53565,334
candidate_6h,3110400,564000,6784800,32,0,1,33,28,5,328,31,31,32,0,610,453,157,485,125,558,558,466,19,0,516,55095,346
candidate_6h,3110400,576000,6796800,26,0,5,31,29,2,329,24,24,26,0,622,460,162,496,126,572,572,477,19,0,526,56599,353
candidate_6h,3110400,588000,6808800,31,0,3,34,31,3,329,30,30,31,0,642,476,166,514,128,588,588,491,20,0,544,57833,364
candidate_6h,3110400,600000,6820800,31,0,1,32,28,4,328,30,30,31,0,648,481,167,518,130,596,596,498,20,0,548,59202,372
candidate_6h,3110400,612000,6832800,24,0,4,28,24,4,329,24,24,24,0,664,489,175,529,135,615,615,514,21,0,562,60493,379
candidate_6h,3110400,624000,6844800,28,0,4,32,26,6,328,28,28,28,0,682,503,179,543,139,629,629,527,21,0,578,61750,387
candidate_6h,3110400,636000,6856800,34,0,1,35,31,4,327,33,33,34,0,698,517,181,557,141,641,641,537,22,0,591,63188,396
candidate_6h,3110400,648000,6868800,32,0,3,35,31,4,328,29,29,32,0,711,527,184,568,143,654,654,548,22,0,603,64602,401
candidate_6h,3110400,660000,6880800,32,0,3,35,30,5,327,31,31,32,0,726,540,186,580,146,669,669,562,22,0,616,65956,410
candidate_6h,3110400,672000,6892800,32,0,0,32,28,4,329,31,31,32,0,730,544,186,583,147,676,676,566,22,0,619,67397,424
candidate_6h,3110400,684000,6904800,32,0,3,35,28,7,328,32,32,32,0,744,555,189,593,151,687,687,576,22,0,631,68774,430
candidate_6h,3110400,696000,6916800,30,0,3,33,27,6,327,30,30,30,0,760,567,193,606,154,705,705,592,22,0,644,70079,438
candidate_6h,3110400,708000,6928800,27,0,6,33,28,5,328,27,27,27,0,770,572,198,614,156,714,714,599,23,0,653,71426,446
candidate_6h,3110400,720000,6940800,29,0,0,29,25,4,329,28,28,29,0,788,588,200,629,159,736,736,618,23,0,669,72823,456
candidate_6h,3110400,732000,6952800,31,0,2,33,28,5,327,31,31,31,0,804,601,203,641,163,748,748,629,23,0,682,74203,462
candidate_6h,3110400,744000,6964800,32,0,2,34,29,5,327,32,32,32,0,818,612,206,653,165,759,759,639,25,0,695,75573,466
candidate_6h,3110400,756000,6976800,33,0,2,35,31,4,329,31,31,33,0,829,621,208,662,167,768,768,644,26,0,704,76973,483
candidate_6h,3110400,768000,6988800,29,0,3,32,28,4,329,28,28,29,0,835,626,209,667,168,777,777,652,26,0,709,78319,491
candidate_6h,3110400,780000,7000800,30,0,0,30,24,6,328,30,30,30,0,850,636,214,679,171,793,793,665,27,0,720,79671,493
candidate_6h,3110400,792000,7012800,34,0,2,36,28,8,328,34,34,34,0,868,651,217,693,175,804,804,674,28,0,736,81106,502
candidate_6h,3110400,804000,7024800,29,0,7,36,30,6,329,29,29,29,0,883,660,223,706,177,819,819,688,28,0,751,82502,512
candidate_6h,3110400,816000,7036800,30,0,2,32,27,5,330,30,30,30,0,893,667,226,714,179,832,832,699,29,0,760,83823,520
candidate_6h,3110400,828000,7048800,31,0,3,34,27,7,328,29,28,31,0,909,678,231,725,184,845,845,711,30,0,773,85164,527
candidate_6h,3110400,840000,7060800,31,0,4,35,30,5,329,31,31,31,0,921,686,235,736,185,856,856,720,30,0,784,86449,536
candidate_6h,3110400,852000,7072800,29,0,4,33,28,5,330,27,27,29,0,934,696,238,746,188,871,871,733,30,0,796,87817,544
candidate_6h,3110400,864000,7084800,29,0,6,35,29,6,329,24,24,29,0,953,709,244,760,193,888,888,748,30,0,812,89062,550
candidate_6h,3110400,876000,7096800,26,0,4,30,25,5,329,26,26,26,0,966,717,249,770,196,905,905,762,31,0,822,90325,560
candidate_6h,3110400,888000,7108800,28,0,5,33,28,5,330,28,27,28,0,982,728,254,783,199,917,917,772,32,0,837,91664,565
candidate_6h,3110400,900000,7120800,32,0,3,35,29,6,329,32,32,32,0,999,740,259,798,201,932,932,785,32,0,851,92927,572
candidate_6h,3110400,912000,7132800,32,0,2,34,30,4,329,30,30,32,0,1012,751,261,808,204,945,945,796,33,0,862,94239,580
candidate_6h,3110400,924000,7144800,32,0,0,32,28,4,328,32,32,32,0,1022,760,262,817,205,955,955,805,35,0,870,95700,591
candidate_6h,3110400,936000,7156800,29,0,3,32,28,4,328,28,28,29,0,1035,768,267,827,208,968,968,815,35,0,880,97199,600
candidate_6h,3110400,948000,7168800,30,0,3,33,30,3,330,28,28,30,0,1054,781,273,844,210,986,986,831,35,0,899,98563,605
candidate_6h,3110400,960000,7180800,26,0,5,31,28,3,330,26,26,26,0,1071,792,279,858,213,1005,1005,847,35,0,913,100011,614
candidate_6h,3110400,972000,7192800,32,0,3,35,29,6,329,31,31,32,0,1087,803,284,869,218,1016,1016,857,36,0,927,101379,624
candidate_6h,3110400,984000,7204800,30,0,5,35,28,7,328,29,29,30,0,1099,811,288,878,221,1027,1027,866,37,0,936,102744,635
candidate_6h,3110400,996000,7216800,30,0,4,34,25,9,329,30,30,30,0,1114,821,293,889,225,1042,1042,879,38,0,950,104040,643
candidate_6h,3110400,1008000,7228800,33,0,1,34,30,4,330,33,33,33,0,1136,840,296,908,228,1064,1064,898,38,0,970,105375,648
candidate_6h,3110400,1020000,7240800,33,0,2,35,30,5,329,32,32,33,0,1147,847,300,917,230,1074,1074,906,38,0,978,106812,658
candidate_6h,3110400,1032000,7252800,32,0,1,33,28,5,329,32,32,32,0,1156,855,301,923,233,1084,1084,915,39,0,986,108227,668
candidate_6h,3110400,1044000,7264800,32,0,2,34,26,8,328,32,32,32,0,1171,868,303,932,239,1098,1098,927,39,0,998,109689,679
candidate_6h,3110400,1056000,7276800,29,0,4,33,25,8,328,29,29,29,0,1185,877,308,942,243,1112,1112,939,40,0,1010,111069,690
candidate_6h,3110400,1068000,7288800,33,0,1,34,30,4,330,33,33,33,0,1203,894,309,959,244,1129,1129,953,40,0,1027,112541,696
candidate_6h,3110400,1080000,7300800,31,0,4,35,29,6,329,26,26,31,0,1214,901,313,967,247,1139,1139,962,40,0,1036,114089,708
candidate_6h,3110400,1092000,7312800,29,0,5,34,29,5,329,26,26,29,0,1231,912,319,983,248,1157,1157,978,40,0,1051,115434,713
candidate_6h,3110400,1104000,7324800,31,0,3,34,30,4,329,30,30,31,0,1246,922,324,996,250,1171,1171,990,41,0,1064,116718,726
candidate_6h,3110400,1116000,7336800,31,0,3,34,30,4,329,31,31,31,0,1259,931,328,1008,251,1183,1183,1001,42,0,1076,117995,731
candidate_6h,3110400,1128000,7348800,27,0,7,34,31,3,332,27,27,27,0,1279,941,338,1025,254,1202,1202,1016,43,0,1095,119195,739
candidate_6h,3110400,1140000,7360800,27,0,1,28,24,4,329,26,26,27,0,1294,954,340,1038,256,1221,1221,1035,45,0,1107,120500,747
candidate_6h,3110400,1152000,7372800,32,0,2,34,31,3,330,32,32,32,0,1315,970,345,1055,260,1236,1236,1046,45,0,1125,121920,758
candidate_6h,3110400,1164000,7384800,33,0,0,33,28,5,329,32,32,33,0,1328,983,345,1065,263,1248,1248,1057,47,0,1136,123393,768
candidate_6h,3110400,1176000,7396800,31,0,1,32,27,5,328,31,31,31,0,1337,990,347,1073,264,1257,1257,1065,48,0,1143,124833,780
candidate_6h,3110400,1188000,7408800,32,0,3,35,31,4,331,30,30,32,0,1352,1002,350,1086,266,1269,1269,1073,48,0,1157,126232,791
candidate_6h,3110400,1200000,7420800,29,0,3,32,29,3,328,28,28,29,0,1366,1013,353,1098,268,1286,1286,1090,48,0,1168,127602,803
candidate_6h,3110400,1212000,7432800,32,0,3,35,31,4,329,32,32,32,0,1384,1029,355,1113,271,1300,1300,1102,49,0,1185,128920,806
candidate_6h,3110400,1224000,7444800,32,0,2,34,29,5,329,32,32,32,0,1393,1036,357,1119,274,1310,1310,1109,49,0,1191,130271,815
candidate_6h,3110400,1236000,7456800,33,0,2,35,30,5,329,33,33,33,0,1405,1045,360,1128,277,1320,1320,1117,50,0,1201,131567,823
candidate_6h,3110400,1248000,7468800,32,0,0,32,27,5,328,32,32,32,0,1416,1055,361,1137,279,1334,1334,1130,50,0,1210,132982,833
candidate_6h,3110400,1260000,7480800,27,0,3,30,24,6,327,27,27,27,0,1427,1061,366,1146,281,1344,1344,1139,53,0,1219,134288,839
candidate_6h,3110400,1272000,7492800,30,0,3,33,30,3,329,28,28,30,0,1445,1075,370,1161,284,1359,1359,1151,53,0,1236,135651,845
candidate_6h,3110400,1284000,7504800,31,0,4,35,29,6,328,31,31,31,0,1462,1089,373,1174,288,1374,1374,1165,53,0,1251,136917,854
candidate_6h,3110400,1296000,7516800,33,0,2,35,31,4,328,32,32,33,0,1472,1097,375,1182,290,1384,1384,1173,53,0,1259,138364,860
candidate_6h,3110400,1308000,7528800,29,0,2,31,28,3,327,29,29,29,0,1482,1106,376,1189,293,1397,1397,1184,54,0,1266,139748,875
candidate_6h,3110400,1320000,7540800,25,0,4,29,28,1,330,25,25,25,0,1495,1115,380,1202,293,1412,1412,1196,54,0,1279,141072,884
candidate_6h,3110400,1332000,7552800,30,0,2,32,27,5,327,30,30,30,0,1513,1129,384,1215,298,1426,1426,1209,55,0,1293,142347,891
candidate_6h,3110400,1344000,7564800,33,0,2,35,31,4,327,33,33,33,0,1528,1141,387,1228,300,1438,1438,1220,55,0,1307,143674,896
candidate_6h,3110400,1356000,7576800,30,0,1,31,27,4,327,30,30,30,0,1535,1146,389,1233,302,1449,1449,1229,55,0,1312,145077,909
candidate_6h,3110400,1368000,7588800,23,0,4,27,24,3,328,23,23,23,0,1550,1154,396,1245,305,1468,1468,1244,55,0,1324,146402,918
candidate_6h,3110400,1380000,7600800,29,0,4,33,30,3,327,28,28,29,0,1570,1170,400,1263,307,1481,1481,1256,56,0,1342,147615,922
candidate_6h,3110400,1392000,7612800,32,0,1,33,30,3,328,32,32,32,0,1583,1183,400,1274,309,1494,1494,1267,56,0,1354,149005,931
candidate_6h,3110400,1404000,7624800,34,0,1,35,30,5,327,32,32,34,0,1595,1194,401,1283,312,1504,1504,1276,56,0,1364,150488,938
candidate_6h,3110400,1416000,7636800,32,0,2,34,29,5,327,30,30,32,0,1604,1200,404,1290,314,1514,1514,1283,56,0,1370,151868,946
candidate_6h,3110400,1428000,7648800,30,0,1,31,27,4,328,30,30,30,0,1613,1206,407,1298,315,1525,1525,1293,57,0,1379,153213,959
candidate_6h,3110400,1440000,7660800,31,0,0,31,27,4,328,31,31,31,0,1625,1215,410,1308,317,1537,1537,1303,57,0,1389,154641,966
candidate_6h,3110400,1452000,7672800,33,0,2,35,29,6,329,33,33,33,0,1642,1230,412,1321,321,1549,1549,1313,58,0,1405,155991,973
candidate_6h,3110400,1464000,7684800,31,0,3,34,28,6,328,31,31,31,0,1654,1239,415,1331,323,1562,1562,1325,58,0,1415,157379,982
candidate_6h,3110400,1476000,7696800,31,0,2,33,29,4,327,30,30,31,0,1668,1250,418,1343,325,1576,1576,1338,59,0,1427,158749,988
candidate_6h,3110400,1488000,7708800,31,0,2,33,30,3,328,31,31,31,0,1679,1258,421,1352,327,1587,1587,1346,59,0,1436,160164,998
candidate_6h,3110400,1500000,7720800,32,0,3,35,30,5,327,31,31,32,0,1697,1273,424,1366,331,1603,1603,1360,59,0,1451,161541,1007
candidate_6h,3110400,1512000,7732800,31,0,4,35,31,4,328,26,26,31,0,1711,1284,427,1378,333,1614,1614,1369,62,0,1464,162916,1010
candidate_6h,3110400,1524000,7744800,28,0,2,30,25,5,329,26,26,28,0,1724,1293,431,1388,336,1631,1631,1382,63,0,1474,164215,1021
candidate_6h,3110400,1536000,7756800,26,0,2,28,21,7,327,25,25,26,0,1740,1303,437,1400,340,1648,1648,1397,64,0,1486,165505,1030
candidate_6h,3110400,1548000,7768800,29,0,3,32,26,6,328,28,28,29,0,1756,1314,442,1412,344,1660,1660,1407,64,0,1501,166837,1036
candidate_6h,3110400,1560000,7780800,31,0,3,34,27,7,329,31,31,31,0,1775,1328,447,1427,348,1677,1677,1421,64,0,1518,168170,1041
candidate_6h,3110400,1572000,7792800,31,0,2,33,25,8,328,30,30,31,0,1786,1337,449,1435,351,1689,1689,1432,64,0,1527,169620,1052
candidate_6h,3110400,1584000,7804800,31,0,3,34,27,7,327,31,31,31,0,1801,1349,452,1448,353,1703,1703,1444,64,0,1539,171026,1060
candidate_6h,3110400,1596000,7816800,33,0,0,33,27,6,328,31,31,33,0,1815,1362,453,1459,356,1716,1716,1454,66,0,1551,172397,1068
candidate_6h,3110400,1608000,7828800,33,0,1,34,29,5,328,32,32,33,0,1823,1369,454,1466,357,1723,1723,1460,66,0,1558,173907,1078
candidate_6h,3110400,1620000,7840800,33,0,2,35,29,6,328,32,32,33,0,1837,1380,457,1476,361,1736,1736,1469,66,0,1568,175294,1083
candidate_6h,3110400,1632000,7852800,28,0,2,30,25,5,329,28,28,28,0,1843,1383,460,1481,362,1746,1746,1477,67,0,1573,176630,1094
candidate_6h,3110400,1644000,7864800,29,0,4,33,27,6,328,28,28,29,0,1860,1394,466,1496,364,1759,1759,1489,68,0,1588,177918,1099
candidate_6h,3110400,1656000,7876800,26,0,2,28,25,3,329,24,24,26,0,1874,1406,468,1508,366,1778,1778,1505,68,0,1600,179181,1108
candidate_6h,3110400,1668000,7888800,29,0,5,34,31,3,329,29,29,29,0,1893,1417,476,1525,368,1790,1790,1514,69,0,1616,180397,1115
candidate_6h,3110400,1680000,7900800,26,0,2,28,25,3,329,26,26,26,0,1905,1427,478,1535,370,1807,1807,1529,70,0,1626,181659,1121
candidate_6h,3110400,1692000,7912800,29,0,2,31,27,4,329,29,29,29,0,1920,1438,482,1547,373,1818,1818,1538,71,0,1639,182891,1127
candidate_6h,3110400,1704000,7924800,33,0,1,34,28,6,328,33,33,33,0,1934,1450,484,1557,377,1829,1829,1547,71,0,1650,184295,1139
candidate_6h,3110400,1716000,7936800,33,0,2,35,28,7,327,31,31,33,0,1948,1461,487,1567,381,1842,1842,1558,71,0,1661,185699,1145
candidate_6h,3110400,1728000,7948800,31,0,4,35,29,6,327,28,28,31,0,1964,1471,493,1581,383,1857,1857,1571,72,0,1675,187021,1152
candidate_6h,3110400,1740000,7960800,29,0,2,31,25,6,328,28,28,29,0,1971,1476,495,1587,384,1868,1868,1580,72,0,1681,188380,1162
candidate_6h,3110400,1752000,7972800,25,0,4,29,25,4,329,25,25,25,0,1987,1488,499,1600,387,1886,1886,1595,72,0,1695,189726,1169
candidate_6h,3110400,1764000,7984800,26,0,2,28,24,4,328,26,26,26,0,2004,1501,503,1614,390,1903,1903,1610,73,0,1709,190880,1176
candidate_6h,3110400,1776000,7996800,32,0,2,34,27,7,328,31,31,32,0,2025,1517,508,1629,396,1918,1918,1623,73,0,1728,192053,1181
candidate_6h,3110400,1788000,8008800,31,0,1,32,26,6,327,27,28,31,0,2035,1526,509,1637,398,1930,1930,1633,73,0,1735,193503,1194
candidate_6h,3110400,1800000,8020800,32,0,3,35,30,5,327,31,31,32,0,2046,1533,513,1646,400,1937,1937,1639,74,0,1745,194934,1204
candidate_6h,3110400,1812000,8032800,28,0,4,32,28,4,329,28,28,28,0,2062,1545,517,1659,403,1956,1956,1654,74,0,1759,196269,1212
candidate_6h,3110400,1824000,8044800,26,0,2,28,24,4,328,26,26,26,0,2076,1556,520,1670,406,1974,1974,1671,74,0,1771,197597,1217
candidate_6h,3110400,1836000,8056800,29,0,4,33,29,4,327,26,26,29,0,2091,1567,524,1683,408,1984,1984,1679,74,0,1783,198723,1226
candidate_6h,3110400,1848000,8068800,28,0,3,31,27,4,328,27,27,28,0,2102,1574,528,1693,409,1996,1996,1689,75,0,1793,199924,1231
candidate_6h,3110400,1860000,8080800,29,0,2,31,28,3,328,27,27,29,0,2116,1583,533,1704,412,2010,2010,1701,75,0,1805,201217,1242
candidate_6h,3110400,1872000,8092800,30,0,2,32,30,2,329,30,30,30,0,2132,1597,535,1719,413,2025,2025,1714,75,0,1820,202585,1248
candidate_6h,3110400,1884000,8104800,33,0,1,34,28,6,327,32,32,33,0,2150,1612,538,1731,419,2040,2040,1726,76,0,1833,204023,1260
candidate_6h,3110400,1896000,8116800,29,0,1,30,26,4,329,29,29,29,0,2157,1617,540,1738,419,2051,2051,1735,76,0,1840,205453,1268
candidate_6h,3110400,1908000,8128800,27,0,4,31,27,4,328,27,27,27,0,2173,1627,546,1752,421,2066,2066,1749,76,0,1854,206792,1276
candidate_6h,3110400,1920000,8140800,27,0,3,30,25,5,328,27,27,27,0,2191,1641,550,1765,426,2084,2084,1763,77,0,1868,208049,1281
candidate_6h,3110400,1932000,8152800,32,0,3,35,28,7,328,31,31,32,0,2206,1653,553,1777,429,2094,2094,1772,77,0,1882,209319,1289
candidate_6h,3110400,1944000,8164800,31,0,2,33,27,6,330,25,25,31,0,2220,1664,556,1789,431,2110,2110,1785,77,0,1895,210661,1298
candidate_6h,3110400,1956000,8176800,31,0,0,31,24,7,329,30,30,31,0,2231,1675,556,1798,433,2123,2123,1797,77,0,1904,211994,1310
candidate_6h,3110400,1968000,8188800,32,0,3,35,29,6,329,31,31,32,0,2244,1684,560,1809,435,2131,2131,1803,78,0,1915,213384,1316
candidate_6h,3110400,1980000,8200800,32,0,1,33,27,6,329,30,30,32,0,2258,1696,562,1819,439,2147,2147,1817,78,0,1927,214679,1321
candidate_6h,3110400,1992000,8212800,33,0,2,35,30,5,330,32,32,33,0,2269,1703,566,1829,440,2155,2155,1822,79,0,1936,216076,1331
candidate_6h,3110400,2004000,8224800,31,0,2,33,27,6,329,31,31,31,0,2279,1712,567,1835,444,2167,2167,1832,79,0,1943,217500,1341
candidate_6h,3110400,2016000,8236800,31,0,2,33,27,6,329,31,31,31,0,2290,1721,569,1844,446,2178,2178,1841,79,0,1952,218833,1349
candidate_6h,3110400,2028000,8248800,29,0,2,31,25,6,328,29,29,29,0,2299,1728,571,1849,450,2188,2188,1850,80,0,1959,220157,1353
candidate_6h,3110400,2040000,8260800,32,0,3,35,26,9,328,31,31,32,0,2317,1741,576,1863,454,2202,2202,1862,80,0,1975,221523,1363
candidate_6h,3110400,2052000,8272800,31,0,3,34,28,6,329,29,29,31,0,2335,1755,580,1878,457,2221,2221,1876,80,0,1989,223015,1370
candidate_6h,3110400,2064000,8284800,30,0,0,30,25,5,328,30,30,30,0,2348,1767,581,1888,460,2237,2237,1891,81,0,2000,224511,1381
candidate_6h,3110400,2076000,8296800,26,0,2,28,24,4,329,26,25,26,0,2365,1780,585,1903,462,2256,2256,1906,81,0,2014,225993,1391
candidate_6h,3110400,2088000,8308800,25,0,4,29,23,6,329,25,25,25,0,2380,1789,591,1912,468,2270,2270,1918,81,0,2027,227240,1401
candidate_6h,3110400,2100000,8320800,26,0,3,29,23,6,328,26,26,26,0,2396,1801,595,1925,471,2285,2285,1932,82,0,2041,228247,1405
candidate_6h,3110400,2112000,8332800,26,0,0,26,21,5,328,25,25,26,0,2405,1809,596,1931,474,2297,2297,1942,82,0,2048,229412,1410
candidate_6h,3110400,2124000,8344800,32,0,0,32,27,5,330,31,32,32,0,2420,1823,597,1943,477,2306,2306,1946,82,0,2060,230740,1421
candidate_6h,3110400,2136000,8356800,29,0,4,33,29,4,330,27,27,29,0,2432,1831,601,1954,478,2317,2317,1956,82,0,2071,232095,1427
candidate_6h,3110400,2148000,8368800,29,0,5,34,28,6,328,29,29,29,0,2447,1841,606,1965,482,2331,2331,1968,82,0,2082,233509,1438
candidate_6h,3110400,2160000,8380800,28,0,6,34,26,8,329,27,27,28,0,2462,1850,612,1976,486,2345,2345,1979,83,0,2095,234828,1443
candidate_6h,3110400,2172000,8392800,26,0,0,26,21,5,329,25,25,26,0,2471,1858,613,1983,488,2361,2361,1992,84,0,2101,236112,1449
candidate_6h,3110400,2184000,8404800,30,0,5,35,28,7,328,30,30,30,0,2491,1872,619,1998,493,2372,2372,2002,84,0,2119,237349,1458
candidate_6h,3110400,2196000,8416800,25,0,2,27,22,5,331,24,24,25,0,2501,1880,621,2006,495,2390,2390,2016,84,0,2128,238569,1468
candidate_6h,3110400,2208000,8428800,32,0,3,35,26,9,328,31,31,32,0,2519,1894,625,2019,500,2399,2399,2024,85,0,2142,239833,1476
candidate_6h,3110400,2220000,8440800,24,0,1,25,20,5,330,24,24,24,0,2527,1901,626,2026,501,2417,2417,2039,85,0,2149,241163,1482
candidate_6h,3110400,2232000,8452800,26,0,0,26,22,4,330,26,26,26,0,2540,1914,626,2036,504,2429,2429,2049,85,0,2160,242383,1489
candidate_6h,3110400,2244000,8464800,26,0,5,31,26,5,328,25,25,26,0,2556,1923,633,2050,506,2439,2439,2058,86,0,2173,243675,1501
candidate_6h,3110400,2256000,8476800,25,0,3,28,24,4,328,25,25,25,0,2568,1931,637,2060,508,2454,2454,2071,86,0,2183,244759,1509
candidate_6h,3110400,2268000,8488800,18,0,0,18,14,4,330,17,17,18,0,2577,1937,640,2066,511,2471,2471,2085,88,0,2191,245675,1513
candidate_6h,3110400,2280000,8500800,22,0,0,22,17,5,328,22,22,22,0,2588,1946,642,2076,512,2478,2478,2092,88,0,2200,246531,1517
candidate_6h,3110400,2292000,8512800,31,0,2,33,27,6,327,29,29,31,0,2611,1965,646,2091,520,2490,2490,2098,88,0,2216,247626,1520
candidate_6h,3110400,2304000,8524800,31,0,2,33,27,6,327,31,31,31,0,2622,1974,648,2099,523,2500,2500,2105,89,0,2224,249038,1535
candidate_6h,3110400,2316000,8536800,26,0,3,29,24,5,328,26,26,26,0,2632,1980,652,2109,523,2514,2514,2118,89,0,2234,250337,1541
candidate_6h,3110400,2328000,8548800,27,0,1,28,25,3,329,26,26,27,0,2642,1989,653,2117,525,2525,2525,2126,89,0,2242,251454,1549
candidate_6h,3110400,2340000,8560800,29,0,3,32,28,4,328,29,29,29,0,2657,1999,658,2130,527,2536,2536,2136,89,0,2255,252800,1557
candidate_6h,3110400,2352000,8572800,29,0,4,33,27,6,328,29,29,29,0,2675,2011,664,2143,532,2552,2552,2150,90,0,2271,254040,1565
candidate_6h,3110400,2364000,8584800,26,0,6,32,27,5,331,25,25,26,0,2691,2021,670,2156,535,2569,2569,2163,90,0,2286,255233,1570
candidate_6h,3110400,2376000,8596800,25,0,6,31,24,7,328,23,23,25,0,2706,2029,677,2166,540,2585,2585,2179,90,0,2298,256216,1576
candidate_6h,3110400,2388000,8608800,29,0,1,30,26,4,330,29,29,29,0,2718,2040,678,2176,542,2597,2597,2187,91,0,2308,257292,1582
candidate_6h,3110400,2400000,8620800,28,0,1,29,26,3,330,28,28,28,0,2728,2047,681,2185,543,2607,2607,2196,92,0,2317,258461,1589
candidate_6h,3110400,2412000,8632800,30,0,1,31,26,5,329,29,29,30,0,2742,2059,683,2195,547,2619,2619,2206,92,0,2328,259747,1601
candidate_6h,3110400,2424000,8644800,29,0,6,35,28,7,329,29,29,29,0,2755,2066,689,2205,550,2628,2628,2213,92,0,2339,260919,1606
candidate_6h,3110400,2436000,8656800,24,0,2,26,22,4,329,24,24,24,0,2761,2071,690,2209,552,2642,2642,2225,93,0,2343,262085,1615
candidate_6h,3110400,2448000,8668800,29,0,2,31,26,5,330,29,29,29,0,2780,2085,695,2224,556,2656,2656,2236,93,0,2360,263341,1619
candidate_6h,3110400,2460000,8680800,28,0,1,29,26,3,331,28,28,28,0,2794,2096,698,2237,557,2672,2672,2250,93,0,2373,264547,1627
candidate_6h,3110400,2472000,8692800,32,0,2,34,29,5,329,32,32,32,0,2806,2106,700,2246,560,2678,2678,2255,94,0,2382,265813,1635
candidate_6h,3110400,2484000,8704800,30,0,1,31,27,4,331,28,28,30,0,2816,2114,702,2254,562,2690,2690,2263,95,0,2390,267117,1643
candidate_6h,3110400,2496000,8716800,26,0,0,26,20,6,330,26,26,26,0,2823,2121,702,2259,564,2702,2702,2275,95,0,2396,268241,1652
candidate_6h,3110400,2508000,8728800,28,0,1,29,25,4,332,28,28,28,0,2836,2131,705,2269,567,2712,2712,2281,95,0,2407,269442,1654
candidate_6h,3110400,2520000,8740800,31,0,1,32,26,6,331,31,31,31,0,2851,2143,708,2280,571,2723,2723,2291,96,0,2420,270797,1667
candidate_6h,3110400,2532000,8752800,29,0,4,33,28,5,331,28,28,29,0,2864,2151,713,2291,573,2735,2735,2302,96,0,2432,272127,1672
candidate_6h,3110400,2544000,8764800,27,0,2,29,23,6,331,27,27,27,0,2873,2158,715,2296,577,2748,2748,2312,96,0,2438,273328,1680
candidate_6h,3110400,2556000,8776800,31,0,2,33,26,7,330,31,31,31,0,2890,2173,717,2310,580,2761,2761,2323,96,0,2452,274668,1689
candidate_6h,3110400,2568000,8788800,29,0,3,32,28,4,332,29,29,29,0,2906,2186,720,2324,582,2777,2777,2335,97,0,2466,276042,1699
candidate_6h,3110400,2580000,8800800,30,0,3,33,26,7,331,29,29,30,0,2921,2196,725,2335,586,2791,2791,2348,97,0,2479,277352,1707
candidate_6h,3110400,2592000,8812800,31,0,2,33,27,6,331,26,26,31,0,2935,2208,727,2346,589,2805,2805,2360,97,0,2491,278674,1715
candidate_6h,3110400,2604000,8824800,29,0,3,32,29,3,331,29,29,29,0,2948,2217,731,2357,591,2817,2817,2369,99,0,2501,280023,1721
candidate_6h,3110400,2616000,8836800,30,0,1,31,26,5,331,28,28,30,0,2961,2226,735,2367,594,2831,2831,2381,99,0,2512,281276,1728
candidate_6h,3110400,2628000,8848800,35,0,0,35,29,6,331,34,34,35,0,2973,2237,736,2377,596,2838,2838,2387,100,0,2523,282719,1738
candidate_6h,3110400,2640000,8860800,29,0,3,32,28,4,333,29,29,29,0,2986,2246,740,2388,598,2854,2854,2400,100,0,2535,284123,1747
candidate_6h,3110400,2652000,8872800,23,0,0,23,18,5,330,23,23,23,0,2993,2250,743,2393,600,2869,2869,2415,101,0,2539,285361,1755
candidate_6h,3110400,2664000,8884800,21,0,1,22,21,1,333,21,21,21,0,3008,2260,748,2407,601,2885,2885,2427,101,0,2553,286243,1758
candidate_6h,3110400,2676000,8896800,28,0,1,29,23,6,330,27,27,28,0,3020,2271,749,2414,606,2890,2890,2432,101,0,2562,287423,1764
candidate_6h,3110400,2688000,8908800,27,0,4,31,26,5,331,27,27,27,0,3036,2281,755,2427,609,2903,2903,2442,102,0,2576,288698,1773
candidate_6h,3110400,2700000,8920800,31,0,2,33,28,5,330,28,28,31,0,3051,2293,758,2440,611,2916,2916,2455,102,0,2590,290033,1782
candidate_6h,3110400,2712000,8932800,26,0,5,31,27,4,329,26,26,26,0,3065,2303,762,2451,614,2931,2931,2468,103,0,2601,291364,1789
candidate_6h,3110400,2724000,8944800,30,0,1,31,27,4,330,30,30,30,0,3081,2318,763,2464,617,2947,2947,2481,103,0,2615,292721,1798
candidate_6h,3110400,2736000,8956800,29,0,6,35,30,5,329,28,28,29,0,3094,2325,769,2475,619,2956,2956,2489,103,0,2626,293966,1812
candidate_6h,3110400,2748000,8968800,25,0,3,28,23,5,329,23,24,25,0,3104,2332,772,2485,619,2969,2969,2502,107,0,2636,295145,1817
candidate_6h,3110400,2760000,8980800,26,0,2,28,24,4,330,26,26,26,0,3118,2344,774,2496,622,2983,2983,2513,107,0,2648,296259,1822
candidate_6h,3110400,2772000,8992800,24,0,2,26,22,4,330,23,23,24,0,3130,2353,777,2506,624,2997,2997,2526,107,0,2659,297637,1834
candidate_6h,3110400,2784000,9004800,26,0,6,32,28,4,330,24,24,26,0,3144,2362,782,2519,625,3005,3005,2533,107,0,2672,298799,1842
candidate_6h,3110400,2796000,9016800,26,0,2,28,23,5,330,26,26,26,0,3159,2374,785,2530,629,3023,3023,2548,108,0,2684,299952,1850
candidate_6h,3110400,2808000,9028800,32,0,1,33,29,4,331,29,29,32,0,3173,2387,786,2542,631,3032,3032,2555,108,0,2697,301193,1857
candidate_6h,3110400,2820000,9040800,30,0,1,31,25,6,330,30,30,30,0,3182,2393,789,2549,633,3043,3043,2565,108,0,2704,302562,1866
candidate_6h,3110400,2832000,9052800,28,0,5,33,28,5,329,28,28,28,0,3200,2403,797,2564,636,3058,3058,2576,109,0,2717,303776,1873
candidate_6h,3110400,2844000,9064800,30,0,4,34,29,5,330,29,29,30,0,3219,2417,802,2580,639,3076,3076,2591,109,0,2734,305020,1881
candidate_6h,3110400,2856000,9076800,28,0,0,28,23,5,331,25,25,28,0,3230,2426,804,2589,641,3093,3093,2606,109,0,2744,306340,1889
candidate_6h,3110400,2868000,9088800,24,0,2,26,22,4,331,24,24,24,0,3240,2434,806,2596,644,3105,3105,2614,109,0,2750,307673,1896
candidate_6h,3110400,2880000,9100800,25,0,4,29,24,5,331,25,25,25,0,3256,2446,810,2607,649,3117,3117,2624,110,0,2764,309019,1906
candidate_6h,3110400,2892000,9112800,25,0,0,25,20,5,329,25,25,25,0,3271,2457,814,2619,652,3135,3135,2641,111,0,2776,310178,1911
candidate_6h,3110400,2904000,9124800,26,0,1,27,22,5,330,26,26,26,0,3282,2465,817,2628,654,3144,3144,2647,111,0,2785,311261,1920
candidate_6h,3110400,2916000,9136800,29,0,4,33,27,6,330,28,28,29,0,3297,2476,821,2640,657,3153,3153,2654,111,0,2798,312379,1925
candidate_6h,3110400,2928000,9148800,30,0,2,32,27,5,330,30,30,30,0,3308,2486,822,2649,659,3165,3165,2664,111,0,2807,313690,1934
candidate_6h,3110400,2940000,9160800,34,0,1,35,31,4,330,34,34,34,0,3322,2498,824,2661,661,3175,3175,2672,112,0,2819,315142,1942
candidate_6h,3110400,2952000,9172800,32,0,0,32,28,4,331,30,30,32,0,3330,2506,824,2667,663,3186,3186,2681,112,0,2826,316628,1951
candidate_6h,3110400,2964000,9184800,33,0,1,34,30,4,330,32,32,33,0,3342,2517,825,2677,665,3195,3195,2688,113,0,2835,318030,1959
candidate_6h,3110400,2976000,9196800,28,0,1,29,28,1,332,28,28,28,0,3351,2524,827,2686,665,3208,3208,2698,114,0,2843,319394,1970
candidate_6h,3110400,2988000,9208800,24,0,2,26,22,4,331,23,23,24,0,3365,2534,831,2696,669,3225,3225,2713,114,0,2854,320660,1976
candidate_6h,3110400,3000000,9220800,29,0,1,30,24,6,331,28,28,29,0,3381,2548,833,2708,673,3237,3237,2723,114,0,2868,321972,1981
candidate_6h,3110400,3012000,9232800,26,0,2,28,25,3,332,26,26,26,0,3393,2556,837,2718,675,3250,3250,2733,115,0,2878,323331,1991
candidate_6h,3110400,3024000,9244800,30,0,5,35,31,4,330,26,26,30,0,3408,2565,843,2731,677,3258,3258,2740,115,0,2890,324559,2000
candidate_6h,3110400,3036000,9256800,25,0,2,27,24,3,331,24,24,25,0,3416,2572,844,2738,678,3273,3273,2754,116,0,2898,325783,2005
candidate_6h,3110400,3048000,9268800,25,0,2,27,23,4,330,25,24,25,0,3428,2581,847,2747,681,3285,3285,2764,116,0,2907,326791,2013
candidate_6h,3110400,3060000,9280800,26,0,5,31,25,6,329,26,26,26,0,3443,2591,852,2758,685,3296,3296,2774,116,0,2920,327870,2020
candidate_6h,3110400,3072000,9292800,23,0,4,27,23,4,331,23,23,23,0,3457,2600,857,2771,686,3313,3313,2788,117,0,2933,328987,2024
candidate_6h,3110400,3084000,9304800,26,0,2,28,24,4,330,26,26,26,0,3469,2610,859,2781,688,3324,3324,2798,117,0,2943,330113,2030
candidate_6h,3110400,3096000,9316800,25,0,4,29,26,3,331,25,25,25,0,3483,2618,865,2792,691,3335,3335,2805,119,0,2954,331434,2043
candidate_6h,3110400,3108000,9328800,24,0,2,26,22,4,330,24,23,24,0,3493,2625,868,2799,694,3348,3348,2817,119,0,2962,332533,2050
candidate_6h,3110400,3110400,9331200,24,0,4,28,23,5,331,21,21,24,0,3498,2628,870,2803,695,3351,3351,2820,119,0,2968,332734,2050
baseline_24h,12441600,0,6220800,0,0,0,0,0,0,330,0,0,0,0,0,0,0,0,0,0,0,0,0,0,0,0,0
baseline_24h,12441600,12000,6232800,11,0,2,13,11,2,317,11,11,11,0,14,12,2,11,3,1,1,0,0,0,0,363,0
baseline_24h,12441600,24000,6244800,16,0,4,20,18,2,311,16,16,16,0,36,24,12,29,7,16,16,0,0,0,1,1563,0
baseline_24h,12441600,36000,6256800,18,0,5,23,21,2,308,18,18,18,0,61,40,21,53,8,38,38,0,0,0,1,2861,0
baseline_24h,12441600,48000,6268800,19,0,7,26,23,3,305,18,18,19,0,87,51,36,74,13,60,60,0,1,0,2,4364,0
baseline_24h,12441600,60000,6280800,16,0,3,19,16,3,312,15,15,16,0,105,60,45,89,16,85,85,0,1,0,2,5749,0
baseline_24h,12441600,72000,6292800,25,0,2,27,23,4,304,24,24,25,0,127,77,50,108,19,99,99,0,1,0,2,7003,0
baseline_24h,12441600,84000,6304800,29,0,2,31,27,4,299,29,29,29,0,155,94,61,134,21,122,122,0,2,0,2,8658,0
baseline_24h,12441600,96000,6316800,27,0,3,30,27,3,301,25,25,27,0,183,115,68,160,23,151,151,0,2,0,3,10303,0
baseline_24h,12441600,108000,6328800,33,0,2,35,31,4,296,28,28,33,0,209,136,73,184,25,172,172,0,2,0,3,11979,2
baseline_24h,12441600,120000,6340800,27,0,1,28,25,3,303,27,27,27,0,229,152,77,202,27,198,198,0,3,0,4,13589,4
baseline_24h,12441600,132000,6352800,23,0,5,28,25,3,303,23,23,23,0,255,167,88,227,28,223,223,0,4,0,5,15156,4
baseline_24h,12441600,144000,6364800,24,0,3,27,24,3,303,24,24,24,0,277,182,95,247,30,245,245,0,5,0,5,16697,4
baseline_24h,12441600,156000,6376800,24,0,2,26,23,3,303,22,22,24,0,293,195,98,262,31,261,261,0,6,0,5,17884,4
baseline_24h,12441600,168000,6388800,29,0,1,30,28,2,299,29,29,29,0,314,212,102,281,33,278,278,0,6,0,5,19138,6
baseline_24h,12441600,180000,6400800,28,0,2,30,27,3,300,27,27,28,0,334,228,106,300,34,298,298,0,6,0,6,20619,6
baseline_24h,12441600,192000,6412800,31,0,0,31,29,2,298,31,31,31,0,356,249,107,320,36,318,318,0,7,0,6,21998,6
baseline_24h,12441600,204000,6424800,35,0,0,35,32,3,294,35,35,35,0,377,270,107,340,37,335,335,0,7,0,6,23390,6
baseline_24h,12441600,216000,6436800,27,0,4,31,27,4,299,24,24,27,0,401,289,112,361,40,363,363,0,7,0,7,24924,6
baseline_24h,12441600,228000,6448800,26,0,2,28,24,4,302,25,25,26,0,419,302,117,377,42,384,384,0,7,0,7,26545,6
baseline_24h,12441600,240000,6460800,23,0,1,24,20,4,305,22,22,23,0,441,317,124,394,47,409,409,0,8,0,7,27960,6
baseline_24h,12441600,252000,6472800,26,0,4,30,24,6,299,25,26,26,0,465,331,134,412,53,427,427,0,8,0,7,29381,6
baseline_24h,12441600,264000,6484800,28,0,4,32,30,2,296,27,27,28,0,488,347,141,433,55,446,446,0,10,0,8,30887,6
baseline_24h,12441600,276000,6496800,26,0,4,30,28,2,298,26,26,26,0,509,362,147,450,59,469,469,0,10,0,8,32468,7
baseline_24h,12441600,288000,6508800,32,0,0,32,29,3,295,32,32,32,0,531,381,150,470,61,488,488,0,11,0,8,34014,7
baseline_24h,12441600,300000,6520800,26,0,2,28,25,3,300,25,25,26,0,548,390,158,486,62,509,509,0,11,0,9,35650,7
baseline_24h,12441600,312000,6532800,24,0,3,27,23,4,301,23,23,24,0,574,410,164,509,65,536,536,0,11,0,9,36954,7
baseline_24h,12441600,324000,6544800,30,0,3,33,29,4,295,28,27,30,0,593,424,169,526,67,549,549,0,11,0,9,38306,9
baseline_24h,12441600,336000,6556800,29,0,2,31,27,4,297,28,28,29,0,616,442,174,546,70,574,574,0,11,0,9,39736,9
baseline_24h,12441600,348000,6568800,28,0,1,29,23,6,299,28,28,28,0,638,459,179,565,73,597,597,0,12,0,10,41299,9
baseline_24h,12441600,360000,6580800,27,0,3,30,25,5,298,27,27,27,0,661,479,182,585,76,619,619,0,12,0,10,42618,9
baseline_24h,12441600,372000,6592800,31,0,2,33,29,4,295,31,31,31,0,682,494,188,604,78,637,637,0,12,0,10,44238,9
baseline_24h,12441600,384000,6604800,28,0,1,29,26,3,298,28,28,28,0,699,509,190,620,79,657,657,0,13,0,10,45576,9
baseline_24h,12441600,396000,6616800,27,0,4,31,29,2,297,27,27,27,0,719,522,197,639,80,675,675,0,13,0,11,47041,9
baseline_24h,12441600,408000,6628800,26,0,3,29,25,4,299,25,25,26,0,745,539,206,662,83,703,703,0,13,0,11,48487,9
baseline_24h,12441600,420000,6640800,29,0,0,29,25,4,298,29,29,29,0,771,557,214,686,85,728,728,0,14,0,11,50051,9
baseline_24h,12441600,432000,6652800,26,0,4,30,25,5,298,24,24,26,0,798,574,224,710,88,754,754,0,14,0,12,51642,9
baseline_24h,12441600,444000,6664800,21,0,1,22,18,4,306,21,21,21,0,814,587,227,724,90,778,778,0,14,0,12,52954,9
baseline_24h,12441600,456000,6676800,25,0,1,26,22,4,302,24,24,25,0,834,604,230,741,93,794,794,0,14,0,12,54169,9
baseline_24h,12441600,468000,6688800,30,0,1,31,28,3,298,30,30,30,0,863,627,236,769,94,818,818,0,14,0,13,55509,10
baseline_24h,12441600,480000,6700800,24,0,4,28,25,3,301,24,24,24,0,883,641,242,786,97,841,841,0,14,0,13,56842,11
baseline_24h,12441600,492000,6712800,25,0,3,28,25,3,301,25,25,25,0,902,655,247,803,99,859,859,0,15,0,14,58121,11
baseline_24h,12441600,504000,6724800,23,0,3,26,23,3,303,23,23,23,0,924,672,252,823,101,883,883,0,15,0,14,59466,11
baseline_24h,12441600,516000,6736800,27,0,3,30,28,2,299,27,26,27,0,946,689,257,843,103,901,901,0,15,0,14,60822,11
baseline_24h,12441600,528000,6748800,33,0,2,35,32,3,294,33,33,33,0,970,708,262,866,104,920,920,0,15,0,14,62436,11
baseline_24h,12441600,540000,6760800,33,0,2,35,32,3,294,29,29,33,0,995,727,268,886,109,944,944,0,16,0,15,64131,11
baseline_24h,12441600,552000,6772800,30,0,4,34,31,3,295,28,28,30,0,1015,741,274,905,110,965,965,0,16,0,15,65830,11
baseline_24h,12441600,564000,6784800,25,0,4,29,26,3,300,24,24,25,0,1039,757,282,928,111,993,993,0,17,0,16,67564,11
baseline_24h,12441600,576000,6796800,30,0,2,32,30,2,296,30,30,30,0,1070,783,287,957,113,1020,1020,0,18,0,16,69208,11
baseline_24h,12441600,588000,6808800,31,0,3,34,30,4,294,30,30,31,0,1102,808,294,986,116,1050,1050,0,18,0,16,70938,11
baseline_24h,12441600,600000,6820800,28,0,5,33,30,3,295,27,28,28,0,1129,823,306,1013,116,1078,1078,0,18,0,16,72708,11
baseline_24h,12441600,612000,6832800,25,0,5,30,27,3,297,25,25,25,0,1157,844,313,1039,118,1108,1108,0,19,0,16,74299,11
baseline_24h,12441600,624000,6844800,27,0,4,31,29,2,297,27,27,27,0,1181,856,325,1062,119,1131,1131,0,19,0,17,75983,11
baseline_24h,12441600,636000,6856800,33,0,0,33,30,3,295,32,32,33,0,1210,879,331,1088,122,1158,1158,0,19,0,17,77539,11
baseline_24h,12441600,648000,6868800,33,0,2,35,32,3,293,32,32,33,0,1232,896,336,1109,123,1178,1178,0,19,0,17,78984,11
baseline_24h,12441600,660000,6880800,27,0,1,28,25,3,300,27,27,27,0,1253,909,344,1128,125,1205,1205,0,20,0,18,80631,13
baseline_24h,12441600,672000,6892800,33,0,0,33,30,3,295,32,32,33,0,1277,930,347,1150,127,1224,1224,0,20,0,18,82184,13
baseline_24h,12441600,684000,6904800,29,0,2,31,30,1,298,29,29,29,0,1302,950,352,1175,127,1251,1251,0,20,0,19,83789,13
baseline_24h,12441600,696000,6916800,31,0,3,34,31,3,295,30,30,31,0,1330,972,358,1200,130,1276,1276,0,20,0,19,85493,13
baseline_24h,12441600,708000,6928800,30,0,2,32,29,3,297,30,30,30,0,1352,991,361,1221,131,1299,1299,0,21,0,20,87054,15
baseline_24h,12441600,720000,6940800,32,0,2,34,32,2,295,32,32,32,0,1372,1008,364,1240,132,1317,1317,0,21,0,20,88630,15
baseline_24h,12441600,732000,6952800,33,0,2,35,31,4,293,33,33,33,0,1400,1032,368,1264,136,1343,1343,0,22,0,20,90160,15
baseline_24h,12441600,744000,6964800,28,0,4,32,30,2,297,27,27,28,0,1420,1045,375,1283,137,1366,1366,0,22,0,21,91744,15
baseline_24h,12441600,756000,6976800,32,0,3,35,32,3,294,30,30,32,0,1442,1064,378,1302,140,1385,1385,0,22,0,21,93225,15
baseline_24h,12441600,768000,6988800,29,0,1,30,28,2,299,29,29,29,0,1461,1082,379,1320,141,1409,1409,0,22,0,21,94728,15
baseline_24h,12441600,780000,7000800,31,0,0,31,28,3,298,30,30,31,0,1485,1104,381,1342,143,1431,1431,0,23,0,22,96361,15
baseline_24h,12441600,792000,7012800,30,0,2,32,30,2,298,30,30,30,0,1511,1127,384,1366,145,1456,1456,0,23,0,23,97815,15
baseline_24h,12441600,804000,7024800,32,0,2,34,31,3,296,32,32,32,0,1538,1149,389,1392,146,1481,1481,0,23,0,23,99298,15
baseline_24h,12441600,816000,7036800,34,0,0,34,32,2,296,33,33,34,0,1558,1168,390,1410,148,1501,1501,0,23,0,23,100856,15
baseline_24h,12441600,828000,7048800,30,0,2,32,29,3,298,30,30,30,0,1581,1186,395,1431,150,1525,1525,0,24,0,24,102496,15
baseline_24h,12441600,840000,7060800,32,0,4,36,33,3,294,31,31,32,0,1604,1202,402,1452,152,1544,1544,0,24,0,24,104137,15
baseline_24h,12441600,852000,7072800,35,0,3,38,35,3,292,34,34,35,0,1631,1220,411,1476,155,1569,1569,0,24,0,24,105885,16
baseline_24h,12441600,864000,7084800,28,0,6,34,30,4,296,27,27,28,0,1657,1238,419,1500,157,1599,1599,0,24,0,24,107561,18
baseline_24h,12441600,876000,7096800,30,0,3,33,30,3,298,29,29,30,0,1687,1256,431,1528,159,1630,1630,0,24,0,25,109282,21
baseline_24h,12441600,888000,7108800,27,0,3,30,25,5,301,27,27,27,0,1714,1272,442,1552,162,1659,1659,0,25,0,26,111028,21
baseline_24h,12441600,900000,7120800,27,0,5,32,27,5,299,26,26,27,0,1743,1289,454,1578,165,1686,1686,0,25,0,26,112692,21
baseline_24h,12441600,912000,7132800,31,0,3,34,31,3,297,29,29,31,0,1767,1306,461,1600,167,1708,1708,0,25,0,26,114303,21
baseline_24h,12441600,924000,7144800,25,0,2,27,24,3,305,25,25,25,0,1784,1317,467,1614,170,1732,1732,0,25,0,27,116024,21
baseline_24h,12441600,936000,7156800,34,0,0,34,29,5,296,34,34,34,0,1817,1344,473,1644,173,1756,1756,0,27,0,27,117579,21
baseline_24h,12441600,948000,7168800,31,0,6,37,34,3,294,31,31,31,0,1840,1358,482,1666,174,1776,1776,0,27,0,28,119225,21
baseline_24h,12441600,960000,7180800,31,0,4,35,31,4,295,31,31,31,0,1868,1375,493,1692,176,1805,1805,0,28,0,28,121053,23
baseline_24h,12441600,972000,7192800,32,0,3,35,32,3,296,27,27,32,0,1900,1398,502,1723,177,1837,1837,0,28,0,29,122900,23
baseline_24h,12441600,984000,7204800,31,0,1,32,30,2,299,30,30,31,0,1920,1414,506,1741,179,1860,1860,0,28,0,29,124400,23
baseline_24h,12441600,996000,7216800,29,0,1,30,28,2,301,29,29,29,0,1946,1437,509,1766,180,1888,1888,0,28,0,29,125964,23
baseline_24h,12441600,1008000,7228800,30,0,4,34,31,3,297,30,30,30,0,1977,1456,521,1794,183,1914,1914,0,29,0,30,127610,23
baseline_24h,12441600,1020000,7240800,31,0,5,36,34,2,295,31,31,31,0,2003,1471,532,1819,184,1938,1938,0,29,0,30,129381,23
baseline_24h,12441600,1032000,7252800,29,0,2,31,28,3,300,29,29,29,0,2025,1489,536,1838,187,1965,1965,0,29,0,30,131131,23
baseline_24h,12441600,1044000,7264800,25,0,6,31,29,2,301,24,24,25,0,2052,1506,546,1862,190,1992,1992,0,29,0,31,132883,25
baseline_24h,12441600,1056000,7276800,32,0,1,33,29,4,298,32,32,32,0,2082,1532,550,1890,192,2019,2019,0,30,0,31,134620,25
baseline_24h,12441600,1068000,7288800,34,0,2,36,33,3,295,33,33,34,0,2104,1551,553,1909,195,2038,2038,0,30,0,31,136180,25
baseline_24h,12441600,1080000,7300800,35,0,0,35,31,4,296,33,33,35,0,2126,1572,554,1929,197,2060,2060,0,31,0,32,137813,25
baseline_24h,12441600,1092000,7312800,32,0,2,34,31,3,298,32,32,32,0,2150,1592,558,1950,200,2085,2085,0,31,0,33,139329,25
baseline_24h,12441600,1104000,7324800,32,0,1,33,31,2,299,30,30,32,0,2168,1608,560,1967,201,2104,2104,0,31,0,33,141025,25
baseline_24h,12441600,1116000,7336800,27,0,4,31,27,4,300,26,26,27,0,2195,1624,571,1990,205,2132,2132,0,32,0,33,142749,25
baseline_24h,12441600,1128000,7348800,33,0,2,35,32,3,296,32,32,33,0,2223,1646,577,2015,208,2156,2156,0,32,0,33,144323,25
baseline_24h,12441600,1140000,7360800,28,0,3,31,28,3,301,27,27,28,0,2245,1661,584,2036,209,2182,2182,0,32,0,34,145989,25
baseline_24h,12441600,1152000,7372800,27,0,4,31,29,2,300,26,26,27,0,2272,1682,590,2061,211,2208,2208,0,33,0,34,147454,25
baseline_24h,12441600,1164000,7384800,26,0,2,28,25,3,304,25,26,26,0,2294,1694,600,2079,215,2233,2233,0,33,0,35,149254,25
baseline_24h,12441600,1176000,7396800,29,0,2,31,29,2,301,29,29,29,0,2325,1718,607,2107,218,2261,2261,0,33,0,35,150754,25
baseline_24h,12441600,1188000,7408800,30,0,2,32,29,3,299,28,28,30,0,2350,1736,614,2131,219,2284,2284,0,34,0,35,152454,25
baseline_24h,12441600,1200000,7420800,30,0,1,31,29,2,301,30,30,30,0,2372,1754,618,2151,221,2307,2307,0,34,0,36,153969,25
baseline_24h,12441600,1212000,7432800,29,0,2,31,27,4,300,29,29,29,0,2394,1772,622,2169,225,2328,2328,0,35,0,36,155498,25
baseline_24h,12441600,1224000,7444800,33,0,1,34,29,5,297,33,33,33,0,2421,1796,625,2193,228,2351,2351,0,36,0,37,157248,27
baseline_24h,12441600,1236000,7456800,32,0,2,34,31,3,297,31,31,32,0,2444,1816,628,2214,230,2374,2374,0,36,0,37,158837,27
baseline_24h,12441600,1248000,7468800,30,0,2,32,30,2,299,30,30,30,0,2468,1834,634,2236,232,2400,2400,0,36,0,37,160497,27
baseline_24h,12441600,1260000,7480800,31,0,0,31,28,3,300,31,31,31,0,2490,1855,635,2256,234,2423,2423,0,36,0,37,162106,27
baseline_24h,12441600,1272000,7492800,32,0,2,34,30,4,297,31,31,32,0,2514,1874,640,2277,237,2443,2443,0,37,0,38,163970,27
baseline_24h,12441600,1284000,7504800,28,0,6,34,29,5,297,27,27,28,0,2542,1893,649,2303,239,2471,2471,0,37,0,38,165475,28
baseline_24h,12441600,1296000,7516800,28,0,7,35,29,6,297,28,28,28,0,2569,1910,659,2325,244,2497,2497,0,37,0,39,167204,28
baseline_24h,12441600,1308000,7528800,30,0,5,35,30,5,297,30,30,30,0,2601,1930,671,2354,247,2529,2529,0,37,0,39,168971,29
baseline_24h,12441600,1320000,7540800,25,0,6,31,27,4,301,25,25,25,0,2626,1942,684,2375,251,2557,2557,0,38,0,40,170883,29
baseline_24h,12441600,1332000,7552800,25,0,5,30,27,3,302,24,24,25,0,2651,1957,694,2398,253,2583,2583,0,38,0,40,172596,29
baseline_24h,12441600,1344000,7564800,31,0,2,33,29,4,300,30,30,31,0,2678,1980,698,2422,256,2607,2607,0,38,0,41,174154,29
baseline_24h,12441600,1356000,7576800,32,0,3,35,32,3,298,32,32,32,0,2702,2000,702,2445,257,2629,2629,0,38,0,41,175744,29
baseline_24h,12441600,1368000,7588800,27,0,3,30,26,4,302,26,26,27,0,2724,2017,707,2464,260,2655,2655,0,39,0,41,177401,29
baseline_24h,12441600,1380000,7600800,29,0,4,33,29,4,300,28,28,29,0,2755,2037,718,2493,262,2683,2683,0,39,0,42,179182,29
baseline_24h,12441600,1392000,7612800,33,0,1,34,32,2,298,32,32,33,0,2773,2053,720,2511,262,2699,2699,0,40,0,42,180815,31
baseline_24h,12441600,1404000,7624800,35,0,0,35,32,3,297,33,33,35,0,2795,2073,722,2530,265,2720,2720,0,40,0,42,182329,33
baseline_24h,12441600,1416000,7636800,33,0,3,36,33,3,296,33,33,33,0,2821,2095,726,2556,265,2745,2745,0,40,0,42,183917,33
baseline_24h,12441600,1428000,7648800,28,0,3,31,28,3,301,28,28,28,0,2839,2106,733,2571,268,2767,2767,0,41,0,43,185522,33
baseline_24h,12441600,1440000,7660800,28,0,1,29,25,4,303,28,28,28,0,2859,2122,737,2589,270,2789,2789,0,41,0,43,187027,33
baseline_24h,12441600,1452000,7672800,34,0,1,35,31,4,297,32,32,34,0,2879,2139,740,2607,272,2803,2803,0,41,0,43,188531,33
baseline_24h,12441600,1464000,7684800,31,0,1,32,28,4,300,31,31,31,0,2897,2154,743,2624,273,2823,2823,0,42,0,44,190105,33
baseline_24h,12441600,1476000,7696800,35,0,1,36,34,2,295,34,34,35,0,2929,2183,746,2654,275,2850,2850,0,43,0,44,191859,33
baseline_24h,12441600,1488000,7708800,33,0,2,35,31,4,296,32,32,33,0,2949,2200,749,2671,278,2871,2871,0,43,0,44,193485,33
baseline_24h,12441600,1500000,7720800,27,0,3,30,26,4,301,26,26,27,0,2975,2220,755,2693,282,2901,2901,0,44,0,45,195033,33
baseline_24h,12441600,1512000,7732800,29,0,4,33,29,4,299,26,26,29,0,2997,2236,761,2714,283,2920,2920,0,44,0,46,196548,33
baseline_24h,12441600,1524000,7744800,32,0,3,35,32,3,297,31,31,32,0,3025,2256,769,2739,286,2946,2946,0,44,0,46,198259,33
baseline_24h,12441600,1536000,7756800,35,0,0,35,31,4,296,35,35,35,0,3050,2280,770,2762,288,2970,2970,0,45,0,46,199896,33
baseline_24h,12441600,1548000,7768800,30,0,1,31,28,3,301,29,29,30,0,3067,2293,774,2778,289,2991,2991,0,45,0,47,201464,33
baseline_24h,12441600,1560000,7780800,31,0,2,33,31,2,299,30,30,31,0,3090,2310,780,2799,291,3012,3012,0,45,0,47,202875,33
baseline_24h,12441600,1572000,7792800,31,0,4,35,32,3,297,31,31,31,0,3113,2328,785,2821,292,3033,3033,0,45,0,47,204487,33
baseline_24h,12441600,1584000,7804800,32,0,2,34,31,3,298,32,32,32,0,3136,2345,791,2842,294,3056,3056,0,46,0,48,206140,33
baseline_24h,12441600,1596000,7816800,27,0,3,30,27,3,302,27,27,27,0,3159,2362,797,2863,296,3083,3083,0,46,0,48,207735,33
baseline_24h,12441600,1608000,7828800,27,0,2,29,26,3,302,27,26,27,0,3181,2379,802,2883,298,3105,3105,0,47,0,48,209198,33
baseline_24h,12441600,1620000,7840800,29,0,2,31,28,3,301,25,25,29,0,3206,2397,809,2906,300,3128,3128,0,47,0,49,210720,33
baseline_24h,12441600,1632000,7852800,32,0,0,32,29,3,298,30,30,32,0,3229,2418,811,2927,302,3148,3148,0,49,0,49,212279,33
baseline_24h,12441600,1644000,7864800,30,0,3,33,31,2,298,30,30,30,0,3250,2435,815,2946,304,3168,3168,0,49,0,50,213891,34
baseline_24h,12441600,1656000,7876800,31,0,1,32,29,3,299,31,31,31,0,3270,2452,818,2965,305,3189,3189,0,49,0,50,215464,34
baseline_24h,12441600,1668000,7888800,30,0,3,33,30,3,299,29,29,30,0,3290,2469,821,2982,308,3208,3208,0,49,0,51,216940,36
baseline_24h,12441600,1680000,7900800,33,0,1,34,29,5,297,33,32,33,0,3313,2489,824,3002,311,3229,3229,0,50,0,51,218468,36
baseline_24h,12441600,1692000,7912800,31,0,3,34,30,4,297,28,28,31,0,3331,2501,830,3018,313,3247,3247,0,50,0,51,219973,36
baseline_24h,12441600,1704000,7924800,29,0,5,34,28,6,298,28,28,29,0,3366,2523,843,3048,318,3282,3282,0,50,0,52,221746,36
baseline_24h,12441600,1716000,7936800,30,0,4,34,31,3,297,29,29,30,0,3393,2541,852,3073,320,3308,3308,0,51,0,52,223589,36
baseline_24h,12441600,1728000,7948800,34,0,1,35,31,4,296,29,29,34,0,3419,2563,856,3096,323,3333,3333,0,51,0,52,225183,38
baseline_24h,12441600,1740000,7960800,29,0,1,30,26,4,301,28,29,29,0,3434,2577,857,3109,325,3352,3352,0,52,0,53,226683,38
baseline_24h,12441600,1752000,7972800,33,0,2,35,31,4,296,33,33,33,0,3459,2598,861,3132,327,3372,3372,0,52,0,53,228214,38
baseline_24h,12441600,1764000,7984800,31,0,3,34,29,5,297,31,31,31,0,3483,2615,868,3151,332,3397,3397,0,52,0,53,229709,38
baseline_24h,12441600,1776000,7996800,31,0,4,35,30,5,296,31,31,31,0,3502,2627,875,3168,334,3414,3414,0,53,0,54,231360,38
baseline_24h,12441600,1788000,8008800,30,0,0,30,24,6,301,29,29,30,0,3521,2644,877,3183,338,3438,3438,0,53,0,54,232850,39
baseline_24h,12441600,1800000,8020800,31,0,1,32,27,5,300,31,31,31,0,3544,2664,880,3203,341,3459,3459,0,53,0,55,234380,40
baseline_24h,12441600,1812000,8032800,30,0,2,32,31,1,300,29,29,30,0,3561,2679,882,3220,341,3476,3476,0,53,0,55,235845,40
baseline_24h,12441600,1824000,8044800,34,0,3,37,34,3,295,33,33,34,0,3583,2698,885,3239,344,3492,3492,0,54,0,56,237543,40
baseline_24h,12441600,1836000,8056800,30,0,5,35,33,2,297,27,27,30,0,3606,2712,894,3261,345,3517,3517,0,54,0,56,239175,40
baseline_24h,12441600,1848000,8068800,32,0,3,35,33,2,296,30,30,32,0,3634,2733,901,3287,347,3544,3544,0,55,0,56,240888,40
baseline_24h,12441600,1860000,8080800,31,0,3,34,31,3,297,30,30,31,0,3663,2753,910,3314,349,3573,3573,0,56,0,57,242842,40
baseline_24h,12441600,1872000,8092800,25,0,2,27,24,3,304,25,25,25,0,3687,2769,918,3336,351,3604,3604,0,56,0,57,244509,40
baseline_24h,12441600,1884000,8104800,28,0,4,32,29,3,299,28,28,28,0,3712,2788,924,3359,353,3624,3624,0,56,0,57,245858,40
baseline_24h,12441600,1896000,8116800,31,0,2,33,28,5,298,31,31,31,0,3734,2808,926,3377,357,3644,3644,0,57,0,58,247450,40
baseline_24h,12441600,1908000,8128800,30,0,3,33,28,5,298,30,30,30,0,3764,2829,935,3404,360,3674,3674,0,57,0,58,249194,40
baseline_24h,12441600,1920000,8140800,20,0,4,24,20,4,307,20,20,20,0,3786,2841,945,3424,362,3705,3705,0,57,0,58,250891,40
baseline_24h,12441600,1932000,8152800,30,0,3,33,28,5,297,30,30,30,0,3815,2862,953,3447,368,3724,3724,0,58,0,58,252429,40
baseline_24h,12441600,1944000,8164800,31,0,4,35,33,2,295,29,29,31,0,3841,2880,961,3472,369,3748,3748,0,58,0,58,254032,40
baseline_24h,12441600,1956000,8176800,33,0,1,34,31,3,297,32,32,33,0,3868,2900,968,3497,371,3776,3776,0,58,0,59,255811,40
baseline_24h,12441600,1968000,8188800,31,0,2,33,30,3,299,31,31,31,0,3884,2914,970,3511,373,3793,3793,0,58,0,60,257315,40
baseline_24h,12441600,1980000,8200800,32,0,1,33,29,4,298,32,32,32,0,3908,2934,974,3533,375,3816,3816,0,59,0,60,258832,40
baseline_24h,12441600,1992000,8212800,35,0,2,37,33,4,295,35,35,35,0,3932,2953,979,3554,378,3836,3836,0,59,0,61,260461,40
baseline_24h,12441600,2004000,8224800,26,0,2,28,23,5,304,26,26,26,0,3954,2971,983,3573,381,3867,3867,0,59,0,61,262180,40
baseline_24h,12441600,2016000,8236800,31,0,2,33,28,5,298,31,31,31,0,3981,2992,989,3598,383,3888,3888,0,60,0,61,263629,40
baseline_24h,12441600,2028000,8248800,24,0,3,27,24,3,305,24,24,24,0,4000,3003,997,3615,385,3913,3913,0,60,0,62,265292,40
baseline_24h,12441600,2040000,8260800,32,0,5,37,32,5,294,31,31,32,0,4030,3023,1007,3642,388,3932,3932,0,61,0,62,266965,40
baseline_24h,12441600,2052000,8272800,33,0,2,35,32,3,297,27,27,33,0,4055,3043,1012,3667,388,3959,3959,0,61,0,63,268648,40
baseline_24h,12441600,2064000,8284800,33,0,1,34,30,4,297,33,33,33,0,4078,3061,1017,3686,392,3982,3982,0,62,0,63,270326,40
baseline_24h,12441600,2076000,8296800,32,0,3,35,31,4,296,30,31,32,0,4106,3080,1026,3712,394,4009,4009,0,62,0,63,271975,40
baseline_24h,12441600,2088000,8308800,26,0,1,27,24,3,303,26,26,26,0,4123,3094,1029,3727,396,4033,4033,0,63,0,63,273475,40
baseline_24h,12441600,2100000,8320800,26,0,3,29,27,2,302,26,26,26,0,4145,3112,1033,3748,397,4053,4053,0,63,0,64,274756,40
baseline_24h,12441600,2112000,8332800,30,0,1,31,27,4,300,30,30,30,0,4168,3133,1035,3767,401,4074,4074,0,63,0,64,276277,40
baseline_24h,12441600,2124000,8344800,30,0,3,33,29,4,298,29,29,30,0,4194,3152,1042,3791,403,4097,4097,0,64,0,65,277939,40
baseline_24h,12441600,2136000,8356800,29,0,2,31,27,4,300,27,27,29,0,4217,3172,1045,3811,406,4122,4122,0,64,0,65,279580,40
baseline_24h,12441600,2148000,8368800,29,0,3,32,29,3,298,28,28,29,0,4239,3188,1051,3830,409,4142,4142,0,65,0,65,281206,42
baseline_24h,12441600,2160000,8380800,25,0,2,27,24,3,304,22,22,25,0,4262,3202,1060,3852,410,4170,4170,0,65,0,66,282667,42
baseline_24h,12441600,2172000,8392800,23,0,4,27,24,3,305,23,23,23,0,4284,3218,1066,3871,413,4192,4192,0,65,0,67,284042,42
baseline_24h,12441600,2184000,8404800,27,0,4,31,28,3,300,27,27,27,0,4309,3232,1077,3894,415,4212,4212,0,66,0,67,285675,45
baseline_24h,12441600,2196000,8416800,28,0,3,31,26,5,301,27,27,28,0,4335,3254,1081,3915,420,4238,4238,0,66,0,68,287117,47
baseline_24h,12441600,2208000,8428800,31,0,2,33,28,5,298,30,30,31,0,4362,3275,1087,3938,424,4262,4262,0,67,0,68,288702,48
baseline_24h,12441600,2220000,8440800,30,0,2,32,27,5,299,28,28,30,0,4383,3290,1093,3955,428,4284,4284,0,67,0,68,290372,48
baseline_24h,12441600,2232000,8452800,24,0,2,26,23,3,306,24,24,24,0,4407,3305,1102,3978,429,4314,4314,0,67,0,69,292051,48
baseline_24h,12441600,2244000,8464800,20,0,4,24,22,2,308,20,20,20,0,4425,3315,1110,3995,430,4334,4334,0,67,0,69,293264,48
baseline_24h,12441600,2256000,8476800,28,0,3,31,28,3,301,27,27,28,0,4454,3336,1118,4021,433,4355,4355,0,68,0,70,294667,48
baseline_24h,12441600,2268000,8488800,26,0,3,29,26,3,303,25,25,26,0,4475,3349,1126,4041,434,4378,4378,0,68,0,70,296144,48
baseline_24h,12441600,2280000,8500800,26,0,4,30,27,3,301,26,26,26,0,4498,3363,1135,4063,435,4399,4399,0,69,0,70,297616,48
baseline_24h,12441600,2292000,8512800,23,0,3,26,22,4,306,22,22,23,0,4519,3379,1140,4080,439,4424,4424,0,69,0,71,299103,48
baseline_24h,12441600,2304000,8524800,29,0,1,30,25,5,302,28,28,29,0,4545,3401,1144,4103,442,4446,4446,0,69,0,71,300411,48
baseline_24h,12441600,2316000,8536800,29,0,2,31,27,4,300,29,29,29,0,4568,3421,1147,4123,445,4467,4467,0,70,0,71,301669,48
baseline_24h,12441600,2328000,8548800,30,0,0,30,27,3,301,30,30,30,0,4583,3435,1148,4137,446,4483,4483,0,70,0,71,303029,48
baseline_24h,12441600,2340000,8560800,32,0,1,33,30,3,298,31,31,32,0,4611,3459,1152,4164,447,4507,4507,0,71,0,72,304575,48
baseline_24h,12441600,2352000,8572800,32,0,2,34,31,3,297,32,32,32,0,4629,3475,1154,4180,449,4524,4524,0,71,0,72,306104,48
baseline_24h,12441600,2364000,8584800,30,0,1,31,28,3,299,30,30,30,0,4647,3489,1158,4197,450,4544,4544,0,72,0,72,307622,48
baseline_24h,12441600,2376000,8596800,29,0,4,33,31,2,298,25,24,29,0,4673,3508,1165,4222,451,4568,4568,0,72,0,73,309136,48
baseline_24h,12441600,2388000,8608800,36,0,0,36,33,3,294,35,35,36,0,4695,3530,1165,4243,452,4586,4586,0,73,0,73,310679,48
baseline_24h,12441600,2400000,8620800,29,0,1,30,27,3,299,29,29,29,0,4713,3542,1171,4258,455,4609,4609,0,74,0,73,312228,48
baseline_24h,12441600,2412000,8632800,29,0,2,31,27,4,298,29,29,29,0,4736,3560,1176,4279,457,4631,4631,0,74,0,73,313677,48
baseline_24h,12441600,2424000,8644800,28,0,2,30,27,3,299,28,28,28,0,4756,3574,1182,4298,458,4651,4651,0,75,0,74,315219,48
baseline_24h,12441600,2436000,8656800,26,0,1,27,24,3,302,26,26,26,0,4775,3591,1184,4314,461,4673,4673,0,75,0,74,316584,48
baseline_24h,12441600,2448000,8668800,30,0,3,33,30,3,297,30,30,30,0,4799,3607,1192,4338,461,4691,4691,0,75,0,75,318128,49
baseline_24h,12441600,2460000,8680800,34,0,2,36,32,4,293,34,34,34,0,4822,3626,1196,4357,465,4710,4710,0,76,0,75,319645,49
baseline_24h,12441600,2472000,8692800,28,0,4,32,28,4,297,28,28,28,0,4845,3644,1201,4379,466,4737,4737,0,76,0,75,321281,49
baseline_24h,12441600,2484000,8704800,27,0,4,31,30,1,298,24,24,27,0,4870,3661,1209,4403,467,4763,4763,0,76,0,75,322823,49
baseline_24h,12441600,2496000,8716800,27,0,0,27,23,4,302,27,27,27,0,4892,3679,1213,4422,470,4788,4788,0,77,0,76,324508,49
baseline_24h,12441600,2508000,8728800,32,0,0,32,28,4,297,32,32,32,0,4916,3699,1217,4443,473,4807,4807,0,77,0,76,326082,49
baseline_24h,12441600,2520000,8740800,33,0,2,35,33,2,294,32,33,33,0,4938,3718,1220,4464,474,4826,4826,0,77,0,76,327508,49
baseline_24h,12441600,2532000,8752800,30,0,1,31,27,4,297,29,29,30,0,4959,3737,1222,4482,477,4850,4850,0,78,0,76,328968,49
baseline_24h,12441600,2544000,8764800,23,0,1,24,21,3,305,21,22,23,0,4977,3752,1225,4497,480,4875,4875,0,78,0,77,330525,49
baseline_24h,12441600,2556000,8776800,29,0,2,31,27,4,298,29,29,29,0,5003,3770,1233,4520,483,4894,4894,0,78,0,77,332076,49
baseline_24h,12441600,2568000,8788800,29,0,4,33,28,5,297,29,29,29,0,5034,3788,1246,4546,488,4923,4923,0,78,0,78,333709,49
baseline_24h,12441600,2580000,8800800,27,0,2,29,25,4,300,27,27,27,0,5052,3802,1250,4564,488,4944,4944,0,79,0,78,335222,49
baseline_24h,12441600,2592000,8812800,23,0,6,29,25,4,300,21,21,23,0,5076,3819,1257,4584,492,4968,4968,0,79,0,78,336642,49
baseline_24h,12441600,2604000,8824800,27,0,4,31,28,3,298,27,27,27,0,5096,3831,1265,4603,493,4985,4985,0,80,0,79,338244,49
baseline_24h,12441600,2616000,8836800,26,0,0,26,23,3,303,26,26,26,0,5115,3845,1270,4621,494,5009,5009,0,80,0,79,339750,49
baseline_24h,12441600,2628000,8848800,27,0,0,27,23,4,302,27,27,27,0,5142,3868,1274,4644,498,5035,5035,0,80,0,79,341072,49
baseline_24h,12441600,2640000,8860800,28,0,2,30,27,3,299,27,27,28,0,5159,3881,1278,4660,499,5048,5048,0,81,0,80,342498,49
baseline_24h,12441600,2652000,8872800,30,0,2,32,29,3,298,26,26,30,0,5178,3897,1281,4677,501,5065,5065,0,81,0,81,343970,49
baseline_24h,12441600,2664000,8884800,33,0,2,35,30,5,295,31,31,33,0,5203,3919,1284,4698,505,5087,5087,0,81,0,81,345537,49
baseline_24h,12441600,2676000,8896800,28,0,2,30,27,3,300,27,27,28,0,5217,3929,1288,4710,507,5106,5106,0,81,0,81,347152,49
baseline_24h,12441600,2688000,8908800,32,0,1,33,30,3,297,32,32,32,0,5240,3949,1291,4730,510,5125,5125,0,82,0,82,348515,49
baseline_24h,12441600,2700000,8920800,31,0,3,34,30,4,296,29,29,31,0,5262,3968,1294,4750,512,5146,5146,0,82,0,82,349997,49
baseline_24h,12441600,2712000,8932800,31,0,1,32,28,4,297,31,31,31,0,5277,3981,1296,4763,514,5162,5162,0,83,0,82,351570,49
baseline_24h,12441600,2724000,8944800,32,0,0,32,29,3,297,31,32,32,0,5295,3999,1296,4777,518,5180,5180,0,83,0,82,352960,49
baseline_24h,12441600,2736000,8956800,32,0,3,35,31,4,295,32,32,32,0,5321,4020,1301,4800,521,5203,5203,0,83,0,83,354648,49
baseline_24h,12441600,2748000,8968800,29,0,2,31,29,2,298,28,28,29,0,5341,4033,1308,4820,521,5226,5226,0,84,0,83,356274,49
baseline_24h,12441600,2760000,8980800,28,0,0,28,25,3,301,28,28,28,0,5359,4048,1311,4835,524,5247,5247,0,84,0,83,357656,49
baseline_24h,12441600,2772000,8992800,28,0,1,29,26,3,300,27,27,28,0,5382,4066,1316,4857,525,5269,5269,0,84,0,83,359213,49
baseline_24h,12441600,2784000,9004800,33,0,2,35,30,5,294,31,31,33,0,5408,4086,1322,4879,529,5288,5288,0,85,0,84,360974,49
baseline_24h,12441600,2796000,9016800,31,0,1,32,30,2,297,30,30,31,0,5427,4104,1323,4897,530,5310,5310,0,85,0,84,362397,49
baseline_24h,12441600,2808000,9028800,36,0,0,36,32,4,293,36,36,36,0,5447,4122,1325,4914,533,5326,5326,0,85,0,84,363977,49
baseline_24h,12441600,2820000,9040800,32,0,1,33,30,3,297,31,31,32,0,5467,4140,1327,4932,535,5349,5349,0,85,0,85,365460,49
baseline_24h,12441600,2832000,9052800,24,0,2,26,22,4,303,24,24,24,0,5484,4150,1334,4945,539,5372,5372,0,86,0,85,367004,51
baseline_24h,12441600,2844000,9064800,22,0,1,23,21,2,306,22,22,22,0,5498,4162,1336,4957,541,5389,5389,0,86,0,85,368095,51
baseline_24h,12441600,2856000,9076800,24,0,8,32,29,3,298,24,24,24,0,5529,4180,1349,4986,543,5411,5411,0,86,0,86,369508,52
baseline_24h,12441600,2868000,9088800,25,0,1,26,23,3,304,25,25,25,0,5551,4194,1357,5005,546,5439,5439,0,86,0,86,371268,52
baseline_24h,12441600,2880000,9100800,26,0,3,29,26,3,302,25,25,26,0,5575,4211,1364,5027,548,5460,5460,0,86,0,87,372669,52
baseline_24h,12441600,2892000,9112800,28,0,3,31,29,2,299,28,28,28,0,5600,4231,1369,5050,550,5482,5482,0,87,0,87,374106,52
baseline_24h,12441600,2904000,9124800,28,0,2,30,26,4,300,27,26,28,0,5618,4241,1377,5066,552,5501,5501,0,87,0,87,375675,52
baseline_24h,12441600,2916000,9136800,24,0,3,27,25,2,303,20,20,24,0,5642,4255,1387,5090,552,5527,5527,0,88,0,88,377253,52
baseline_24h,12441600,2928000,9148800,26,0,2,28,24,4,301,26,26,26,0,5665,4273,1392,5109,556,5548,5548,0,89,0,88,378772,52
baseline_24h,12441600,2940000,9160800,23,0,1,24,23,1,306,23,23,23,0,5685,4288,1397,5129,556,5572,5572,0,89,0,89,380408,52
baseline_24h,12441600,2952000,9172800,27,0,0,27,24,3,303,26,26,27,0,5704,4307,1397,5145,559,5588,5588,0,89,0,89,381704,52
baseline_24h,12441600,2964000,9184800,25,0,4,29,26,3,302,25,25,25,0,5729,4326,1403,5169,560,5611,5611,0,89,0,90,383042,52
baseline_24h,12441600,2976000,9196800,19,0,3,22,21,1,308,19,18,19,0,5743,4335,1408,5182,561,5631,5631,0,90,0,90,384535,52
baseline_24h,12441600,2988000,9208800,25,0,0,25,22,3,305,25,25,25,0,5764,4351,1413,5201,563,5649,5649,0,90,0,90,385885,52
baseline_24h,12441600,3000000,9220800,31,0,1,32,29,3,297,31,31,31,0,5797,4376,1421,5230,567,5674,5674,0,91,0,90,387383,52
baseline_24h,12441600,3012000,9232800,32,0,4,36,33,3,294,32,32,32,0,5817,4391,1426,5249,568,5690,5690,0,91,0,91,389042,52
baseline_24h,12441600,3024000,9244800,33,0,2,35,32,3,295,32,32,33,0,5838,4408,1430,5268,570,5712,5712,0,91,0,91,390745,52
baseline_24h,12441600,3036000,9256800,31,0,0,31,28,3,298,31,31,31,0,5857,4425,1432,5286,571,5734,5734,0,92,0,91,392148,52
baseline_24h,12441600,3048000,9268800,25,0,2,27,25,2,302,25,25,25,0,5876,4440,1436,5303,573,5756,5756,0,93,0,92,393550,52
baseline_24h,12441600,3060000,9280800,28,0,2,30,26,4,299,26,26,28,0,5905,4462,1443,5328,577,5782,5782,0,93,0,92,394921,52
baseline_24h,12441600,3072000,9292800,26,0,1,27,24,3,302,25,25,26,0,5926,4477,1449,5346,580,5806,5806,0,93,0,92,396354,52
baseline_24h,12441600,3084000,9304800,27,0,1,28,25,3,300,26,26,27,0,5946,4493,1453,5363,583,5824,5824,0,94,0,92,397742,52
baseline_24h,12441600,3096000,9316800,29,0,4,33,29,4,296,29,29,29,0,5971,4511,1460,5386,585,5844,5844,0,94,0,93,399245,52
baseline_24h,12441600,3108000,9328800,29,0,3,32,28,4,297,29,29,29,0,5995,4528,1467,5407,588,5869,5869,0,94,0,93,400799,52
baseline_24h,12441600,3120000,9340800,29,0,3,32,30,2,296,27,27,29,0,6026,4549,1477,5436,590,5899,5899,0,95,0,93,402456,52
baseline_24h,12441600,3132000,9352800,33,0,2,35,29,6,293,28,28,33,0,6052,4570,1482,5457,595,5922,5922,0,95,0,93,404044,52
baseline_24h,12441600,3144000,9364800,33,0,4,37,33,4,292,33,32,33,0,6081,4593,1488,5484,597,5949,5949,0,95,0,94,405855,52
baseline_24h,12441600,3156000,9376800,25,0,5,30,27,3,298,25,25,25,0,6106,4608,1498,5506,600,5980,5980,0,96,0,94,407641,52
baseline_24h,12441600,3168000,9388800,34,0,2,36,32,4,293,33,33,34,0,6133,4630,1503,5531,602,6001,6001,0,96,0,95,409333,52
baseline_24h,12441600,3180000,9400800,34,0,1,35,30,5,294,32,32,34,0,6152,4648,1504,5548,604,6021,6021,0,96,0,95,410934,52
baseline_24h,12441600,3192000,9412800,29,0,2,31,27,4,298,29,29,29,0,6165,4659,1506,5559,606,6038,6038,0,96,0,95,412635,52
baseline_24h,12441600,3204000,9424800,25,0,4,29,27,2,299,25,25,25,0,6197,4684,1513,5589,608,6071,6071,0,97,0,95,414188,52
baseline_24h,12441600,3216000,9436800,28,0,3,31,27,4,298,28,28,28,0,6221,4701,1520,5610,611,6093,6093,0,97,0,96,415854,55
baseline_24h,12441600,3228000,9448800,26,0,4,30,27,3,298,26,26,26,0,6247,4720,1527,5633,614,6119,6119,0,98,0,96,417485,56
baseline_24h,12441600,3240000,9460800,29,0,6,35,32,3,293,27,27,29,0,6271,4737,1534,5655,616,6137,6137,0,99,0,97,419103,56
baseline_24h,12441600,3252000,9472800,28,0,1,29,26,3,298,27,27,28,0,6292,4754,1538,5673,619,6163,6163,0,100,0,97,420879,56
baseline_24h,12441600,3264000,9484800,26,0,1,27,25,2,300,25,25,26,0,6320,4775,1545,5700,620,6193,6193,0,100,0,97,422563,57
baseline_24h,12441600,3276000,9496800,31,0,0,31,27,4,297,30,30,31,0,6350,4801,1549,5726,624,6219,6219,0,100,0,98,424292,58
baseline_24h,12441600,3288000,9508800,31,0,4,35,32,3,294,29,29,31,0,6381,4823,1558,5755,626,6246,6246,0,100,0,99,425978,62
baseline_24h,12441600,3300000,9520800,29,0,0,29,26,3,299,28,28,29,0,6403,4843,1560,5775,628,6273,6273,0,101,0,99,427564,62
baseline_24h,12441600,3312000,9532800,28,0,2,30,28,2,298,28,28,28,0,6427,4856,1571,5798,629,6296,6296,0,101,0,99,429241,62
baseline_24h,12441600,3324000,9544800,35,0,1,36,34,2,291,35,35,35,0,6459,4882,1577,5829,630,6321,6321,0,102,0,99,430769,62
baseline_24h,12441600,3336000,9556800,32,0,3,35,32,3,293,32,32,32,0,6480,4899,1581,5847,633,6343,6343,0,102,0,100,432302,62
baseline_24h,12441600,3348000,9568800,29,0,6,35,32,3,293,27,27,29,0,6505,4914,1591,5870,635,6368,6368,0,102,0,100,433962,62
baseline_24h,12441600,3360000,9580800,28,0,6,34,31,3,294,27,27,28,0,6530,4930,1600,5892,638,6393,6393,0,103,0,101,435782,62
baseline_24h,12441600,3372000,9592800,26,0,3,29,26,3,299,26,26,26,0,6556,4946,1610,5916,640,6424,6424,0,103,0,101,437631,62
baseline_24h,12441600,3384000,9604800,30,0,3,33,29,4,295,29,29,30,0,6589,4973,1616,5946,643,6453,6453,0,103,0,101,439258,62
baseline_24h,12441600,3396000,9616800,30,0,4,34,29,5,295,30,30,30,0,6618,4992,1626,5972,646,6481,6481,0,103,0,102,441055,63
baseline_24h,12441600,3408000,9628800,30,0,1,31,27,4,297,29,29,30,0,6643,5011,1632,5995,648,6508,6508,0,104,0,102,442749,63
baseline_24h,12441600,3420000,9640800,35,0,2,37,34,3,292,35,35,35,0,6672,5037,1635,6022,650,6531,6531,0,104,0,103,444472,63
baseline_24h,12441600,3432000,9652800,31,0,3,34,29,5,294,31,31,31,0,6699,5057,1642,6043,656,6560,6560,0,105,0,103,446133,63
baseline_24h,12441600,3444000,9664800,28,0,8,36,30,6,293,26,26,28,0,6728,5075,1653,6067,661,6587,6587,0,105,0,104,447944,63
baseline_24h,12441600,3456000,9676800,33,0,1,34,30,4,295,27,27,33,0,6750,5095,1655,6085,665,6611,6611,0,105,0,104,449682,63
baseline_24h,12441600,3468000,9688800,32,0,2,34,29,5,296,31,31,32,0,6768,5111,1657,6101,667,6629,6629,0,105,0,105,451246,63
baseline_24h,12441600,3480000,9700800,28,0,4,32,26,6,297,28,28,28,0,6790,5128,1662,6117,673,6652,6652,0,106,0,105,452813,63
baseline_24h,12441600,3492000,9712800,29,0,6,35,30,5,294,29,29,29,0,6814,5142,1672,6137,677,6673,6673,0,106,0,105,454509,63
baseline_24h,12441600,3504000,9724800,31,0,3,34,30,4,295,31,31,31,0,6847,5165,1682,6167,680,6706,6706,0,107,0,106,456262,63
baseline_24h,12441600,3516000,9736800,31,0,2,33,29,4,296,31,31,31,0,6874,5186,1688,6193,681,6734,6734,0,107,0,106,457991,63
baseline_24h,12441600,3528000,9748800,31,0,2,33,29,4,297,31,31,31,0,6897,5204,1693,6213,684,6757,6757,0,107,0,107,459653,63
baseline_24h,12441600,3540000,9760800,30,0,4,34,31,3,295,30,30,30,0,6921,5221,1700,6235,686,6779,6779,0,108,0,107,461261,63
baseline_24h,12441600,3552000,9772800,34,0,2,36,32,4,293,34,34,34,0,6948,5242,1706,6260,688,6803,6803,0,109,0,108,462995,63
baseline_24h,12441600,3564000,9784800,33,0,2,35,33,2,294,33,33,33,0,6968,5257,1711,6280,688,6824,6824,0,109,0,108,464631,63
baseline_24h,12441600,3576000,9796800,33,0,2,35,32,3,295,33,33,33,0,6995,5278,1717,6304,691,6851,6851,0,109,0,109,466234,63
baseline_24h,12441600,3588000,9808800,33,0,1,34,31,3,295,32,32,33,0,7017,5295,1722,6324,693,6873,6873,0,110,0,109,467921,63
baseline_24h,12441600,3600000,9820800,35,0,1,36,33,3,294,35,35,35,0,7034,5311,1723,6338,696,6888,6888,0,110,0,110,469570,63
baseline_24h,12441600,3612000,9832800,34,0,0,34,31,3,296,33,33,34,0,7058,5335,1723,6361,697,6914,6914,0,110,0,110,471071,63
baseline_24h,12441600,3624000,9844800,32,0,0,32,28,4,298,32,32,32,0,7074,5350,1724,6374,700,6932,6932,0,110,0,110,472558,63
baseline_24h,12441600,3636000,9856800,33,0,2,35,32,3,295,31,31,33,0,7100,5370,1730,6398,702,6954,6954,0,111,0,111,474182,63
baseline_24h,12441600,3648000,9868800,33,0,2,35,31,4,295,32,32,33,0,7128,5393,1735,6423,705,6982,6982,0,111,0,111,475909,63
baseline_24h,12441600,3660000,9880800,30,0,4,34,30,4,296,29,29,30,0,7152,5410,1742,6443,709,7007,7007,0,111,0,111,477607,63
baseline_24h,12441600,3672000,9892800,33,0,2,35,30,5,295,31,31,33,0,7177,5431,1746,6466,711,7031,7031,0,111,0,111,479288,63
baseline_24h,12441600,3684000,9904800,28,0,2,30,26,4,300,27,28,28,0,7201,5446,1755,6487,714,7059,7059,0,112,0,112,480928,64
baseline_24h,12441600,3696000,9916800,30,0,1,31,26,5,298,29,29,30,0,7230,5467,1763,6514,716,7086,7086,0,113,0,112,482585,64
baseline_24h,12441600,3708000,9928800,31,0,1,32,28,4,298,31,31,31,0,7256,5487,1769,6537,719,7111,7111,0,113,0,113,484130,64
baseline_24h,12441600,3720000,9940800,31,0,2,33,29,4,298,30,30,31,0,7281,5510,1771,6559,722,7135,7135,0,113,0,114,485759,64
baseline_24h,12441600,3732000,9952800,29,0,1,30,25,5,301,29,29,29,0,7305,5528,1777,6577,728,7162,7162,0,113,0,114,487434,64
baseline_24h,12441600,3744000,9964800,30,0,3,33,29,4,298,30,30,30,0,7334,5549,1785,6605,729,7187,7187,0,114,0,115,489077,64
baseline_24h,12441600,3756000,9976800,27,0,2,29,24,5,302,26,27,27,0,7347,5558,1789,6616,731,7204,7204,0,114,0,115,490720,64
baseline_24h,12441600,3768000,9988800,36,0,1,37,33,4,294,35,35,36,0,7380,5586,1794,6646,734,7229,7229,0,114,0,115,492284,64
baseline_24h,12441600,3780000,10000800,31,0,4,35,29,6,296,29,29,31,0,7399,5601,1798,6662,737,7250,7250,0,114,0,115,493839,64
baseline_24h,12441600,3792000,10012800,28,0,2,30,27,3,301,28,28,28,0,7419,5615,1804,6679,740,7274,7274,0,115,0,116,495498,64
baseline_24h,12441600,3804000,10024800,31,0,3,34,29,5,296,31,31,31,0,7449,5637,1812,6707,742,7299,7299,0,116,0,116,497114,64
baseline_24h,12441600,3816000,10036800,28,0,2,30,27,3,300,28,28,28,0,7474,5655,1819,6730,744,7327,7327,0,117,0,117,498735,64
baseline_24h,12441600,3828000,10048800,34,0,3,37,33,4,293,34,34,34,0,7496,5673,1823,6749,747,7342,7342,0,117,0,117,500224,64
baseline_24h,12441600,3840000,10060800,29,0,1,30,26,4,299,28,27,29,0,7518,5690,1828,6770,748,7370,7370,0,118,0,117,501792,64
baseline_24h,12441600,3852000,10072800,32,0,1,33,29,4,297,32,32,32,0,7540,5706,1834,6788,752,7389,7389,0,118,0,118,503439,65
baseline_24h,12441600,3864000,10084800,33,0,1,34,29,5,295,33,33,33,0,7562,5726,1836,6806,756,7409,7409,0,119,0,118,504951,66
baseline_24h,12441600,3876000,10096800,31,0,1,32,28,4,297,31,31,31,0,7582,5743,1839,6824,758,7431,7431,0,119,0,118,506449,66
baseline_24h,12441600,3888000,10108800,32,0,3,35,31,4,294,28,28,32,0,7605,5761,1844,6845,760,7450,7450,0,120,0,119,508107,66
baseline_24h,12441600,3900000,10120800,32,0,4,36,33,3,293,32,32,32,0,7633,5781,1852,6871,762,7477,7477,0,120,0,119,509869,66
baseline_24h,12441600,3912000,10132800,27,0,4,31,29,2,297,27,27,27,0,7652,5794,1858,6890,762,7500,7500,0,121,0,119,511597,66
baseline_24h,12441600,3924000,10144800,31,0,3,34,31,3,295,30,30,31,0,7684,5817,1867,6920,764,7529,7529,0,121,0,120,513284,67
baseline_24h,12441600,3936000,10156800,32,0,2,34,32,2,294,32,32,32,0,7706,5833,1873,6940,766,7550,7550,0,122,0,120,514983,68
baseline_24h,12441600,3948000,10168800,29,0,0,29,27,2,300,27,27,29,0,7727,5849,1878,6960,767,7576,7576,0,122,0,121,516548,68
baseline_24h,12441600,3960000,10180800,31,0,2,33,30,3,296,31,31,31,0,7754,5872,1882,6983,771,7598,7598,0,123,0,122,518098,68
baseline_24h,12441600,3972000,10192800,31,0,4,35,30,5,294,31,31,31,0,7782,5892,1890,7007,775,7624,7624,0,123,0,122,519816,68
baseline_24h,12441600,3984000,10204800,32,0,1,33,29,4,295,31,31,32,0,7800,5906,1894,7025,775,7643,7643,0,124,0,122,521510,68
baseline_24h,12441600,3996000,10216800,31,0,4,35,32,3,293,27,28,31,0,7825,5924,1901,7047,778,7666,7666,0,124,0,122,523197,68
baseline_24h,12441600,4008000,10228800,28,0,1,29,26,3,299,27,27,28,0,7853,5947,1906,7073,780,7700,7700,0,124,0,122,524872,68
baseline_24h,12441600,4020000,10240800,32,0,3,35,32,3,294,31,31,32,0,7881,5969,1912,7098,783,7722,7722,0,124,0,123,526603,68
baseline_24h,12441600,4032000,10252800,30,0,3,33,30,3,295,30,30,30,0,7903,5987,1916,7119,784,7745,7745,0,125,0,123,528262,68
baseline_24h,12441600,4044000,10264800,30,0,6,36,31,5,292,30,30,30,0,7938,6008,1930,7149,789,7777,7777,0,125,0,123,530117,68
baseline_24h,12441600,4056000,10276800,29,0,3,32,28,4,297,29,29,29,0,7961,6025,1936,7171,790,7804,7804,0,125,0,124,531913,68
baseline_24h,12441600,4068000,10288800,30,0,2,32,31,1,296,30,30,30,0,7986,6042,1944,7193,793,7828,7828,0,126,0,124,533560,69
baseline_24h,12441600,4080000,10300800,32,0,2,34,30,4,295,32,32,32,0,8014,6064,1950,7218,796,7854,7854,0,126,0,125,535323,69
baseline_24h,12441600,4092000,10312800,30,0,3,33,29,4,297,30,30,30,0,8040,6083,1957,7241,799,7881,7881,0,126,0,126,537024,69
baseline_24h,12441600,4104000,10324800,32,0,3,35,31,4,295,27,27,32,0,8070,6106,1964,7267,803,7909,7909,0,126,0,126,538669,69
baseline_24h,12441600,4116000,10336800,32,0,0,32,28,4,297,32,32,32,0,8091,6124,1967,7286,805,7932,7932,0,127,0,126,540303,69
baseline_24h,12441600,4128000,10348800,34,0,0,34,30,4,295,33,33,34,0,8118,6147,1971,7311,807,7957,7957,0,127,0,126,541766,69
baseline_24h,12441600,4140000,10360800,29,0,5,34,29,5,296,28,28,29,0,8144,6165,1979,7334,810,7983,7983,0,127,0,127,543343,69
baseline_24h,12441600,4152000,10372800,31,0,4,35,29,6,294,30,30,31,0,8181,6190,1991,7367,814,8018,8018,0,128,0,127,545100,69
baseline_24h,12441600,4164000,10384800,26,0,5,31,27,4,298,26,26,26,0,8202,6200,2002,7385,817,8043,8043,0,128,0,127,546759,69
baseline_24h,12441600,4176000,10396800,28,0,2,30,27,3,300,28,28,28,0,8235,6224,2011,7416,819,8077,8077,0,128,0,128,548447,70
baseline_24h,12441600,4188000,10408800,34,0,4,38,34,4,292,32,32,34,0,8266,6248,2018,7445,821,8100,8100,0,128,0,128,550231,70
baseline_24h,12441600,4200000,10420800,30,0,3,33,31,2,297,30,30,30,0,8290,6266,2024,7468,822,8128,8128,0,129,0,129,552126,70
baseline_24h,12441600,4212000,10432800,33,0,2,35,31,4,295,29,29,33,0,8318,6288,2030,7493,825,8154,8154,0,129,0,129,553969,70
baseline_24h,12441600,4224000,10444800,27,0,2,29,25,4,300,27,27,27,0,8335,6296,2039,7508,827,8176,8176,0,130,0,129,555782,70
baseline_24h,12441600,4236000,10456800,27,0,4,31,27,4,298,27,27,27,0,8369,6317,2052,7538,831,8208,8208,0,130,0,129,557490,70
baseline_24h,12441600,4248000,10468800,29,0,3,32,29,3,298,28,27,29,0,8396,6337,2059,7562,834,8234,8234,0,130,0,130,559260,70
baseline_24h,12441600,4260000,10480800,32,0,3,35,33,2,296,31,31,32,0,8425,6361,2064,7589,836,8260,8260,0,130,0,131,560846,70
baseline_24h,12441600,4272000,10492800,31,0,2,33,30,3,297,31,31,31,0,8439,6371,2068,7601,838,8275,8275,0,131,0,131,562391,70
baseline_24h,12441600,4284000,10504800,30,0,3,33,32,1,297,30,30,30,0,8468,6395,2073,7629,839,8304,8304,0,131,0,131,563933,70
baseline_24h,12441600,4296000,10516800,31,0,1,32,29,3,298,30,30,31,0,8490,6411,2079,7649,841,8327,8327,0,131,0,131,565643,71
baseline_24h,12441600,4308000,10528800,26,0,5,31,28,3,299,24,24,26,0,8513,6428,2085,7670,843,8350,8350,0,132,0,132,567232,71
baseline_24h,12441600,4320000,10540800,32,0,3,35,32,3,295,29,29,32,0,8540,6448,2092,7696,844,8373,8373,0,132,0,132,569030,71
baseline_24h,12441600,4332000,10552800,33,0,4,37,34,3,294,32,33,33,0,8566,6465,2101,7720,846,8397,8397,0,132,0,133,570845,71
baseline_24h,12441600,4344000,10564800,30,0,2,32,30,2,299,30,30,30,0,8591,6486,2105,7744,847,8427,8427,0,132,0,133,572533,71
baseline_24h,12441600,4356000,10576800,32,0,3,35,30,5,296,31,31,32,0,8608,6498,2110,7758,850,8440,8440,0,133,0,134,574132,71
baseline_24h,12441600,4368000,10588800,26,0,5,31,27,4,300,26,26,26,0,8637,6519,2118,7784,853,8473,8473,0,133,0,134,575665,74
baseline_24h,12441600,4380000,10600800,25,0,6,31,29,2,300,25,25,25,0,8664,6536,2128,7809,855,8500,8500,0,133,0,134,577453,74
baseline_24h,12441600,4392000,10612800,24,0,4,28,26,2,302,24,24,24,0,8695,6557,2138,7837,858,8533,8533,0,134,0,134,579217,74
baseline_24h,12441600,4404000,10624800,31,0,2,33,30,3,298,31,31,31,0,8728,6579,2149,7867,861,8561,8561,0,134,0,135,580855,74
baseline_24h,12441600,4416000,10636800,30,0,6,36,32,4,296,30,30,30,0,8757,6598,2159,7894,863,8587,8587,0,134,0,136,582552,74
baseline_24h,12441600,4428000,10648800,31,0,3,34,29,5,297,26,26,31,0,8786,6621,2165,7919,867,8617,8617,0,135,0,136,584319,74
baseline_24h,12441600,4440000,10660800,25,0,4,29,25,4,302,24,24,25,0,8806,6635,2171,7938,868,8642,8642,0,135,0,136,585845,74
baseline_24h,12441600,4452000,10672800,30,0,2,32,29,3,300,30,30,30,0,8827,6651,2176,7956,871,8660,8660,0,135,0,137,587403,76
baseline_24h,12441600,4464000,10684800,32,0,1,33,30,3,298,31,31,32,0,8853,6674,2179,7979,874,8684,8684,0,136,0,137,588915,76
baseline_24h,12441600,4476000,10696800,33,0,0,33,30,3,298,33,33,33,0,8874,6691,2183,7997,877,8704,8704,0,137,0,138,590564,76
baseline_24h,12441600,4488000,10708800,28,0,3,31,28,3,300,27,27,28,0,8897,6711,2186,8018,879,8729,8729,0,137,0,138,592097,76
baseline_24h,12441600,4500000,10720800,25,0,2,27,25,2,305,24,24,25,0,8919,6727,2192,8039,880,8755,8755,0,137,0,139,593968,76
baseline_24h,12441600,4512000,10732800,24,0,2,26,24,2,306,24,24,24,0,8952,6748,2204,8068,884,8789,8789,0,137,0,139,595751,78
baseline_24h,12441600,4524000,10744800,29,0,5,34,30,4,296,29,29,29,0,8983,6770,2213,8095,888,8810,8810,0,139,0,139,597479,78
baseline_24h,12441600,4536000,10756800,31,0,4,35,31,4,296,27,27,31,0,9019,6797,2222,8128,891,8845,8845,0,139,0,140,599177,78
baseline_24h,12441600,4548000,10768800,28,0,1,29,25,4,302,27,27,28,0,9043,6814,2229,8148,895,8875,8875,0,139,0,140,601065,79
baseline_24h,12441600,4560000,10780800,30,0,3,33,30,3,297,30,30,30,0,9071,6834,2237,8174,897,8898,8898,0,140,0,140,602481,79
baseline_24h,12441600,4572000,10792800,30,0,3,33,31,2,295,30,30,30,0,9095,6850,2245,8198,897,8920,8920,0,142,0,140,604084,80
baseline_24h,12441600,4584000,10804800,30,0,4,34,32,2,295,29,29,30,0,9120,6868,2252,8222,898,8944,8944,0,142,0,141,605638,80
baseline_24h,12441600,4596000,10816800,30,0,0,30,27,3,298,30,30,30,0,9140,6885,2255,8240,900,8967,8967,0,143,0,141,607287,81
baseline_24h,12441600,4608000,10828800,29,0,3,32,29,3,296,28,28,29,0,9163,6899,2264,8261,902,8988,8988,0,143,0,141,608970,81
baseline_24h,12441600,4620000,10840800,32,0,0,32,29,3,295,31,31,32,0,9186,6921,2265,8283,903,9010,9010,0,144,0,141,610569,81
baseline_24h,12441600,4632000,10852800,27,0,6,33,30,3,295,27,27,27,0,9211,6939,2272,8306,905,9034,9034,0,144,0,142,612159,81
baseline_24h,12441600,4644000,10864800,29,0,6,35,31,4,293,27,27,29,0,9246,6956,2290,8338,908,9067,9067,0,144,0,142,614034,81
baseline_24h,12441600,4656000,10876800,27,0,3,30,26,4,297,27,27,27,0,9264,6970,2294,8355,909,9089,9089,0,145,0,142,615624,81
baseline_24h,12441600,4668000,10888800,30,0,4,34,30,4,294,30,30,30,0,9298,6992,2306,8386,912,9119,9119,0,145,0,143,617356,81
baseline_24h,12441600,4680000,10900800,27,0,2,29,24,5,298,27,27,27,0,9320,7008,2312,8406,914,9145,9145,0,146,0,143,619005,81
baseline_24h,12441600,4692000,10912800,27,0,2,29,23,6,298,25,25,27,0,9341,7025,2316,8424,917,9166,9166,0,146,0,143,620385,85
baseline_24h,12441600,4704000,10924800,22,0,5,27,24,3,300,21,21,22,0,9361,7036,2325,8442,919,9187,9187,0,147,0,144,622113,85
baseline_24h,12441600,4716000,10936800,18,0,3,21,17,4,306,18,18,18,0,9383,7050,2333,8458,925,9215,9215,0,147,0,144,623685,85
baseline_24h,12441600,4728000,10948800,21,0,3,24,22,2,303,21,21,21,0,9403,7066,2337,8476,927,9232,9232,0,147,0,144,624940,85
baseline_24h,12441600,4740000,10960800,26,0,4,30,27,3,297,26,26,26,0,9426,7081,2345,8497,929,9249,9249,0,147,0,144,626253,85
baseline_24h,12441600,4752000,10972800,29,0,4,33,30,3,293,25,25,29,0,9454,7103,2351,8523,931,9273,9273,0,148,0,144,627669,85
baseline_24h,12441600,4764000,10984800,23,0,4,27,23,4,300,22,22,23,0,9470,7111,2359,8537,933,9295,9295,0,148,0,145,629281,86
baseline_24h,12441600,4776000,10996800,29,0,3,32,28,4,294,28,28,29,0,9492,7127,2365,8557,935,9311,9311,0,149,0,145,630757,86
baseline_24h,12441600,4788000,11008800,29,0,2,31,28,3,295,29,29,29,0,9516,7146,2370,8580,936,9336,9336,0,149,0,145,632216,86
baseline_24h,12441600,4800000,11020800,26,0,3,29,26,3,297,26,26,26,0,9541,7164,2377,8603,938,9363,9363,0,149,0,145,633707,87
baseline_24h,12441600,4812000,11032800,24,0,0,24,22,2,302,24,24,24,0,9554,7176,2378,8615,939,9380,9380,0,150,0,146,635078,87
baseline_24h,12441600,4824000,11044800,31,0,1,32,29,3,293,31,31,31,0,9583,7203,2380,8642,941,9400,9400,0,151,0,146,636520,87
baseline_24h,12441600,4836000,11056800,27,0,0,27,24,3,298,27,27,27,0,9600,7218,2382,8657,943,9422,9422,0,151,0,146,637873,87
baseline_24h,12441600,4848000,11068800,25,0,3,28,24,4,297,25,25,25,0,9619,7233,2386,8672,947,9440,9440,0,151,0,146,639166,88
baseline_24h,12441600,4860000,11080800,31,0,4,35,31,4,291,27,27,31,0,9646,7254,2392,8696,950,9460,9460,0,151,0,147,640847,89
baseline_24h,12441600,4872000,11092800,27,0,3,30,27,3,296,27,27,27,0,9662,7266,2396,8711,951,9480,9480,0,152,0,148,642487,89
baseline_24h,12441600,4884000,11104800,23,0,6,29,27,2,297,23,23,23,0,9690,7281,2409,8739,951,9509,9509,0,152,0,148,644232,89
baseline_24h,12441600,4896000,11116800,25,0,4,29,26,3,297,25,25,25,0,9711,7296,2415,8757,954,9530,9530,0,152,0,148,645668,89
baseline_24h,12441600,4908000,11128800,29,0,2,31,28,3,294,29,29,29,0,9730,7310,2420,8774,956,9546,9546,0,153,0,148,646967,90
baseline_24h,12441600,4920000,11140800,29,0,2,31,27,4,294,29,29,29,0,9755,7325,2430,8797,958,9570,9570,0,154,0,149,648608,90
baseline_24h,12441600,4932000,11152800,30,0,2,32,28,4,294,30,30,30,0,9776,7343,2433,8814,962,9590,9590,0,154,0,150,650172,90
baseline_24h,12441600,4944000,11164800,30,0,1,31,28,3,295,29,29,30,0,9796,7360,2436,8832,964,9611,9611,0,154,0,150,651703,90
baseline_24h,12441600,4956000,11176800,27,0,3,30,28,2,297,27,27,27,0,9816,7374,2442,8851,965,9632,9632,0,154,0,151,653204,90
baseline_24h,12441600,4968000,11188800,30,0,4,34,31,3,293,27,27,30,0,9840,7390,2450,8873,967,9652,9652,0,154,0,151,654731,91
baseline_24h,12441600,4980000,11200800,27,0,3,30,27,3,297,26,26,27,0,9856,7401,2455,8888,968,9671,9671,0,155,0,152,656281,91
baseline_24h,12441600,4992000,11212800,28,0,2,30,28,2,297,28,28,28,0,9881,7417,2464,8911,970,9696,9696,0,155,0,152,657951,91
baseline_24h,12441600,5004000,11224800,28,0,3,31,25,6,295,27,26,28,0,9910,7434,2476,8936,974,9723,9723,0,156,0,152,659626,92
baseline_24h,12441600,5016000,11236800,27,0,3,30,25,5,297,27,27,27,0,9930,7449,2481,8953,977,9744,9744,0,156,0,153,661038,92
baseline_24h,12441600,5028000,11248800,27,0,1,28,25,3,299,25,25,27,0,9952,7468,2484,8973,979,9768,9768,0,156,0,153,662518,92
baseline_24h,12441600,5040000,11260800,22,0,4,26,23,3,301,21,21,22,0,9978,7485,2493,8997,981,9796,9796,0,156,0,153,664210,92
baseline_24h,12441600,5052000,11272800,28,0,3,31,28,3,295,28,28,28,0,10006,7505,2501,9022,984,9818,9818,0,157,0,153,665993,92
baseline_24h,12441600,5064000,11284800,29,0,1,30,28,2,297,29,29,29,0,10036,7525,2511,9050,986,9849,9849,0,157,0,154,667718,94
baseline_24h,12441600,5076000,11296800,27,0,1,28,25,3,298,25,25,27,0,10057,7540,2517,9069,988,9871,9871,0,158,0,154,669422,95
baseline_24h,12441600,5088000,11308800,27,0,1,28,25,3,298,27,27,27,0,10077,7557,2520,9089,988,9891,9891,0,158,0,154,670931,95
baseline_24h,12441600,5100000,11320800,28,0,2,30,27,3,295,28,28,28,0,10097,7572,2525,9106,991,9908,9908,0,159,0,154,672340,95
baseline_24h,12441600,5112000,11332800,26,0,1,27,23,4,299,26,26,26,0,10113,7582,2531,9120,993,9927,9927,0,159,0,155,673857,96
baseline_24h,12441600,5124000,11344800,28,0,3,31,26,5,294,28,28,28,0,10138,7603,2535,9141,997,9947,9947,0,160,0,155,675132,96
baseline_24h,12441600,5136000,11356800,24,0,1,25,20,5,300,24,24,24,0,10149,7610,2539,9151,998,9964,9964,0,160,0,155,676477,96
baseline_24h,12441600,5148000,11368800,24,0,4,28,25,3,297,24,24,24,0,10179,7628,2551,9179,1000,9991,9991,0,160,0,155,677933,96
baseline_24h,12441600,5160000,11380800,23,0,3,26,21,5,299,23,23,23,0,10201,7642,2559,9197,1004,10014,10014,0,161,0,156,679364,96
baseline_24h,12441600,5172000,11392800,28,0,2,30,26,4,295,28,28,28,0,10223,7662,2561,9216,1007,10032,10032,0,161,0,156,680629,96
baseline_24h,12441600,5184000,11404800,26,0,2,28,24,4,296,22,22,26,0,10244,7676,2568,9235,1009,10054,10054,0,162,0,156,682004,96
baseline_24h,12441600,5196000,11416800,28,0,3,31,27,4,293,28,28,28,0,10265,7691,2574,9255,1010,10072,10072,0,162,0,156,683472,96
baseline_24h,12441600,5208000,11428800,23,0,2,25,22,3,299,23,23,23,0,10282,7702,2580,9270,1012,10094,10094,0,163,0,157,684970,96
baseline_24h,12441600,5220000,11440800,30,0,0,30,26,4,294,30,30,30,0,10312,7726,2586,9296,1016,10119,10119,0,163,0,157,686320,96
baseline_24h,12441600,5232000,11452800,34,0,2,36,30,6,287,34,33,34,0,10336,7745,2591,9316,1020,10136,10136,0,164,0,157,687751,96
baseline_24h,12441600,5244000,11464800,22,0,2,24,22,2,300,21,21,22,0,10352,7755,2597,9330,1022,10164,10164,0,164,0,158,689257,96
baseline_24h,12441600,5256000,11476800,23,0,4,27,25,2,296,23,23,23,0,10380,7775,2605,9354,1026,10188,10188,0,165,0,158,690636,97
baseline_24h,12441600,5268000,11488800,24,0,4,28,25,3,294,22,22,24,0,10404,7791,2613,9376,1028,10210,10210,0,166,0,158,692053,97
baseline_24h,12441600,5280000,11500800,24,0,5,29,25,4,293,24,24,24,0,10430,7810,2620,9399,1031,10234,10234,0,167,0,159,693374,97
baseline_24h,12441600,5292000,11512800,31,0,3,34,30,4,287,26,26,31,0,10458,7832,2626,9422,1036,10256,10256,0,168,0,159,694994,97
baseline_24h,12441600,5304000,11524800,32,0,0,32,27,5,289,31,31,32,0,10470,7844,2626,9433,1037,10270,10270,0,168,0,159,696591,97
baseline_24h,12441600,5316000,11536800,31,0,1,32,28,4,289,31,31,31,0,10490,7862,2628,9450,1040,10290,10290,0,168,0,159,698147,97
baseline_24h,12441600,5328000,11548800,28,0,5,33,27,6,288,28,28,28,0,10512,7877,2635,9468,1044,10310,10310,0,169,0,160,699705,98
baseline_24h,12441600,5340000,11560800,31,0,3,34,30,4,287,31,31,31,0,10536,7894,2642,9488,1048,10333,10333,0,169,0,160,701139,98
baseline_24h,12441600,5352000,11572800,29,0,1,30,27,3,290,29,29,29,0,10553,7906,2647,9504,1049,10353,10353,0,170,0,160,702712,98
baseline_24h,12441600,5364000,11584800,30,0,2,32,30,2,289,30,29,30,0,10580,7928,2652,9529,1051,10378,10378,0,170,0,161,704423,98
baseline_24h,12441600,5376000,11596800,32,0,0,32,29,3,289,32,32,32,0,10597,7944,2653,9544,1053,10395,10395,0,170,0,161,705922,98
baseline_24h,12441600,5388000,11608800,27,0,3,30,26,4,290,26,26,27,0,10619,7959,2660,9563,1056,10418,10418,0,171,0,161,707450,98
baseline_24h,12441600,5400000,11620800,28,0,3,31,28,3,290,25,25,28,0,10642,7975,2667,9585,1057,10440,10440,0,171,0,162,708843,99
baseline_24h,12441600,5412000,11632800,29,0,1,30,26,4,290,29,29,29,0,10658,7989,2669,9598,1060,10456,10456,0,172,0,162,710324,99
baseline_24h,12441600,5424000,11644800,28,0,2,30,28,2,290,27,27,28,0,10682,8007,2675,9621,1061,10480,10480,0,172,0,162,711816,99
baseline_24h,12441600,5436000,11656800,30,0,1,31,29,2,288,30,30,30,0,10708,8027,2681,9644,1064,10504,10504,0,173,0,162,713514,99
baseline_24h,12441600,5448000,11668800,33,0,2,35,31,4,285,33,33,33,0,10734,8051,2683,9666,1068,10526,10526,0,173,0,163,714956,99
baseline_24h,12441600,5460000,11680800,31,0,1,32,28,4,288,30,30,31,0,10749,8065,2684,9679,1070,10544,10544,0,173,0,163,716382,99
baseline_24h,12441600,5472000,11692800,30,0,2,32,27,5,288,29,29,30,0,10774,8086,2688,9701,1073,10569,10569,0,173,0,163,717863,99
baseline_24h,12441600,5484000,11704800,32,0,2,34,31,3,285,32,32,32,0,10802,8109,2693,9726,1076,10594,10594,0,174,0,163,719420,99
baseline_24h,12441600,5496000,11716800,29,0,3,32,29,3,288,29,29,29,0,10827,8128,2699,9748,1079,10621,10621,0,174,0,164,721050,99
baseline_24h,12441600,5508000,11728800,31,0,4,35,33,2,284,28,27,31,0,10857,8152,2705,9776,1081,10647,10647,0,175,0,164,722659,99
baseline_24h,12441600,5520000,11740800,30,0,0,30,27,3,289,29,29,30,0,10876,8169,2707,9794,1082,10671,10671,0,175,0,164,724282,99
baseline_24h,12441600,5532000,11752800,31,0,3,34,31,3,286,31,31,31,0,10899,8188,2711,9815,1084,10690,10690,0,175,0,165,725862,99
baseline_24h,12441600,5544000,11764800,27,0,3,30,27,3,289,26,26,27,0,10924,8209,2715,9837,1087,10718,10718,0,176,0,165,727538,99
baseline_24h,12441600,5556000,11776800,26,0,2,28,25,3,290,25,24,26,0,10947,8228,2719,9859,1088,10742,10742,0,177,0,165,729110,99
baseline_24h,12441600,5568000,11788800,25,0,0,25,22,3,293,25,25,25,0,10961,8238,2723,9871,1090,10759,10759,0,177,0,165,730415,99
baseline_24h,12441600,5580000,11800800,21,0,2,23,20,3,296,20,20,21,0,10982,8252,2730,9889,1093,10782,10782,0,177,0,166,731646,99
baseline_24h,12441600,5592000,11812800,21,0,2,23,19,4,296,21,21,21,0,11001,8265,2736,9904,1097,10801,10801,0,177,0,166,732657,99
baseline_24h,12441600,5604000,11824800,25,0,6,31,27,4,289,25,25,25,0,11019,8276,2743,9922,1097,10811,10811,0,177,0,167,733959,99
baseline_24h,12441600,5616000,11836800,28,0,3,31,27,4,288,24,24,28,0,11044,8297,2747,9945,1099,10835,10835,0,178,0,167,735400,99
baseline_24h,12441600,5628000,11848800,27,0,3,30,26,4,289,27,27,27,0,11065,8313,2752,9963,1102,10857,10857,0,178,0,167,736906,99
baseline_24h,12441600,5640000,11860800,31,0,1,32,29,3,287,29,29,31,0,11093,8334,2759,9988,1105,10883,10883,0,178,0,167,738525,99
baseline_24h,12441600,5652000,11872800,29,0,4,33,30,3,286,27,27,29,0,11112,8346,2766,10005,1107,10900,10900,0,179,0,168,740195,100
baseline_24h,12441600,5664000,11884800,28,0,4,32,27,5,286,27,27,28,0,11133,8361,2772,10020,1113,10921,10921,0,180,0,168,741793,100
baseline_24h,12441600,5676000,11896800,28,0,1,29,24,5,289,28,28,28,0,11158,8382,2776,10040,1118,10949,10949,0,180,0,168,743331,100
baseline_24h,12441600,5688000,11908800,28,0,4,32,25,7,287,27,27,28,0,11180,8398,2782,10058,1122,10968,10968,0,180,0,169,744735,100
baseline_24h,12441600,5700000,11920800,29,0,3,32,25,7,286,28,28,29,0,11201,8415,2786,10074,1127,10988,10988,0,181,0,169,746275,100
baseline_24h,12441600,5712000,11932800,30,0,4,34,28,6,284,30,30,30,0,11225,8429,2796,10096,1129,11010,11010,0,181,0,169,747881,100
baseline_24h,12441600,5724000,11944800,27,0,3,30,26,4,288,23,23,27,0,11248,8446,2802,10118,1130,11036,11036,0,182,0,170,749474,100
baseline_24h,12441600,5736000,11956800,24,0,2,26,24,2,291,24,24,24,0,11267,8458,2809,10135,1132,11058,11058,0,183,0,170,750968,100
baseline_24h,12441600,5748000,11968800,23,0,4,27,25,2,290,23,23,23,0,11294,8476,2818,10161,1133,11084,11084,0,183,0,170,752526,100
baseline_24h,12441600,5760000,11980800,21,0,4,25,23,2,292,21,21,21,0,11314,8490,2824,10180,1134,11105,11105,0,184,0,171,753819,100
baseline_24h,12441600,5772000,11992800,22,0,2,24,22,2,293,22,22,22,0,11330,8503,2827,10195,1135,11122,11122,0,184,0,171,755139,101
baseline_24h,12441600,5784000,12004800,20,0,4,24,21,3,293,20,20,20,0,11348,8514,2834,10210,1138,11139,11139,0,185,0,172,756299,101
baseline_24h,12441600,5796000,12016800,26,0,1,27,24,3,290,26,26,26,0,11373,8533,2840,10233,1140,11161,11161,0,185,0,172,757743,101
baseline_24h,12441600,5808000,12028800,25,0,3,28,27,1,289,25,25,25,0,11393,8545,2848,10252,1141,11180,11180,0,185,0,172,759161,101
baseline_24h,12441600,5820000,12040800,27,0,5,32,31,1,285,27,27,27,0,11412,8556,2856,10271,1141,11195,11195,0,185,0,172,760574,102
baseline_24h,12441600,5832000,12052800,28,0,3,31,30,1,286,25,25,28,0,11437,8573,2864,10295,1142,11220,11220,0,186,0,173,762239,102
baseline_24h,12441600,5844000,12064800,28,0,2,30,26,4,288,27,27,28,0,11458,8586,2872,10312,1146,11242,11242,0,186,0,174,763839,102
baseline_24h,12441600,5856000,12076800,28,0,2,30,27,3,288,28,28,28,0,11488,8605,2883,10340,1148,11272,11272,0,186,0,174,765464,103
baseline_24h,12441600,5868000,12088800,25,0,1,26,24,2,291,24,24,25,0,11506,8619,2887,10357,1149,11293,11293,0,187,0,174,766845,103
baseline_24h,12441600,5880000,12100800,30,0,3,33,31,2,284,28,28,30,0,11532,8641,2891,10382,1150,11312,11312,0,187,0,174,768237,103
baseline_24h,12441600,5892000,12112800,25,0,5,30,28,2,288,23,23,25,0,11554,8652,2902,10402,1152,11337,11337,0,187,0,175,769895,104
baseline_24h,12441600,5904000,12124800,26,0,1,27,25,2,290,25,25,26,0,11572,8665,2907,10420,1152,11357,11357,0,188,0,175,771275,104
baseline_24h,12441600,5916000,12136800,32,0,3,35,34,1,281,31,31,32,0,11599,8686,2913,10446,1153,11375,11375,0,189,0,175,772779,104
baseline_24h,12441600,5928000,12148800,26,0,3,29,28,1,287,25,25,26,0,11619,8702,2917,10466,1153,11401,11401,0,189,0,175,774365,104
baseline_24h,12441600,5940000,12160800,29,0,6,35,35,0,281,24,25,29,0,11647,8721,2926,10494,1153,11422,11422,0,190,0,176,775859,104
baseline_24h,12441600,5952000,12172800,29,0,1,30,30,0,285,29,28,29,0,11666,8737,2929,10513,1153,11445,11445,0,191,0,176,777493,106
baseline_24h,12441600,5964000,12184800,24,0,1,25,24,1,290,23,23,24,0,11683,8750,2933,10528,1155,11467,11467,0,191,0,176,778961,106
baseline_24h,12441600,5976000,12196800,30,0,2,32,32,0,284,30,30,30,0,11706,8768,2938,10551,1155,11483,11483,0,191,0,177,780313,106
baseline_24h,12441600,5988000,12208800,33,0,2,35,35,0,281,33,33,33,0,11727,8786,2941,10572,1155,11501,11501,0,191,0,177,781879,107
baseline_24h,12441600,6000000,12220800,33,0,1,34,34,0,281,32,32,33,0,11744,8800,2944,10589,1155,11518,11518,0,192,0,177,783492,107
baseline_24h,12441600,6012000,12232800,26,0,2,28,28,0,288,26,26,26,0,11761,8812,2949,10606,1155,11541,11541,0,192,0,178,784945,107
baseline_24h,12441600,6024000,12244800,32,0,1,33,30,3,283,32,32,32,0,11788,8834,2954,10628,1160,11563,11563,0,192,0,178,786417,107
baseline_24h,12441600,6036000,12256800,29,0,2,31,28,3,285,29,29,29,0,11812,8854,2958,10651,1161,11589,11589,0,192,0,178,787935,107
baseline_24h,12441600,6048000,12268800,27,0,3,30,29,1,286,24,24,27,0,11829,8867,2962,10667,1162,11606,11606,0,193,0,179,789422,107
baseline_24h,12441600,6060000,12280800,24,0,5,29,29,0,286,24,24,24,0,11844,8876,2968,10682,1162,11621,11621,0,194,0,179,790954,107
baseline_24h,12441600,6072000,12292800,23,0,3,26,26,0,290,22,22,23,0,11866,8891,2975,10704,1162,11646,11646,0,194,0,180,792435,107
baseline_24h,12441600,6084000,12304800,20,0,2,22,22,0,294,20,20,20,0,11882,8905,2977,10720,1162,11666,11666,0,194,0,180,793662,107
baseline_24h,12441600,6096000,12316800,25,0,4,29,28,1,287,25,25,25,0,11913,8922,2991,10750,1163,11690,11690,0,194,0,180,794990,107
baseline_24h,12441600,6108000,12328800,21,0,1,22,21,1,294,21,21,21,0,11933,8935,2998,10770,1163,11716,11716,0,195,0,181,796610,107
baseline_24h,12441600,6120000,12340800,28,0,2,30,28,2,286,28,28,28,0,11963,8958,3005,10798,1165,11738,11738,0,195,0,181,798092,108
baseline_24h,12441600,6132000,12352800,34,0,1,35,33,2,281,33,33,34,0,11986,8979,3007,10820,1166,11756,11756,0,195,0,181,799675,108
baseline_24h,12441600,6144000,12364800,26,0,3,29,28,1,287,25,25,26,0,12002,8992,3010,10836,1166,11777,11777,0,196,0,182,801143,108
baseline_24h,12441600,6156000,12376800,25,0,2,27,27,0,289,25,25,25,0,12022,9006,3016,10856,1166,11799,11799,0,196,0,182,802509,108
baseline_24h,12441600,6168000,12388800,25,0,1,26,26,0,290,25,25,25,0,12038,9017,3021,10872,1166,11815,11815,0,197,0,183,803741,108
baseline_24h,12441600,6180000,12400800,30,0,2,32,32,0,284,30,30,30,0,12070,9040,3030,10904,1166,11841,11841,0,197,0,183,805332,108
baseline_24h,12441600,6192000,12412800,32,0,2,34,34,0,282,31,32,32,0,12096,9060,3036,10930,1166,11865,11865,0,197,0,183,806907,108
baseline_24h,12441600,6204000,12424800,31,0,5,36,35,1,281,30,30,31,0,12120,9075,3045,10953,1167,11887,11887,0,197,0,184,808634,108
baseline_24h,12441600,6216000,12436800,23,0,3,26,24,2,289,21,21,23,0,12141,9092,3049,10972,1169,11916,11916,0,199,0,184,810137,108
baseline_24h,12441600,6228000,12448800,21,0,3,24,22,2,318,20,21,21,0,12165,9107,3058,10995,1170,11942,11942,0,199,0,214,811632,108
baseline_24h,12441600,6240000,12460800,15,0,2,17,16,1,324,15,15,15,0,12185,9119,3066,11013,1172,11968,11968,0,200,0,214,812826,108
baseline_24h,12441600,6252000,12472800,18,0,3,21,20,1,320,18,18,18,0,12200,9131,3069,11028,1172,11979,11979,0,200,0,214,813884,108
baseline_24h,12441600,6264000,12484800,25,0,0,25,25,0,316,23,23,25,0,12222,9152,3070,11050,1172,11997,11997,0,200,0,214,815042,108
baseline_24h,12441600,6276000,12496800,24,0,3,27,26,1,315,23,23,24,0,12238,9164,3074,11065,1173,12011,12011,0,200,0,215,816406,108
baseline_24h,12441600,6288000,12508800,24,0,3,27,26,1,314,24,24,24,0,12262,9184,3078,11088,1174,12034,12034,0,201,0,215,817917,110
baseline_24h,12441600,6300000,12520800,15,0,3,18,18,0,323,15,15,15,0,12278,9195,3083,11104,1174,12059,12059,0,201,0,215,819171,110
baseline_24h,12441600,6312000,12532800,21,0,4,25,24,1,316,21,21,21,0,12300,9208,3092,11124,1176,12074,12074,0,201,0,215,820331,110
baseline_24h,12441600,6324000,12544800,24,0,2,26,26,0,315,23,23,24,0,12322,9222,3100,11146,1176,12094,12094,0,202,0,216,821634,110
baseline_24h,12441600,6336000,12556800,20,0,1,21,21,0,320,20,20,20,0,12341,9235,3106,11165,1176,12118,12118,0,202,0,216,822966,110
baseline_24h,12441600,6348000,12568800,28,0,3,31,31,0,310,28,28,28,0,12366,9253,3113,11189,1177,12133,12133,0,202,0,216,824374,112
baseline_24h,12441600,6360000,12580800,30,0,2,32,32,0,309,30,30,30,0,12387,9270,3117,11209,1178,12153,12153,0,202,0,216,825844,112
baseline_24h,12441600,6372000,12592800,31,0,3,34,34,0,307,26,26,31,0,12417,9293,3124,11239,1178,12180,12180,0,203,0,217,827496,112
baseline_24h,12441600,6384000,12604800,26,0,4,30,29,1,311,25,25,26,0,12443,9309,3134,11264,1179,12209,12209,0,204,0,218,829333,112
baseline_24h,12441600,6396000,12616800,30,0,2,32,31,1,309,28,28,30,0,12468,9329,3139,11289,1179,12232,12232,0,204,0,218,830978,112
baseline_24h,12441600,6408000,12628800,28,0,2,30,28,2,310,26,26,28,0,12488,9344,3144,11307,1181,12253,12253,0,205,0,218,832565,112
baseline_24h,12441600,6420000,12640800,31,0,1,32,30,2,309,31,31,31,0,12516,9368,3148,11334,1182,12279,12279,0,205,0,219,833986,112
baseline_24h,12441600,6432000,12652800,31,0,0,31,31,0,310,30,30,31,0,12531,9382,3149,11349,1182,12295,12295,0,205,0,219,835393,112
baseline_24h,12441600,6444000,12664800,26,0,3,29,29,0,313,25,25,26,0,12556,9398,3158,11374,1182,12322,12322,0,205,0,220,837042,112
baseline_24h,12441600,6456000,12676800,29,0,2,31,31,0,310,28,28,29,0,12582,9420,3162,11400,1182,12345,12345,0,206,0,220,838497,112
baseline_24h,12441600,6468000,12688800,33,0,1,34,34,0,307,33,33,33,0,12602,9437,3165,11420,1182,12362,12362,0,206,0,220,840227,112
baseline_24h,12441600,6480000,12700800,24,0,4,28,28,0,313,22,22,24,0,12621,9449,3172,11439,1182,12386,12386,0,207,0,221,841643,112
baseline_24h,12441600,6492000,12712800,20,0,1,21,21,0,320,19,19,20,0,12631,9456,3175,11449,1182,12403,12403,0,207,0,221,842859,112
baseline_24h,12441600,6504000,12724800,20,0,3,23,22,1,317,19,19,20,0,12655,9471,3184,11471,1184,12424,12424,0,208,0,221,844193,112
baseline_24h,12441600,6516000,12736800,21,0,2,23,23,0,318,21,21,21,0,12678,9488,3190,11494,1184,12447,12447,0,208,0,222,845527,112
baseline_24h,12441600,6528000,12748800,26,0,0,26,26,0,315,26,26,26,0,12699,9507,3192,11515,1184,12465,12465,0,208,0,222,846830,112
baseline_24h,12441600,6540000,12760800,21,0,1,22,21,1,320,21,21,21,0,12711,9517,3194,11526,1185,12481,12481,0,208,0,223,847912,112
baseline_24h,12441600,6552000,12772800,23,0,0,23,22,1,318,23,23,23,0,12729,9533,3196,11543,1186,12497,12497,0,209,0,223,848999,112
baseline_24h,12441600,6564000,12784800,26,0,3,29,28,1,312,26,26,26,0,12753,9553,3200,11566,1187,12515,12515,0,209,0,223,850260,112
baseline_24h,12441600,6576000,12796800,25,0,4,29,28,1,313,24,24,25,0,12774,9566,3208,11587,1187,12536,12536,0,209,0,224,851775,112
baseline_24h,12441600,6588000,12808800,30,0,0,30,29,1,311,27,27,30,0,12797,9585,3212,11609,1188,12557,12557,0,210,0,224,853179,114
baseline_24h,12441600,6600000,12820800,25,0,4,29,27,2,312,25,25,25,0,12817,9598,3219,11628,1189,12578,12578,0,210,0,224,854565,114
baseline_24h,12441600,6612000,12832800,21,0,2,23,22,1,318,21,21,21,0,12835,9612,3223,11645,1190,12602,12602,0,210,0,224,855891,114
baseline_24h,12441600,6624000,12844800,23,0,2,25,24,1,317,22,22,23,0,12856,9627,3229,11666,1190,12621,12621,0,210,0,225,857066,114
baseline_24h,12441600,6636000,12856800,22,0,2,24,23,1,318,22,22,22,0,12871,9637,3234,11680,1191,12637,12637,0,210,0,225,858211,114
baseline_24h,12441600,6648000,12868800,21,0,2,23,21,2,318,20,20,21,0,12888,9650,3238,11695,1193,12654,12654,0,211,0,225,859282,114
baseline_24h,12441600,6660000,12880800,19,0,3,22,21,1,320,19,19,19,0,12907,9663,3244,11713,1194,12674,12674,0,211,0,226,860557,114
baseline_24h,12441600,6672000,12892800,18,0,0,18,18,0,323,18,18,18,0,12923,9676,3247,11729,1194,12693,12693,0,212,0,226,861680,114
baseline_24h,12441600,6684000,12904800,20,0,3,23,23,0,317,20,20,20,0,12943,9688,3255,11749,1194,12707,12707,0,213,0,226,862791,114
baseline_24h,12441600,6696000,12916800,24,0,5,29,27,2,312,21,21,24,0,12969,9705,3264,11772,1197,12727,12727,0,213,0,227,863963,114
baseline_24h,12441600,6708000,12928800,21,0,2,23,22,1,318,21,21,21,0,12990,9720,3270,11792,1198,12754,12754,0,213,0,227,865278,114
baseline_24h,12441600,6720000,12940800,22,0,5,27,27,0,314,22,22,22,0,13012,9733,3279,11814,1198,12772,12772,0,213,0,227,866844,114
baseline_24h,12441600,6732000,12952800,24,0,2,26,25,1,314,24,24,24,0,13034,9750,3284,11835,1199,12794,12794,0,214,0,227,868181,114
baseline_24h,12441600,6744000,12964800,29,0,2,31,30,1,310,28,28,29,0,13057,9767,3290,11854,1203,12812,12812,0,214,0,228,869436,114
baseline_24h,12441600,6756000,12976800,25,0,2,27,26,1,313,24,24,25,0,13075,9781,3294,11870,1205,12833,12833,0,215,0,228,870852,114
baseline_24h,12441600,6768000,12988800,24,0,0,24,22,2,316,24,24,24,0,13090,9796,3294,11883,1207,12851,12851,0,215,0,228,872054,114
baseline_24h,12441600,6780000,13000800,27,0,3,30,29,1,311,27,27,27,0,13112,9813,3299,11905,1207,12867,12867,0,215,0,229,873560,114
baseline_24h,12441600,6792000,13012800,29,0,2,31,29,2,309,29,29,29,0,13134,9829,3305,11925,1209,12887,12887,0,216,0,229,875179,114
baseline_24h,12441600,6804000,13024800,32,0,3,35,34,1,306,29,29,32,0,13158,9848,3310,11948,1210,12907,12907,0,216,0,230,876723,114
baseline_24h,12441600,6816000,13036800,32,0,1,33,32,1,307,30,30,32,0,13178,9867,3311,11968,1210,12928,12928,0,217,0,230,878229,114
baseline_24h,12441600,6828000,13048800,26,0,2,28,27,1,312,25,25,26,0,13198,9883,3315,11988,1210,12953,12953,0,217,0,230,879793,114
baseline_24h,12441600,6840000,13060800,29,0,1,30,29,1,311,28,28,29,0,13219,9901,3318,12008,1211,12972,12972,0,217,0,231,881202,114
baseline_24h,12441600,6852000,13072800,23,0,4,27,25,2,314,22,22,23,0,13240,9913,3327,12027,1213,12996,12996,0,217,0,231,882565,114
baseline_24h,12441600,6864000,13084800,19,0,3,22,21,1,318,19,19,19,0,13260,9923,3337,12046,1214,13020,13020,0,218,0,231,884099,114
baseline_24h,12441600,6876000,13096800,27,0,3,30,28,2,311,27,26,27,0,13284,9941,3343,12069,1215,13036,13036,0,218,0,232,885491,114
baseline_24h,12441600,6888000,13108800,29,0,1,30,28,2,311,27,27,29,0,13305,9959,3346,12088,1217,13057,13057,0,218,0,232,886994,114
baseline_24h,12441600,6900000,13120800,30,0,1,31,29,2,309,29,29,30,0,13330,9980,3350,12109,1221,13080,13080,0,219,0,232,888588,114
baseline_24h,12441600,6912000,13132800,31,0,2,33,31,2,308,27,27,31,0,13351,9998,3353,12129,1222,13099,13099,0,219,0,233,890254,114
baseline_24h,12441600,6924000,13144800,27,0,0,27,25,2,314,26,26,27,0,13369,10015,3354,12146,1223,13123,13123,0,219,0,233,891677,114
baseline_24h,12441600,6936000,13156800,28,0,4,32,30,2,309,28,28,28,0,13394,10031,3363,12170,1224,13143,13143,0,219,0,233,893100,114
baseline_24h,12441600,6948000,13168800,28,0,1,29,26,3,311,28,28,28,0,13424,10057,3367,12197,1227,13175,13175,0,220,0,233,894604,114
baseline_24h,12441600,6960000,13180800,27,0,3,30,29,1,310,27,27,27,0,13441,10069,3372,12214,1227,13190,13190,0,221,0,234,895888,115
baseline_24h,12441600,6972000,13192800,21,0,1,22,21,1,318,21,21,21,0,13458,10081,3377,12231,1227,13215,13215,0,221,0,234,897225,115
baseline_24h,12441600,6984000,13204800,26,0,5,31,29,2,310,25,25,26,0,13486,10097,3389,12257,1229,13234,13234,0,221,0,235,898754,115
baseline_24h,12441600,6996000,13216800,32,0,2,34,32,2,306,32,32,32,0,13510,10114,3396,12280,1230,13254,13254,0,222,0,235,900396,115
baseline_24h,12441600,7008000,13228800,28,0,2,30,30,0,310,28,28,28,0,13530,10130,3400,12300,1230,13278,13278,0,222,0,235,901917,115
baseline_24h,12441600,7020000,13240800,26,0,3,29,29,0,312,25,25,26,0,13552,10147,3405,12322,1230,13301,13301,0,222,0,236,903297,115
baseline_24h,12441600,7032000,13252800,23,0,4,27,27,0,314,23,23,23,0,13571,10158,3413,12341,1230,13322,13322,0,222,0,236,904657,115
baseline_24h,12441600,7044000,13264800,25,0,2,27,27,0,313,25,25,25,0,13599,10177,3422,12367,1232,13349,13349,0,223,0,236,906109,115
baseline_24h,12441600,7056000,13276800,28,0,6,34,32,2,306,27,27,28,0,13624,10196,3428,12390,1234,13367,13367,0,223,0,236,907571,115
baseline_24h,12441600,7068000,13288800,29,0,4,33,31,2,307,29,29,29,0,13645,10209,3436,12410,1235,13388,13388,0,224,0,237,909285,116
baseline_24h,12441600,7080000,13300800,26,0,2,28,26,2,312,26,26,26,0,13664,10224,3440,12427,1237,13412,13412,0,224,0,237,910709,116
baseline_24h,12441600,7092000,13312800,30,0,2,32,30,2,307,30,30,30,0,13693,10243,3450,12455,1238,13436,13436,0,225,0,237,912354,116
baseline_24h,12441600,7104000,13324800,28,0,3,31,31,0,308,27,27,28,0,13714,10256,3458,12476,1238,13458,13458,0,225,0,237,913905,117
baseline_24h,12441600,7116000,13336800,27,0,3,30,30,0,310,27,27,27,0,13740,10274,3466,12502,1238,13485,13485,0,225,0,238,915498,117
baseline_24h,12441600,7128000,13348800,27,0,4,31,31,0,309,23,23,27,0,13764,10292,3472,12526,1238,13507,13507,0,226,0,239,917014,117
baseline_24h,12441600,7140000,13360800,24,0,1,25,25,0,315,24,24,24,0,13779,10305,3474,12541,1238,13528,13528,0,226,0,239,918355,118
baseline_24h,12441600,7152000,13372800,20,0,3,23,23,0,316,20,20,20,0,13795,10315,3480,12557,1238,13545,13545,0,227,0,239,919640,118
baseline_24h,12441600,7164000,13384800,24,0,2,26,26,0,314,24,24,24,0,13821,10334,3487,12583,1238,13568,13568,0,227,0,240,920982,118
baseline_24h,12441600,7176000,13396800,21,0,5,26,26,0,314,21,21,21,0,13838,10343,3495,12598,1240,13585,13585,0,227,0,240,922262,118
baseline_24h,12441600,7188000,13408800,17,0,5,22,21,1,317,17,17,17,0,13854,10350,3504,12613,1241,13604,13604,0,228,0,240,923482,118
baseline_24h,12441600,7200000,13420800,20,0,1,21,21,0,319,20,20,20,0,13876,10364,3512,12634,1242,13627,13627,0,228,0,241,924704,118
baseline_24h,12441600,7212000,13432800,26,0,0,26,25,1,314,26,26,26,0,13900,10384,3516,12657,1243,13646,13646,0,228,0,241,925842,118
baseline_24h,12441600,7224000,13444800,26,0,3,29,28,1,311,25,25,26,0,13917,10395,3522,12674,1243,13660,13660,0,228,0,241,927149,118
baseline_24h,12441600,7236000,13456800,26,0,1,27,26,1,312,22,22,26,0,13938,10409,3529,12695,1243,13682,13682,0,229,0,241,928526,118
baseline_24h,12441600,7248000,13468800,27,0,1,28,27,1,312,27,27,27,0,13961,10428,3533,12718,1243,13704,13704,0,229,0,242,930048,118
baseline_24h,12441600,7260000,13480800,26,0,3,29,28,1,311,26,26,26,0,13982,10443,3539,12738,1244,13724,13724,0,229,0,242,931510,118
baseline_24h,12441600,7272000,13492800,20,0,4,24,23,1,317,19,19,20,0,13998,10454,3544,12754,1244,13745,13745,0,229,0,243,932752,118
baseline_24h,12441600,7284000,13504800,18,0,0,18,17,1,322,18,18,18,0,14010,10464,3546,12766,1244,13762,13762,0,230,0,243,933840,118
baseline_24h,12441600,7296000,13516800,16,0,1,17,17,0,323,16,16,16,0,14020,10471,3549,12776,1244,13773,13773,0,230,0,243,934679,118
baseline_24h,12441600,7308000,13528800,15,0,2,17,17,0,323,15,15,15,0,14034,10481,3553,12790,1244,13786,13786,0,231,0,244,935553,118
baseline_24h,12441600,7320000,13540800,12,0,1,13,13,0,327,12,12,12,0,14043,10487,3556,12799,1244,13799,13799,0,231,0,244,936321,118
baseline_24h,12441600,7332000,13552800,11,0,2,13,13,0,327,11,11,11,0,14055,10492,3563,12811,1244,13811,13811,0,231,0,244,937155,118
baseline_24h,12441600,7344000,13564800,13,0,0,13,13,0,327,11,11,13,0,14066,10502,3564,12822,1244,13821,13821,0,232,0,245,937773,118
baseline_24h,12441600,7356000,13576800,15,0,2,17,17,0,323,15,15,15,0,14077,10510,3567,12833,1244,13828,13828,0,232,0,245,938496,118
baseline_24h,12441600,7368000,13588800,12,0,0,12,12,0,327,12,12,12,0,14090,10517,3573,12846,1244,13845,13845,0,233,0,245,939335,118
baseline_24h,12441600,7380000,13600800,18,0,1,19,19,0,320,18,18,18,0,14110,10530,3580,12866,1244,13857,13857,0,234,0,246,940232,118
baseline_24h,12441600,7392000,13612800,17,0,1,18,16,2,321,17,17,17,0,14120,10538,3582,12874,1246,13868,13868,0,234,0,246,941086,118
baseline_24h,12441600,7404000,13624800,18,0,0,18,16,2,321,18,18,18,0,14132,10549,3583,12886,1246,13880,13880,0,234,0,246,941994,118
baseline_24h,12441600,7416000,13636800,18,0,2,20,18,2,320,17,17,18,0,14149,10562,3587,12901,1248,13895,13895,0,234,0,247,943024,118
baseline_24h,12441600,7428000,13648800,16,0,1,17,16,1,322,16,16,16,0,14159,10570,3589,12911,1248,13907,13907,0,235,0,247,944032,118
baseline_24h,12441600,7440000,13660800,18,0,0,18,18,0,321,18,18,18,0,14170,10581,3589,12922,1248,13917,13917,0,235,0,247,944790,118
baseline_24h,12441600,7452000,13672800,15,0,2,17,17,0,323,15,15,15,0,14180,10589,3591,12932,1248,13928,13928,0,235,0,248,945644,118
baseline_24h,12441600,7464000,13684800,17,0,2,19,19,0,321,16,16,17,0,14195,10601,3594,12947,1248,13941,13941,0,235,0,248,946562,118
baseline_24h,12441600,7476000,13696800,15,0,0,15,15,0,325,14,14,15,0,14208,10606,3602,12960,1248,13957,13957,0,236,0,249,947700,120
baseline_24h,12441600,7488000,13708800,15,0,1,16,15,1,324,15,15,15,0,14224,10619,3605,12974,1250,13972,13972,0,236,0,249,948544,121
baseline_24h,12441600,7500000,13720800,13,0,2,15,15,0,324,13,13,13,0,14239,10629,3610,12989,1250,13987,13987,0,237,0,249,949452,121
baseline_24h,12441600,7512000,13732800,9,0,1,10,10,0,330,9,9,9,0,14252,10635,3617,13002,1250,14005,14005,0,237,0,250,950196,121
baseline_24h,12441600,7524000,13744800,11,0,0,11,11,0,329,11,11,11,0,14262,10642,3620,13012,1250,14014,14014,0,237,0,250,950702,121
baseline_24h,12441600,7536000,13756800,12,0,1,13,13,0,327,12,12,12,0,14269,10647,3622,13019,1250,14019,14019,0,237,0,250,951278,121
baseline_24h,12441600,7548000,13768800,11,0,3,14,13,1,326,11,11,11,0,14287,10656,3631,13036,1251,14035,14035,0,238,0,251,952131,121
baseline_24h,12441600,7560000,13780800,16,0,2,18,17,1,321,14,14,16,0,14297,10663,3634,13044,1253,14040,14040,0,239,0,251,952935,121
baseline_24h,12441600,7572000,13792800,16,0,0,16,15,1,322,16,16,16,0,14309,10673,3636,13056,1253,14053,14053,0,240,0,251,953756,121
baseline_24h,12441600,7584000,13804800,14,0,1,15,14,1,324,14,14,14,0,14320,10682,3638,13066,1254,14065,14065,0,240,0,252,954487,121
baseline_24h,12441600,7596000,13816800,16,0,1,17,17,0,321,16,16,16,0,14332,10692,3640,13078,1254,14074,14074,0,241,0,252,955381,121
baseline_24h,12441600,7608000,13828800,13,0,1,14,14,0,325,13,13,13,0,14345,10702,3643,13091,1254,14090,14090,0,241,0,253,956294,121
baseline_24h,12441600,7620000,13840800,15,0,0,15,15,0,323,15,15,15,0,14354,10708,3646,13100,1254,14097,14097,0,242,0,253,957217,121
baseline_24h,12441600,7632000,13852800,14,0,0,14,13,1,324,14,14,14,0,14365,10718,3647,13110,1255,14109,14109,0,242,0,253,958092,121
baseline_24h,12441600,7644000,13864800,11,0,3,14,14,0,325,10,10,11,0,14381,10726,3655,13126,1255,14125,14125,0,242,0,254,958982,121
baseline_24h,12441600,7656000,13876800,15,0,1,16,15,1,323,15,15,15,0,14391,10735,3656,13135,1256,14132,14132,0,243,0,255,959634,121
baseline_24h,12441600,7668000,13888800,13,0,2,15,14,1,324,12,12,13,0,14399,10741,3658,13142,1257,14141,14141,0,243,0,255,960309,121
baseline_24h,12441600,7680000,13900800,14,0,4,18,17,1,320,13,13,14,0,14416,10750,3666,13157,1259,14154,14154,0,244,0,255,961374,121
baseline_24h,12441600,7692000,13912800,13,0,2,15,15,0,323,13,13,13,0,14428,10759,3669,13169,1259,14169,14169,0,244,0,255,962282,121
baseline_24h,12441600,7704000,13924800,16,0,1,17,17,0,322,16,16,16,0,14445,10772,3673,13186,1259,14184,14184,0,244,0,256,963109,121
baseline_24h,12441600,7716000,13936800,12,0,2,14,14,0,324,12,12,12,0,14457,10780,3677,13198,1259,14198,14198,0,245,0,256,963984,122
baseline_24h,12441600,7728000,13948800,12,0,1,13,13,0,326,12,12,12,0,14464,10784,3680,13205,1259,14206,14206,0,245,0,257,964745,122
baseline_24h,12441600,7740000,13960800,14,0,0,14,13,1,325,14,14,14,0,14481,10798,3683,13221,1260,14222,14222,0,245,0,257,965508,122
baseline_24h,12441600,7752000,13972800,14,0,3,17,17,0,322,14,14,14,0,14498,10811,3687,13238,1260,14236,14236,0,245,0,257,966412,122
baseline_24h,12441600,7764000,13984800,9,0,1,10,9,1,328,9,9,9,0,14506,10815,3691,13245,1261,14250,14250,0,246,0,257,967123,122
baseline_24h,12441600,7776000,13996800,15,0,2,17,17,0,322,13,13,15,0,14518,10823,3695,13257,1261,14255,14255,0,246,0,258,967854,122
baseline_24h,12441600,7788000,14008800,12,0,1,13,13,0,326,12,12,12,0,14531,10832,3699,13270,1261,14271,14271,0,247,0,259,968688,122
baseline_24h,12441600,7800000,14020800,11,0,1,12,12,0,327,11,11,11,0,14540,10839,3701,13279,1261,14281,14281,0,247,0,259,969272,122
baseline_24h,12441600,7812000,14032800,13,0,1,14,14,0,325,13,13,13,0,14548,10846,3702,13287,1261,14287,14287,0,247,0,259,970043,122
baseline_24h,12441600,7824000,14044800,13,0,1,14,14,0,324,13,13,13,0,14560,10855,3705,13299,1261,14298,14298,0,248,0,259,970580,122
baseline_24h,12441600,7836000,14056800,13,0,2,15,15,0,324,13,13,13,0,14570,10862,3708,13309,1261,14307,14307,0,248,0,260,971292,122
baseline_24h,12441600,7848000,14068800,11,0,2,13,13,0,326,11,11,11,0,14582,10869,3713,13321,1261,14321,14321,0,248,0,260,972147,122
baseline_24h,12441600,7860000,14080800,10,0,3,13,13,0,325,10,10,10,0,14595,10875,3720,13334,1261,14333,14333,0,249,0,260,972981,123
baseline_24h,12441600,7872000,14092800,10,0,3,13,13,0,326,10,10,10,0,14606,10883,3723,13345,1261,14344,14344,0,249,0,261,973550,123
baseline_24h,12441600,7884000,14104800,11,0,1,12,12,0,327,9,9,11,0,14618,10891,3727,13357,1261,14357,14357,0,249,0,261,974299,123
baseline_24h,12441600,7896000,14116800,17,0,2,19,19,0,320,17,17,17,0,14628,10897,3731,13367,1261,14360,14360,0,249,0,261,975152,123
baseline_24h,12441600,7908000,14128800,10,0,0,10,10,0,328,10,10,10,0,14637,10905,3732,13376,1261,14377,14377,0,250,0,261,975956,123
baseline_24h,12441600,7920000,14140800,16,0,0,16,15,1,323,16,16,16,0,14650,10917,3733,13388,1262,14384,14384,0,250,0,262,976646,123
baseline_24h,12441600,7932000,14152800,14,0,2,16,16,0,323,14,14,14,0,14662,10925,3737,13400,1262,14396,14396,0,250,0,262,977343,123
baseline_24h,12441600,7944000,14164800,8,0,1,9,9,0,329,8,8,8,0,14670,10930,3740,13408,1262,14410,14410,0,251,0,262,978012,123
baseline_24h,12441600,7956000,14176800,13,0,1,14,14,0,325,13,13,13,0,14682,10941,3741,13420,1262,14417,14417,0,251,0,263,978593,123
baseline_24h,12441600,7968000,14188800,13,0,0,13,13,0,326,13,13,13,0,14692,10951,3741,13430,1262,14428,14428,0,251,0,263,979218,123
baseline_24h,12441600,7980000,14200800,14,0,1,15,14,1,325,14,14,14,0,14705,10962,3743,13441,1264,14439,14439,0,251,0,264,979944,123
baseline_24h,12441600,7992000,14212800,15,0,1,16,15,1,324,13,13,15,0,14717,10972,3745,13452,1265,14450,14450,0,251,0,264,980731,123
baseline_24h,12441600,8004000,14224800,11,0,0,11,10,1,328,11,11,11,0,14724,10977,3747,13459,1265,14461,14461,0,252,0,264,981451,123
baseline_24h,12441600,8016000,14236800,16,0,2,18,16,2,322,16,16,16,0,14742,10991,3751,13475,1267,14472,14472,0,252,0,265,982311,123
baseline_24h,12441600,8028000,14248800,13,0,2,15,13,2,324,13,13,13,0,14750,10994,3756,13483,1267,14482,14482,0,253,0,265,983218,123
baseline_24h,12441600,8040000,14260800,11,0,2,13,11,2,326,11,11,11,0,14759,10998,3761,13491,1268,14493,14493,0,253,0,265,983977,123
baseline_24h,12441600,8052000,14272800,7,0,1,8,6,2,331,7,7,7,0,14769,11003,3766,13499,1270,14508,14508,0,253,0,265,984632,123
baseline_24h,12441600,8064000,14284800,11,0,1,12,11,1,327,11,11,11,0,14783,11010,3773,13513,1270,14517,14517,0,254,0,266,985389,123
baseline_24h,12441600,8076000,14296800,13,0,2,15,14,1,324,13,13,13,0,14794,11017,3777,13523,1271,14525,14525,0,254,0,266,986157,124
baseline_24h,12441600,8088000,14308800,12,0,2,14,13,1,325,12,12,12,0,14808,11027,3781,13535,1273,14540,14540,0,254,0,266,987003,125
baseline_24h,12441600,8100000,14320800,14,0,1,15,13,2,325,13,13,14,0,14822,11036,3786,13547,1275,14553,14553,0,254,0,267,987954,125
baseline_24h,12441600,8112000,14332800,13,0,0,13,12,1,326,13,13,13,0,14830,11043,3787,13555,1275,14562,14562,0,255,0,267,988627,125
baseline_24h,12441600,8124000,14344800,13,0,1,14,13,1,325,13,13,13,0,14840,11052,3788,13564,1276,14571,14571,0,255,0,267,989271,125
baseline_24h,12441600,8136000,14356800,9,0,3,12,10,2,328,9,9,9,0,14853,11060,3793,13575,1278,14586,14586,0,255,0,268,989893,125
baseline_24h,12441600,8148000,14368800,11,0,1,12,10,2,328,11,11,11,0,14866,11068,3798,13588,1278,14599,14599,0,255,0,268,990547,125
baseline_24h,12441600,8160000,14380800,14,0,0,14,12,2,325,14,14,14,0,14878,11079,3799,13599,1279,14608,14608,0,256,0,268,991240,125
baseline_24h,12441600,8172000,14392800,13,0,1,14,12,2,325,13,13,13,0,14890,11088,3802,13610,1280,14620,14620,0,256,0,268,991931,125
baseline_24h,12441600,8184000,14404800,12,0,3,15,14,1,325,12,12,12,0,14901,11096,3805,13621,1280,14630,14630,0,256,0,269,992606,125
baseline_24h,12441600,8196000,14416800,11,0,1,12,12,0,327,11,11,11,0,14911,11105,3806,13631,1280,14642,14642,0,257,0,269,993309,125
baseline_24h,12441600,8208000,14428800,9,0,1,10,10,0,329,9,9,9,0,14918,11110,3808,13638,1280,14651,14651,0,257,0,269,993708,125
baseline_24h,12441600,8220000,14440800,9,0,0,9,9,0,330,9,9,9,0,14926,11117,3809,13646,1280,14660,14660,0,257,0,269,994094,125
baseline_24h,12441600,8232000,14452800,13,0,1,14,14,0,325,13,13,13,0,14935,11125,3810,13655,1280,14664,14664,0,257,0,269,994698,125
baseline_24h,12441600,8244000,14464800,16,0,1,17,17,0,322,15,15,16,0,14948,11136,3812,13668,1280,14673,14673,0,258,0,270,995586,125
baseline_24h,12441600,8256000,14476800,17,0,1,18,18,0,321,17,17,17,0,14963,11148,3815,13683,1280,14687,14687,0,258,0,270,996468,125
baseline_24h,12441600,8268000,14488800,15,0,0,15,15,0,323,15,15,15,0,14972,11155,3817,13692,1280,14698,14698,0,259,0,270,997409,125
baseline_24h,12441600,8280000,14500800,10,0,2,12,12,0,327,8,8,10,0,14985,11161,3824,13705,1280,14714,14714,0,259,0,271,998397,125
baseline_24h,12441600,8292000,14512800,14,0,1,15,14,1,324,14,14,14,0,15000,11173,3827,13719,1281,14726,14726,0,259,0,271,999180,125
baseline_24h,12441600,8304000,14524800,11,0,2,13,13,0,326,11,11,11,0,15018,11180,3838,13735,1283,14746,14746,0,259,0,271,1000209,125
baseline_24h,12441600,8316000,14536800,12,0,1,13,13,0,326,11,11,12,0,15027,11186,3841,13744,1283,14754,14754,0,260,0,272,1000791,125
baseline_24h,12441600,8328000,14548800,10,0,0,10,10,0,328,10,10,10,0,15035,11193,3842,13752,1283,14764,14764,0,261,0,272,1001374,125
baseline_24h,12441600,8340000,14560800,13,0,2,15,15,0,324,13,13,13,0,15043,11199,3844,13760,1283,14767,14767,0,261,0,273,1001911,125
baseline_24h,12441600,8352000,14572800,17,0,0,17,17,0,322,17,17,17,0,15055,11209,3846,13772,1283,14777,14777,0,261,0,273,1002682,125
baseline_24h,12441600,8364000,14584800,18,0,1,19,19,0,320,18,18,18,0,15065,11216,3849,13782,1283,14785,14785,0,261,0,273,1003510,125
baseline_24h,12441600,8376000,14596800,18,0,1,19,19,0,319,18,18,18,0,15077,11226,3851,13794,1283,14796,14796,0,262,0,273,1004416,125
baseline_24h,12441600,8388000,14608800,20,0,2,22,22,0,317,19,19,20,0,15092,11235,3857,13809,1283,14808,14808,0,262,0,274,1005536,125
baseline_24h,12441600,8400000,14620800,18,0,2,20,20,0,319,18,18,18,0,15110,11248,3862,13827,1283,14828,14828,0,262,0,274,1006618,125
baseline_24h,12441600,8412000,14632800,14,0,4,18,17,1,321,14,14,14,0,15119,11252,3867,13835,1284,14839,14839,0,262,0,274,1007599,125
baseline_24h,12441600,8424000,14644800,12,0,3,15,14,1,324,11,11,12,0,15133,11260,3873,13849,1284,14855,14855,0,263,0,275,1008504,125
baseline_24h,12441600,8436000,14656800,11,0,0,11,10,1,328,11,11,11,0,15142,11266,3876,13858,1284,14868,14868,0,263,0,275,1009168,125
baseline_24h,12441600,8448000,14668800,10,0,3,13,12,1,326,10,10,10,0,15156,11274,3882,13871,1285,14880,14880,0,263,0,275,1010036,125
baseline_24h,12441600,8460000,14680800,13,0,2,15,14,1,325,13,13,13,0,15169,11284,3885,13884,1285,14891,14891,0,263,0,276,1010699,125
baseline_24h,12441600,8472000,14692800,16,0,0,16,15,1,323,16,16,16,0,15177,11292,3885,13892,1285,14897,14897,0,264,0,276,1011399,125
baseline_24h,12441600,8484000,14704800,16,0,0,16,16,0,322,16,16,16,0,15184,11298,3886,13899,1285,14903,14903,0,265,0,276,1012217,125
baseline_24h,12441600,8496000,14716800,16,0,2,18,18,0,321,16,16,16,0,15199,11308,3891,13914,1285,14916,14916,0,265,0,277,1013017,125
baseline_24h,12441600,8508000,14728800,18,0,1,19,19,0,319,17,17,18,0,15214,11320,3894,13929,1285,14929,14929,0,266,0,277,1013991,125
baseline_24h,12441600,8520000,14740800,17,0,2,19,19,0,319,17,17,17,0,15227,11329,3898,13942,1285,14942,14942,0,266,0,277,1014954,125
baseline_24h,12441600,8532000,14752800,13,0,2,15,15,0,323,11,11,13,0,15237,11335,3902,13952,1285,14955,14955,0,267,0,278,1015858,125
baseline_24h,12441600,8544000,14764800,15,0,0,15,14,1,323,15,15,15,0,15245,11343,3902,13959,1286,14963,14963,0,267,0,278,1016503,125
baseline_24h,12441600,8556000,14776800,13,0,0,13,12,1,325,13,13,13,0,15254,11349,3905,13968,1286,14973,14973,0,268,0,279,1017273,125
baseline_24h,12441600,8568000,14788800,17,0,1,18,17,1,320,17,17,17,0,15271,11363,3908,13985,1286,14985,14985,0,268,0,279,1018075,125
baseline_24h,12441600,8580000,14800800,14,0,3,17,16,1,321,14,14,14,0,15283,11371,3912,13996,1287,14998,14998,0,268,0,279,1018927,125
baseline_24h,12441600,8592000,14812800,12,0,2,14,12,2,325,12,12,12,0,15290,11374,3916,14002,1288,15008,15008,0,268,0,280,1019830,125
baseline_24h,12441600,8604000,14824800,11,0,3,14,13,1,324,11,11,11,0,15304,11382,3922,14016,1288,15021,15021,0,269,0,280,1020575,125
baseline_24h,12441600,8616000,14836800,16,0,0,16,15,1,322,16,16,16,0,15315,11390,3925,14026,1289,15030,15030,0,269,0,280,1021338,125
baseline_24h,12441600,8628000,14848800,17,0,0,17,17,0,322,17,17,17,0,15330,11403,3927,14041,1289,15044,15044,0,269,0,281,1022145,125
baseline_24h,12441600,8640000,14860800,18,0,3,21,21,0,318,16,16,18,0,15344,11413,3931,14055,1289,15053,15053,0,270,0,282,1023126,125
baseline_24h,12441600,8652000,14872800,15,0,1,16,16,0,323,15,15,15,0,15357,11422,3935,14068,1289,15071,15071,0,270,0,282,1024100,125
baseline_24h,12441600,8664000,14884800,15,0,2,17,17,0,321,15,15,15,0,15368,11429,3939,14079,1289,15080,15080,0,271,0,282,1025017,125
baseline_24h,12441600,8676000,14896800,15,0,0,15,15,0,324,15,15,15,0,15382,11441,3941,14093,1289,15096,15096,0,271,0,283,1025915,125
baseline_24h,12441600,8688000,14908800,18,0,2,20,20,0,319,17,17,18,0,15394,11451,3943,14105,1289,15103,15103,0,271,0,283,1026618,125
baseline_24h,12441600,8700000,14920800,15,0,2,17,17,0,322,15,15,15,0,15407,11460,3947,14118,1289,15118,15118,0,272,0,284,1027616,125
baseline_24h,12441600,8712000,14932800,15,0,0,15,15,0,324,15,15,15,0,15419,11472,3947,14130,1289,15132,15132,0,272,0,284,1028401,125
baseline_24h,12441600,8724000,14944800,16,0,2,18,18,0,322,15,15,16,0,15432,11483,3949,14143,1289,15142,15142,0,272,0,285,1029156,125
baseline_24h,12441600,8736000,14956800,14,0,2,16,16,0,324,13,12,14,0,15441,11489,3952,14152,1289,15153,15153,0,272,0,285,1029969,125
baseline_24h,12441600,8748000,14968800,17,0,2,19,19,0,320,15,15,17,0,15459,11504,3955,14170,1289,15167,15167,0,273,0,285,1030688,125
baseline_24h,12441600,8760000,14980800,15,0,2,17,17,0,323,14,14,15,0,15470,11512,3958,14181,1289,15180,15180,0,273,0,286,1031580,125
baseline_24h,12441600,8772000,14992800,14,0,2,16,16,0,324,14,14,14,0,15478,11518,3960,14189,1289,15189,15189,0,273,0,286,1032494,125
baseline_24h,12441600,8784000,15004800,15,0,1,16,16,0,324,15,15,15,0,15492,11530,3962,14203,1289,15202,15202,0,274,0,287,1033183,125
baseline_24h,12441600,8796000,15016800,16,0,0,16,16,0,324,16,16,16,0,15500,11538,3962,14211,1289,15210,15210,0,274,0,287,1033827,125
baseline_24h,12441600,8808000,15028800,14,0,2,16,16,0,324,14,14,14,0,15507,11543,3964,14218,1289,15217,15217,0,274,0,287,1034602,125
baseline_24h,12441600,8820000,15040800,18,0,1,19,19,0,321,18,18,18,0,15521,11554,3967,14232,1289,15228,15228,0,274,0,287,1035442,125
baseline_24h,12441600,8832000,15052800,19,0,2,21,21,0,319,19,19,19,0,15537,11567,3970,14248,1289,15241,15241,0,275,0,288,1036286,125
baseline_24h,12441600,8844000,15064800,18,0,0,18,18,0,321,18,18,18,0,15545,11574,3971,14256,1289,15251,15251,0,276,0,288,1037131,125
baseline_24h,12441600,8856000,15076800,17,0,1,18,18,0,321,15,15,17,0,15555,11583,3972,14266,1289,15261,15261,0,276,0,288,1037783,125
baseline_24h,12441600,8868000,15088800,19,0,4,23,23,0,317,19,19,19,0,15572,11593,3979,14283,1289,15273,15273,0,276,0,289,1038764,125
baseline_24h,12441600,8880000,15100800,20,0,0,20,20,0,320,20,20,20,0,15581,11601,3980,14292,1289,15285,15285,0,276,0,289,1039790,125
baseline_24h,12441600,8892000,15112800,22,0,3,25,25,0,315,21,21,22,0,15602,11617,3985,14313,1289,15300,15300,0,277,0,290,1040802,125
baseline_24h,12441600,8904000,15124800,15,0,3,18,18,0,322,15,15,15,0,15613,11623,3990,14324,1289,15318,15318,0,277,0,290,1041821,125
baseline_24h,12441600,8916000,15136800,11,0,1,12,11,1,327,11,11,11,0,15626,11632,3994,14334,1292,15336,15336,0,278,0,290,1042697,125
baseline_24h,12441600,8928000,15148800,10,0,3,13,12,1,327,10,10,10,0,15639,11638,4001,14346,1293,15348,15348,0,278,0,291,1043652,125
baseline_24h,12441600,8940000,15160800,14,0,1,15,15,0,324,14,14,14,0,15651,11647,4004,14358,1293,15357,15357,0,279,0,291,1044404,125
baseline_24h,12441600,8952000,15172800,18,0,1,19,19,0,319,18,18,18,0,15665,11659,4006,14372,1293,15366,15366,0,280,0,291,1045315,125
baseline_24h,12441600,8964000,15184800,17,0,1,18,18,0,321,16,16,17,0,15676,11666,4010,14383,1293,15378,15378,0,280,0,292,1046298,125
baseline_24h,12441600,8976000,15196800,20,0,0,20,20,0,318,19,19,20,0,15693,11681,4012,14400,1293,15392,15392,0,281,0,292,1047170,125
baseline_24h,12441600,8988000,15208800,22,0,2,24,24,0,314,22,22,22,0,15709,11694,4015,14416,1293,15404,15404,0,281,0,292,1048175,125
baseline_24h,12441600,9000000,15220800,17,0,2,19,18,1,319,17,17,17,0,15721,11702,4019,14427,1294,15420,15420,0,282,0,293,1049255,125
baseline_24h,12441600,9012000,15232800,12,0,3,15,14,1,323,12,12,12,0,15735,11710,4025,14439,1296,15438,15438,0,282,0,293,1050173,125
baseline_24h,12441600,9024000,15244800,11,0,2,13,12,1,325,11,11,11,0,15746,11717,4029,14449,1297,15450,15450,0,283,0,294,1051214,125
baseline_24h,12441600,9036000,15256800,8,0,3,11,11,0,327,8,8,8,0,15758,11723,4035,14461,1297,15464,15464,0,283,0,294,1051867,125
baseline_24h,12441600,9048000,15268800,8,0,1,9,9,0,328,8,8,8,0,15768,11730,4038,14471,1297,15475,15475,0,284,0,294,1052408,125
baseline_24h,12441600,9060000,15280800,10,0,1,11,11,0,327,10,10,10,0,15781,11740,4041,14484,1297,15486,15486,0,284,0,295,1053080,125
baseline_24h,12441600,9072000,15292800,14,0,2,16,16,0,322,12,12,14,0,15793,11749,4044,14496,1297,15493,15493,0,284,0,295,1053857,125
baseline_24h,12441600,9084000,15304800,14,0,0,14,14,0,323,14,14,14,0,15806,11760,4046,14509,1297,15507,15507,0,285,0,295,1054637,125
baseline_24h,12441600,9096000,15316800,15,0,1,16,16,0,321,15,15,15,0,15814,11767,4047,14517,1297,15513,15513,0,285,0,295,1055362,125
baseline_24h,12441600,9108000,15328800,13,0,4,17,16,1,320,13,13,13,0,15830,11777,4053,14532,1298,15527,15527,0,286,0,296,1056030,125
baseline_24h,12441600,9120000,15340800,10,0,0,10,10,0,327,10,10,10,0,15839,11783,4056,14540,1299,15543,15543,0,286,0,296,1056779,125
baseline_24h,12441600,9132000,15352800,9,0,1,10,10,0,327,9,9,9,0,15847,11790,4057,14548,1299,15551,15551,0,286,0,296,1057227,125
baseline_24h,12441600,9144000,15364800,16,0,1,17,16,1,319,16,16,16,0,15861,11802,4059,14561,1300,15557,15557,0,287,0,296,1057895,125
baseline_24h,12441600,9156000,15376800,21,0,1,22,21,1,315,20,20,21,0,15872,11811,4061,14571,1301,15563,15563,0,287,0,297,1058760,125
baseline_24h,12441600,9168000,15388800,24,0,0,24,24,0,313,24,24,24,0,15892,11828,4064,14591,1301,15581,15581,0,287,0,297,1059780,125
baseline_24h,12441600,9180000,15400800,23,0,2,25,24,1,312,22,22,23,0,15902,11836,4066,14600,1302,15590,15590,0,287,0,297,1060786,125
baseline_24h,12441600,9192000,15412800,20,0,1,21,21,0,316,20,20,20,0,15914,11846,4068,14611,1303,15605,15605,0,288,0,298,1061736,125
baseline_24h,12441600,9204000,15424800,16,0,1,17,17,0,320,16,16,16,0,15926,11855,4071,14623,1303,15621,15621,0,288,0,298,1062582,125
baseline_24h,12441600,9216000,15436800,14,0,0,14,14,0,322,14,14,14,0,15933,11862,4071,14630,1303,15630,15630,0,289,0,298,1063294,125
baseline_24h,12441600,9228000,15448800,16,0,1,17,17,0,318,16,16,16,0,15946,11872,4074,14643,1303,15639,15639,0,290,0,298,1064083,125
baseline_24h,12441600,9240000,15460800,14,0,1,15,15,0,320,14,14,14,0,15957,11881,4076,14654,1303,15652,15652,0,290,0,298,1064832,125
baseline_24h,12441600,9252000,15472800,11,0,1,12,12,0,324,11,11,11,0,15963,11885,4078,14660,1303,15661,15661,0,290,0,299,1065462,125
baseline_24h,12441600,9264000,15484800,11,0,3,14,14,0,322,11,11,11,0,15977,11894,4083,14674,1303,15673,15673,0,290,0,299,1066197,125
baseline_24h,12441600,9276000,15496800,14,0,2,16,16,0,320,14,14,14,0,15989,11902,4087,14686,1303,15682,15682,0,291,0,300,1066989,125
baseline_24h,12441600,9288000,15508800,17,0,0,17,17,0,319,15,15,17,0,15998,11911,4087,14695,1303,15690,15690,0,291,0,300,1067692,125
baseline_24h,12441600,9300000,15520800,18,0,2,20,20,0,317,18,18,18,0,16009,11920,4089,14706,1303,15698,15698,0,291,0,301,1068613,125
baseline_24h,12441600,9312000,15532800,16,0,0,16,16,0,320,16,16,16,0,16018,11929,4089,14715,1303,15710,15710,0,292,0,301,1069553,125
baseline_24h,12441600,9324000,15544800,21,0,2,23,23,0,313,21,21,21,0,16032,11941,4091,14729,1303,15717,15717,0,292,0,301,1070496,125
baseline_24h,12441600,9336000,15556800,18,0,3,21,21,0,316,18,18,18,0,16049,11952,4097,14746,1303,15736,15736,0,292,0,302,1071496,125
baseline_24h,12441600,9348000,15568800,18,0,2,20,20,0,316,18,18,18,0,16057,11956,4101,14754,1303,15744,15744,0,293,0,302,1072556,125
baseline_24h,12441600,9360000,15580800,17,0,3,20,20,0,317,17,17,17,0,16071,11963,4108,14768,1303,15758,15758,0,293,0,303,1073747,125
baseline_24h,12441600,9372000,15592800,14,0,0,14,14,0,322,14,14,14,0,16083,11974,4109,14780,1303,15775,15775,0,294,0,303,1074652,125
baseline_24h,12441600,9384000,15604800,16,0,0,16,16,0,319,16,16,16,0,16097,11987,4110,14794,1303,15786,15786,0,295,0,303,1075545,125
baseline_24h,12441600,9396000,15616800,15,0,3,18,18,0,318,15,15,15,0,16107,11994,4113,14804,1303,15794,15794,0,295,0,304,1076312,125
baseline_24h,12441600,9408000,15628800,15,0,2,17,16,1,318,15,15,15,0,16119,12001,4118,14815,1304,15806,15806,0,296,0,304,1077230,125
baseline_24h,12441600,9420000,15640800,16,0,1,17,14,3,318,16,16,16,0,16131,12011,4120,14825,1306,15818,15818,0,296,0,304,1078081,126
baseline_24h,12441600,9432000,15652800,20,0,1,21,18,3,314,20,20,20,0,16144,12021,4123,14836,1308,15827,15827,0,296,0,304,1079032,126
baseline_24h,12441600,9444000,15664800,14,0,1,15,13,2,320,13,13,14,0,16154,12030,4124,14845,1309,15842,15842,0,297,0,305,1079800,126
baseline_24h,12441600,9456000,15676800,11,0,2,13,12,1,322,11,11,11,0,16163,12036,4127,14854,1309,15853,15853,0,297,0,305,1080492,126
baseline_24h,12441600,9468000,15688800,13,0,0,13,12,1,321,13,13,13,0,16173,12046,4127,14864,1309,15862,15862,0,298,0,305,1081101,126
baseline_24h,12441600,9480000,15700800,10,0,1,11,10,1,323,10,10,10,0,16184,12055,4129,14874,1310,15875,15875,0,298,0,305,1081675,126
baseline_24h,12441600,9492000,15712800,16,0,0,16,14,2,318,16,16,16,0,16195,12066,4129,14884,1311,15881,15881,0,298,0,305,1082363,126
baseline_24h,12441600,9504000,15724800,15,0,2,17,15,2,318,15,15,15,0,16204,12072,4132,14892,1312,15889,15889,0,298,0,306,1083131,126
baseline_24h,12441600,9516000,15736800,16,0,1,17,16,1,317,16,16,16,0,16219,12086,4133,14906,1313,15903,15903,0,299,0,306,1083990,126
baseline_24h,12441600,9528000,15748800,17,0,3,20,19,1,315,17,17,17,0,16232,12095,4137,14919,1313,15913,15913,0,299,0,307,1084896,127
baseline_24h,12441600,9540000,15760800,17,0,0,17,17,0,318,17,17,17,0,16243,12105,4138,14930,1313,15927,15927,0,299,0,307,1085770,127
baseline_24h,12441600,9552000,15772800,17,0,1,18,18,0,316,17,17,17,0,16252,12112,4140,14939,1313,15934,15934,0,300,0,307,1086598,127
baseline_24h,12441600,9564000,15784800,18,0,2,20,20,0,315,18,18,18,0,16270,12125,4145,14957,1313,15950,15950,0,300,0,308,1087548,127
baseline_24h,12441600,9576000,15796800,19,0,1,20,19,1,315,19,19,19,0,16284,12134,4150,14969,1315,15964,15964,0,300,0,308,1088618,127
baseline_24h,12441600,9588000,15808800,14,0,3,17,17,0,319,14,14,14,0,16296,12142,4154,14979,1317,15979,15979,0,300,0,309,1089512,127
baseline_24h,12441600,9600000,15820800,13,0,1,14,14,0,321,13,13,13,0,16307,12151,4156,14990,1317,15992,15992,0,301,0,309,1090340,127
baseline_24h,12441600,9612000,15832800,14,0,2,16,16,0,319,12,12,14,0,16320,12160,4160,15003,1317,16002,16002,0,302,0,310,1091159,127
baseline_24h,12441600,9624000,15844800,13,0,2,15,15,0,320,13,13,13,0,16331,12168,4163,15014,1317,16014,16014,0,302,0,310,1091947,127
baseline_24h,12441600,9636000,15856800,15,0,0,15,15,0,320,15,15,15,0,16340,12177,4163,15023,1317,16023,16023,0,302,0,310,1092537,127
baseline_24h,12441600,9648000,15868800,16,0,1,17,17,0,319,16,16,16,0,16352,12186,4166,15035,1317,16033,16033,0,302,0,311,1093348,127
baseline_24h,12441600,9660000,15880800,17,0,2,19,18,1,316,17,17,17,0,16368,12197,4171,15050,1318,16046,16046,0,303,0,311,1094161,127
baseline_24h,12441600,9672000,15892800,14,0,3,17,17,0,319,14,14,14,0,16375,12199,4176,15056,1319,16055,16055,0,303,0,312,1095040,127
baseline_24h,12441600,9684000,15904800,16,0,1,17,16,1,319,16,16,16,0,16393,12211,4182,15070,1323,16073,16073,0,303,0,312,1095923,127
baseline_24h,12441600,9696000,15916800,14,0,1,15,15,0,320,14,14,14,0,16402,12219,4183,15079,1323,16083,16083,0,304,0,312,1096643,127
baseline_24h,12441600,9708000,15928800,14,0,0,14,14,0,322,14,14,14,0,16417,12228,4189,15092,1325,16099,16099,0,304,0,313,1097533,127
baseline_24h,12441600,9720000,15940800,12,0,2,14,14,0,323,11,11,12,0,16428,12237,4191,15103,1325,16110,16110,0,304,0,314,1098144,127
baseline_24h,12441600,9732000,15952800,11,0,0,11,11,0,325,11,11,11,0,16434,12242,4192,15109,1325,16118,16118,0,305,0,314,1098842,127
baseline_24h,12441600,9744000,15964800,10,0,1,11,11,0,325,10,10,10,0,16445,12251,4194,15120,1325,16129,16129,0,305,0,314,1099456,127
baseline_24h,12441600,9756000,15976800,17,0,0,17,17,0,320,16,16,17,0,16458,12261,4197,15133,1325,16136,16136,0,305,0,315,1100286,127
baseline_24h,12441600,9768000,15988800,16,0,2,18,18,0,318,16,16,16,0,16468,12267,4201,15143,1325,16144,16144,0,306,0,315,1101152,127
baseline_24h,12441600,9780000,16000800,14,0,2,16,16,0,320,14,14,14,0,16481,12277,4204,15156,1325,16159,16159,0,306,0,315,1101933,127
baseline_24h,12441600,9792000,16012800,14,0,3,17,17,0,319,14,14,14,0,16490,12281,4209,15165,1325,16166,16166,0,307,0,316,1102865,127
baseline_24h,12441600,9804000,16024800,13,0,3,16,16,0,320,13,13,13,0,16501,12288,4213,15176,1325,16178,16178,0,307,0,316,1103647,127
baseline_24h,12441600,9816000,16036800,11,0,2,13,13,0,323,11,11,11,0,16513,12294,4219,15188,1325,16192,16192,0,308,0,317,1104376,127
baseline_24h,12441600,9828000,16048800,10,0,2,12,12,0,324,9,9,10,0,16521,12298,4223,15196,1325,16201,16201,0,308,0,317,1104936,127
baseline_24h,12441600,9840000,16060800,8,0,2,10,10,0,327,8,8,8,0,16531,12305,4226,15206,1325,16213,16213,0,308,0,318,1105591,127
baseline_24h,12441600,9852000,16072800,9,0,1,10,10,0,326,9,9,9,0,16541,12310,4231,15216,1325,16222,16222,0,309,0,318,1106133,127
baseline_24h,12441600,9864000,16084800,17,0,3,20,19,1,317,17,17,17,0,16560,12324,4236,15234,1326,16231,16231,0,309,0,319,1106909,127
baseline_24h,12441600,9876000,16096800,26,0,3,29,28,1,308,26,26,26,0,16581,12340,4241,15255,1326,16243,16243,0,309,0,319,1108209,127
baseline_24h,12441600,9888000,16108800,28,0,2,30,29,1,307,28,28,28,0,16600,12355,4245,15274,1326,16261,16261,0,309,0,319,1109623,127
baseline_24h,12441600,9900000,16120800,30,0,3,33,32,1,304,29,29,30,0,16622,12372,4250,15295,1327,16280,16280,0,309,0,319,1111225,129
baseline_24h,12441600,9912000,16132800,29,0,2,31,30,1,306,29,29,29,0,16639,12385,4254,15312,1327,16298,16298,0,310,0,320,1112814,129
baseline_24h,12441600,9924000,16144800,27,0,1,28,27,1,309,27,27,27,0,16659,12400,4259,15330,1329,16321,16321,0,310,0,320,1114087,129
baseline_24h,12441600,9936000,16156800,25,0,1,26,26,0,311,20,20,25,0,16678,12414,4264,15349,1329,16342,16342,0,310,0,320,1115430,129
baseline_24h,12441600,9948000,16168800,24,0,0,24,24,0,313,24,24,24,0,16695,12429,4266,15366,1329,16360,16360,0,311,0,321,1116780,129
baseline_24h,12441600,9960000,16180800,31,0,1,32,32,0,305,31,31,31,0,16717,12448,4269,15388,1329,16374,16374,0,311,0,321,1118168,129
baseline_24h,12441600,9972000,16192800,31,0,1,32,32,0,305,31,31,31,0,16738,12464,4274,15409,1329,16395,16395,0,311,0,321,1119725,129
baseline_24h,12441600,9984000,16204800,30,0,4,34,34,0,302,28,28,30,0,16760,12479,4281,15431,1329,16414,16414,0,312,0,321,1121258,129
baseline_24h,12441600,9996000,16216800,20,0,2,22,22,0,315,20,20,20,0,16776,12489,4287,15447,1329,16442,16442,0,312,0,322,1122646,129
baseline_24h,12441600,10008000,16228800,25,0,0,25,25,0,312,25,25,25,0,16791,12503,4288,15462,1329,16454,16454,0,312,0,322,1123759,129
baseline_24h,12441600,10020000,16240800,28,0,5,33,32,1,304,28,28,28,0,16822,12524,4298,15491,1331,16477,16477,0,312,0,322,1125308,129
baseline_24h,12441600,10032000,16252800,23,0,3,26,26,0,310,23,23,23,0,16842,12540,4302,15511,1331,16503,16503,0,313,0,322,1126735,129
baseline_24h,12441600,10044000,16264800,24,0,2,26,26,0,311,22,22,24,0,16861,12555,4306,15530,1331,16522,16522,0,313,0,323,1127963,129
baseline_24h,12441600,10056000,16276800,24,0,2,26,26,0,311,24,24,24,0,16878,12569,4309,15547,1331,16539,16539,0,313,0,323,1129245,129
baseline_24h,12441600,10068000,16288800,27,0,2,29,29,0,307,27,27,27,0,16907,12589,4318,15576,1331,16564,16564,0,314,0,323,1130829,129
baseline_24h,12441600,10080000,16300800,31,0,3,34,33,1,303,30,30,31,0,16931,12608,4323,15599,1332,16583,16583,0,314,0,324,1132347,131
baseline_24h,12441600,10092000,16312800,30,0,4,34,32,2,303,30,30,30,0,16951,12623,4328,15618,1333,16603,16603,0,314,0,324,1133942,131
baseline_24h,12441600,10104000,16324800,28,0,2,30,28,2,307,28,28,28,0,16968,12637,4331,15634,1334,16624,16624,0,314,0,324,1135508,131
baseline_24h,12441600,10116000,16336800,25,0,2,27,27,0,309,24,24,25,0,16989,12654,4335,15655,1334,16647,16647,0,315,0,324,1136862,133
baseline_24h,12441600,10128000,16348800,23,0,6,29,29,0,308,22,22,23,0,17013,12666,4347,15679,1334,16669,16669,0,315,0,325,1138240,133
baseline_24h,12441600,10140000,16360800,23,0,2,25,25,0,311,23,23,23,0,17031,12680,4351,15697,1334,16690,16690,0,316,0,325,1139461,133
baseline_24h,12441600,10152000,16372800,28,0,1,29,29,0,307,22,22,28,0,17051,12693,4358,15717,1334,16706,16706,0,316,0,325,1140769,133
baseline_24h,12441600,10164000,16384800,29,0,1,30,29,1,307,28,28,29,0,17075,12712,4363,15740,1335,16729,16729,0,316,0,326,1142342,133
baseline_24h,12441600,10176000,16396800,31,0,1,32,29,3,304,30,28,31,0,17096,12731,4365,15759,1337,16747,16747,0,317,0,326,1143991,133
baseline_24h,12441600,10188000,16408800,30,0,4,34,31,3,303,27,27,30,0,17121,12750,4371,15781,1340,16770,16770,0,317,0,327,1145572,133
baseline_24h,12441600,10200000,16420800,31,0,2,33,30,3,304,29,29,31,0,17143,12765,4378,15802,1341,16793,16793,0,317,0,327,1147222,133
baseline_24h,12441600,10212000,16432800,29,0,0,29,27,2,307,29,29,29,0,17160,12780,4380,15818,1342,16813,16813,0,318,0,327,1148588,133
baseline_24h,12441600,10224000,16444800,27,0,2,29,27,2,307,27,27,27,0,17180,12794,4386,15837,1343,16833,16833,0,318,0,327,1149983,133
baseline_24h,12441600,10236000,16456800,24,0,1,25,25,0,312,24,24,24,0,17200,12808,4392,15857,1343,16857,16857,0,318,0,328,1151390,133
baseline_24h,12441600,10248000,16468800,27,0,1,28,27,1,309,27,27,27,0,17222,12823,4399,15878,1344,16876,16876,0,318,0,328,1152723,133
baseline_24h,12441600,10260000,16480800,26,0,0,26,25,1,310,23,23,26,0,17240,12836,4404,15896,1344,16895,16895,0,319,0,328,1154082,133
baseline_24h,12441600,10272000,16492800,23,0,2,25,24,1,311,23,23,23,0,17257,12850,4407,15912,1345,16913,16913,0,319,0,328,1155278,133
baseline_24h,12441600,10284000,16504800,29,0,5,34,33,1,303,29,29,29,0,17284,12868,4416,15939,1345,16931,16931,0,319,0,329,1156769,133
baseline_24h,12441600,10296000,16516800,27,0,3,30,29,1,305,27,27,27,0,17307,12885,4422,15961,1346,16956,16956,0,321,0,329,1158276,135
baseline_24h,12441600,10308000,16528800,27,0,5,32,32,0,303,27,27,27,0,17328,12897,4431,15982,1346,16975,16975,0,321,0,329,1159627,135
baseline_24h,12441600,10320000,16540800,26,0,1,27,26,1,309,26,26,26,0,17348,12914,4434,16001,1347,17000,17000,0,321,0,330,1161058,135
baseline_24h,12441600,10332000,16552800,28,0,2,30,30,0,306,27,27,28,0,17367,12929,4438,16020,1347,17016,17016,0,321,0,330,1162513,135
baseline_24h,12441600,10344000,16564800,26,0,1,27,27,0,308,26,26,26,0,17386,12943,4443,16039,1347,17037,17037,0,322,0,330,1163909,135
baseline_24h,12441600,10356000,16576800,27,0,3,30,29,1,306,27,27,27,0,17408,12961,4447,16060,1348,17056,17056,0,322,0,331,1165115,135
baseline_24h,12441600,10368000,16588800,31,0,4,35,34,1,301,27,27,31,0,17430,12977,4453,16080,1350,17073,17073,0,322,0,331,1166619,135
baseline_24h,12441600,10380000,16600800,29,0,1,30,29,1,305,29,29,29,0,17454,12995,4459,16104,1350,17101,17101,0,323,0,331,1168206,135
baseline_24h,12441600,10392000,16612800,33,0,3,36,35,1,299,32,32,33,0,17487,13021,4466,16136,1351,17128,17128,0,323,0,331,1169773,135
baseline_24h,12441600,10404000,16624800,29,0,4,33,30,3,303,29,29,29,0,17505,13034,4471,16152,1353,17149,17149,0,323,0,332,1171407,135
baseline_24h,12441600,10416000,16636800,30,0,2,32,31,1,303,30,30,30,0,17529,13052,4477,16174,1355,17173,17173,0,324,0,332,1173024,137
baseline_24h,12441600,10428000,16648800,31,0,2,33,32,1,303,31,31,31,0,17549,13069,4480,16194,1355,17192,17192,0,324,0,333,1174580,137
baseline_24h,12441600,10440000,16660800,25,0,3,28,27,1,308,24,24,25,0,17568,13083,4485,16212,1356,17216,17216,0,324,0,333,1176107,138
baseline_24h,12441600,10452000,16672800,31,0,2,33,32,1,303,31,31,31,0,17591,13099,4492,16234,1357,17234,17234,0,324,0,333,1177700,138
baseline_24h,12441600,10464000,16684800,31,0,2,33,33,0,302,29,29,31,0,17616,13117,4499,16259,1357,17258,17258,0,325,0,333,1179301,138
baseline_24h,12441600,10476000,16696800,32,0,3,35,35,0,301,26,26,32,0,17642,13137,4505,16285,1357,17282,17282,0,325,0,334,1180890,138
baseline_24h,12441600,10488000,16708800,25,0,4,29,29,0,307,25,25,25,0,17661,13150,4511,16304,1357,17307,17307,0,325,0,334,1182483,138
baseline_24h,12441600,10500000,16720800,27,0,3,30,30,0,305,27,27,27,0,17688,13169,4519,16331,1357,17332,17332,0,326,0,334,1184261,138
baseline_24h,12441600,10512000,16732800,27,0,2,29,29,0,306,27,27,27,0,17716,13188,4528,16359,1357,17361,17361,0,326,0,334,1185977,138
baseline_24h,12441600,10524000,16744800,29,0,4,33,33,0,302,29,29,29,0,17746,13209,4537,16389,1357,17386,17386,0,327,0,335,1187548,138
baseline_24h,12441600,10536000,16756800,29,0,4,33,32,1,302,29,29,29,0,17767,13222,4545,16409,1358,17407,17407,0,327,0,335,1189214,138
baseline_24h,12441600,10548000,16768800,30,0,1,31,30,1,303,30,30,30,0,17786,13235,4551,16428,1358,17427,17427,0,328,0,335,1190853,138
baseline_24h,12441600,10560000,16780800,30,0,5,35,34,1,300,29,29,30,0,17809,13251,4558,16450,1359,17446,17446,0,328,0,336,1192434,138
baseline_24h,12441600,10572000,16792800,32,0,1,33,32,1,302,32,32,32,0,17828,13269,4559,16469,1359,17467,17467,0,328,0,336,1193990,138
baseline_24h,12441600,10584000,16804800,30,0,3,33,33,0,301,23,23,30,0,17849,13285,4564,16490,1359,17487,17487,0,329,0,336,1195536,138
baseline_24h,12441600,10596000,16816800,24,0,2,26,26,0,309,24,24,24,0,17870,13299,4571,16511,1359,17515,17515,0,329,0,337,1197162,138
baseline_24h,12441600,10608000,16828800,29,0,2,31,31,0,304,26,27,29,0,17901,13321,4580,16542,1359,17541,17541,0,329,0,337,1198793,138
baseline_24h,12441600,10620000,16840800,34,0,1,35,35,0,299,34,34,34,0,17919,13335,4584,16560,1359,17554,17554,0,330,0,337,1200443,138
baseline_24h,12441600,10632000,16852800,31,0,2,33,32,1,301,31,31,31,0,17941,13354,4587,16581,1360,17578,17578,0,330,0,337,1201968,138
baseline_24h,12441600,10644000,16864800,29,0,1,30,29,1,304,29,29,29,0,17966,13374,4592,16605,1361,17605,17605,0,331,0,338,1203591,138
baseline_24h,12441600,10656000,16876800,33,0,2,35,35,0,299,33,33,33,0,17990,13392,4598,16629,1361,17624,17624,0,331,0,338,1205218,139
baseline_24h,12441600,10668000,16888800,33,0,3,36,36,0,298,33,33,33,0,18010,13409,4601,16649,1361,17643,17643,0,331,0,338,1206626,139
baseline_24h,12441600,10680000,16900800,32,0,1,33,33,0,301,30,30,32,0,18031,13425,4606,16670,1361,17666,17666,0,332,0,339,1208145,140
baseline_24h,12441600,10692000,16912800,32,0,3,35,35,0,299,32,32,32,0,18050,13438,4612,16689,1361,17683,17683,0,332,0,339,1209725,140
baseline_24h,12441600,10704000,16924800,31,0,2,33,33,0,300,30,31,31,0,18073,13454,4619,16712,1361,17707,17707,0,333,0,339,1211271,140
baseline_24h,12441600,10716000,16936800,27,0,2,29,28,1,304,27,27,27,0,18091,13470,4621,16729,1362,17729,17729,0,333,0,339,1212748,140
baseline_24h,12441600,10728000,16948800,31,0,7,38,35,3,296,30,30,31,0,18123,13490,4633,16758,1365,17752,17752,0,333,0,340,1214355,140
baseline_24h,12441600,10740000,16960800,33,0,2,35,33,2,299,32,32,33,0,18143,13507,4636,16777,1366,17775,17775,0,333,0,340,1216015,140
baseline_24h,12441600,10752000,16972800,30,0,2,32,31,1,303,29,29,30,0,18156,13516,4640,16789,1367,17791,17791,0,333,0,341,1217651,140
baseline_24h,12441600,10764000,16984800,31,0,1,32,31,1,302,31,31,31,0,18185,13539,4646,16818,1367,17819,17819,0,334,0,341,1219205,140
baseline_24h,12441600,10776000,16996800,31,0,2,33,31,2,301,30,30,31,0,18206,13551,4655,16837,1369,17839,17839,0,334,0,341,1220805,141
baseline_24h,12441600,10788000,17008800,33,0,2,35,32,3,299,33,33,33,0,18240,13578,4662,16866,1374,17871,17871,0,334,0,341,1222527,141
baseline_24h,12441600,10800000,17020800,28,0,3,31,31,0,304,25,25,28,0,18263,13594,4669,16889,1374,17898,17898,0,334,0,342,1224250,141
baseline_24h,12441600,10812000,17032800,24,0,1,25,24,1,309,24,24,24,0,18284,13611,4673,16909,1375,17924,17924,0,335,0,342,1225905,141
baseline_24h,12441600,10824000,17044800,26,0,3,29,28,1,304,26,26,26,0,18312,13632,4680,16936,1376,17947,17947,0,336,0,342,1227550,142
baseline_24h,12441600,10836000,17056800,30,0,2,32,31,1,301,29,29,30,0,18344,13653,4691,16967,1377,17976,17976,0,336,0,342,1229130,142
baseline_24h,12441600,10848000,17068800,31,0,4,35,35,0,298,31,31,31,0,18372,13673,4699,16995,1377,18000,18000,0,337,0,343,1230757,142
baseline_24h,12441600,10860000,17080800,32,0,3,35,35,0,298,32,32,32,0,18396,13691,4705,17019,1377,18024,18024,0,337,0,343,1232516,142
baseline_24h,12441600,10872000,17092800,30,0,1,31,31,0,303,29,29,30,0,18415,13708,4707,17038,1377,18047,18047,0,337,0,344,1234187,142
baseline_24h,12441600,10884000,17104800,22,0,7,29,29,0,305,21,21,22,0,18437,13718,4719,17060,1377,18071,18071,0,337,0,344,1235900,142
baseline_24h,12441600,10896000,17116800,31,0,2,33,30,3,301,31,31,31,0,18468,13741,4727,17087,1381,18097,18097,0,338,0,345,1237679,142
baseline_24h,12441600,10908000,17128800,31,0,3,34,33,1,299,27,27,31,0,18499,13762,4737,17116,1383,18126,18126,0,339,0,345,1239393,142
baseline_24h,12441600,10920000,17140800,24,0,1,25,22,3,309,24,23,24,0,18521,13779,4742,17135,1386,18157,18157,0,339,0,346,1241121,142
baseline_24h,12441600,10932000,17152800,29,0,3,32,30,2,302,29,29,29,0,18553,13800,4753,17167,1386,18182,18182,0,339,0,346,1242695,144
baseline_24h,12441600,10944000,17164800,33,0,3,36,33,3,298,33,33,33,0,18584,13826,4758,17195,1389,18208,18208,0,340,0,347,1244374,144
baseline_24h,12441600,10956000,17176800,34,0,0,34,32,2,299,34,34,34,0,18606,13842,4764,17216,1390,18231,18231,0,341,0,347,1246119,144
baseline_24h,12441600,10968000,17188800,31,0,2,33,30,3,300,30,30,31,0,18633,13865,4768,17240,1393,18259,18259,0,341,0,347,1247760,144
baseline_24h,12441600,10980000,17200800,28,0,1,29,28,1,305,28,28,28,0,18653,13877,4776,17258,1395,18283,18283,0,341,0,348,1249556,146
baseline_24h,12441600,10992000,17212800,28,0,4,32,30,2,301,28,28,28,0,18684,13895,4789,17287,1397,18310,18310,0,342,0,348,1251316,146
baseline_24h,12441600,11004000,17224800,30,0,2,32,30,2,302,29,29,30,0,18712,13919,4793,17315,1397,18338,18338,0,342,0,349,1253001,146
baseline_24h,12441600,11016000,17236800,30,0,5,35,33,2,300,25,25,30,0,18739,13939,4800,17340,1399,18362,18362,0,342,0,350,1254695,147
baseline_24h,12441600,11028000,17248800,30,0,2,32,30,2,303,29,29,30,0,18764,13959,4805,17365,1399,18390,18390,0,342,0,350,1256255,147
baseline_24h,12441600,11040000,17260800,28,0,1,29,28,1,305,26,26,28,0,18784,13974,4810,17385,1399,18412,18412,0,343,0,350,1257810,147
baseline_24h,12441600,11052000,17272800,29,0,3,32,31,1,302,28,28,29,0,18814,13993,4821,17415,1399,18438,18438,0,344,0,351,1259323,149
baseline_24h,12441600,11064000,17284800,31,0,3,34,33,1,300,29,29,31,0,18834,14008,4826,17435,1399,18456,18456,0,344,0,351,1260861,150
baseline_24h,12441600,11076000,17296800,25,0,5,30,27,3,304,22,22,25,0,18857,14021,4836,17455,1402,18482,18482,0,345,0,352,1262462,150
baseline_24h,12441600,11088000,17308800,29,0,2,31,29,2,303,28,28,29,0,18881,14041,4840,17478,1403,18505,18505,0,345,0,352,1264155,150
baseline_24h,12441600,11100000,17320800,32,0,2,34,32,2,300,31,31,32,0,18912,14064,4848,17509,1403,18533,18533,0,345,0,352,1265809,150
baseline_24h,12441600,11112000,17332800,30,0,3,33,32,1,301,29,29,30,0,18938,14079,4859,17535,1403,18559,18559,0,346,0,353,1267543,150
baseline_24h,12441600,11124000,17344800,31,0,4,35,34,1,299,25,25,31,0,18968,14103,4865,17565,1403,18587,18587,0,346,0,353,1268989,150
baseline_24h,12441600,11136000,17356800,29,0,4,33,32,1,302,27,27,29,0,18990,14117,4873,17587,1403,18611,18611,0,346,0,354,1270892,150
baseline_24h,12441600,11148000,17368800,35,0,2,37,36,1,297,33,34,35,0,19018,14142,4876,17615,1403,18634,18634,0,347,0,354,1272456,150
baseline_24h,12441600,11160000,17380800,31,0,0,31,30,1,304,29,29,31,0,19033,14154,4879,17630,1403,18655,18655,0,347,0,355,1274210,152
baseline_24h,12441600,11172000,17392800,33,0,2,35,34,1,299,32,32,33,0,19058,14171,4887,17655,1403,18675,18675,0,348,0,355,1275790,152
baseline_24h,12441600,11184000,17404800,30,0,1,31,30,1,303,28,28,30,0,19077,14185,4892,17674,1403,18698,18698,0,348,0,355,1277504,152
baseline_24h,12441600,11196000,17416800,30,0,3,33,32,1,302,28,28,30,0,19104,14206,4898,17701,1403,18723,18723,0,348,0,356,1279152,152
baseline_24h,12441600,11208000,17428800,32,0,1,33,31,2,302,29,29,32,1,19129,14226,4903,17725,1404,18748,18748,0,348,0,356,1280692,152
baseline_24h,12441600,11220000,17440800,34,0,2,36,34,2,298,32,31,34,1,19158,14250,4908,17754,1404,18773,18773,0,349,0,356,1282269,154
baseline_24h,12441600,11232000,17452800,33,0,2,35,33,2,299,30,30,33,1,19178,14268,4910,17773,1405,18794,18794,0,349,0,356,1283915,154
baseline_24h,12441600,11244000,17464800,27,0,1,28,27,1,306,24,24,27,1,19193,14280,4913,17788,1405,18815,18815,0,350,0,357,1285510,154
baseline_24h,12441600,11256000,17476800,29,0,4,33,30,3,301,27,27,29,1,19213,14291,4922,17805,1408,18830,18830,0,350,0,357,1287079,154
baseline_24h,12441600,11268000,17488800,26,0,6,32,31,1,301,24,24,26,1,19243,14311,4932,17835,1408,18860,18860,0,351,0,357,1288812,155
baseline_24h,12441600,11280000,17500800,31,0,4,35,34,1,298,28,28,31,1,19266,14327,4939,17858,1408,18879,18879,0,352,0,358,1290569,155
baseline_24h,12441600,11292000,17512800,27,0,2,29,27,2,304,23,23,27,1,19289,14345,4944,17880,1409,18908,18908,0,352,0,358,1292159,155
baseline_24h,12441600,11304000,17524800,30,0,4,34,31,3,299,28,28,30,1,19315,14363,4952,17904,1411,18929,18929,0,352,0,358,1293937,155
baseline_24h,12441600,11316000,17536800,28,0,4,32,29,3,301,26,26,28,1,19342,14383,4959,17929,1413,18957,18957,0,353,0,359,1295656,155
baseline_24h,12441600,11328000,17548800,34,0,1,35,32,3,298,32,32,34,1,19369,14406,4963,17955,1414,18981,18981,0,353,0,359,1297295,157
baseline_24h,12441600,11340000,17560800,31,0,4,35,34,1,299,26,26,31,1,19388,14419,4969,17974,1414,19000,19000,0,353,0,360,1298782,157
baseline_24h,12441600,11352000,17572800,30,0,4,34,32,2,299,27,27,30,1,19414,14435,4979,17998,1416,19026,19026,0,354,0,360,1300407,157
baseline_24h,12441600,11364000,17584800,31,0,0,31,30,1,303,29,29,31,1,19435,14453,4982,18019,1416,19050,19050,0,354,0,361,1301988,159
baseline_24h,12441600,11376000,17596800,33,0,1,34,33,1,300,29,29,33,1,19456,14472,4984,18040,1416,19068,19068,0,354,0,361,1303437,159
baseline_24h,12441600,11388000,17608800,33,0,3,36,35,1,299,30,30,33,1,19477,14486,4991,18061,1416,19087,19087,0,354,0,362,1305039,159
baseline_24h,12441600,11400000,17620800,26,0,1,27,26,1,307,24,24,26,1,19497,14502,4995,18081,1416,19115,19115,0,355,0,362,1306511,159
baseline_24h,12441600,11412000,17632800,30,0,1,31,30,1,303,28,28,30,1,19518,14520,4998,18102,1416,19132,19132,0,355,0,362,1307954,159
baseline_24h,12441600,11424000,17644800,30,0,5,35,34,1,300,28,28,30,1,19545,14538,5007,18129,1416,19155,19155,0,355,0,363,1309452,159
baseline_24h,12441600,11436000,17656800,31,0,2,33,32,1,301,29,29,31,1,19573,14560,5013,18157,1416,19184,19184,0,356,0,363,1311001,159
baseline_24h,12441600,11448000,17668800,31,0,4,35,33,2,299,25,25,31,1,19594,14574,5020,18177,1417,19203,19203,0,356,0,363,1312517,161
baseline_24h,12441600,11460000,17680800,30,0,4,34,32,2,301,28,28,30,1,19617,14591,5026,18199,1418,19227,19227,0,356,0,364,1314131,161
baseline_24h,12441600,11472000,17692800,30,0,5,35,34,1,300,28,28,30,1,19643,14606,5037,18225,1418,19252,19252,0,356,0,364,1315923,161
baseline_24h,12441600,11484000,17704800,27,0,6,33,32,1,301,24,24,27,1,19665,14620,5045,18247,1418,19275,19275,0,357,0,364,1317646,161
baseline_24h,12441600,11496000,17716800,30,0,5,35,34,1,299,28,28,30,1,19687,14634,5053,18269,1418,19295,19295,0,357,0,364,1319377,161
baseline_24h,12441600,11508000,17728800,29,0,4,33,32,1,302,27,27,29,1,19711,14651,5060,18293,1418,19321,19321,0,357,0,365,1320989,161
baseline_24h,12441600,11520000,17740800,27,0,2,29,28,1,306,25,25,27,1,19728,14661,5067,18310,1418,19342,19342,0,357,0,365,1322585,161
baseline_24h,12441600,11532000,17752800,29,0,0,29,28,1,305,27,27,29,1,19750,14681,5069,18332,1418,19363,19363,0,358,0,365,1324079,161
baseline_24h,12441600,11544000,17764800,32,0,1,33,33,0,301,31,31,32,0,19776,14704,5072,18358,1418,19384,19384,0,359,0,366,1325713,161
baseline_24h,12441600,11556000,17776800,29,0,4,33,33,0,301,25,25,29,0,19805,14724,5081,18387,1418,19413,19413,0,359,0,366,1327331,161
baseline_24h,12441600,11568000,17788800,31,0,5,36,35,1,296,31,31,31,0,19831,14740,5091,18411,1420,19434,19434,0,361,0,366,1329092,163
baseline_24h,12441600,11580000,17800800,24,0,3,27,26,1,305,24,24,24,0,19851,14754,5097,18430,1421,19463,19463,0,361,0,366,1330712,163
baseline_24h,12441600,11592000,17812800,30,0,1,31,28,3,302,29,29,30,0,19878,14775,5103,18455,1423,19486,19486,0,361,0,367,1332280,163
baseline_24h,12441600,11604000,17824800,31,0,3,34,31,3,298,30,31,31,0,19901,14794,5107,18477,1424,19505,19505,0,362,0,367,1333804,163
baseline_24h,12441600,11616000,17836800,29,0,3,32,29,3,299,29,29,29,0,19919,14807,5112,18493,1426,19524,19524,0,363,0,367,1335448,163
baseline_24h,12441600,11628000,17848800,29,0,2,31,29,2,300,27,27,29,0,19937,14821,5116,18511,1426,19543,19543,0,363,0,367,1337024,163
baseline_24h,12441600,11640000,17860800,30,0,2,32,32,0,300,27,27,30,0,19958,14834,5124,18532,1426,19563,19563,0,363,0,368,1338688,163
baseline_24h,12441600,11652000,17872800,28,0,2,30,30,0,301,28,28,28,0,19983,14852,5131,18557,1426,19589,19589,0,364,0,368,1340297,163
baseline_24h,12441600,11664000,17884800,32,0,3,35,34,1,297,29,29,32,0,20004,14868,5136,18577,1427,19605,19605,0,364,0,369,1341924,163
baseline_24h,12441600,11676000,17896800,30,0,3,33,32,1,300,30,30,30,0,20021,14878,5143,18594,1427,19624,19624,0,364,0,370,1343547,163
baseline_24h,12441600,11688000,17908800,27,0,2,29,28,1,303,27,27,27,0,20045,14894,5151,18617,1428,19651,19651,0,365,0,370,1345073,163
baseline_24h,12441600,11700000,17920800,31,0,6,37,37,0,296,30,30,31,0,20080,14915,5165,18652,1428,19678,19678,0,365,0,371,1346659,163
baseline_24h,12441600,11712000,17932800,26,0,9,35,34,1,298,26,26,26,0,20106,14927,5179,18677,1429,19706,19706,0,365,0,371,1348353,166
baseline_24h,12441600,11724000,17944800,24,0,2,26,26,0,307,24,24,24,0,20131,14943,5188,18702,1429,19739,19739,0,366,0,372,1350073,166
baseline_24h,12441600,11736000,17956800,36,0,0,36,35,1,297,35,35,36,0,20158,14970,5188,18728,1430,19756,19756,0,366,0,372,1351625,166
baseline_24h,12441600,11748000,17968800,27,0,2,29,29,0,303,27,27,27,0,20178,14987,5191,18748,1430,19782,19782,0,367,0,372,1353208,168
baseline_24h,12441600,11760000,17980800,32,0,3,35,35,0,297,32,32,32,0,20203,15007,5196,18773,1430,19801,19801,0,367,0,372,1354633,168
baseline_24h,12441600,11772000,17992800,32,0,3,35,35,0,298,28,28,32,0,20227,15027,5200,18797,1430,19825,19825,0,367,0,373,1356266,169
baseline_24h,12441600,11784000,18004800,28,0,0,28,28,0,304,27,27,28,0,20247,15042,5205,18817,1430,19851,19851,0,368,0,373,1357986,169
baseline_24h,12441600,11796000,18016800,31,0,3,34,34,0,298,30,30,31,0,20277,15065,5212,18847,1430,19875,19875,0,368,0,373,1359517,169
baseline_24h,12441600,11808000,18028800,29,0,2,31,31,0,301,28,28,29,0,20299,15082,5217,18869,1430,19900,19900,0,368,0,373,1360949,169
baseline_24h,12441600,11820000,18040800,30,0,5,35,35,0,298,29,29,30,0,20323,15098,5225,18893,1430,19920,19920,0,368,0,374,1362626,171
baseline_24h,12441600,11832000,18052800,30,0,1,31,31,0,301,29,29,30,0,20342,15114,5228,18912,1430,19942,19942,0,369,0,374,1364085,171
baseline_24h,12441600,11844000,18064800,30,0,1,31,31,0,301,28,29,30,0,20366,15135,5231,18936,1430,19966,19966,0,369,0,374,1365578,171
baseline_24h,12441600,11856000,18076800,34,0,0,34,34,0,297,32,32,34,0,20387,15154,5233,18957,1430,19983,19983,0,370,0,374,1367108,171
baseline_24h,12441600,11868000,18088800,34,0,2,36,36,0,296,32,32,34,0,20406,15168,5238,18976,1430,20000,20000,0,370,0,375,1368713,171
baseline_24h,12441600,11880000,18100800,34,0,1,35,35,0,297,29,29,34,0,20429,15188,5241,18998,1431,20024,20024,0,370,0,375,1370250,173
baseline_24h,12441600,11892000,18112800,32,0,1,33,33,0,298,30,30,32,0,20441,15198,5243,19010,1431,20037,20037,0,371,0,375,1371845,173
baseline_24h,12441600,11904000,18124800,32,0,3,35,35,0,297,30,30,32,0,20469,15220,5249,19038,1431,20063,20063,0,371,0,376,1373501,173
baseline_24h,12441600,11916000,18136800,28,0,4,32,32,0,299,27,27,28,0,20487,15232,5255,19056,1431,20083,20083,0,372,0,376,1375159,173
baseline_24h,12441600,11928000,18148800,32,0,3,35,35,0,297,31,31,32,0,20508,15249,5259,19077,1431,20101,20101,0,372,0,377,1376824,173
baseline_24h,12441600,11940000,18160800,32,0,2,34,34,0,298,31,31,32,0,20533,15270,5263,19102,1431,20127,20127,0,372,0,377,1378381,174
baseline_24h,12441600,11952000,18172800,31,0,2,33,33,0,299,30,30,31,0,20553,15287,5266,19122,1431,20147,20147,0,373,0,378,1379886,174
baseline_24h,12441600,11964000,18184800,29,0,3,32,32,0,300,28,28,29,0,20582,15310,5272,19151,1431,20177,20177,0,373,0,378,1381517,175
baseline_24h,12441600,11976000,18196800,28,0,5,33,33,0,297,27,27,28,0,20611,15329,5282,19180,1431,20203,20203,0,375,0,378,1383170,175
baseline_24h,12441600,11988000,18208800,33,0,2,35,35,0,295,27,27,33,0,20636,15351,5285,19205,1431,20226,20226,0,375,0,378,1384801,176
baseline_24h,12441600,12000000,18220800,33,0,0,33,33,0,297,32,32,33,0,20653,15367,5286,19222,1431,20245,20245,0,375,0,378,1386288,176
baseline_24h,12441600,12012000,18232800,33,0,2,35,35,0,296,31,31,33,0,20672,15382,5290,19241,1431,20262,20262,0,375,0,379,1387789,176
baseline_24h,12441600,12024000,18244800,31,0,1,32,32,0,298,28,28,31,0,20696,15403,5293,19265,1431,20288,20288,0,376,0,379,1389226,176
baseline_24h,12441600,12036000,18256800,33,0,2,35,35,0,295,32,32,33,0,20719,15421,5298,19288,1431,20308,20308,0,376,0,379,1390721,176
baseline_24h,12441600,12048000,18268800,32,0,2,34,33,1,296,29,29,32,0,20744,15440,5304,19312,1432,20334,20334,0,376,0,379,1392361,178
baseline_24h,12441600,12060000,18280800,33,0,1,34,32,2,296,30,30,33,0,20765,15456,5309,19331,1434,20354,20354,0,377,0,380,1394107,180
baseline_24h,12441600,12072000,18292800,30,0,5,35,33,2,295,27,27,30,0,20795,15474,5321,19358,1437,20383,20383,0,377,0,380,1395721,180
baseline_24h,12441600,12084000,18304800,23,0,5,28,28,0,303,22,22,23,0,20815,15486,5329,19378,1437,20410,20410,0,377,0,381,1397326,180
baseline_24h,12441600,12096000,18316800,28,0,7,35,35,0,296,23,23,28,0,20845,15503,5342,19408,1437,20433,20433,0,377,0,381,1398845,180
baseline_24h,12441600,12108000,18328800,26,0,2,28,28,0,302,23,23,26,0,20869,15519,5350,19430,1439,20463,20463,0,378,0,381,1400431,181
baseline_24h,12441600,12120000,18340800,28,0,5,33,33,0,297,27,27,28,0,20895,15535,5360,19456,1439,20484,20484,0,378,0,381,1401978,183
baseline_24h,12441600,12132000,18352800,31,0,2,33,31,2,297,29,29,31,0,20931,15557,5374,19490,1441,20519,20519,0,379,0,382,1403791,184
baseline_24h,12441600,12144000,18364800,28,0,1,29,27,2,301,27,27,28,0,20956,15580,5376,19514,1442,20548,20548,0,379,0,382,1405315,184
baseline_24h,12441600,12156000,18376800,27,0,1,28,26,2,301,26,26,27,0,20978,15595,5383,19534,1444,20570,20570,0,380,0,382,1406878,184
baseline_24h,12441600,12168000,18388800,28,0,5,33,31,2,297,27,27,28,0,21004,15612,5392,19559,1445,20591,20591,0,380,0,383,1408387,185
baseline_24h,12441600,12180000,18400800,31,0,2,33,32,1,297,30,30,31,0,21026,15629,5397,19581,1445,20613,20613,0,380,0,383,1410025,185
baseline_24h,12441600,12192000,18412800,33,0,3,36,36,0,294,31,32,33,0,21052,15651,5401,19607,1445,20636,20636,0,380,0,383,1411516,185
baseline_24h,12441600,12204000,18424800,31,0,3,34,34,0,296,26,26,31,0,21073,15668,5405,19628,1445,20658,20658,0,381,0,384,1413016,185
baseline_24h,12441600,12216000,18436800,32,0,1,33,33,0,297,31,31,32,0,21094,15687,5407,19649,1445,20680,20680,0,381,0,384,1414548,185
baseline_24h,12441600,12228000,18448800,26,0,1,27,27,0,302,25,25,26,0,21115,15705,5410,19667,1448,20706,20706,0,382,0,384,1416023,185
baseline_24h,12441600,12240000,18460800,24,0,0,24,23,1,305,23,23,24,0,21139,15723,5416,19688,1451,20733,20733,0,382,0,384,1417330,185
baseline_24h,12441600,12252000,18472800,33,0,1,34,33,1,295,31,31,33,0,21163,15745,5418,19712,1451,20747,20747,0,382,0,384,1418774,185
baseline_24h,12441600,12264000,18484800,28,0,0,28,27,1,301,27,27,28,0,21182,15758,5424,19731,1451,20771,20771,0,383,0,385,1420310,185
baseline_24h,12441600,12276000,18496800,33,0,2,35,34,1,294,32,32,33,0,21212,15784,5428,19760,1452,20794,20794,0,383,0,385,1421702,185
baseline_24h,12441600,12288000,18508800,30,0,1,31,30,1,298,29,29,30,0,21232,15801,5431,19780,1452,20818,20818,0,383,0,385,1423247,185
baseline_24h,12441600,12300000,18520800,28,0,3,31,30,1,298,27,27,28,0,21255,15817,5438,19801,1454,20840,20840,0,384,0,386,1424859,185
baseline_24h,12441600,12312000,18532800,33,0,2,35,35,0,293,30,30,33,0,21280,15838,5442,19826,1454,20860,20860,0,385,0,386,1426400,185
baseline_24h,12441600,12324000,18544800,30,0,2,32,32,0,296,29,29,30,0,21305,15858,5447,19851,1454,20888,20888,0,385,0,386,1428031,185
baseline_24h,12441600,12336000,18556800,26,0,0,26,26,0,302,26,26,26,0,21323,15873,5450,19869,1454,20911,20911,0,386,0,387,1429554,185
baseline_24h,12441600,12348000,18568800,28,0,4,32,32,0,296,28,28,28,0,21347,15891,5456,19893,1454,20929,20929,0,386,0,387,1430848,185
baseline_24h,12441600,12360000,18580800,30,0,4,34,34,0,293,29,29,30,0,21370,15909,5461,19916,1454,20949,20949,0,387,0,387,1432369,186
baseline_24h,12441600,12372000,18592800,29,0,1,30,29,1,297,28,28,29,0,21393,15927,5466,19937,1456,20976,20976,0,387,0,387,1433952,186
baseline_24h,12441600,12384000,18604800,26,0,2,28,28,0,300,26,26,26,0,21413,15944,5469,19957,1456,20998,20998,0,387,0,388,1435504,186
baseline_24h,12441600,12396000,18616800,31,0,3,34,34,0,293,31,31,31,0,21443,15966,5477,19987,1456,21020,21020,0,389,0,389,1436881,187
baseline_24h,12441600,12408000,18628800,32,0,2,34,34,0,293,32,32,32,0,21462,15980,5482,20006,1456,21039,21039,0,389,0,389,1438408,187
baseline_24h,12441600,12420000,18640800,33,0,2,35,35,0,291,32,32,33,0,21487,16000,5487,20031,1456,21062,21062,0,390,0,389,1440041,187
baseline_24h,12441600,12432000,18652800,25,0,2,27,27,0,300,25,25,25,0,21505,16011,5494,20049,1456,21088,21088,0,390,0,390,1441587,187
baseline_24h,12441600,12441600,18662400,33,0,0,33,31,2,294,29,29,33,0,21526,16031,5495,20068,1458,21103,21103,0,390,0,390,1442804,187
candidate_24h,12441600,0,6220800,0,0,0,0,0,0,330,0,0,0,0,0,0,0,0,0,0,0,0,0,0,0,0,0
candidate_24h,12441600,12000,6232800,13,0,0,13,9,4,327,13,13,13,0,13,13,0,9,4,0,0,0,0,0,10,311,0
candidate_24h,12441600,24000,6244800,21,0,1,22,17,5,329,21,21,21,0,28,24,4,20,8,6,6,2,0,0,23,1063,1
candidate_24h,12441600,36000,6256800,26,0,3,29,24,5,327,26,26,26,0,40,32,8,29,11,11,11,7,0,0,33,2278,14
candidate_24h,12441600,48000,6268800,27,0,6,33,28,5,328,25,25,27,0,54,40,14,39,15,20,20,13,1,0,45,3477,21
candidate_24h,12441600,60000,6280800,20,0,3,23,18,5,327,20,20,20,0,63,44,19,45,18,38,38,31,2,0,53,4449,27
candidate_24h,12441600,72000,6292800,16,0,4,20,16,4,329,16,16,16,0,76,51,25,56,20,54,54,43,2,0,64,5227,29
candidate_24h,12441600,84000,6304800,20,0,3,23,18,5,328,20,20,20,0,89,60,29,68,21,63,63,52,3,0,76,6006,33
candidate_24h,12441600,96000,6316800,28,0,0,28,26,2,329,28,28,28,0,105,73,32,83,22,73,73,59,4,0,90,7076,41
candidate_24h,12441600,108000,6328800,29,0,3,32,27,5,327,26,26,29,0,119,83,36,92,27,83,83,68,4,0,101,8446,43
candidate_24h,12441600,120000,6340800,27,0,2,29,25,4,329,27,25,27,0,126,88,38,98,28,93,93,75,4,0,107,9707,55
candidate_24h,12441600,132000,6352800,22,0,2,24,20,4,329,21,21,22,0,138,95,43,107,31,110,110,89,4,0,116,10827,63
candidate_24h,12441600,144000,6364800,23,0,3,26,23,3,329,23,23,23,0,156,107,49,122,34,126,126,102,4,0,131,11955,67
candidate_24h,12441600,156000,6376800,30,0,0,30,26,4,328,29,29,30,0,172,122,50,136,36,136,136,111,6,0,145,13093,71
candidate_24h,12441600,168000,6388800,32,0,0,32,28,4,328,31,31,32,0,181,131,50,143,38,143,143,117,6,0,153,14484,82
candidate_24h,12441600,180000,6400800,29,0,1,30,27,3,328,28,28,29,0,190,138,52,150,40,153,153,124,7,0,159,15831,91
candidate_24h,12441600,192000,6412800,33,0,1,34,30,4,328,30,30,33,0,202,148,54,160,42,161,161,131,7,0,170,17223,102
candidate_24h,12441600,204000,6424800,29,0,1,30,25,5,328,29,29,29,0,213,157,56,166,47,176,176,143,7,0,178,18495,106
candidate_24h,12441600,216000,6436800,24,0,2,26,22,4,328,22,22,24,0,225,162,63,178,47,191,191,157,8,0,189,19659,111
candidate_24h,12441600,228000,6448800,20,0,3,23,20,3,329,20,20,20,0,236,168,68,187,49,205,205,168,8,0,198,20616,118
candidate_24h,12441600,240000,6460800,23,0,3,26,22,4,327,22,22,23,0,250,178,72,199,51,216,216,178,8,0,209,21602,124
candidate_24h,12441600,252000,6472800,25,0,1,26,23,3,327,25,25,25,0,259,186,73,207,52,224,224,185,9,0,217,22664,128
candidate_24h,12441600,264000,6484800,28,0,3,31,26,5,327,28,28,28,0,274,196,78,219,55,234,234,194,9,0,231,23729,137
candidate_24h,12441600,276000,6496800,24,0,2,26,21,5,327,24,24,24,0,281,202,79,223,58,246,246,204,9,0,236,24832,142
candidate_24h,12441600,288000,6508800,23,0,5,28,22,6,328,23,23,23,0,296,209,87,234,62,259,259,214,9,0,249,25904,145
candidate_24h,12441600,300000,6520800,23,0,2,25,19,6,328,22,22,23,0,307,217,90,242,65,273,273,227,9,0,259,26935,152
candidate_24h,12441600,312000,6532800,29,0,2,31,27,4,329,28,28,29,0,320,228,92,253,67,280,280,231,9,0,270,28084,158
candidate_24h,12441600,324000,6544800,33,0,2,35,31,4,328,29,29,33,0,336,241,95,268,68,291,291,241,10,0,284,29383,165
candidate_24h,12441600,336000,6556800,32,0,1,33,29,4,328,32,32,32,0,345,248,97,274,71,302,302,249,10,0,290,30717,174
candidate_24h,12441600,348000,6568800,27,0,1,28,25,3,330,27,27,27,0,357,256,101,285,72,319,319,264,10,0,302,31995,183
candidate_24h,12441600,360000,6580800,28,0,1,29,24,5,329,28,28,28,0,369,266,103,292,77,330,330,273,10,0,311,33280,190
candidate_24h,12441600,372000,6592800,26,0,2,28,21,7,328,26,26,26,0,381,274,107,300,81,341,341,282,12,0,320,34506,202
candidate_24h,12441600,384000,6604800,20,0,2,22,17,5,328,19,19,20,0,389,278,111,308,81,355,355,296,12,0,328,35644,207
candidate_24h,12441600,396000,6616800,23,0,1,24,21,3,330,23,23,23,0,407,293,114,323,84,371,371,308,12,0,344,36764,213
candidate_24h,12441600,408000,6628800,26,0,0,26,22,4,329,26,26,26,0,421,304,117,334,87,383,383,320,12,0,357,37900,218
candidate_24h,12441600,420000,6640800,28,0,3,31,25,6,328,28,28,28,0,433,312,121,342,91,390,390,325,12,0,366,39074,228
candidate_24h,12441600,432000,6652800,30,0,4,34,28,6,328,26,26,30,0,449,324,125,354,95,402,402,334,13,0,379,40232,236
candidate_24h,12441600,444000,6664800,27,0,1,28,24,4,329,26,26,27,0,458,332,126,363,95,415,415,345,15,0,387,41579,246
candidate_24h,12441600,456000,6676800,26,0,3,29,25,4,328,25,25,26,0,471,342,129,373,98,427,427,355,15,0,397,42844,253
candidate_24h,12441600,468000,6688800,24,0,1,25,20,5,329,23,24,24,0,486,354,132,385,101,446,446,371,15,0,410,43925,263
candidate_24h,12441600,480000,6700800,30,0,4,34,29,5,330,30,30,30,0,502,366,136,398,104,453,453,376,15,0,425,45197,269
candidate_24h,12441600,492000,6712800,27,0,2,29,24,5,329,27,26,27,0,509,371,138,403,106,464,464,385,16,0,429,46461,280
candidate_24h,12441600,504000,6724800,25,0,6,31,25,6,329,25,25,25,0,524,380,144,415,109,477,477,396,16,0,442,47730,289
candidate_24h,12441600,516000,6736800,26,0,2,28,23,5,328,23,23,26,0,543,395,148,432,111,499,499,416,16,0,458,48958,295
candidate_24h,12441600,528000,6748800,30,0,1,31,28,3,329,30,30,30,0,561,412,149,448,113,513,513,427,17,0,474,50400,306
candidate_24h,12441600,540000,6760800,32,0,3,35,32,3,328,26,26,32,0,580,427,153,465,115,527,527,439,18,0,490,51877,312
candidate_24h,12441600,552000,6772800,31,0,3,34,32,2,328,29,29,31,0,588,431,157,472,116,536,536,446,18,0,496,53290,325
candidate_24h,12441600,564000,6784800,28,0,3,31,29,2,329,27,27,28,0,603,442,161,485,118,553,553,460,19,0,509,54630,334
candidate_24h,12441600,576000,6796800,29,0,4,33,30,3,329,29,29,29,0,617,451,166,496,121,565,565,470,19,0,521,55924,343
candidate_24h,12441600,588000,6808800,28,0,6,34,26,8,330,28,28,28,0,634,462,172,507,127,581,581,484,19,0,537,57198,350
candidate_24h,12441600,600000,6820800,31,0,2,33,26,7,328,31,31,31,0,647,473,174,517,130,593,593,495,21,0,547,58567,356
candidate_24h,12441600,612000,6832800,31,0,2,33,28,5,329,31,31,31,0,664,485,179,531,133,609,609,507,22,0,561,59942,370
candidate_24h,12441600,624000,6844800,31,0,2,33,28,5,329,30,30,31,0,680,498,182,545,135,623,623,521,24,0,577,61302,374
candidate_24h,12441600,636000,6856800,33,0,2,35,28,7,329,32,32,33,0,694,510,184,555,139,634,634,530,25,0,589,62676,383
candidate_24h,12441600,648000,6868800,32,0,3,35,29,6,330,28,28,32,0,707,519,188,565,142,646,646,538,26,0,599,64099,391
candidate_24h,12441600,660000,6880800,33,0,1,34,28,6,329,32,33,33,0,715,526,189,570,145,655,655,547,26,0,606,65537,400
candidate_24h,12441600,672000,6892800,27,0,3,30,25,5,330,26,26,27,0,733,540,193,585,148,674,674,562,29,0,621,66907,407
candidate_24h,12441600,684000,6904800,33,0,1,34,27,7,329,32,32,33,0,751,555,196,599,152,688,688,574,29,0,636,68282,412
candidate_24h,12441600,696000,6916800,34,0,1,35,30,5,329,33,33,34,0,760,563,197,608,152,696,696,582,29,0,645,69759,425
candidate_24h,12441600,708000,6928800,28,0,5,33,29,4,329,28,27,28,0,775,573,202,621,154,713,713,596,29,0,657,71079,438
candidate_24h,12441600,720000,6940800,33,0,0,33,28,5,330,33,33,33,0,786,584,202,630,156,723,723,604,30,0,667,72391,442
candidate_24h,12441600,732000,6952800,30,0,3,33,27,6,329,29,29,30,0,799,594,205,640,159,736,736,615,30,0,677,73759,451
candidate_24h,12441600,744000,6964800,28,0,6,34,30,4,328,28,28,28,0,815,603,212,655,160,750,750,628,31,0,691,75061,461
candidate_24h,12441600,756000,6976800,31,0,4,35,32,3,331,27,27,31,0,832,616,216,669,163,766,766,640,31,0,707,76369,470
candidate_24h,12441600,768000,6988800,31,0,2,33,26,7,328,31,31,31,0,845,627,218,677,168,781,781,654,31,0,716,77767,476
candidate_24h,12441600,780000,7000800,32,0,2,34,29,5,330,32,32,32,0,864,641,223,691,173,798,798,668,32,0,734,79156,488
candidate_24h,12441600,792000,7012800,30,0,5,35,29,6,328,30,30,30,0,878,649,229,703,175,811,811,681,32,0,746,80557,497
candidate_24h,12441600,804000,7024800,28,0,7,35,32,3,330,28,28,28,0,895,658,237,718,177,826,826,693,34,0,762,81751,505
candidate_24h,12441600,816000,7036800,29,0,2,31,24,7,328,29,29,29,0,907,669,238,724,183,841,841,707,35,0,771,83023,514
candidate_24h,12441600,828000,7048800,28,0,3,31,23,8,330,28,28,28,0,924,680,244,738,186,858,858,722,35,0,788,84289,519
candidate_24h,12441600,840000,7060800,31,0,2,33,23,10,329,30,30,31,0,937,690,247,747,190,868,868,731,36,0,799,85681,529
candidate_24h,12441600,852000,7072800,31,0,3,34,27,7,328,30,30,31,0,954,703,251,761,193,882,882,742,38,0,812,87085,539
candidate_24h,12441600,864000,7084800,32,0,3,35,31,4,328,31,31,32,0,970,714,256,776,194,896,896,755,39,0,827,88374,546
candidate_24h,12441600,876000,7096800,30,0,4,34,30,4,328,30,30,30,0,982,722,260,784,198,909,909,764,39,0,835,89667,552
candidate_24h,12441600,888000,7108800,34,0,0,34,30,4,329,34,34,34,0,996,735,261,797,199,922,922,775,40,0,848,91010,563
candidate_24h,12441600,900000,7120800,34,0,2,36,32,4,329,34,34,34,0,1010,747,263,810,200,933,933,785,41,0,861,92492,573
candidate_24h,12441600,912000,7132800,30,0,5,35,32,3,328,30,30,30,0,1029,758,271,827,202,952,952,802,42,0,877,93865,580
candidate_24h,12441600,924000,7144800,27,0,4,31,28,3,329,27,27,27,0,1038,764,274,834,204,964,964,812,43,0,885,95248,587
candidate_24h,12441600,936000,7156800,27,0,4,31,26,5,328,25,25,27,0,1055,773,282,847,208,981,981,827,43,0,899,96576,596
candidate_24h,12441600,948000,7168800,30,0,3,33,27,6,330,29,29,30,0,1076,789,287,864,212,999,999,841,44,0,918,97926,604
candidate_24h,12441600,960000,7180800,31,0,3,34,27,7,329,30,30,31,0,1087,796,291,873,214,1009,1009,850,44,0,927,99367,612
candidate_24h,12441600,972000,7192800,29,0,6,35,32,3,331,27,27,29,0,1105,806,299,889,216,1026,1026,864,44,0,944,100678,621
candidate_24h,12441600,984000,7204800,29,0,2,31,28,3,329,29,29,29,0,1117,815,302,898,219,1042,1042,879,44,0,953,101929,629
candidate_24h,12441600,996000,7216800,29,0,2,31,30,1,331,29,29,29,0,1130,825,305,910,220,1054,1054,888,45,0,965,103352,637
candidate_24h,12441600,1008000,7228800,29,0,2,31,24,7,330,29,29,29,0,1147,839,308,921,226,1071,1071,904,45,0,980,104722,647
candidate_24h,12441600,1020000,7240800,32,0,2,34,28,6,331,32,32,32,0,1162,850,312,933,229,1083,1083,914,45,0,994,106015,657
candidate_24h,12441600,1032000,7252800,27,0,1,28,23,5,329,25,25,27,0,1172,858,314,941,231,1098,1098,928,46,0,1001,107453,664
candidate_24h,12441600,1044000,7264800,32,0,3,35,29,6,330,32,32,32,0,1192,874,318,956,236,1111,1111,937,46,0,1018,108838,672
candidate_24h,12441600,1056000,7276800,30,0,2,32,26,6,331,29,29,30,0,1202,881,321,964,238,1123,1123,947,47,0,1027,110223,679
candidate_24h,12441600,1068000,7288800,33,0,2,35,29,6,330,33,33,33,0,1217,892,325,976,241,1135,1135,958,47,0,1040,111520,690
candidate_24h,12441600,1080000,7300800,29,0,5,34,29,5,331,24,24,29,0,1231,899,332,989,242,1149,1149,970,48,0,1053,112789,697
candidate_24h,12441600,1092000,7312800,28,0,1,29,25,4,330,27,27,28,0,1245,911,334,1000,245,1168,1168,987,48,0,1064,113993,703
candidate_24h,12441600,1104000,7324800,34,0,1,35,31,4,329,33,33,34,0,1260,925,335,1013,247,1177,1177,994,48,0,1076,115417,712
candidate_24h,12441600,1116000,7336800,30,0,5,35,30,5,330,29,29,30,0,1272,931,341,1023,249,1188,1188,1003,49,0,1087,116785,722
candidate_24h,12441600,1128000,7348800,29,0,6,35,30,5,329,29,29,29,0,1290,943,347,1037,253,1205,1205,1017,50,0,1101,118044,731
candidate_24h,12441600,1140000,7360800,30,0,2,32,29,3,329,29,29,30,0,1302,953,349,1049,253,1220,1220,1031,50,0,1112,119386,738
candidate_24h,12441600,1152000,7372800,28,0,1,29,26,3,328,28,28,28,0,1317,964,353,1060,257,1237,1237,1046,51,0,1124,120657,744
candidate_24h,12441600,1164000,7384800,33,0,1,34,31,3,329,32,32,33,0,1330,976,354,1072,258,1245,1245,1052,51,0,1136,122118,755
candidate_24h,12441600,1176000,7396800,33,0,2,35,30,5,329,33,33,33,0,1342,986,356,1081,261,1255,1255,1061,52,0,1147,123468,765
candidate_24h,12441600,1188000,7408800,32,0,3,35,29,6,328,30,30,32,0,1351,992,359,1087,264,1263,1263,1067,53,0,1153,124804,771
candidate_24h,12441600,1200000,7420800,30,0,0,30,24,6,329,30,30,30,0,1364,1001,363,1099,265,1279,1279,1081,55,0,1165,126046,781
candidate_24h,12441600,1212000,7432800,30,0,1,31,27,4,331,30,30,30,0,1377,1012,365,1109,268,1291,1291,1090,55,0,1177,127423,788
candidate_24h,12441600,1224000,7444800,31,0,4,35,28,7,330,31,31,31,0,1391,1023,368,1119,272,1300,1300,1098,56,0,1189,128699,797
candidate_24h,12441600,1236000,7456800,30,0,5,35,27,8,330,30,30,30,0,1408,1034,374,1132,276,1317,1317,1112,56,0,1203,130005,803
candidate_24h,12441600,1248000,7468800,27,0,3,30,22,8,330,27,27,27,0,1421,1043,378,1142,279,1333,1333,1126,58,0,1214,131363,810
candidate_24h,12441600,1260000,7480800,29,0,1,30,24,6,330,28,28,29,0,1436,1055,381,1155,281,1348,1348,1139,58,0,1227,132796,821
candidate_24h,12441600,1272000,7492800,31,0,3,34,27,7,330,31,31,31,0,1451,1067,384,1165,286,1358,1358,1147,59,0,1240,134163,831
candidate_24h,12441600,1284000,7504800,31,0,3,34,29,5,330,31,31,31,0,1465,1076,389,1176,289,1371,1371,1158,60,0,1252,135454,839
candidate_24h,12441600,1296000,7516800,30,0,3,33,28,5,329,24,24,30,0,1483,1090,393,1191,292,1390,1390,1176,60,0,1268,136707,847
candidate_24h,12441600,1308000,7528800,31,0,2,33,30,3,330,30,30,31,0,1498,1103,395,1204,294,1405,1405,1189,60,0,1282,138034,855
candidate_24h,12441600,1320000,7540800,30,0,0,30,26,4,330,30,30,30,0,1507,1111,396,1211,296,1417,1417,1199,60,0,1289,139409,864
candidate_24h,12441600,1332000,7552800,31,0,2,33,28,5,330,31,31,31,0,1524,1123,401,1224,300,1430,1430,1210,61,0,1304,140747,874
candidate_24h,12441600,1344000,7564800,32,0,3,35,31,4,329,31,31,32,0,1535,1132,403,1233,302,1439,1439,1217,61,0,1312,142125,884
candidate_24h,12441600,1356000,7576800,26,0,3,29,26,3,330,25,25,26,0,1544,1136,408,1241,303,1453,1453,1229,62,0,1320,143440,891
candidate_24h,12441600,1368000,7588800,30,0,2,32,28,4,329,30,30,30,0,1563,1153,410,1256,307,1469,1469,1243,62,0,1336,144765,898
candidate_24h,12441600,1380000,7600800,31,0,2,33,30,3,330,30,30,31,0,1578,1167,411,1269,309,1483,1483,1254,62,0,1349,146218,905
candidate_24h,12441600,1392000,7612800,33,0,1,34,27,7,330,32,32,33,0,1589,1176,413,1276,313,1493,1493,1262,62,0,1358,147689,917
candidate_24h,12441600,1404000,7624800,32,0,3,35,26,9,329,30,30,32,0,1601,1184,417,1284,317,1503,1503,1270,63,0,1367,149080,924
candidate_24h,12441600,1416000,7636800,30,0,3,33,28,5,330,30,30,30,0,1617,1195,422,1298,319,1521,1521,1286,63,0,1382,150325,929
candidate_24h,12441600,1428000,7648800,29,0,3,32,28,4,330,29,29,29,0,1628,1202,426,1307,321,1533,1533,1296,63,0,1391,151648,939
candidate_24h,12441600,1440000,7660800,31,0,2,33,26,7,329,31,31,31,0,1643,1214,429,1316,327,1547,1547,1307,63,0,1402,152986,947
candidate_24h,12441600,1452000,7672800,29,0,5,34,30,4,331,29,29,29,0,1662,1228,434,1333,329,1563,1563,1320,65,0,1420,154344,958
candidate_24h,12441600,1464000,7684800,30,0,1,31,28,3,330,29,29,30,0,1675,1240,435,1344,331,1579,1579,1335,65,0,1431,155714,963
candidate_24h,12441600,1476000,7696800,26,0,3,29,27,2,332,26,26,26,0,1689,1247,442,1356,333,1594,1594,1346,66,0,1443,156949,975
candidate_24h,12441600,1488000,7708800,28,0,4,32,27,5,329,27,27,28,0,1707,1258,449,1370,337,1609,1609,1360,66,0,1457,158249,980
candidate_24h,12441600,1500000,7720800,31,0,1,32,28,4,330,31,31,31,0,1721,1268,453,1382,339,1622,1622,1371,67,0,1470,159582,990
candidate_24h,12441600,1512000,7732800,33,0,2,35,31,4,329,30,30,33,0,1738,1283,455,1397,341,1636,1636,1384,67,0,1485,160963,996
candidate_24h,12441600,1524000,7744800,26,0,4,30,26,4,329,26,26,26,0,1748,1289,459,1403,345,1649,1649,1393,69,0,1491,162360,1006
candidate_24h,12441600,1536000,7756800,32,0,2,34,26,8,329,31,31,32,0,1765,1302,463,1414,351,1660,1660,1403,71,0,1507,163668,1014
candidate_24h,12441600,1548000,7768800,29,0,3,32,24,8,330,29,29,29,0,1778,1310,468,1424,354,1675,1675,1415,71,0,1518,165070,1025
candidate_24h,12441600,1560000,7780800,31,0,3,34,27,7,329,31,31,31,0,1794,1322,472,1439,355,1689,1689,1428,71,0,1532,166387,1032
candidate_24h,12441600,1572000,7792800,27,0,1,28,20,8,330,27,27,27,0,1805,1332,473,1446,359,1705,1705,1440,72,0,1540,167617,1034
candidate_24h,12441600,1584000,7804800,29,0,3,32,26,6,331,29,29,29,0,1817,1341,476,1456,361,1713,1713,1447,72,0,1552,168929,1044
candidate_24h,12441600,1596000,7816800,32,0,2,34,28,6,330,32,32,32,0,1829,1352,477,1465,364,1723,1723,1455,72,0,1561,170308,1058
candidate_24h,12441600,1608000,7828800,31,0,2,33,28,5,330,31,31,31,0,1841,1361,480,1475,366,1736,1736,1466,72,0,1571,171677,1062
candidate_24h,12441600,1620000,7840800,32,0,3,35,30,5,330,27,27,32,0,1859,1375,484,1490,369,1751,1751,1477,73,0,1585,172931,1068
candidate_24h,12441600,1632000,7852800,30,0,3,33,30,3,332,28,28,30,0,1869,1382,487,1498,371,1763,1763,1486,73,0,1594,174292,1073
candidate_24h,12441600,1644000,7864800,30,0,2,32,27,5,330,29,29,30,0,1882,1393,489,1507,375,1777,1777,1500,73,0,1605,175667,1084
candidate_24h,12441600,1656000,7876800,33,0,2,35,30,5,330,32,32,33,0,1899,1405,494,1523,376,1790,1790,1511,74,0,1620,176970,1092
candidate_24h,12441600,1668000,7888800,33,0,2,35,31,4,330,32,32,33,0,1915,1418,497,1537,378,1804,1804,1522,76,0,1633,178367,1099
candidate_24h,12441600,1680000,7900800,28,0,3,31,26,5,329,27,27,28,0,1923,1424,499,1543,380,1815,1815,1532,77,0,1639,179666,1108
candidate_24h,12441600,1692000,7912800,31,0,1,32,27,5,329,30,30,31,0,1937,1437,500,1554,383,1827,1827,1543,78,0,1652,181011,1119
candidate_24h,12441600,1704000,7924800,35,0,0,35,27,8,330,35,35,35,0,1948,1448,500,1561,387,1835,1835,1549,78,0,1662,182421,1122
candidate_24h,12441600,1716000,7936800,30,0,4,34,28,6,330,30,30,30,0,1962,1457,505,1573,389,1850,1850,1561,78,0,1673,183813,1134
candidate_24h,12441600,1728000,7948800,32,0,2,34,28,6,329,26,26,32,0,1978,1469,509,1587,391,1865,1865,1575,79,0,1687,185113,1143
candidate_24h,12441600,1740000,7960800,30,0,3,33,28,5,330,30,30,30,0,1990,1477,513,1597,393,1878,1878,1586,79,0,1698,186476,1150
candidate_24h,12441600,1752000,7972800,29,0,5,34,31,3,329,29,29,29,0,2010,1491,519,1615,395,1897,1897,1603,79,0,1715,187763,1159
candidate_24h,12441600,1764000,7984800,28,0,1,29,23,6,330,27,27,28,0,2024,1500,524,1624,400,1914,1914,1618,81,0,1728,188977,1170
candidate_24h,12441600,1776000,7996800,30,0,3,33,28,5,331,29,29,30,0,2040,1512,528,1639,401,1926,1926,1628,81,0,1743,190178,1178
candidate_24h,12441600,1788000,8008800,26,0,4,30,26,4,330,26,26,26,0,2053,1521,532,1650,403,1942,1942,1642,81,0,1753,191468,1188
candidate_24h,12441600,1800000,8020800,26,0,1,27,24,3,331,25,25,26,0,2069,1533,536,1663,406,1960,1960,1658,82,0,1768,192748,1193
candidate_24h,12441600,1812000,8032800,28,0,4,32,28,4,329,28,28,28,0,2083,1543,540,1675,408,1969,1969,1666,82,0,1779,194031,1206
candidate_24h,12441600,1824000,8044800,28,0,5,33,30,3,331,28,28,28,0,2100,1553,547,1689,411,1984,1984,1678,83,0,1795,195296,1212
candidate_24h,12441600,1836000,8056800,32,0,3,35,32,3,330,29,29,32,0,2115,1565,550,1702,413,1997,1997,1690,83,0,1808,196563,1220
candidate_24h,12441600,1848000,8068800,28,0,2,30,27,3,329,27,27,28,0,2123,1571,552,1709,414,2010,2010,1702,83,0,1814,197893,1229
candidate_24h,12441600,1860000,8080800,28,0,3,31,27,4,329,27,27,28,0,2140,1585,555,1722,418,2024,2024,1713,85,0,1828,199329,1241
candidate_24h,12441600,1872000,8092800,26,0,3,29,25,4,330,26,26,26,0,2154,1595,559,1734,420,2040,2040,1727,85,0,1841,200548,1249
candidate_24h,12441600,1884000,8104800,31,0,4,35,28,7,330,31,31,31,0,2178,1613,565,1753,425,2058,2058,1743,85,0,1863,201805,1255
candidate_24h,12441600,1896000,8116800,31,0,1,32,26,6,330,31,31,31,0,2186,1619,567,1759,427,2067,2067,1750,87,0,1869,203168,1264
candidate_24h,12441600,1908000,8128800,32,0,3,35,28,7,330,32,32,32,0,2204,1633,571,1774,430,2082,2082,1763,87,0,1885,204516,1274
candidate_24h,12441600,1920000,8140800,33,0,2,35,31,4,331,32,32,33,0,2215,1642,573,1783,432,2093,2093,1771,87,0,1894,205845,1281
candidate_24h,12441600,1932000,8152800,31,0,3,34,30,4,329,31,31,31,0,2226,1650,576,1792,434,2104,2104,1781,88,0,1902,207241,1293
candidate_24h,12441600,1944000,8164800,30,0,4,34,28,6,329,27,27,30,0,2240,1661,579,1803,437,2118,2118,1795,88,0,1916,208569,1297
candidate_24h,12441600,1956000,8176800,31,0,2,33,28,5,329,30,30,31,0,2251,1670,581,1811,440,2130,2130,1804,88,0,1924,209954,1304
candidate_24h,12441600,1968000,8188800,35,0,0,35,28,7,329,35,35,35,0,2266,1683,583,1822,444,2142,2142,1813,89,0,1936,211376,1317
candidate_24h,12441600,1980000,8200800,31,0,2,33,28,5,330,31,31,31,0,2275,1690,585,1829,446,2153,2153,1822,89,0,1944,212827,1323
candidate_24h,12441600,1992000,8212800,32,0,1,33,27,6,329,31,31,32,0,2288,1701,587,1840,448,2166,2166,1835,89,0,1956,214182,1333
candidate_24h,12441600,2004000,8224800,26,0,2,28,21,7,329,26,26,26,0,2299,1708,591,1848,451,2182,2182,1848,89,0,1964,215393,1341
candidate_24h,12441600,2016000,8236800,30,0,2,32,23,9,329,30,30,30,0,2315,1721,594,1858,457,2193,2193,1857,90,0,1978,216764,1346
candidate_24h,12441600,2028000,8248800,27,0,4,31,25,6,330,26,26,27,0,2328,1727,601,1869,459,2207,2207,1869,90,0,1990,218055,1358
candidate_24h,12441600,2040000,8260800,32,0,0,32,25,7,329,31,31,32,0,2345,1741,604,1882,463,2222,2222,1882,91,0,2004,219322,1366
candidate_24h,12441600,2052000,8272800,35,0,0,35,32,3,330,32,32,35,0,2359,1755,604,1894,465,2233,2233,1890,91,0,2016,220824,1372
candidate_24h,12441600,2064000,8284800,29,0,1,30,26,4,328,28,28,29,0,2369,1763,606,1903,466,2247,2247,1904,92,0,2024,222359,1382
candidate_24h,12441600,2076000,8296800,33,0,3,36,33,3,330,32,32,33,0,2382,1772,610,1914,468,2254,2254,1907,92,0,2035,223776,1390
candidate_24h,12441600,2088000,8308800,28,0,3,31,27,4,328,27,27,28,0,2394,1782,612,1923,471,2269,2269,1921,94,0,2044,225208,1398
candidate_24h,12441600,2100000,8320800,32,0,2,34,28,6,327,31,31,32,0,2406,1792,614,1932,474,2278,2278,1929,94,0,2054,226403,1405
candidate_24h,12441600,2112000,8332800,27,0,3,30,24,6,327,27,27,27,0,2416,1799,617,1939,477,2291,2291,1940,95,0,2062,227850,1413
candidate_24h,12441600,2124000,8344800,24,0,1,25,20,5,328,24,24,24,0,2426,1808,618,1946,480,2306,2306,1952,95,0,2070,229081,1422
candidate_24h,12441600,2136000,8356800,25,0,3,28,23,5,328,25,25,25,0,2439,1818,621,1957,482,2316,2316,1960,95,0,2081,230188,1427
candidate_24h,12441600,2148000,8368800,30,0,1,31,24,7,328,29,29,30,0,2453,1832,621,1967,486,2326,2326,1968,96,0,2093,231424,1432
candidate_24h,12441600,2160000,8380800,30,0,0,30,24,6,328,27,27,30,0,2468,1845,623,1979,489,2340,2340,1980,98,0,2106,232708,1439
candidate_24h,12441600,2172000,8392800,29,0,1,30,24,6,328,29,29,29,0,2478,1853,625,1986,492,2349,2349,1986,99,0,2113,234118,1448
candidate_24h,12441600,2184000,8404800,29,0,0,29,23,6,327,28,28,29,0,2489,1862,627,1994,495,2361,2361,1997,99,0,2122,235387,1459
candidate_24h,12441600,2196000,8416800,27,0,2,29,23,6,327,27,27,27,0,2502,1873,629,2004,498,2374,2374,2008,99,0,2133,236725,1467
candidate_24h,12441600,2208000,8428800,23,0,3,26,22,4,327,22,22,23,0,2515,1882,633,2015,500,2390,2390,2023,99,0,2145,237798,1471
candidate_24h,12441600,2220000,8440800,21,0,3,24,20,4,327,21,21,21,0,2524,1887,637,2022,502,2400,2400,2030,100,0,2151,238716,1478
candidate_24h,12441600,2232000,8452800,25,0,0,25,21,4,327,25,25,25,0,2538,1898,640,2035,503,2412,2412,2040,101,0,2163,239702,1485
candidate_24h,12441600,2244000,8464800,28,0,4,32,28,4,329,28,28,28,0,2554,1908,646,2047,507,2421,2421,2046,101,0,2178,240851,1489
candidate_24h,12441600,2256000,8476800,28,0,3,31,28,3,328,28,28,28,0,2568,1919,649,2059,509,2436,2436,2060,101,0,2190,242070,1497
candidate_24h,12441600,2268000,8488800,30,0,1,31,27,4,328,28,28,30,0,2578,1927,651,2066,512,2446,2446,2069,101,0,2199,243280,1502
candidate_24h,12441600,2280000,8500800,28,0,2,30,27,3,327,28,28,28,0,2591,1935,656,2077,514,2458,2458,2079,103,0,2209,244505,1511
candidate_24h,12441600,2292000,8512800,30,0,0,30,26,4,329,30,30,30,0,2605,1949,656,2087,518,2472,2472,2089,103,0,2221,245843,1525
candidate_24h,12441600,2304000,8524800,28,0,0,28,23,5,330,28,28,28,0,2617,1959,658,2096,521,2486,2486,2100,103,0,2231,247104,1530
candidate_24h,12441600,2316000,8536800,30,0,4,34,27,7,328,30,30,30,0,2634,1970,664,2110,524,2497,2497,2110,103,0,2245,248311,1543
candidate_24h,12441600,2328000,8548800,28,0,3,31,27,4,328,28,28,28,0,2648,1980,668,2121,527,2513,2513,2123,104,0,2256,249565,1547
candidate_24h,12441600,2340000,8560800,24,0,1,25,22,3,330,24,24,24,0,2658,1988,670,2130,528,2529,2529,2137,104,0,2266,250832,1553
candidate_24h,12441600,2352000,8572800,30,0,3,33,28,5,328,30,30,30,0,2674,2000,674,2143,531,2536,2536,2143,105,0,2279,252049,1565
candidate_24h,12441600,2364000,8584800,29,0,1,30,26,4,329,29,29,29,0,2684,2009,675,2151,533,2548,2548,2152,106,0,2287,253361,1573
candidate_24h,12441600,2376000,8596800,29,0,6,35,32,3,328,28,28,29,0,2701,2020,681,2166,535,2560,2560,2162,106,0,2301,254519,1578
candidate_24h,12441600,2388000,8608800,29,0,0,29,23,6,328,29,29,29,0,2712,2029,683,2174,538,2576,2576,2178,107,0,2312,255820,1587
candidate_24h,12441600,2400000,8620800,28,0,4,32,26,6,329,27,27,28,0,2729,2039,690,2187,542,2590,2590,2188,107,0,2326,257184,1595
candidate_24h,12441600,2412000,8632800,24,0,5,29,24,5,329,24,24,24,0,2742,2046,696,2199,543,2604,2604,2202,109,0,2339,258308,1606
candidate_24h,12441600,2424000,8644800,26,0,8,34,29,5,330,26,26,26,0,2760,2054,706,2214,546,2617,2617,2212,109,0,2355,259521,1609
candidate_24h,12441600,2436000,8656800,22,0,2,24,20,4,329,22,22,22,0,2766,2059,707,2218,548,2632,2632,2226,110,0,2359,260579,1614
candidate_24h,12441600,2448000,8668800,31,0,2,33,29,4,328,30,29,31,0,2785,2075,710,2236,549,2642,2642,2235,110,0,2376,261752,1620
candidate_24h,12441600,2460000,8680800,30,0,4,34,31,3,329,30,30,30,0,2799,2085,714,2248,551,2652,2652,2242,113,0,2388,263079,1625
candidate_24h,12441600,2472000,8692800,29,0,3,32,29,3,330,29,29,29,0,2810,2093,717,2257,553,2665,2665,2252,113,0,2397,264410,1636
candidate_24h,12441600,2484000,8704800,29,0,0,29,22,7,328,27,27,29,0,2820,2101,719,2262,558,2676,2676,2262,115,0,2404,265549,1645
candidate_24h,12441600,2496000,8716800,18,0,1,19,16,3,331,18,18,18,0,2827,2105,722,2269,558,2693,2693,2276,115,0,2411,266618,1649
candidate_24h,12441600,2508000,8728800,24,0,1,25,20,5,329,24,24,24,0,2845,2120,725,2283,562,2705,2705,2287,115,0,2426,267698,1657
candidate_24h,12441600,2520000,8740800,29,0,2,31,25,6,328,29,29,29,0,2860,2132,728,2295,565,2713,2713,2294,116,0,2439,268959,1663
candidate_24h,12441600,2532000,8752800,30,0,3,33,26,7,329,29,29,30,0,2876,2142,734,2307,569,2727,2727,2305,116,0,2453,270210,1672
candidate_24h,12441600,2544000,8764800,25,0,1,26,21,5,328,25,25,25,0,2883,2148,735,2313,570,2741,2741,2318,116,0,2458,271429,1680
candidate_24h,12441600,2556000,8776800,26,0,2,28,23,5,328,26,26,26,0,2898,2158,740,2325,573,2753,2753,2329,117,0,2472,272582,1686
candidate_24h,12441600,2568000,8788800,27,0,0,27,23,4,329,26,26,27,0,2911,2171,740,2336,575,2767,2767,2340,117,0,2483,273759,1695
candidate_24h,12441600,2580000,8800800,27,0,5,32,28,4,329,27,27,27,0,2922,2177,745,2345,577,2773,2773,2345,117,0,2493,274978,1702
candidate_24h,12441600,2592000,8812800,22,0,6,28,23,5,329,17,17,22,0,2938,2187,751,2358,580,2790,2790,2359,120,0,2506,276004,1709
candidate_24h,12441600,2604000,8824800,27,0,3,30,25,5,329,27,27,27,0,2951,2197,754,2369,582,2801,2801,2369,120,0,2518,277130,1714
candidate_24h,12441600,2616000,8836800,30,0,2,32,27,5,329,30,30,30,0,2966,2209,757,2382,584,2813,2813,2378,121,0,2530,278543,1724
candidate_24h,12441600,2628000,8848800,28,0,2,30,25,5,329,28,28,28,0,2976,2216,760,2390,586,2824,2824,2389,122,0,2540,279895,1731
candidate_24h,12441600,2640000,8860800,28,0,4,32,26,6,330,27,27,28,0,2991,2225,766,2401,590,2837,2837,2398,122,0,2552,281068,1741
candidate_24h,12441600,2652000,8872800,27,0,4,31,25,6,330,27,27,27,0,3003,2233,770,2412,591,2848,2848,2408,124,0,2563,282304,1746
candidate_24h,12441600,2664000,8884800,31,0,1,32,27,5,330,31,31,31,0,3018,2247,771,2424,594,2862,2862,2420,124,0,2576,283612,1753
candidate_24h,12441600,2676000,8896800,34,0,1,35,30,5,330,33,33,34,0,3031,2258,773,2434,597,2872,2872,2428,124,0,2587,284951,1762
candidate_24h,12441600,2688000,8908800,29,0,4,33,28,5,329,29,29,29,0,3040,2262,778,2441,599,2883,2883,2438,124,0,2594,286291,1774
candidate_24h,12441600,2700000,8920800,31,0,1,32,27,5,330,26,26,31,0,3057,2275,782,2456,601,2900,2900,2453,125,0,2610,287476,1776
candidate_24h,12441600,2712000,8932800,23,0,3,26,22,4,330,23,23,23,0,3065,2280,785,2462,603,2914,2914,2464,125,0,2615,288581,1784
candidate_24h,12441600,2724000,8944800,27,0,0,27,23,4,331,27,27,27,0,3079,2292,787,2475,604,2926,2926,2474,126,0,2628,289772,1794
candidate_24h,12441600,2736000,8956800,29,0,3,32,28,4,330,28,28,29,0,3094,2303,791,2487,607,2936,2936,2481,126,0,2639,291110,1801
candidate_24h,12441600,2748000,8968800,29,0,2,31,25,6,330,29,29,29,0,3109,2315,794,2499,610,2950,2950,2494,128,0,2653,292429,1805
candidate_24h,12441600,2760000,8980800,28,0,1,29,22,7,330,27,27,28,0,3122,2325,797,2507,615,2965,2965,2505,128,0,2662,293665,1813
candidate_24h,12441600,2772000,8992800,28,0,3,31,25,6,330,27,27,28,0,3133,2333,800,2516,617,2973,2973,2512,129,0,2672,294966,1824
candidate_24h,12441600,2784000,9004800,25,0,0,25,20,5,331,25,25,25,0,3143,2342,801,2524,619,2989,2989,2525,129,0,2680,296137,1831
candidate_24h,12441600,2796000,9016800,29,0,4,33,29,4,330,29,29,29,0,3158,2353,805,2538,620,2996,2996,2531,129,0,2693,297354,1834
candidate_24h,12441600,2808000,9028800,34,0,1,35,31,4,332,28,28,34,0,3172,2366,806,2548,624,3007,3007,2538,130,0,2705,298739,1843
candidate_24h,12441600,2820000,9040800,30,0,1,31,27,4,331,29,29,30,0,3182,2374,808,2556,626,3021,3021,2550,130,0,2712,300205,1851
candidate_24h,12441600,2832000,9052800,26,0,2,28,25,3,331,25,25,26,0,3191,2381,810,2564,627,3033,3033,2561,130,0,2720,301576,1861
candidate_24h,12441600,2844000,9064800,24,0,3,27,23,4,331,23,23,24,0,3206,2391,815,2577,629,3048,3048,2574,131,0,2733,302679,1866
candidate_24h,12441600,2856000,9076800,27,0,1,28,24,4,331,27,27,27,0,3216,2400,816,2585,631,3057,3057,2582,131,0,2742,303770,1871
candidate_24h,12441600,2868000,9088800,26,0,2,28,23,5,330,26,26,26,0,3227,2409,818,2593,634,3068,3068,2591,131,0,2750,304948,1881
candidate_24h,12441600,2880000,9100800,27,0,2,29,26,3,330,26,26,27,0,3240,2419,821,2604,636,3079,3079,2601,132,0,2762,306127,1892
candidate_24h,12441600,2892000,9112800,29,0,3,32,29,3,330,29,29,29,0,3254,2429,825,2616,638,3090,3090,2609,132,0,2773,307313,1897
candidate_24h,12441600,2904000,9124800,28,0,1,29,27,2,332,28,28,28,0,3267,2440,827,2627,640,3105,3105,2621,133,0,2785,308541,1901
candidate_24h,12441600,2916000,9136800,32,0,1,33,28,5,331,29,29,32,0,3282,2453,829,2638,644,3116,3116,2630,133,0,2797,309774,1912
candidate_24h,12441600,2928000,9148800,29,0,1,30,25,5,331,29,29,29,0,3290,2459,831,2644,646,3127,3127,2640,133,0,2804,311067,1922
candidate_24h,12441600,2940000,9160800,25,0,3,28,25,3,331,25,25,25,0,3302,2467,835,2655,647,3140,3140,2651,134,0,2814,312289,1930
candidate_24h,12441600,2952000,9172800,29,0,4,33,29,4,330,29,29,29,0,3320,2481,839,2670,650,3153,3153,2662,134,0,2829,313473,1936
candidate_24h,12441600,2964000,9184800,29,0,4,33,29,4,330,29,29,29,0,3333,2491,842,2681,652,3166,3166,2673,134,0,2840,314784,1948
candidate_24h,12441600,2976000,9196800,29,0,2,31,26,5,330,27,27,29,0,3345,2500,845,2690,655,3179,3179,2684,135,0,2850,316059,1952
candidate_24h,12441600,2988000,9208800,25,0,3,28,24,4,332,24,24,25,0,3359,2511,848,2702,657,3196,3196,2698,135,0,2863,317421,1961
candidate_24h,12441600,3000000,9220800,27,0,2,29,23,6,331,27,27,27,0,3371,2521,850,2710,661,3207,3207,2708,135,0,2873,318824,1969
candidate_24h,12441600,3012000,9232800,28,0,4,32,26,6,330,28,28,28,0,3387,2533,854,2723,664,3220,3220,2719,135,0,2886,320008,1975
candidate_24h,12441600,3024000,9244800,32,0,1,33,28,5,333,29,29,32,0,3398,2542,856,2733,665,3229,3229,2725,136,0,2897,321297,1986
candidate_24h,12441600,3036000,9256800,30,0,1,31,25,6,332,30,30,30,0,3408,2551,857,2738,670,3241,3241,2735,136,0,2904,322559,1992
candidate_24h,12441600,3048000,9268800,24,0,4,28,23,5,332,24,24,24,0,3421,2557,864,2749,672,3256,3256,2749,137,0,2916,323830,2003
candidate_24h,12441600,3060000,9280800,25,0,3,28,24,4,331,25,25,25,0,3436,2568,868,2762,674,3271,3271,2762,137,0,2928,324906,2007
candidate_24h,12441600,3072000,9292800,32,0,0,32,25,7,331,31,32,32,0,3451,2582,869,2772,679,3281,3281,2770,138,0,2941,326123,2018
candidate_24h,12441600,3084000,9304800,28,0,1,29,25,4,331,28,28,28,0,3463,2592,871,2782,681,3296,3296,2783,138,0,2951,327346,2024
candidate_24h,12441600,3096000,9316800,33,0,3,36,32,4,331,33,33,33,0,3478,2604,874,2795,683,3304,3304,2789,138,0,2964,328848,2036
candidate_24h,12441600,3108000,9328800,24,0,3,27,24,3,331,23,23,24,0,3490,2612,878,2807,683,3325,3325,2809,138,0,2975,330110,2045
candidate_24h,12441600,3120000,9340800,31,0,3,34,31,3,331,31,31,31,0,3510,2627,883,2824,686,3337,3337,2819,139,0,2993,331333,2051
candidate_24h,12441600,3132000,9352800,31,0,4,35,31,4,331,30,30,31,0,3523,2636,887,2833,690,3349,3349,2827,139,0,3002,332751,2061
candidate_24h,12441600,3144000,9364800,25,0,3,28,25,3,332,25,25,25,0,3535,2644,891,2844,691,3367,3367,2843,140,0,3013,334182,2071
candidate_24h,12441600,3156000,9376800,28,0,5,33,29,4,332,28,28,28,0,3554,2657,897,2860,694,3381,3381,2854,140,0,3029,335475,2076
candidate_24h,12441600,3168000,9388800,30,0,4,34,29,5,332,30,30,30,0,3570,2669,901,2874,696,3395,3395,2868,141,0,3045,336742,2084
candidate_24h,12441600,3180000,9400800,30,0,3,33,28,5,333,30,30,30,0,3582,2678,904,2883,699,3408,3408,2877,141,0,3054,338114,2094
candidate_24h,12441600,3192000,9412800,31,0,2,33,28,5,332,30,30,31,0,3593,2688,905,2892,701,3418,3418,2886,142,0,3063,339492,2102
candidate_24h,12441600,3204000,9424800,30,0,1,31,27,4,334,28,28,30,0,3605,2697,908,2902,703,3431,3431,2897,143,0,3075,340833,2111
candidate_24h,12441600,3216000,9436800,34,0,1,35,28,7,333,34,34,34,0,3620,2711,909,2912,708,3441,3441,2905,144,0,3087,342268,2119
candidate_24h,12441600,3228000,9448800,32,0,2,34,28,6,332,31,31,32,0,3634,2722,912,2924,710,3455,3455,2917,145,0,3098,343629,2125
candidate_24h,12441600,3240000,9460800,34,0,1,35,28,7,332,30,30,34,0,3646,2732,914,2934,712,3466,3466,2926,145,0,3108,345038,2134
candidate_24h,12441600,3252000,9472800,33,0,2,35,30,5,332,33,32,33,0,3657,2740,917,2942,715,3476,3476,2934,146,0,3117,346453,2143
candidate_24h,12441600,3264000,9484800,30,0,4,34,28,6,334,29,29,30,0,3675,2752,923,2956,719,3495,3495,2949,146,0,3133,347818,2153
candidate_24h,12441600,3276000,9496800,32,0,2,34,28,6,333,32,32,32,0,3692,2767,925,2971,721,3512,3512,2966,146,0,3149,349139,2160
candidate_24h,12441600,3288000,9508800,34,0,1,35,28,7,332,34,34,34,0,3702,2775,927,2979,723,3520,3520,2973,147,0,3157,350567,2171
candidate_24h,12441600,3300000,9520800,29,0,1,30,25,5,333,29,29,29,0,3710,2781,929,2985,725,3533,3533,2983,147,0,3163,351986,2181
candidate_24h,12441600,3312000,9532800,25,0,3,28,22,6,334,25,25,25,0,3727,2792,935,2998,729,3552,3552,3000,147,0,3179,353233,2189
candidate_24h,12441600,3324000,9544800,31,0,1,32,25,7,334,30,30,31,0,3744,2806,938,3012,732,3564,3564,3009,148,0,3193,354512,2198
candidate_24h,12441600,3336000,9556800,30,0,2,32,26,6,334,29,29,30,0,3760,2818,942,3024,736,3580,3580,3023,148,0,3207,355884,2205
candidate_24h,12441600,3348000,9568800,32,0,3,35,27,8,335,29,29,32,0,3778,2832,946,3037,741,3595,3595,3036,148,0,3224,357339,2216
candidate_24h,12441600,3360000,9580800,29,0,4,33,28,5,334,28,28,29,0,3788,2839,949,3045,743,3607,3607,3046,148,0,3231,358788,2223
candidate_24h,12441600,3372000,9592800,31,0,3,34,28,6,334,30,31,31,0,3805,2852,953,3058,747,3622,3622,3060,149,0,3247,360168,2232
candidate_24h,12441600,3384000,9604800,33,0,1,34,27,7,335,31,31,33,0,3819,2862,957,3068,751,3636,3636,3069,149,0,3257,361587,2241
candidate_24h,12441600,3396000,9616800,33,0,3,36,29,7,335,33,33,33,0,3836,2876,960,3083,753,3651,3651,3082,149,0,3272,363009,2251
candidate_24h,12441600,3408000,9628800,32,0,1,33,25,8,335,32,32,32,0,3847,2885,962,3090,757,3664,3664,3093,150,0,3281,364337,2256
candidate_24h,12441600,3420000,9640800,31,0,0,31,25,6,335,31,31,31,0,3861,2895,966,3101,760,3680,3680,3107,150,0,3293,365585,2266
candidate_24h,12441600,3432000,9652800,32,0,2,34,29,5,335,32,32,32,0,3878,2909,969,3116,762,3693,3693,3119,151,0,3309,366916,2278
candidate_24h,12441600,3444000,9664800,28,0,4,32,26,6,334,28,28,28,0,3896,2922,974,3131,765,3710,3710,3133,154,0,3323,368261,2285
candidate_24h,12441600,3456000,9676800,32,0,3,35,26,9,336,29,29,32,0,3909,2933,976,3139,770,3719,3719,3139,155,0,3335,369728,2294
candidate_24h,12441600,3468000,9688800,28,0,3,31,23,8,334,28,28,28,0,3923,2943,980,3150,773,3736,3736,3155,156,0,3346,371104,2301
candidate_24h,12441600,3480000,9700800,29,0,5,34,27,7,333,26,26,29,0,3940,2954,986,3164,776,3750,3750,3167,156,0,3360,372492,2310
candidate_24h,12441600,3492000,9712800,31,0,1,32,27,5,335,31,31,31,0,3952,2964,988,3174,778,3763,3763,3175,157,0,3369,373829,2318
candidate_24h,12441600,3504000,9724800,33,0,2,35,30,5,334,33,33,33,0,3967,2975,992,3186,781,3775,3775,3187,157,0,3383,375188,2329
candidate_24h,12441600,3516000,9736800,29,0,2,31,26,5,334,29,29,29,0,3976,2981,995,3192,784,3788,3788,3198,157,0,3390,376476,2334
candidate_24h,12441600,3528000,9748800,26,0,4,30,23,7,334,26,26,26,0,3991,2991,1000,3203,788,3803,3803,3210,158,0,3402,377722,2338
candidate_24h,12441600,3540000,9760800,30,0,4,34,26,8,334,30,30,30,0,4005,3000,1005,3214,791,3813,3813,3219,158,0,3415,379019,2348
candidate_24h,12441600,3552000,9772800,31,0,3,34,26,8,333,30,30,31,0,4017,3008,1009,3223,794,3824,3824,3229,159,0,3425,380389,2358
candidate_24h,12441600,3564000,9784800,33,0,2,35,30,5,334,29,29,33,0,4036,3024,1012,3238,798,3842,3842,3244,159,0,3442,381718,2363
candidate_24h,12441600,3576000,9796800,26,0,3,29,23,6,334,26,26,26,0,4047,3032,1015,3248,799,3859,3859,3260,159,0,3452,383220,2376
candidate_24h,12441600,3588000,9808800,26,0,7,33,30,3,334,25,25,26,0,4068,3044,1024,3269,799,3875,3875,3275,160,0,3472,384482,2382
candidate_24h,12441600,3600000,9820800,30,0,4,34,31,3,334,30,30,30,0,4085,3056,1029,3283,802,3890,3890,3287,161,0,3486,385878,2389
candidate_24h,12441600,3612000,9832800,28,0,4,32,28,4,334,28,28,28,0,4102,3067,1035,3297,805,3907,3907,3302,163,0,3501,387182,2396
candidate_24h,12441600,3624000,9844800,25,0,2,27,23,4,333,25,25,25,0,4109,3072,1037,3302,807,3919,3919,3313,163,0,3506,388584,2405
candidate_24h,12441600,3636000,9856800,29,0,3,32,29,3,336,29,29,29,0,4132,3087,1045,3322,810,3937,3937,3327,163,0,3528,389818,2412
candidate_24h,12441600,3648000,9868800,32,0,2,34,28,6,334,32,32,32,0,4142,3096,1046,3329,813,3945,3945,3335,163,0,3536,391185,2421
candidate_24h,12441600,3660000,9880800,31,0,4,35,29,6,333,31,31,31,0,4160,3110,1050,3344,816,3962,3962,3350,163,0,3551,392441,2426
candidate_24h,12441600,3672000,9892800,34,0,1,35,31,4,334,30,30,34,0,4172,3120,1052,3355,817,3973,3973,3359,164,0,3562,393742,2435
candidate_24h,12441600,3684000,9904800,32,0,1,33,30,3,335,31,31,32,0,4182,3127,1055,3362,820,3984,3984,3367,165,0,3570,395097,2445
candidate_24h,12441600,3696000,9916800,25,0,7,32,29,3,335,25,25,25,0,4195,3133,1062,3373,822,3998,3998,3380,165,0,3582,396395,2456
candidate_24h,12441600,3708000,9928800,31,0,5,36,31,5,333,30,30,31,0,4216,3148,1068,3390,826,4014,4014,3394,166,0,3599,397561,2458
candidate_24h,12441600,3720000,9940800,32,0,2,34,31,3,335,32,32,32,0,4229,3158,1071,3403,826,4028,4028,3406,167,0,3612,398846,2467
candidate_24h,12441600,3732000,9952800,27,0,2,29,25,4,336,27,27,27,0,4243,3167,1076,3414,829,4047,4047,3422,167,0,3624,400144,2478
candidate_24h,12441600,3744000,9964800,31,0,1,32,26,6,334,31,31,31,0,4256,3179,1077,3424,832,4057,4057,3432,167,0,3635,401598,2486
candidate_24h,12441600,3756000,9976800,35,0,0,35,28,7,335,34,34,35,0,4269,3191,1078,3432,837,4066,4066,3436,168,0,3644,403128,2494
candidate_24h,12441600,3768000,9988800,31,0,2,33,26,7,335,31,31,31,0,4282,3201,1081,3443,839,4081,4081,3450,168,0,3656,404661,2503
candidate_24h,12441600,3780000,10000800,32,0,3,35,30,5,336,27,27,32,0,4300,3213,1087,3460,840,4097,4097,3463,168,0,3672,406015,2511
candidate_24h,12441600,3792000,10012800,29,0,3,32,27,5,335,28,28,29,0,4310,3220,1090,3468,842,4109,4109,3474,169,0,3680,407293,2519
candidate_24h,12441600,3804000,10024800,31,0,4,35,30,5,336,31,31,31,0,4329,3233,1096,3483,846,4125,4125,3487,169,0,3697,408557,2525
candidate_24h,12441600,3816000,10036800,31,0,2,33,27,6,336,31,31,31,0,4340,3240,1100,3491,849,4137,4137,3498,170,0,3707,409828,2533
candidate_24h,12441600,3828000,10048800,32,0,3,35,33,2,338,32,32,32,0,4356,3251,1105,3506,850,4151,4151,3508,170,0,3721,411153,2544
candidate_24h,12441600,3840000,10060800,29,0,0,29,26,3,337,29,29,29,0,4365,3260,1105,3513,852,4164,4164,3520,172,0,3728,412518,2552
candidate_24h,12441600,3852000,10072800,34,0,1,35,30,5,336,34,34,34,0,4382,3276,1106,3526,856,4175,4175,3530,172,0,3743,413964,2560
candidate_24h,12441600,3864000,10084800,28,0,2,30,26,4,338,28,28,28,0,4390,3282,1108,3532,858,4188,4188,3539,172,0,3749,415430,2572
candidate_24h,12441600,3876000,10096800,32,0,2,34,30,4,337,31,31,32,0,4408,3296,1112,3548,860,4201,4201,3550,173,0,3764,416769,2579
candidate_24h,12441600,3888000,10108800,32,0,3,35,30,5,336,29,29,32,0,4423,3307,1116,3559,864,4215,4215,3562,173,0,3776,418080,2584
candidate_24h,12441600,3900000,10120800,29,0,3,32,28,4,337,29,29,29,0,4432,3315,1117,3567,865,4227,4227,3572,173,0,3784,419451,2594
candidate_24h,12441600,3912000,10132800,31,0,2,33,27,6,336,30,31,31,0,4444,3324,1120,3575,869,4238,4238,3581,173,0,3793,420887,2606
candidate_24h,12441600,3924000,10144800,31,0,3,34,28,6,336,30,30,31,0,4462,3338,1124,3590,872,4254,4254,3595,174,0,3809,422269,2614
candidate_24h,12441600,3936000,10156800,29,0,6,35,27,8,337,29,29,29,0,4482,3351,1131,3605,877,4273,4273,3611,174,0,3827,423521,2624
candidate_24h,12441600,3948000,10168800,26,0,3,29,25,4,338,26,26,26,0,4494,3359,1135,3615,879,4291,4291,3626,174,0,3837,424768,2631
candidate_24h,12441600,3960000,10180800,27,0,4,31,26,5,338,24,24,27,0,4511,3371,1140,3628,883,4305,4305,3638,175,0,3852,426057,2638
candidate_24h,12441600,3972000,10192800,29,0,3,32,23,9,336,28,28,29,0,4525,3379,1146,3638,887,4318,4318,3650,175,0,3863,427383,2647
candidate_24h,12441600,3984000,10204800,31,0,2,33,27,6,339,29,29,31,0,4542,3393,1149,3652,890,4334,4334,3662,175,0,3879,428693,2654
candidate_24h,12441600,3996000,10216800,31,0,4,35,27,8,336,27,27,31,0,4554,3401,1153,3661,893,4344,4344,3672,175,0,3888,430030,2659
candidate_24h,12441600,4008000,10228800,26,0,1,27,21,6,337,25,25,26,0,4563,3407,1156,3668,895,4360,4360,3686,176,0,3896,431417,2668
candidate_24h,12441600,4020000,10240800,28,0,3,31,24,7,338,28,28,28,0,4582,3421,1161,3681,901,4375,4375,3698,176,0,3913,432777,2677
candidate_24h,12441600,4032000,10252800,27,0,4,31,26,5,337,27,27,27,0,4594,3428,1166,3691,903,4387,4387,3708,176,0,3922,434161,2691
candidate_24h,12441600,4044000,10264800,29,0,5,34,25,9,336,28,28,29,0,4617,3446,1171,3707,910,4407,4407,3726,176,0,3942,435433,2694
candidate_24h,12441600,4056000,10276800,31,0,2,33,23,10,337,31,31,31,0,4634,3460,1174,3720,914,4422,4422,3738,179,0,3957,436757,2701
candidate_24h,12441600,4068000,10288800,33,0,1,34,24,10,337,33,33,33,0,4644,3469,1175,3728,916,4430,4430,3745,180,0,3966,438241,2708
candidate_24h,12441600,4080000,10300800,33,0,2,35,28,7,336,32,32,33,0,4657,3478,1179,3739,918,4441,4441,3754,181,0,3976,439646,2719
candidate_24h,12441600,4092000,10312800,29,0,4,33,24,9,336,29,29,29,0,4667,3484,1183,3745,922,4453,4453,3765,181,0,3985,441050,2730
candidate_24h,12441600,4104000,10324800,33,0,2,35,28,7,337,29,29,33,0,4688,3502,1186,3763,925,4472,4472,3781,181,0,4004,442371,2736
candidate_24h,12441600,4116000,10336800,28,0,1,29,25,4,337,28,28,28,0,4698,3510,1188,3772,926,4487,4487,3795,182,0,4013,443791,2743
candidate_24h,12441600,4128000,10348800,32,0,2,34,29,5,336,31,31,32,0,4713,3522,1191,3784,929,4497,4497,3803,182,0,4025,445196,2756
candidate_24h,12441600,4140000,10360800,30,0,3,33,28,5,337,30,30,30,0,4722,3529,1193,3791,931,4506,4506,3810,183,0,4033,446566,2764
candidate_24h,12441600,4152000,10372800,31,0,4,35,28,7,336,31,31,31,0,4738,3541,1197,3803,935,4520,4520,3822,183,0,4046,447912,2773
candidate_24h,12441600,4164000,10384800,31,0,1,32,27,5,337,31,31,31,0,4749,3551,1198,3813,936,4533,4533,3833,184,0,4056,449241,2778
candidate_24h,12441600,4176000,10396800,33,0,2,35,29,6,335,31,31,33,0,4761,3561,1200,3823,938,4542,4542,3841,184,0,4065,450661,2787
candidate_24h,12441600,4188000,10408800,27,0,2,29,24,5,337,27,27,27,0,4771,3567,1204,3831,940,4557,4557,3854,185,0,4075,451991,2797
candidate_24h,12441600,4200000,10420800,30,0,4,34,29,5,336,28,28,30,0,4787,3577,1210,3844,943,4567,4567,3862,186,0,4088,453169,2804
candidate_24h,12441600,4212000,10432800,31,0,4,35,31,4,335,28,28,31,0,4801,3587,1214,3857,944,4580,4580,3874,186,0,4100,454422,2809
candidate_24h,12441600,4224000,10444800,27,0,1,28,22,6,334,27,27,27,0,4811,3595,1216,3864,947,4596,4596,3889,187,0,4108,455702,2815
candidate_24h,12441600,4236000,10456800,33,0,0,33,29,4,336,33,33,33,0,4825,3607,1218,3875,950,4605,4605,3894,187,0,4120,457083,2828
candidate_24h,12441600,4248000,10468800,34,0,1,35,31,4,334,33,33,34,0,4834,3614,1220,3882,952,4612,4612,3900,187,0,4126,458532,2835
candidate_24h,12441600,4260000,10480800,31,0,3,34,31,3,334,31,31,31,0,4849,3624,1225,3896,953,4626,4626,3913,189,0,4140,459937,2843
candidate_24h,12441600,4272000,10492800,29,0,3,32,28,4,336,29,29,29,0,4863,3635,1228,3907,956,4642,4642,3926,189,0,4153,461190,2852
candidate_24h,12441600,4284000,10504800,31,0,2,33,25,8,335,31,31,31,0,4877,3648,1229,3916,961,4655,4655,3938,189,0,4165,462527,2857
candidate_24h,12441600,4296000,10516800,31,0,1,32,29,3,336,31,31,31,0,4888,3657,1231,3927,961,4667,4667,3948,189,0,4175,463941,2864
candidate_24h,12441600,4308000,10528800,34,0,0,34,29,5,335,34,34,34,0,4900,3666,1234,3936,964,4676,4676,3955,190,0,4184,465352,2882
candidate_24h,12441600,4320000,10540800,34,0,1,35,30,5,335,30,30,34,0,4910,3675,1235,3945,965,4684,4684,3962,191,0,4193,466771,2888
candidate_24h,12441600,4332000,10552800,28,0,1,29,26,3,336,26,27,28,0,4920,3684,1236,3953,967,4700,4700,3976,191,0,4202,468100,2895
candidate_24h,12441600,4344000,10564800,32,0,1,33,28,5,335,31,31,32,0,4938,3699,1239,3968,970,4713,4713,3987,192,0,4217,469535,2900
candidate_24h,12441600,4356000,10576800,30,0,2,32,27,5,335,29,29,30,0,4948,3707,1241,3978,970,4723,4723,3997,193,0,4227,471002,2917
candidate_24h,12441600,4368000,10588800,32,0,2,34,29,5,336,31,31,32,0,4964,3720,1244,3990,974,4737,4737,4008,193,0,4241,472372,2926
candidate_24h,12441600,4380000,10600800,31,0,0,31,25,6,336,31,31,31,0,4975,3730,1245,3996,979,4751,4751,4019,193,0,4249,473766,2934
candidate_24h,12441600,4392000,10612800,29,0,3,32,26,6,335,28,29,29,0,4990,3741,1249,4009,981,4765,4765,4033,193,0,4263,475129,2941
candidate_24h,12441600,4404000,10624800,31,0,2,33,29,4,336,31,31,31,0,5005,3752,1253,4022,983,4778,4778,4043,194,0,4276,476437,2951
candidate_24h,12441600,4416000,10636800,30,0,4,34,29,5,335,30,30,30,0,5020,3762,1258,4035,985,4792,4792,4056,194,0,4289,477746,2958
candidate_24h,12441600,4428000,10648800,29,0,2,31,27,4,337,26,26,29,0,5032,3770,1262,4043,989,4807,4807,4067,194,0,4299,478962,2965
candidate_24h,12441600,4440000,10660800,27,0,3,30,25,5,336,26,26,27,0,5050,3781,1269,4058,992,4826,4826,4083,194,0,4313,480144,2970
candidate_24h,12441600,4452000,10672800,33,0,2,35,26,9,335,33,33,33,0,5068,3796,1272,4070,998,4838,4838,4093,195,0,4328,481525,2981
candidate_24h,12441600,4464000,10684800,29,0,3,32,26,6,337,29,29,29,0,5078,3802,1276,4080,998,4851,4851,4104,195,0,4338,482900,2989
candidate_24h,12441600,4476000,10696800,33,0,1,34,27,7,336,32,32,33,0,5094,3816,1278,4090,1004,4865,4865,4116,195,0,4351,484228,2995
candidate_24h,12441600,4488000,10708800,27,0,0,27,22,5,337,27,27,27,0,5104,3822,1282,4098,1006,4880,4880,4128,197,0,4359,485475,3002
candidate_24h,12441600,4500000,10720800,30,0,3,33,27,6,336,27,27,30,0,5122,3834,1288,4112,1010,4892,4892,4139,197,0,4375,486745,3009
candidate_24h,12441600,4512000,10732800,27,0,5,32,28,4,339,26,26,27,0,5139,3843,1296,4127,1012,4910,4910,4153,197,0,4391,487999,3019
candidate_24h,12441600,4524000,10744800,28,0,4,32,29,3,337,28,28,28,0,5157,3854,1303,4141,1016,4928,4928,4169,197,0,4405,489262,3024
candidate_24h,12441600,4536000,10756800,31,0,4,35,32,3,336,27,27,31,0,5172,3864,1308,4155,1017,4939,4939,4179,198,0,4418,490560,3029
candidate_24h,12441600,4548000,10768800,31,0,2,33,29,4,337,31,31,31,0,5184,3874,1310,4163,1021,4953,4953,4190,198,0,4428,491989,3042
candidate_24h,12441600,4560000,10780800,26,0,6,32,29,3,338,25,25,26,0,5197,3880,1317,4173,1024,4967,4967,4201,198,0,4439,493317,3048
candidate_24h,12441600,4572000,10792800,33,0,3,36,32,4,336,31,31,33,0,5219,3897,1322,4192,1027,4985,4985,4218,198,0,4458,494516,3056
candidate_24h,12441600,4584000,10804800,35,0,0,35,32,3,338,33,33,35,0,5229,3907,1322,4201,1028,4995,4995,4225,199,0,4467,495993,3057
candidate_24h,12441600,4596000,10816800,30,0,1,31,28,3,338,29,29,30,0,5233,3910,1323,4204,1029,5003,5003,4232,199,0,4470,497491,3071
candidate_24h,12441600,4608000,10828800,27,0,3,30,25,5,338,27,27,27,0,5252,3923,1329,4219,1033,5021,5021,4247,201,0,4486,498678,3080
candidate_24h,12441600,4620000,10840800,28,0,4,32,29,3,338,28,28,28,0,5267,3932,1335,4233,1034,5033,5033,4258,202,0,4500,499926,3084
candidate_24h,12441600,4632000,10852800,33,0,2,35,30,5,338,32,32,33,0,5284,3946,1338,4245,1039,5047,5047,4269,202,0,4514,501254,3095
candidate_24h,12441600,4644000,10864800,30,0,5,35,32,3,339,28,27,30,0,5297,3956,1341,4257,1040,5060,5060,4280,202,0,4526,502636,3104
candidate_24h,12441600,4656000,10876800,28,0,1,29,24,5,337,28,28,28,0,5309,3967,1342,4266,1043,5077,5077,4296,203,0,4535,503975,3116
candidate_24h,12441600,4668000,10888800,34,0,0,34,28,6,339,34,34,34,0,5328,3985,1343,4282,1046,5090,5090,4306,204,0,4553,505431,3120
candidate_24h,12441600,4680000,10900800,32,0,2,34,27,7,337,32,32,32,0,5340,3993,1347,4291,1049,5102,5102,4317,204,0,4562,506912,3141
candidate_24h,12441600,4692000,10912800,24,0,2,26,21,5,338,24,24,24,0,5347,3998,1349,4297,1050,5116,5116,4330,205,0,4569,508229,3145
candidate_24h,12441600,4704000,10924800,22,0,3,25,18,7,336,22,22,22,0,5359,4007,1352,4305,1054,5129,5129,4341,205,0,4577,509241,3150
candidate_24h,12441600,4716000,10936800,20,0,3,23,17,6,337,19,19,20,0,5373,4017,1356,4317,1056,5144,5144,4353,206,0,4589,510202,3155
candidate_24h,12441600,4728000,10948800,24,0,4,28,21,7,339,23,23,24,0,5392,4030,1362,4330,1062,5158,5158,4363,206,0,4606,511279,3166
candidate_24h,12441600,4740000,10960800,30,0,2,32,27,5,338,30,30,30,0,5407,4043,1364,4343,1064,5169,5169,4373,206,0,4619,512493,3172
candidate_24h,12441600,4752000,10972800,27,0,2,29,23,6,338,25,25,27,0,5419,4050,1369,4353,1066,5183,5183,4385,207,0,4629,513738,3185
candidate_24h,12441600,4764000,10984800,28,0,2,30,25,5,338,27,27,28,0,5431,4059,1372,4363,1068,5194,5194,4394,207,0,4639,514845,3192
candidate_24h,12441600,4776000,10996800,29,0,2,31,29,2,339,29,29,29,0,5446,4069,1377,4376,1070,5207,5207,4404,208,0,4652,515989,3197
candidate_24h,12441600,4788000,11008800,29,0,3,32,28,4,338,29,29,29,0,5458,4077,1381,4385,1073,5218,5218,4414,208,0,4662,517194,3202
candidate_24h,12441600,4800000,11020800,32,0,2,34,26,8,339,31,31,32,0,5471,4088,1383,4393,1078,5229,5229,4423,208,0,4674,518424,3214
candidate_24h,12441600,4812000,11032800,27,0,2,29,23,6,339,27,27,27,0,5480,4095,1385,4399,1081,5243,5243,4434,208,0,4680,519771,3220
candidate_24h,12441600,4824000,11044800,30,0,2,32,27,5,338,29,29,30,0,5493,4106,1387,4411,1082,5252,5252,4443,209,0,4692,521120,3228
candidate_24h,12441600,4836000,11056800,27,0,3,30,26,4,339,27,27,27,0,5508,4116,1392,4423,1085,5268,5268,4455,210,0,4704,522386,3237
candidate_24h,12441600,4848000,11068800,22,0,2,24,19,5,339,22,22,22,0,5516,4121,1395,4429,1087,5282,5282,4468,210,0,4711,523455,3242
candidate_24h,12441600,4860000,11080800,23,0,5,28,25,3,340,20,20,23,0,5533,4131,1402,4443,1090,5295,5295,4477,210,0,4725,524438,3250
candidate_24h,12441600,4872000,11092800,23,0,1,24,20,4,338,23,23,23,0,5545,4142,1403,4451,1094,5310,5310,4491,211,0,4734,525567,3252
candidate_24h,12441600,4884000,11104800,19,0,4,23,21,2,339,19,19,19,0,5553,4147,1406,4458,1095,5319,5319,4498,211,0,4741,526611,3262
candidate_24h,12441600,4896000,11116800,24,0,3,27,25,2,339,24,24,24,0,5572,4161,1411,4476,1096,5333,5333,4510,212,0,4758,527651,3269
candidate_24h,12441600,4908000,11128800,31,0,2,33,30,3,338,30,30,31,0,5589,4175,1414,4490,1099,5342,5342,4517,214,0,4772,528805,3274
candidate_24h,12441600,4920000,11140800,31,0,1,32,27,5,338,30,30,31,0,5600,4185,1415,4498,1102,5354,5354,4528,214,0,4782,530247,3289
candidate_24h,12441600,4932000,11152800,26,0,4,30,25,5,338,26,26,26,0,5614,4192,1422,4508,1106,5369,5369,4541,215,0,4794,531531,3296
candidate_24h,12441600,4944000,11164800,28,0,1,29,26,3,337,26,26,28,0,5628,4205,1423,4520,1108,5384,5384,4553,215,0,4804,532724,3305
candidate_24h,12441600,4956000,11176800,28,0,1,29,24,5,337,28,28,28,0,5640,4215,1425,4529,1111,5395,5395,4563,216,0,4815,533949,3313
candidate_24h,12441600,4968000,11188800,29,0,4,33,28,5,338,24,24,29,0,5657,4228,1429,4543,1114,5408,5408,4573,216,0,4830,535199,3323
candidate_24h,12441600,4980000,11200800,27,0,2,29,24,5,338,26,26,27,0,5667,4235,1432,4550,1117,5422,5422,4585,216,0,4838,536587,3329
candidate_24h,12441600,4992000,11212800,27,0,2,29,23,6,338,26,26,27,0,5681,4246,1435,4561,1120,5435,5435,4596,217,0,4850,537910,3339
candidate_24h,12441600,5004000,11224800,28,0,4,32,24,8,336,27,27,28,0,5700,4257,1443,4578,1122,5451,5451,4612,217,0,4867,539222,3347
candidate_24h,12441600,5016000,11236800,30,0,3,33,27,6,336,29,29,30,0,5715,4269,1446,4590,1125,5464,5464,4622,218,0,4879,540506,3353
candidate_24h,12441600,5028000,11248800,24,0,1,25,23,2,338,24,24,24,0,5720,4273,1447,4594,1126,5477,5477,4632,218,0,4883,541681,3365
candidate_24h,12441600,5040000,11260800,21,0,3,24,21,3,336,21,21,21,0,5731,4280,1451,4604,1127,5488,5488,4643,219,0,4892,542670,3370
candidate_24h,12441600,5052000,11272800,21,0,7,28,23,5,336,21,21,21,0,5747,4290,1457,4617,1130,5500,5500,4654,219,0,4907,543603,3377
candidate_24h,12441600,5064000,11284800,22,0,6,28,24,4,337,22,22,22,0,5764,4300,1464,4630,1134,5517,5517,4667,219,0,4921,544490,3380
candidate_24h,12441600,5076000,11296800,26,0,4,30,27,3,337,24,24,26,0,5776,4307,1469,4641,1135,5527,5527,4676,219,0,4932,545470,3385
candidate_24h,12441600,5088000,11308800,26,0,3,29,23,6,336,26,26,26,0,5790,4318,1472,4650,1140,5541,5541,4688,220,0,4943,546685,3393
candidate_24h,12441600,5100000,11320800,28,0,1,29,25,4,338,28,28,28,0,5802,4326,1476,4660,1142,5553,5553,4697,220,0,4954,547903,3400
candidate_24h,12441600,5112000,11332800,27,0,4,31,27,4,336,27,27,27,0,5815,4333,1482,4671,1144,5563,5563,4707,221,0,4965,549144,3410
candidate_24h,12441600,5124000,11344800,29,0,2,31,27,4,337,29,29,29,0,5832,4347,1485,4685,1147,5580,5580,4720,221,0,4979,550381,3417
candidate_24h,12441600,5136000,11356800,26,0,2,28,25,3,336,25,25,26,0,5842,4355,1487,4694,1148,5593,5593,4732,221,0,4987,551635,3423
candidate_24h,12441600,5148000,11368800,31,0,2,33,29,4,336,31,31,31,0,5858,4369,1489,4707,1151,5603,5603,4740,222,0,5001,552972,3431
candidate_24h,12441600,5160000,11380800,33,0,1,34,29,5,337,32,32,33,0,5869,4378,1491,4716,1153,5613,5613,4748,222,0,5011,554460,3441
candidate_24h,12441600,5172000,11392800,25,0,4,29,27,2,337,25,25,25,0,5880,4384,1496,4726,1154,5627,5627,4760,224,0,5020,555773,3452
candidate_24h,12441600,5184000,11404800,25,0,5,30,26,4,336,23,23,25,0,5894,4394,1500,4737,1157,5640,5640,4772,224,0,5032,556932,3456
candidate_24h,12441600,5196000,11416800,25,0,2,27,23,4,337,24,24,25,0,5908,4405,1503,4749,1159,5657,5657,4786,224,0,5044,558016,3460
candidate_24h,12441600,5208000,11428800,30,0,2,32,28,4,337,30,30,30,0,5921,4416,1505,4759,1162,5665,5665,4791,224,0,5054,559328,3471
candidate_24h,12441600,5220000,11440800,27,0,1,28,27,1,338,27,26,27,0,5932,4425,1507,4769,1163,5679,5679,4802,225,0,5063,560506,3482
candidate_24h,12441600,5232000,11452800,26,0,3,29,24,5,337,26,26,26,0,5945,4434,1511,4778,1167,5691,5691,4813,225,0,5074,561686,3487
candidate_24h,12441600,5244000,11464800,23,0,2,25,22,3,337,22,22,23,0,5956,4443,1513,4788,1168,5706,5706,4826,225,0,5083,562835,3495
candidate_24h,12441600,5256000,11476800,23,0,3,26,21,5,336,22,22,23,0,5970,4452,1518,4799,1171,5717,5717,4836,227,0,5095,563833,3500
candidate_24h,12441600,5268000,11488800,27,0,0,27,24,3,338,26,26,27,0,5983,4461,1522,4811,1172,5729,5729,4845,227,0,5107,564910,3507
candidate_24h,12441600,5280000,11500800,29,0,0,29,26,3,338,28,28,29,0,5997,4474,1523,4822,1175,5741,5741,4855,227,0,5119,566304,3516
candidate_24h,12441600,5292000,11512800,28,0,4,32,30,2,337,24,24,28,0,6011,4483,1528,4835,1176,5751,5751,4864,228,0,5131,567495,3525
candidate_24h,12441600,5304000,11524800,24,0,2,26,23,3,336,23,23,24,0,6019,4491,1528,4840,1179,5765,5765,4876,228,0,5136,568700,3531
candidate_24h,12441600,5316000,11536800,27,0,3,30,27,3,336,26,26,27,0,6035,4503,1532,4854,1181,5777,5777,4886,228,0,5150,569807,3536
candidate_24h,12441600,5328000,11548800,30,0,1,31,26,5,336,30,30,30,0,6046,4512,1534,4861,1185,5786,5786,4893,229,0,5159,571121,3545
candidate_24h,12441600,5340000,11560800,34,0,1,35,29,6,336,33,33,34,0,6060,4523,1537,4873,1187,5796,5796,4902,229,0,5172,572466,3556
candidate_24h,12441600,5352000,11572800,32,0,0,32,29,3,337,32,32,32,0,6069,4530,1539,4880,1189,5807,5807,4909,230,0,5178,573916,3563
candidate_24h,12441600,5364000,11584800,30,0,1,31,27,4,336,29,29,30,0,6081,4541,1540,4891,1190,5820,5820,4922,230,0,5189,575397,3573
candidate_24h,12441600,5376000,11596800,30,0,3,33,31,2,336,30,30,30,0,6099,4555,1544,4907,1192,5835,5835,4934,231,0,5204,576723,3580
candidate_24h,12441600,5388000,11608800,31,0,3,34,30,4,336,31,31,31,0,6111,4563,1548,4916,1195,5846,5846,4943,231,0,5214,578059,3590
candidate_24h,12441600,5400000,11620800,34,0,1,35,33,2,337,29,29,34,0,6126,4576,1550,4929,1197,5860,5860,4955,231,0,5228,579429,3597
candidate_24h,12441600,5412000,11632800,27,0,2,29,25,4,335,27,27,27,0,6134,4580,1554,4933,1201,5873,5873,4967,232,0,5233,580756,3607
candidate_24h,12441600,5424000,11644800,26,0,1,27,22,5,336,26,26,26,0,6147,4590,1557,4942,1205,5887,5887,4978,233,0,5244,581969,3614
candidate_24h,12441600,5436000,11656800,27,0,2,29,24,5,336,26,26,27,0,6159,4600,1559,4952,1207,5897,5897,4986,233,0,5254,583077,3620
candidate_24h,12441600,5448000,11668800,24,0,1,25,22,3,338,24,24,24,0,6171,4611,1560,4963,1208,5912,5912,4998,234,0,5265,584213,3626
candidate_24h,12441600,5460000,11680800,24,0,1,25,21,4,335,23,23,24,0,6180,4618,1562,4968,1212,5921,5921,5007,234,0,5271,585377,3631
candidate_24h,12441600,5472000,11692800,25,0,1,26,25,1,338,24,24,25,0,6193,4627,1566,4979,1214,5932,5932,5014,235,0,5283,586510,3641
candidate_24h,12441600,5484000,11704800,28,0,1,29,26,3,336,28,28,28,0,6204,4636,1568,4988,1216,5940,5940,5022,235,0,5292,587627,3648
candidate_24h,12441600,5496000,11716800,25,0,2,27,25,2,337,25,25,25,0,6218,4646,1572,5000,1218,5956,5956,5035,235,0,5304,588797,3655
candidate_24h,12441600,5508000,11728800,31,0,4,35,32,3,336,29,29,31,0,6234,4658,1576,5014,1220,5963,5963,5041,236,0,5318,590077,3662
candidate_24h,12441600,5520000,11740800,28,0,2,30,26,4,335,27,27,28,0,6243,4665,1578,5021,1222,5977,5977,5054,236,0,5325,591366,3671
candidate_24h,12441600,5532000,11752800,30,0,1,31,29,2,337,30,30,30,0,6259,4678,1581,5035,1224,5991,5991,5064,237,0,5339,592703,3679
candidate_24h,12441600,5544000,11764800,26,0,2,28,24,4,335,26,26,26,0,6269,4685,1584,5042,1227,6003,6003,5076,238,0,5347,594044,3687
candidate_24h,12441600,5556000,11776800,25,0,3,28,22,6,334,25,25,25,0,6286,4698,1588,5054,1232,6017,6017,5088,241,0,5361,595001,3691
candidate_24h,12441600,5568000,11788800,28,0,0,28,24,4,336,27,28,28,0,6295,4705,1590,5062,1233,6025,6025,5093,242,0,5369,596172,3699
candidate_24h,12441600,5580000,11800800,31,0,1,32,28,4,335,31,30,31,0,6308,4717,1591,5073,1235,6034,6034,5101,242,0,5380,597524,3708
candidate_24h,12441600,5592000,11812800,27,0,1,28,25,3,336,27,27,27,0,6316,4724,1592,5080,1236,6046,6046,5111,242,0,5387,598806,3716
candidate_24h,12441600,5604000,11824800,30,0,3,33,30,3,335,30,30,30,0,6330,4734,1596,5092,1238,6054,6054,5117,243,0,5398,600073,3724
candidate_24h,12441600,5616000,11836800,33,0,2,35,28,7,335,30,30,33,0,6345,4745,1600,5102,1243,6067,6067,5128,243,0,5411,601393,3731
candidate_24h,12441600,5628000,11848800,29,0,2,31,25,6,336,29,29,29,0,6354,4753,1601,5108,1246,6080,6080,5138,243,0,5418,602587,3739
candidate_24h,12441600,5640000,11860800,30,0,2,32,27,5,336,30,30,30,0,6367,4762,1605,5120,1247,6092,6092,5149,243,0,5430,603934,3751
candidate_24h,12441600,5652000,11872800,32,0,0,32,27,5,335,32,32,32,0,6381,4775,1606,5130,1251,6105,6105,5159,244,0,5440,605231,3757
candidate_24h,12441600,5664000,11884800,31,0,4,35,29,6,335,31,31,31,0,6398,4785,1613,5144,1254,6119,6119,5171,244,0,5455,606437,3766
candidate_24h,12441600,5676000,11896800,26,0,6,32,27,5,337,26,26,26,0,6410,4792,1618,5151,1259,6134,6134,5181,244,0,5464,607662,3772
candidate_24h,12441600,5688000,11908800,26,0,2,28,24,4,337,26,26,26,0,6427,4804,1623,5165,1262,6155,6155,5199,244,0,5478,608845,3781
candidate_24h,12441600,5700000,11920800,29,0,3,32,26,6,336,29,29,29,0,6443,4816,1627,5178,1265,6166,6166,5208,245,0,5491,610010,3786
candidate_24h,12441600,5712000,11932800,31,0,3,34,29,5,336,31,31,31,0,6456,4826,1630,5189,1267,6177,6177,5217,245,0,5502,611264,3795
candidate_24h,12441600,5724000,11944800,29,0,3,32,29,3,336,25,25,29,0,6471,4837,1634,5202,1269,6193,6193,5230,246,0,5514,612566,3803
candidate_24h,12441600,5736000,11956800,30,0,3,33,27,6,335,30,30,30,0,6482,4846,1636,5210,1272,6203,6203,5239,246,0,5523,613952,3808
candidate_24h,12441600,5748000,11968800,31,0,2,33,29,4,335,31,31,31,0,6496,4858,1638,5221,1275,6216,6216,5249,247,0,5534,615320,3819
candidate_24h,12441600,5760000,11980800,28,0,1,29,27,2,337,27,28,28,0,6506,4867,1639,5230,1276,6230,6230,5259,247,0,5542,616612,3826
candidate_24h,12441600,5772000,11992800,32,0,3,35,31,4,335,32,32,32,0,6518,4876,1642,5240,1278,6236,6236,5264,247,0,5551,617922,3835
candidate_24h,12441600,5784000,12004800,23,0,1,24,22,2,336,22,22,23,0,6525,4881,1644,5244,1281,6253,6253,5278,248,0,5556,619071,3844
candidate_24h,12441600,5796000,12016800,29,0,2,31,27,4,336,29,29,29,0,6541,4895,1646,5256,1285,6262,6262,5286,248,0,5571,620353,3848
candidate_24h,12441600,5808000,12028800,29,0,2,31,26,5,336,29,29,29,0,6553,4906,1647,5265,1288,6274,6274,5296,248,0,5581,621560,3854
candidate_24h,12441600,5820000,12040800,31,0,3,34,27,7,335,31,31,31,0,6572,4920,1652,5280,1292,6289,6289,5308,249,0,5596,622808,3866
candidate_24h,12441600,5832000,12052800,29,0,2,31,29,2,337,23,23,29,0,6585,4930,1655,5293,1292,6305,6305,5322,249,0,5609,624017,3877
candidate_24h,12441600,5844000,12064800,26,0,2,28,21,7,335,25,25,26,0,6595,4937,1658,5298,1297,6318,6318,5335,249,0,5617,625175,3882
candidate_24h,12441600,5856000,12076800,28,0,5,33,27,6,335,26,26,28,0,6609,4944,1665,5311,1298,6326,6326,5341,250,0,5629,626368,3893
candidate_24h,12441600,5868000,12088800,29,0,3,32,26,6,335,29,29,29,0,6628,4956,1672,5327,1301,6346,6346,5359,250,0,5646,627521,3901
candidate_24h,12441600,5880000,12100800,27,0,5,32,29,3,337,26,26,27,0,6643,4964,1679,5340,1303,6361,6361,5370,250,0,5659,628781,3910
candidate_24h,12441600,5892000,12112800,28,0,3,31,27,4,336,28,28,28,0,6656,4973,1683,5350,1306,6375,6375,5383,250,0,5670,630026,3919
candidate_24h,12441600,5904000,12124800,19,0,1,20,16,4,336,19,19,19,0,6666,4981,1685,5357,1309,6395,6395,5400,251,0,5677,631114,3923
candidate_24h,12441600,5916000,12136800,20,0,2,22,17,5,335,20,20,20,0,6675,4988,1687,5365,1310,6402,6402,5406,251,0,5684,632116,3929
candidate_24h,12441600,5928000,12148800,25,0,1,26,21,5,335,24,24,25,0,6689,5001,1688,5376,1313,6411,6411,5413,252,0,5696,633111,3936
candidate_24h,12441600,5940000,12160800,27,0,4,31,26,5,335,25,25,27,0,6703,5011,1692,5387,1316,6419,6419,5419,253,0,5708,634280,3943
candidate_24h,12441600,5952000,12172800,28,0,3,31,29,2,336,27,27,28,0,6715,5019,1696,5399,1316,6431,6431,5429,253,0,5719,635576,3952
candidate_24h,12441600,5964000,12184800,27,0,0,27,24,3,336,26,26,27,0,6729,5032,1697,5409,1320,6446,6446,5442,256,0,5731,636900,3960
candidate_24h,12441600,5976000,12196800,27,0,2,29,26,3,335,27,27,27,0,6741,5041,1700,5419,1322,6455,6455,5450,257,0,5741,638222,3970
candidate_24h,12441600,5988000,12208800,33,0,2,35,29,6,333,33,33,33,0,6757,5053,1704,5430,1327,6465,6465,5458,257,0,5753,639475,3980
candidate_24h,12441600,6000000,12220800,24,0,1,25,19,6,334,24,24,24,0,6760,5054,1706,5433,1327,6477,6477,5469,258,0,5756,640798,3989
candidate_24h,12441600,6012000,12232800,19,0,2,21,16,5,334,19,19,19,0,6773,5064,1709,5443,1330,6494,6494,5483,258,0,5766,641683,3996
candidate_24h,12441600,6024000,12244800,22,0,4,26,20,6,334,21,21,22,0,6791,5076,1715,5456,1335,6507,6507,5494,258,0,5782,642642,4003
candidate_24h,12441600,6036000,12256800,23,0,1,24,22,2,334,23,23,23,0,6804,5087,1717,5468,1336,6521,6521,5506,259,0,5793,643599,4010
candidate_24h,12441600,6048000,12268800,24,0,6,30,27,3,334,24,24,24,0,6819,5095,1724,5480,1339,6530,6530,5512,259,0,5805,644757,4019
candidate_24h,12441600,6060000,12280800,20,0,1,21,19,2,335,20,20,20,0,6826,5100,1726,5486,1340,6546,6546,5526,259,0,5811,645757,4026
candidate_24h,12441600,6072000,12292800,29,0,3,32,27,5,334,29,29,29,0,6846,5117,1729,5502,1344,6555,6555,5533,259,0,5828,646909,4034
candidate_24h,12441600,6084000,12304800,32,0,3,35,30,5,334,31,31,32,0,6860,5128,1732,5514,1346,6565,6565,5540,260,0,5839,648235,4042
candidate_24h,12441600,6096000,12316800,29,0,2,31,27,4,334,28,28,29,0,6874,5138,1736,5527,1347,6583,6583,5556,260,0,5851,649439,4050
candidate_24h,12441600,6108000,12328800,29,0,2,31,27,4,334,29,29,29,0,6887,5147,1740,5538,1349,6595,6595,5566,261,0,5862,650701,4059
candidate_24h,12441600,6120000,12340800,24,0,2,26,23,3,334,24,24,24,0,6899,5156,1743,5547,1352,6611,6611,5579,262,0,5871,652151,4070
candidate_24h,12441600,6132000,12352800,29,0,4,33,26,7,333,29,29,29,0,6916,5168,1748,5560,1356,6621,6621,5589,262,0,5887,653381,4079
candidate_24h,12441600,6144000,12364800,24,0,2,26,22,4,334,24,24,24,0,6925,5174,1751,5566,1359,6637,6637,5602,262,0,5894,654638,4084
candidate_24h,12441600,6156000,12376800,33,0,1,34,28,6,333,28,28,33,0,6940,5187,1753,5578,1362,6643,6643,5607,263,0,5907,655981,4090
candidate_24h,12441600,6168000,12388800,30,0,1,31,25,6,334,30,30,30,0,6949,5195,1754,5585,1364,6655,6655,5617,263,0,5915,657442,4099
candidate_24h,12441600,6180000,12400800,33,0,1,34,26,8,333,33,33,33,0,6960,5205,1755,5592,1368,6663,6663,5623,263,0,5923,658941,4107
candidate_24h,12441600,6192000,12412800,32,0,1,33,26,7,333,32,32,32,0,6973,5216,1757,5602,1371,6676,6676,5634,264,0,5934,660368,4116
candidate_24h,12441600,6204000,12424800,32,0,3,35,26,9,333,32,32,32,0,6993,5232,1761,5617,1376,6694,6694,5648,264,0,5950,661852,4127
candidate_24h,12441600,6216000,12436800,30,0,1,31,24,7,332,29,29,30,0,7003,5240,1763,5624,1379,6708,6708,5660,264,0,5957,663229,4132
candidate_24h,12441600,6228000,12448800,29,0,4,33,27,6,359,29,29,29,0,7017,5249,1768,5636,1381,6719,6719,5669,265,0,5999,664589,4141
candidate_24h,12441600,6240000,12460800,31,0,1,32,25,7,357,30,30,31,0,7030,5261,1769,5644,1386,6733,6733,5681,265,0,6008,665932,4147
candidate_24h,12441600,6252000,12472800,32,0,1,33,24,9,357,32,32,32,0,7044,5273,1771,5652,1392,6746,6746,5689,265,0,6017,667260,4152
candidate_24h,12441600,6264000,12484800,33,0,2,35,25,10,356,31,32,33,0,7058,5283,1775,5662,1396,6758,6758,5700,265,0,6029,668649,4160
candidate_24h,12441600,6276000,12496800,26,0,2,28,22,6,360,26,26,26,0,7066,5289,1777,5667,1399,6772,6772,5708,266,0,6035,669947,4169
candidate_24h,12441600,6288000,12508800,25,0,2,27,21,6,359,25,25,25,0,7083,5301,1782,5681,1402,6789,6789,5723,267,0,6049,671099,4173
candidate_24h,12441600,6300000,12520800,34,0,0,34,28,6,360,32,32,34,0,7097,5315,1782,5692,1405,6796,6796,5726,267,0,6060,672460,4184
candidate_24h,12441600,6312000,12532800,32,0,3,35,28,7,359,31,32,32,0,7110,5325,1785,5701,1409,6808,6808,5736,267,0,6070,673946,4193
candidate_24h,12441600,6324000,12544800,28,0,1,29,22,7,357,28,28,28,0,7119,5331,1788,5707,1412,6823,6823,5749,267,0,6075,675321,4204
candidate_24h,12441600,6336000,12556800,30,0,1,31,24,7,357,30,30,30,0,7134,5344,1790,5718,1416,6835,6835,5758,268,0,6087,676603,4210
candidate_24h,12441600,6348000,12568800,25,0,3,28,22,6,358,24,24,25,0,7147,5353,1794,5727,1420,6851,6851,5770,268,0,6097,677887,4216
candidate_24h,12441600,6360000,12580800,27,0,5,32,26,6,358,26,26,27,0,7165,5365,1800,5741,1424,6864,6864,5778,269,0,6110,679031,4222
candidate_24h,12441600,6372000,12592800,30,0,5,35,29,6,358,26,26,30,0,7182,5377,1805,5753,1429,6877,6877,5787,270,0,6123,680157,4230
candidate_24h,12441600,6384000,12604800,28,0,3,31,22,9,358,27,27,28,0,7193,5386,1807,5759,1434,6892,6892,5799,270,0,6131,681418,4236
candidate_24h,12441600,6396000,12616800,23,0,3,26,19,7,358,23,23,23,0,7208,5397,1811,5771,1437,6912,6912,5815,270,0,6142,682564,4243
candidate_24h,12441600,6408000,12628800,31,0,1,32,24,8,359,30,30,31,0,7222,5410,1812,5781,1441,6919,6919,5819,271,0,6154,683650,4251
candidate_24h,12441600,6420000,12640800,31,0,3,34,28,6,359,31,31,31,0,7236,5421,1815,5791,1445,6931,6931,5828,271,0,6165,685056,4259
candidate_24h,12441600,6432000,12652800,30,0,2,32,24,8,358,29,29,30,0,7247,5430,1817,5798,1449,6943,6943,5837,272,0,6172,686418,4268
candidate_24h,12441600,6444000,12664800,32,0,0,32,22,10,358,31,31,32,0,7261,5444,1817,5807,1454,6956,6956,5847,273,0,6183,687815,4275
candidate_24h,12441600,6456000,12676800,30,0,3,33,23,10,358,30,30,30,0,7276,5455,1821,5819,1457,6970,6970,5858,273,0,6195,689043,4282
candidate_24h,12441600,6468000,12688800,31,0,2,33,24,9,359,31,31,31,0,7291,5467,1824,5830,1461,6984,6984,5868,274,0,6207,690271,4291
candidate_24h,12441600,6480000,12700800,32,0,3,35,29,6,358,30,30,32,0,7303,5478,1825,5839,1464,6994,6994,5876,274,0,6216,691493,4298
candidate_24h,12441600,6492000,12712800,26,0,3,29,25,4,359,25,25,26,0,7314,5486,1828,5848,1466,7011,7011,5890,274,0,6225,692798,4305
candidate_24h,12441600,6504000,12724800,26,0,4,30,24,6,358,26,26,26,0,7333,5499,1834,5860,1473,7029,7029,5903,274,0,6238,694020,4316
candidate_24h,12441600,6516000,12736800,23,0,1,24,18,6,358,22,22,23,0,7345,5508,1837,5867,1478,7046,7046,5917,275,0,6247,695090,4320
candidate_24h,12441600,6528000,12748800,32,0,1,33,26,7,357,31,31,32,0,7365,5526,1839,5883,1482,7057,7057,5926,275,0,6264,696294,4327
candidate_24h,12441600,6540000,12760800,29,0,4,33,26,7,358,26,26,29,0,7375,5532,1843,5890,1485,7067,7067,5933,275,0,6272,697785,4333
candidate_24h,12441600,6552000,12772800,29,0,3,32,24,8,358,28,28,29,0,7388,5541,1847,5899,1489,7081,7081,5943,275,0,6281,699113,4344
candidate_24h,12441600,6564000,12784800,27,0,3,30,23,7,358,26,26,27,0,7401,5551,1850,5909,1492,7095,7095,5955,276,0,6292,700430,4351
candidate_24h,12441600,6576000,12796800,24,0,3,27,21,6,359,24,24,24,0,7415,5562,1853,5919,1496,7112,7112,5968,276,0,6303,701495,4358
candidate_24h,12441600,6588000,12808800,31,0,2,33,24,9,357,26,26,31,0,7431,5575,1856,5931,1500,7121,7121,5976,277,0,6316,702664,4367
candidate_24h,12441600,6600000,12820800,23,0,1,24,18,6,360,23,23,23,0,7441,5583,1858,5937,1504,7140,7140,5989,277,0,6323,703857,4378
candidate_24h,12441600,6612000,12832800,28,0,2,30,22,8,359,28,28,28,0,7457,5596,1861,5949,1508,7148,7148,5995,279,0,6336,705008,4385
candidate_24h,12441600,6624000,12844800,29,0,3,32,28,4,360,29,29,29,0,7471,5607,1864,5961,1510,7160,7160,6003,279,0,6347,706197,4392
candidate_24h,12441600,6636000,12856800,34,0,1,35,29,6,359,34,34,34,0,7485,5620,1865,5970,1515,7170,7170,6011,280,0,6358,707535,4401
candidate_24h,12441600,6648000,12868800,34,0,1,35,26,9,356,32,32,34,0,7496,5630,1866,5975,1521,7181,7181,6019,280,0,6363,709020,4409
candidate_24h,12441600,6660000,12880800,29,0,1,30,22,8,359,29,29,29,0,7508,5640,1868,5983,1525,7197,7197,6029,281,0,6372,710433,4417
candidate_24h,12441600,6672000,12892800,26,0,1,27,23,4,361,26,26,26,0,7521,5651,1870,5993,1528,7213,7213,6041,281,0,6383,711649,4425
candidate_24h,12441600,6684000,12904800,32,0,2,34,26,8,357,32,32,32,0,7535,5663,1872,6002,1533,7219,7219,6047,282,0,6393,712938,4431
candidate_24h,12441600,6696000,12916800,32,0,1,33,27,6,359,29,29,32,0,7548,5675,1873,6012,1536,7233,7233,6056,282,0,6403,714330,4439
candidate_24h,12441600,6708000,12928800,28,0,1,29,23,6,360,28,28,28,0,7557,5681,1876,6018,1539,7246,7246,6066,282,0,6410,715644,4449
candidate_24h,12441600,6720000,12940800,31,0,2,33,27,6,358,30,30,31,0,7573,5693,1880,6031,1542,7258,7258,6077,282,0,6423,716927,4457
candidate_24h,12441600,6732000,12952800,31,0,2,33,27,6,357,31,31,31,0,7588,5704,1884,6043,1545,7272,7272,6088,283,0,6434,718262,4462
candidate_24h,12441600,6744000,12964800,32,0,1,33,26,7,358,30,30,32,0,7604,5717,1887,6055,1549,7287,7287,6098,284,0,6446,719658,4471
candidate_24h,12441600,6756000,12976800,35,0,2,37,31,6,356,34,34,35,0,7619,5730,1889,6065,1554,7298,7298,6105,284,0,6455,721072,4480
candidate_24h,12441600,6768000,12988800,28,0,0,28,23,5,358,27,27,28,0,7627,5737,1890,6071,1556,7314,7314,6117,285,0,6461,722503,4486
candidate_24h,12441600,6780000,13000800,32,0,2,34,28,6,358,32,32,32,0,7643,5750,1893,6083,1560,7324,7324,6123,285,0,6473,723768,4493
candidate_24h,12441600,6792000,13012800,32,0,0,32,26,6,357,32,32,32,0,7653,5759,1894,6091,1562,7335,7335,6132,286,0,6480,725167,4499
candidate_24h,12441600,6804000,13024800,32,0,3,35,26,9,356,30,30,32,0,7670,5773,1897,6103,1567,7349,7349,6144,286,0,6494,726438,4510
candidate_24h,12441600,6816000,13036800,31,0,1,32,24,8,359,31,31,31,0,7679,5779,1900,6109,1570,7361,7361,6151,286,0,6501,727764,4514
candidate_24h,12441600,6828000,13048800,32,0,2,34,26,8,356,31,31,32,0,7693,5789,1904,6120,1573,7372,7372,6161,287,0,6511,729200,4524
candidate_24h,12441600,6840000,13060800,31,0,2,33,24,9,356,30,30,31,0,7708,5802,1906,6130,1578,7386,7386,6172,289,0,6523,730575,4531
candidate_24h,12441600,6852000,13072800,25,0,2,27,22,5,359,24,24,25,0,7722,5811,1911,6142,1580,7405,7405,6186,290,0,6535,731728,4537
candidate_24h,12441600,6864000,13084800,31,0,2,33,26,7,357,31,31,31,0,7734,5821,1913,6151,1583,7411,7411,6190,290,0,6543,733010,4547
candidate_24h,12441600,6876000,13096800,32,0,2,34,26,8,356,32,32,32,0,7751,5836,1915,6164,1587,7426,7426,6202,291,0,6556,734380,4550
candidate_24h,12441600,6888000,13108800,33,0,2,35,29,6,355,32,32,33,0,7763,5846,1917,6172,1591,7437,7437,6209,291,0,6563,735774,4563
candidate_24h,12441600,6900000,13120800,32,0,0,32,26,6,356,31,31,32,0,7773,5855,1918,6179,1594,7449,7449,6218,292,0,6571,737153,4569
candidate_24h,12441600,6912000,13132800,27,0,6,33,27,6,358,23,23,27,0,7789,5864,1925,6191,1598,7463,7463,6227,293,0,6584,738488,4576
candidate_24h,12441600,6924000,13144800,19,0,3,22,18,4,358,19,19,19,0,7800,5870,1930,6199,1601,7484,7484,6245,294,0,6592,739627,4581
candidate_24h,12441600,6936000,13156800,28,0,2,30,24,6,358,28,28,28,0,7820,5886,1934,6214,1606,7496,7496,6254,294,0,6609,740709,4586
candidate_24h,12441600,6948000,13168800,30,0,3,33,26,7,359,29,29,30,0,7836,5898,1938,6226,1610,7508,7508,6263,295,0,6623,742040,4592
candidate_24h,12441600,6960000,13180800,32,0,2,34,24,10,358,32,32,32,0,7848,5908,1940,6233,1615,7519,7519,6271,295,0,6631,743402,4603
candidate_24h,12441600,6972000,13192800,30,0,2,32,20,12,358,30,30,30,0,7858,5915,1943,6239,1619,7530,7530,6280,296,0,6639,744769,4611
candidate_24h,12441600,6984000,13204800,29,0,2,31,22,9,356,29,29,29,0,7870,5925,1945,6247,1623,7540,7540,6288,299,0,6647,746043,4620
candidate_24h,12441600,6996000,13216800,29,0,1,30,24,6,356,28,28,29,0,7886,5937,1949,6260,1626,7557,7557,6302,299,0,6660,747237,4625
candidate_24h,12441600,7008000,13228800,32,0,3,35,30,5,357,32,32,32,0,7901,5949,1952,6272,1629,7567,7567,6308,299,0,6672,748503,4630
candidate_24h,12441600,7020000,13240800,28,0,1,29,23,6,356,26,26,28,0,7911,5958,1953,6277,1634,7582,7582,6320,300,0,6678,749777,4638
candidate_24h,12441600,7032000,13252800,27,0,3,30,24,6,356,27,27,27,0,7919,5964,1955,6283,1636,7589,7589,6325,300,0,6684,750880,4648
candidate_24h,12441600,7044000,13264800,30,0,1,31,27,4,359,30,30,30,0,7937,5980,1957,6299,1638,7606,7606,6337,300,0,6700,752221,4656
candidate_24h,12441600,7056000,13276800,32,0,1,33,29,4,357,31,31,32,0,7950,5990,1960,6309,1641,7616,7616,6345,301,0,6709,753551,4665
candidate_24h,12441600,7068000,13288800,31,0,2,33,30,3,358,31,31,31,0,7963,6000,1963,6320,1643,7629,7629,6355,301,0,6720,754878,4676
candidate_24h,12441600,7080000,13300800,29,0,1,30,23,7,355,29,29,29,0,7974,6010,1964,6326,1648,7642,7642,6367,302,0,6727,756300,4681
candidate_24h,12441600,7092000,13312800,29,0,3,32,24,8,356,29,29,29,0,7988,6020,1968,6336,1652,7653,7653,6375,303,0,6739,757635,4689
candidate_24h,12441600,7104000,13324800,30,0,1,31,22,9,357,30,30,30,0,8003,6034,1969,6347,1656,7669,7669,6387,303,0,6751,759003,4698
candidate_24h,12441600,7116000,13336800,29,0,3,32,23,9,357,28,28,29,0,8016,6042,1974,6357,1659,7680,7680,6394,304,0,6760,760276,4706
candidate_24h,12441600,7128000,13348800,31,0,1,32,23,9,356,29,29,31,0,8027,6051,1976,6365,1662,7690,7690,6402,305,0,6768,761584,4715
candidate_24h,12441600,7140000,13360800,24,0,2,26,18,8,357,24,24,24,0,8041,6062,1979,6374,1667,7710,7710,6418,305,0,6779,762728,4719
candidate_24h,12441600,7152000,13372800,26,0,4,30,22,8,355,26,26,26,0,8059,6075,1984,6388,1671,7723,7723,6428,306,0,6792,763980,4729
candidate_24h,12441600,7164000,13384800,25,0,4,29,23,6,356,25,25,25,0,8073,6085,1988,6399,1674,7738,7738,6440,306,0,6804,765053,4732
candidate_24h,12441600,7176000,13396800,27,0,4,31,25,6,357,27,27,27,0,8088,6097,1991,6409,1679,7751,7751,6448,306,0,6815,766149,4738
candidate_24h,12441600,7188000,13408800,29,0,0,29,23,6,358,29,29,29,0,8099,6106,1993,6418,1681,7763,7763,6457,307,0,6824,767375,4749
candidate_24h,12441600,7200000,13420800,31,0,3,34,26,8,356,31,31,31,0,8112,6115,1997,6428,1684,7770,7770,6463,308,0,6834,768716,4757
candidate_24h,12441600,7212000,13432800,23,0,2,25,17,8,356,23,23,23,0,8123,6121,2002,6434,1689,7789,7789,6478,309,0,6841,769881,4761
candidate_24h,12441600,7224000,13444800,23,0,0,23,18,5,356,23,23,23,0,8134,6132,2002,6442,1692,7802,7802,6488,309,0,6849,770902,4768
candidate_24h,12441600,7236000,13456800,25,0,4,29,22,7,356,22,22,25,0,8149,6142,2007,6453,1696,7811,7811,6494,309,0,6861,771857,4773
candidate_24h,12441600,7248000,13468800,20,0,2,22,18,4,358,20,20,20,0,8158,6150,2008,6460,1698,7827,7827,6505,309,0,6867,772789,4782
candidate_24h,12441600,7260000,13480800,19,0,3,22,17,5,356,19,19,19,0,8172,6160,2012,6470,1702,7840,7840,6516,310,0,6877,773734,4787
candidate_24h,12441600,7272000,13492800,23,0,3,26,19,7,354,23,23,23,0,8182,6167,2015,6478,1704,7846,7846,6522,310,0,6885,774646,4794
candidate_24h,12441600,7284000,13504800,21,0,1,22,19,3,359,21,21,21,0,8191,6175,2016,6485,1706,7858,7858,6527,311,0,6892,775475,4796
candidate_24h,12441600,7296000,13516800,19,0,1,20,16,4,358,19,19,19,0,8200,6182,2018,6491,1709,7869,7869,6536,311,0,6898,776374,4801
candidate_24h,12441600,7308000,13528800,20,0,2,22,17,5,358,20,20,20,0,8209,6188,2021,6497,1712,7876,7876,6540,311,0,6904,777235,4807
candidate_24h,12441600,7320000,13540800,20,0,2,22,18,4,357,19,20,20,0,8219,6196,2023,6504,1715,7886,7886,6547,311,0,6910,778126,4812
candidate_24h,12441600,7332000,13552800,20,0,1,21,16,5,357,20,20,20,0,8230,6204,2026,6512,1718,7897,7897,6555,312,0,6918,779090,4820
candidate_24h,12441600,7344000,13564800,18,0,2,20,16,4,358,16,16,18,0,8240,6211,2029,6519,1721,7908,7908,6562,312,0,6925,779938,4822
candidate_24h,12441600,7356000,13576800,17,0,0,17,12,5,358,17,17,17,0,8247,6218,2029,6522,1725,7918,7918,6569,312,0,6929,780626,4825
candidate_24h,12441600,7368000,13588800,21,0,0,21,13,8,355,21,21,21,0,8257,6227,2030,6528,1729,7923,7923,6573,313,0,6935,781480,4828
candidate_24h,12441600,7380000,13600800,20,0,2,22,17,5,357,20,20,20,0,8267,6234,2033,6536,1731,7932,7932,6577,313,0,6942,782377,4836
candidate_24h,12441600,7392000,13612800,24,0,1,25,19,6,356,24,24,24,0,8277,6243,2034,6543,1734,7938,7938,6581,314,0,6949,783350,4841
candidate_24h,12441600,7404000,13624800,17,0,0,17,12,5,357,17,17,17,0,8282,6248,2034,6546,1736,7951,7951,6591,314,0,6952,784415,4845
candidate_24h,12441600,7416000,13636800,19,0,1,20,14,6,357,19,19,19,0,8293,6258,2035,6553,1740,7959,7959,6596,314,0,6960,785244,4850
candidate_24h,12441600,7428000,13648800,19,0,2,21,16,5,357,19,19,19,0,8303,6265,2038,6560,1743,7967,7967,6600,315,0,6966,786058,4854
candidate_24h,12441600,7440000,13660800,18,0,1,19,12,7,357,18,18,18,0,8312,6272,2040,6565,1747,7978,7978,6608,315,0,6972,786882,4859
candidate_24h,12441600,7452000,13672800,20,0,0,20,14,6,357,17,17,20,0,8321,6280,2041,6571,1750,7985,7985,6611,316,0,6977,787657,4863
candidate_24h,12441600,7464000,13684800,19,0,2,21,14,7,355,19,19,19,0,8329,6285,2044,6576,1753,7992,7992,6616,316,0,6981,788495,4866
candidate_24h,12441600,7476000,13696800,16,0,0,16,11,5,356,16,16,16,0,8336,6291,2045,6581,1755,8003,8003,6624,317,0,6986,789254,4869
candidate_24h,12441600,7488000,13708800,19,0,0,19,13,6,354,19,19,19,0,8345,6299,2046,6587,1758,8008,8008,6627,318,0,6991,790032,4877
candidate_24h,12441600,7500000,13720800,16,0,1,17,11,6,355,16,16,16,0,8355,6308,2047,6593,1762,8020,8020,6635,318,0,6998,790749,4877
candidate_24h,12441600,7512000,13732800,13,0,1,14,10,4,357,12,12,13,0,8361,6314,2047,6597,1764,8029,8029,6640,318,0,7002,791511,4883
candidate_24h,12441600,7524000,13744800,17,0,2,19,14,5,355,17,17,17,0,8372,6322,2050,6604,1768,8035,8035,6643,318,0,7008,792329,4889
candidate_24h,12441600,7536000,13756800,17,0,2,19,13,6,354,17,17,17,0,8381,6329,2052,6610,1771,8043,8043,6649,319,0,7014,793074,4893
candidate_24h,12441600,7548000,13768800,14,0,1,15,10,5,356,14,14,14,0,8389,6335,2054,6615,1774,8055,8055,6656,319,0,7019,793715,4896
candidate_24h,12441600,7560000,13780800,16,0,3,19,14,5,356,14,14,16,0,8400,6343,2057,6622,1778,8062,8062,6659,319,0,7026,794274,4898
candidate_24h,12441600,7572000,13792800,17,0,0,17,12,5,357,17,17,17,0,8408,6351,2057,6627,1781,8071,8071,6664,320,0,7031,794947,4900
candidate_24h,12441600,7584000,13804800,18,0,3,21,18,3,357,18,18,18,0,8418,6358,2060,6635,1783,8077,8077,6667,320,0,7038,795688,4902
candidate_24h,12441600,7596000,13816800,21,0,1,22,19,3,357,21,21,21,0,8428,6366,2062,6642,1786,8085,8085,6672,321,0,7045,796588,4912
candidate_24h,12441600,7608000,13828800,27,0,1,28,23,5,355,27,27,27,0,8439,6376,2063,6650,1789,8090,8090,6675,321,0,7052,797560,4915
candidate_24h,12441600,7620000,13840800,22,0,0,22,18,4,356,22,22,22,0,8443,6380,2063,6652,1791,8099,8099,6681,322,0,7054,798592,4920
candidate_24h,12441600,7632000,13852800,18,0,2,20,16,4,356,18,18,18,0,8453,6388,2065,6658,1795,8111,8111,6689,322,0,7060,799528,4923
candidate_24h,12441600,7644000,13864800,21,0,0,21,17,4,356,21,21,21,0,8462,6396,2066,6664,1798,8118,8118,6693,323,0,7066,800404,4930
candidate_24h,12441600,7656000,13876800,19,0,1,20,15,5,355,19,19,19,0,8471,6403,2068,6669,1802,8128,8128,6699,323,0,7070,801286,4935
candidate_24h,12441600,7668000,13888800,18,0,0,18,12,6,355,17,17,18,0,8481,6411,2070,6676,1805,8139,8139,6707,324,0,7077,802104,4937
candidate_24h,12441600,7680000,13900800,17,0,0,17,12,5,356,17,17,17,0,8488,6418,2070,6679,1809,8147,8147,6710,324,0,7080,802879,4940
candidate_24h,12441600,7692000,13912800,20,0,0,20,14,6,355,20,20,20,0,8497,6426,2071,6685,1812,8153,8153,6714,324,0,7086,803694,4945
candidate_24h,12441600,7704000,13924800,17,0,2,19,14,5,356,16,16,17,0,8508,6432,2076,6693,1815,8165,8165,6722,324,0,7094,804518,4950
candidate_24h,12441600,7716000,13936800,19,0,0,19,14,5,355,18,18,19,0,8520,6443,2077,6702,1818,8176,8176,6730,325,0,7102,805408,4955
candidate_24h,12441600,7728000,13948800,19,0,0,19,14,5,355,18,18,19,0,8527,6450,2077,6707,1820,8183,8183,6735,325,0,7107,806282,4958
candidate_24h,12441600,7740000,13960800,18,0,1,19,14,5,357,18,18,18,0,8535,6455,2080,6711,1824,8191,8191,6738,325,0,7112,807067,4963
candidate_24h,12441600,7752000,13972800,18,0,2,20,13,7,356,18,18,18,0,8542,6461,2081,6715,1827,8197,8197,6743,325,0,7117,807882,4969
candidate_24h,12441600,7764000,13984800,16,0,2,18,12,6,355,16,16,16,0,8551,6468,2083,6720,1831,8208,8208,6751,325,0,7122,808631,4972
candidate_24h,12441600,7776000,13996800,19,0,0,19,13,6,356,16,16,19,0,8562,6477,2085,6727,1835,8217,8217,6756,326,0,7130,809325,4974
candidate_24h,12441600,7788000,14008800,18,0,1,19,12,7,356,18,18,18,0,8569,6483,2086,6730,1839,8224,8224,6760,326,0,7134,810179,4978
candidate_24h,12441600,7800000,14020800,16,0,4,20,13,7,357,16,16,16,0,8579,6489,2090,6736,1843,8233,8233,6764,326,0,7140,810950,4982
candidate_24h,12441600,7812000,14032800,19,0,0,19,14,5,359,19,19,19,0,8588,6498,2090,6743,1845,8242,8242,6769,327,0,7147,811709,4987
candidate_24h,12441600,7824000,14044800,20,0,4,24,17,7,356,20,20,20,0,8599,6505,2094,6751,1848,8248,8248,6774,327,0,7154,812522,4991
candidate_24h,12441600,7836000,14056800,22,0,1,23,16,7,356,22,22,22,0,8607,6512,2095,6755,1852,8256,8256,6779,328,0,7159,813445,4995
candidate_24h,12441600,7848000,14068800,22,0,1,23,17,6,355,21,21,22,0,8617,6521,2096,6762,1855,8266,8266,6786,328,0,7165,814457,5003
candidate_24h,12441600,7860000,14080800,20,0,1,21,13,8,354,20,20,20,0,8626,6526,2100,6767,1859,8276,8276,6794,329,0,7171,815350,5010
candidate_24h,12441600,7872000,14092800,20,0,0,20,12,8,355,20,20,20,0,8633,6533,2100,6771,1862,8284,8284,6798,329,0,7175,816187,5012
candidate_24h,12441600,7884000,14104800,14,0,2,16,12,4,358,13,13,14,0,8641,6539,2102,6777,1864,8296,8296,6805,329,0,7181,816854,5014
candidate_24h,12441600,7896000,14116800,21,0,3,24,16,8,355,21,21,21,0,8653,6549,2104,6783,1870,8300,8300,6807,329,0,7188,817594,5021
candidate_24h,12441600,7908000,14128800,17,0,2,19,13,6,356,17,17,17,0,8662,6555,2107,6789,1873,8313,8313,6816,330,0,7194,818434,5023
candidate_24h,12441600,7920000,14140800,21,0,1,22,14,8,355,21,21,21,0,8672,6564,2108,6795,1877,8320,8320,6821,330,0,7201,819226,5029
candidate_24h,12441600,7932000,14152800,23,0,0,23,16,7,355,22,22,23,0,8680,6571,2109,6802,1878,8326,8326,6825,331,0,7207,820153,5033
candidate_24h,12441600,7944000,14164800,15,0,3,18,11,7,356,15,15,15,0,8688,6576,2112,6806,1882,8339,8339,6834,331,0,7212,821019,5037
candidate_24h,12441600,7956000,14176800,15,0,0,15,9,6,357,15,15,15,0,8694,6581,2113,6809,1885,8348,8348,6839,331,0,7215,821717,5041
candidate_24h,12441600,7968000,14188800,15,0,1,16,11,5,356,15,15,15,0,8701,6586,2115,6814,1887,8354,8354,6843,331,0,7219,822445,5046
candidate_24h,12441600,7980000,14200800,11,0,1,12,8,4,357,11,11,11,0,8710,6594,2116,6821,1889,8366,8366,6852,332,0,7226,823008,5048
candidate_24h,12441600,7992000,14212800,11,0,2,13,10,3,357,10,10,11,0,8720,6600,2120,6827,1893,8374,8374,6856,333,0,7232,823535,5051
candidate_24h,12441600,8004000,14224800,13,0,1,14,8,6,355,13,13,13,0,8726,6604,2122,6830,1896,8379,8379,6860,333,0,7235,824048,5054
candidate_24h,12441600,8016000,14236800,15,0,0,15,10,5,355,15,15,15,0,8733,6610,2123,6835,1898,8384,8384,6862,334,0,7239,824635,5057
candidate_24h,12441600,8028000,14248800,16,0,1,17,13,4,355,16,16,16,0,8742,6618,2124,6841,1901,8391,8391,6866,334,0,7245,825260,5059
candidate_24h,12441600,8040000,14260800,19,0,3,22,17,5,353,18,18,19,0,8753,6625,2128,6849,1904,8396,8396,6869,335,0,7252,826015,5061
candidate_24h,12441600,8052000,14272800,16,0,2,18,15,3,356,16,16,16,0,8758,6629,2129,6852,1906,8404,8404,6872,336,0,7255,826809,5065
candidate_24h,12441600,8064000,14284800,18,0,1,19,13,6,352,18,18,18,0,8767,6636,2131,6857,1910,8412,8412,6879,336,0,7259,827609,5071
candidate_24h,12441600,8076000,14296800,17,0,1,18,13,5,354,17,17,17,0,8775,6642,2133,6862,1913,8420,8420,6883,337,0,7265,828436,5073
candidate_24h,12441600,8088000,14308800,15,0,2,17,12,5,354,15,15,15,0,8785,6648,2137,6868,1917,8430,8430,6889,338,0,7271,829077,5077
candidate_24h,12441600,8100000,14320800,13,0,1,14,11,3,356,11,11,13,0,8793,6654,2139,6873,1920,8441,8441,6896,338,0,7277,829680,5080
candidate_24h,12441600,8112000,14332800,11,0,0,11,6,5,354,11,11,11,0,8801,6659,2142,6878,1923,8451,8451,6904,339,0,7281,830159,5084
candidate_24h,12441600,8124000,14344800,13,0,0,13,9,4,355,13,13,13,0,8809,6667,2142,6883,1926,8457,8457,6906,339,0,7286,830729,5085
candidate_24h,12441600,8136000,14356800,14,0,2,16,11,5,355,13,13,14,0,8818,6673,2145,6889,1929,8463,8463,6909,339,0,7292,831254,5089
candidate_24h,12441600,8148000,14368800,15,0,0,15,11,4,354,15,15,15,0,8824,6678,2146,6893,1931,8469,8469,6913,340,0,7295,831815,5091
candidate_24h,12441600,8160000,14380800,16,0,2,18,11,7,352,16,16,16,0,8833,6685,2148,6898,1935,8475,8475,6918,340,0,7301,832476,5095
candidate_24h,12441600,8172000,14392800,17,0,0,17,12,5,355,17,17,17,0,8840,6692,2148,6903,1937,8483,8483,6921,340,0,7306,833259,5101
candidate_24h,12441600,8184000,14404800,16,0,2,18,14,4,354,16,16,16,0,8853,6700,2153,6913,1940,8493,8493,6928,342,0,7315,834007,5104
candidate_24h,12441600,8196000,14416800,11,0,2,13,8,5,353,11,11,11,0,8860,6705,2155,6917,1943,8503,8503,6935,344,0,7318,834623,5105
candidate_24h,12441600,8208000,14428800,14,0,2,16,10,6,353,13,13,14,0,8870,6713,2157,6923,1947,8508,8508,6937,346,0,7325,835177,5109
candidate_24h,12441600,8220000,14440800,14,0,1,15,10,5,354,13,13,14,0,8877,6718,2159,6927,1950,8516,8516,6941,346,0,7329,835848,5112
candidate_24h,12441600,8232000,14452800,16,0,2,18,12,6,354,16,16,16,0,8889,6727,2162,6934,1955,8525,8525,6947,346,0,7338,836542,5119
candidate_24h,12441600,8244000,14464800,20,0,1,21,15,6,353,20,20,20,0,8901,6735,2166,6943,1958,8533,8533,6953,347,0,7347,837354,5122
candidate_24h,12441600,8256000,14476800,16,0,0,16,12,4,356,16,16,16,0,8909,6743,2166,6948,1961,8546,8546,6961,347,0,7353,838124,5128
candidate_24h,12441600,8268000,14488800,15,0,2,17,12,5,354,15,15,15,0,8917,6749,2168,6953,1964,8553,8553,6966,347,0,7357,838778,5133
candidate_24h,12441600,8280000,14500800,14,0,1,15,10,5,355,14,14,14,0,8924,6754,2170,6958,1966,8561,8561,6971,348,0,7362,839499,5135
candidate_24h,12441600,8292000,14512800,16,0,0,16,9,7,354,16,16,16,0,8933,6762,2171,6963,1970,8569,8569,6977,348,0,7368,840255,5141
candidate_24h,12441600,8304000,14524800,20,0,1,21,13,8,354,20,20,20,0,8945,6771,2174,6971,1974,8575,8575,6979,349,0,7376,841074,5142
candidate_24h,12441600,8316000,14536800,17,0,2,19,11,8,354,17,17,17,0,8952,6776,2176,6974,1978,8584,8584,6985,349,0,7380,841865,5145
candidate_24h,12441600,8328000,14548800,19,0,1,20,12,8,353,19,19,19,0,8960,6784,2176,6978,1982,8591,8591,6989,349,0,7384,842647,5152
candidate_24h,12441600,8340000,14560800,13,0,0,13,6,7,354,13,13,13,0,8966,6789,2177,6982,1984,8604,8604,6999,349,0,7388,843335,5153
candidate_24h,12441600,8352000,14572800,14,0,2,16,10,6,354,14,14,14,0,8975,6795,2180,6989,1986,8610,8610,7002,349,0,7394,843921,5156
candidate_24h,12441600,8364000,14584800,17,0,0,17,12,5,354,17,17,17,0,8985,6805,2180,6995,1990,8618,8618,7006,350,0,7400,844535,5159
candidate_24h,12441600,8376000,14596800,16,0,2,18,14,4,355,16,16,16,0,8992,6810,2182,6999,1993,8623,8623,7007,351,0,7404,845291,5161
candidate_24h,12441600,8388000,14608800,19,0,1,20,14,6,352,18,18,19,0,9000,6816,2184,7004,1996,8628,8628,7011,352,0,7408,846063,5166
candidate_24h,12441600,8400000,14620800,16,0,1,17,12,5,355,16,16,16,0,9009,6824,2185,7010,1999,8638,8638,7016,354,0,7415,846939,5172
candidate_24h,12441600,8412000,14632800,17,0,0,17,12,5,353,17,17,17,0,9018,6832,2186,7016,2002,8646,8646,7022,355,0,7420,847779,5176
candidate_24h,12441600,8424000,14644800,20,0,3,23,15,8,352,17,17,20,0,9029,6840,2189,7022,2007,8651,8651,7025,355,0,7428,848598,5181
candidate_24h,12441600,8436000,14656800,18,0,2,20,12,8,353,18,18,18,0,9036,6845,2191,7025,2011,8661,8661,7031,355,0,7432,849491,5184
candidate_24h,12441600,8448000,14668800,13,0,4,17,12,5,354,13,13,13,0,9047,6851,2196,7034,2013,8675,8675,7041,355,0,7440,850291,5187
candidate_24h,12441600,8460000,14680800,18,0,0,18,12,6,354,18,18,18,0,9057,6861,2196,7041,2016,8683,8683,7046,356,0,7447,851022,5193
candidate_24h,12441600,8472000,14692800,16,0,2,18,13,5,355,15,15,16,0,9065,6867,2198,7046,2019,8691,8691,7050,356,0,7452,851845,5195
candidate_24h,12441600,8484000,14704800,17,0,3,20,14,6,353,17,17,17,0,9074,6874,2200,7052,2022,8698,8698,7055,356,0,7457,852584,5199
candidate_24h,12441600,8496000,14716800,23,0,0,23,17,6,353,23,23,23,0,9086,6885,2201,7060,2026,8706,8706,7059,357,0,7465,853516,5203
candidate_24h,12441600,8508000,14728800,24,0,0,24,17,7,353,24,24,24,0,9095,6893,2202,7065,2030,8714,8714,7064,357,0,7471,854617,5209
candidate_24h,12441600,8520000,14740800,20,0,1,21,13,8,353,20,20,20,0,9103,6900,2203,7069,2034,8725,8725,7072,357,0,7476,855633,5213
candidate_24h,12441600,8532000,14752800,19,0,1,20,14,6,354,17,17,19,0,9112,6907,2205,7075,2037,8735,8735,7077,357,0,7481,856474,5219
candidate_24h,12441600,8544000,14764800,15,0,1,16,11,5,355,15,15,15,0,9119,6913,2206,7078,2041,8745,8745,7083,358,0,7485,857250,5222
candidate_24h,12441600,8556000,14776800,14,0,1,15,10,5,355,14,14,14,0,9128,6920,2208,7084,2044,8755,8755,7090,358,0,7491,857884,5224
candidate_24h,12441600,8568000,14788800,20,0,2,22,15,7,352,20,20,20,0,9139,6928,2211,7092,2047,8758,8758,7092,359,0,7498,858608,5227
candidate_24h,12441600,8580000,14800800,21,0,2,23,20,3,357,21,21,21,0,9148,6935,2213,7099,2049,8766,8766,7093,359,0,7505,859547,5231
candidate_24h,12441600,8592000,14812800,24,0,1,25,20,5,355,23,22,24,0,9156,6942,2214,7104,2052,8772,8772,7098,359,0,7510,860584,5238
candidate_24h,12441600,8604000,14824800,20,0,1,21,14,7,353,19,19,20,0,9163,6948,2215,7108,2055,8780,8780,7105,362,0,7514,861638,5245
candidate_24h,12441600,8616000,14836800,11,0,2,13,10,3,357,11,11,11,0,9171,6953,2218,7114,2057,8795,8795,7114,363,0,7520,862264,5246
candidate_24h,12441600,8628000,14848800,13,0,0,13,9,4,356,13,13,13,0,9179,6961,2218,7119,2060,8803,8803,7120,363,0,7525,862803,5251
candidate_24h,12441600,8640000,14860800,15,0,0,15,11,4,355,14,14,15,0,9189,6970,2219,7126,2063,8810,8810,7124,364,0,7531,863490,5254
candidate_24h,12441600,8652000,14872800,19,0,1,20,14,6,354,19,19,19,0,9198,6978,2220,7131,2067,8814,8814,7126,364,0,7537,864243,5256
candidate_24h,12441600,8664000,14884800,18,0,0,18,13,5,356,18,18,18,0,9208,6986,2222,7137,2071,8826,8826,7133,364,0,7544,865053,5259
candidate_24h,12441600,8676000,14896800,22,0,1,23,15,8,353,22,22,22,0,9218,6995,2223,7141,2077,8831,8831,7136,364,0,7549,865877,5267
candidate_24h,12441600,8688000,14908800,21,0,2,23,16,7,354,21,21,21,0,9226,7000,2226,7147,2079,8838,8838,7140,365,0,7555,866754,5270
candidate_24h,12441600,8700000,14920800,20,0,0,20,13,7,354,20,20,20,0,9233,7007,2226,7151,2082,8848,8848,7147,365,0,7559,867660,5276
candidate_24h,12441600,8712000,14932800,17,0,2,19,15,4,356,17,17,17,0,9240,7012,2228,7155,2085,8856,8856,7150,365,0,7563,868490,5278
candidate_24h,12441600,8724000,14944800,15,0,1,16,12,4,355,15,15,15,0,9251,7020,2231,7163,2088,8868,8868,7159,367,0,7570,869210,5282
candidate_24h,12441600,8736000,14956800,15,0,2,17,13,4,356,15,15,15,0,9262,7028,2234,7171,2091,8878,8878,7165,367,0,7578,869856,5287
candidate_24h,12441600,8748000,14968800,17,0,0,17,11,6,355,15,15,17,0,9269,7035,2234,7174,2095,8885,8885,7170,367,0,7582,870534,5289
candidate_24h,12441600,8760000,14980800,16,0,1,17,12,5,356,16,16,16,0,9275,7040,2235,7178,2097,8891,8891,7173,367,0,7586,871284,5294
candidate_24h,12441600,8772000,14992800,16,0,1,17,13,4,356,15,15,16,0,9285,7046,2239,7184,2101,8900,8900,7178,368,0,7592,872024,5297
candidate_24h,12441600,8784000,15004800,19,0,1,20,13,7,354,19,19,19,0,9293,7053,2240,7188,2105,8905,8905,7182,368,0,7597,872867,5301
candidate_24h,12441600,8796000,15016800,17,0,2,19,14,5,356,16,17,17,0,9302,7059,2243,7194,2108,8915,8915,7187,368,0,7603,873656,5304
candidate_24h,12441600,8808000,15028800,13,0,1,14,7,7,355,13,13,13,0,9310,7064,2246,7197,2113,8927,8927,7195,369,0,7606,874388,5307
candidate_24h,12441600,8820000,15040800,14,0,3,17,10,7,356,14,14,14,0,9321,7071,2250,7204,2117,8935,8935,7200,369,0,7615,874955,5309
candidate_24h,12441600,8832000,15052800,16,0,1,17,12,5,357,16,16,16,0,9332,7079,2253,7212,2120,8946,8946,7207,369,0,7623,875634,5310
candidate_24h,12441600,8844000,15064800,16,0,1,17,14,3,358,16,16,16,0,9339,7085,2254,7217,2122,8953,8953,7211,369,0,7628,876359,5314
candidate_24h,12441600,8856000,15076800,20,0,0,20,17,3,358,17,17,20,0,9350,7095,2255,7225,2125,8960,8960,7214,370,0,7635,877146,5319
candidate_24h,12441600,8868000,15088800,21,0,0,21,16,5,357,20,21,21,0,9356,7101,2255,7227,2129,8965,8965,7217,370,0,7638,878088,5323
candidate_24h,12441600,8880000,15100800,23,0,0,23,19,4,357,23,23,23,0,9365,7109,2256,7234,2131,8971,8971,7220,371,0,7644,879069,5331
candidate_24h,12441600,8892000,15112800,22,0,0,22,17,5,355,22,22,22,0,9372,7116,2256,7238,2134,8979,8979,7227,371,0,7648,880055,5334
candidate_24h,12441600,8904000,15124800,19,0,2,21,17,4,357,19,19,19,0,9382,7123,2259,7245,2137,8990,8990,7233,371,0,7655,880940,5339
candidate_24h,12441600,8916000,15136800,17,0,3,20,15,5,355,17,17,17,0,9393,7132,2261,7252,2141,9002,9002,7242,371,0,7661,881748,5344
candidate_24h,12441600,8928000,15148800,21,0,1,22,16,6,355,21,21,21,0,9402,7140,2262,7257,2145,9008,9008,7245,372,0,7667,882630,5346
candidate_24h,12441600,8940000,15160800,21,0,4,25,17,8,353,21,21,21,0,9414,7148,2266,7265,2149,9017,9017,7252,372,0,7675,883638,5351
candidate_24h,12441600,8952000,15172800,22,0,2,24,17,7,355,22,22,22,0,9426,7158,2268,7273,2153,9029,9029,7259,373,0,7684,884585,5358
candidate_24h,12441600,8964000,15184800,21,0,0,21,17,4,355,20,20,21,0,9436,7167,2269,7281,2155,9041,9041,7268,374,0,7691,885549,5362
candidate_24h,12441600,8976000,15196800,19,0,0,19,15,4,355,19,19,19,0,9442,7173,2269,7285,2157,9049,9049,7274,374,0,7695,886393,5366
candidate_24h,12441600,8988000,15208800,18,0,2,20,16,4,356,18,18,18,0,9453,7180,2273,7292,2161,9058,9058,7278,375,0,7702,887172,5373
candidate_24h,12441600,9000000,15220800,23,0,2,25,19,6,355,23,23,23,0,9465,7189,2276,7301,2164,9065,9065,7284,375,0,7712,888039,5377
candidate_24h,12441600,9012000,15232800,24,0,0,24,18,6,356,24,24,24,0,9474,7198,2276,7307,2167,9075,9075,7290,375,0,7718,889038,5384
candidate_24h,12441600,9024000,15244800,18,0,3,21,16,5,356,18,18,18,0,9482,7203,2279,7312,2170,9086,9086,7298,375,0,7723,889981,5388
candidate_24h,12441600,9036000,15256800,18,0,1,19,11,8,355,18,18,18,0,9491,7211,2280,7316,2175,9096,9096,7305,376,0,7728,890853,5394
candidate_24h,12441600,9048000,15268800,17,0,3,20,17,3,356,17,17,17,0,9500,7217,2283,7323,2177,9104,9104,7309,376,0,7734,891604,5399
candidate_24h,12441600,9060000,15280800,17,0,1,18,12,6,353,17,17,17,0,9510,7225,2285,7329,2181,9115,9115,7319,377,0,7740,892338,5400
candidate_24h,12441600,9072000,15292800,20,0,1,21,16,5,355,19,19,20,0,9519,7233,2286,7337,2182,9121,9121,7322,377,0,7748,893087,5405
candidate_24h,12441600,9084000,15304800,17,0,3,20,16,4,355,17,17,17,0,9528,7239,2289,7342,2186,9130,9130,7326,378,0,7752,893806,5411
candidate_24h,12441600,9096000,15316800,18,0,2,20,14,6,354,18,18,18,0,9536,7244,2292,7347,2189,9138,9138,7332,378,0,7757,894561,5417
candidate_24h,12441600,9108000,15328800,11,0,3,14,8,6,355,11,11,11,0,9545,7249,2296,7352,2193,9152,9152,7343,379,0,7764,895154,5418
candidate_24h,12441600,9120000,15340800,13,0,4,17,10,7,354,13,13,13,0,9555,7255,2300,7359,2196,9159,9159,7348,379,0,7771,895669,5420
candidate_24h,12441600,9132000,15352800,11,0,2,13,8,5,355,11,11,11,0,9562,7260,2302,7364,2198,9170,9170,7355,379,0,7775,896244,5424
candidate_24h,12441600,9144000,15364800,14,0,2,16,11,5,355,13,13,14,0,9571,7267,2304,7369,2202,9175,9175,7357,380,0,7781,896812,5426
candidate_24h,12441600,9156000,15376800,15,0,0,15,9,6,356,15,15,15,0,9581,7276,2305,7374,2207,9186,9186,7364,380,0,7788,897456,5428
candidate_24h,12441600,9168000,15388800,22,0,1,23,13,10,354,21,21,22,0,9591,7285,2306,7379,2212,9188,9188,7365,380,0,7795,898242,5436
candidate_24h,12441600,9180000,15400800,25,0,0,25,16,9,354,21,21,25,0,9601,7293,2308,7387,2214,9195,9195,7369,381,0,7802,899265,5440
candidate_24h,12441600,9192000,15412800,17,0,1,18,12,6,354,17,17,17,0,9609,7300,2309,7391,2218,9210,9210,7380,381,0,7806,900098,5445
candidate_24h,12441600,9204000,15424800,17,0,0,17,13,4,355,17,17,17,0,9618,7307,2311,7398,2220,9218,9218,7385,383,0,7813,900968,5452
candidate_24h,12441600,9216000,15436800,17,0,0,17,12,5,356,17,17,17,0,9628,7316,2312,7404,2224,9228,9228,7392,383,0,7821,901672,5456
candidate_24h,12441600,9228000,15448800,19,0,1,20,15,5,355,19,19,19,0,9639,7325,2314,7411,2228,9236,9236,7397,383,0,7828,902454,5461
candidate_24h,12441600,9240000,15460800,22,0,0,22,15,7,354,22,22,22,0,9649,7334,2315,7418,2231,9243,9243,7402,384,0,7835,903320,5465
candidate_24h,12441600,9252000,15472800,23,0,0,23,16,7,353,23,23,23,0,9659,7343,2316,7426,2233,9251,9251,7408,385,0,7842,904359,5473
candidate_24h,12441600,9264000,15484800,24,0,1,25,21,4,355,24,24,24,0,9670,7353,2317,7435,2235,9259,9259,7412,386,0,7851,905471,5483
candidate_24h,12441600,9276000,15496800,24,0,2,26,22,4,354,24,24,24,0,9680,7362,2318,7442,2238,9268,9268,7419,386,0,7858,906485,5488
candidate_24h,12441600,9288000,15508800,24,0,3,27,23,4,354,23,23,24,0,9691,7369,2322,7450,2241,9277,9277,7424,387,0,7865,907574,5493
candidate_24h,12441600,9300000,15520800,23,0,0,23,17,6,353,23,23,23,0,9699,7377,2322,7453,2246,9289,9289,7433,387,0,7869,908719,5499
candidate_24h,12441600,9312000,15532800,24,0,2,26,19,7,352,23,23,24,0,9711,7386,2325,7462,2249,9298,9298,7439,387,0,7877,909774,5504
candidate_24h,12441600,9324000,15544800,22,0,1,23,17,6,353,22,22,22,0,9721,7395,2326,7469,2252,9310,9310,7447,388,0,7884,910665,5508
candidate_24h,12441600,9336000,15556800,21,0,0,21,17,4,356,21,21,21,0,9731,7403,2328,7477,2254,9321,9321,7453,389,0,7892,911569,5513
candidate_24h,12441600,9348000,15568800,20,0,0,20,16,4,355,20,20,20,0,9736,7407,2329,7480,2256,9326,9326,7456,390,0,7894,912465,5517
candidate_24h,12441600,9360000,15580800,23,0,2,25,20,5,353,23,23,23,0,9745,7414,2331,7486,2259,9330,9330,7459,390,0,7900,913352,5524
candidate_24h,12441600,9372000,15592800,20,0,1,21,18,3,355,20,20,20,0,9754,7421,2333,7492,2262,9342,9342,7466,391,0,7906,914244,5530
candidate_24h,12441600,9384000,15604800,16,0,0,16,11,5,354,16,16,16,0,9763,7429,2334,7498,2265,9355,9355,7477,392,0,7912,914951,5530
candidate_24h,12441600,9396000,15616800,16,0,3,19,14,5,354,15,15,16,0,9771,7434,2337,7503,2268,9360,9360,7479,392,0,7917,915627,5533
candidate_24h,12441600,9408000,15628800,16,0,1,17,12,5,354,16,16,16,0,9778,7439,2339,7508,2270,9368,9368,7484,393,0,7921,916306,5539
candidate_24h,12441600,9420000,15640800,21,0,1,22,16,6,353,21,21,21,0,9789,7449,2340,7515,2274,9374,9374,7487,393,0,7928,917101,5542
candidate_24h,12441600,9432000,15652800,22,0,0,22,16,6,354,22,22,22,0,9798,7457,2341,7520,2278,9383,9383,7492,393,0,7934,917982,5544
candidate_24h,12441600,9444000,15664800,22,0,5,27,20,7,352,22,22,22,0,9810,7464,2346,7529,2281,9390,9390,7497,393,0,7942,918910,5555
candidate_24h,12441600,9456000,15676800,18,0,0,18,15,3,356,18,18,18,0,9819,7473,2346,7535,2284,9407,9407,7507,394,0,7948,919778,5556
candidate_24h,12441600,9468000,15688800,17,0,0,17,14,3,356,17,17,17,0,9826,7478,2348,7540,2286,9415,9415,7513,394,0,7953,920553,5562
candidate_24h,12441600,9480000,15700800,19,0,1,20,16,4,355,19,19,19,0,9836,7486,2350,7547,2289,9422,9422,7518,394,0,7960,921437,5567
candidate_24h,12441600,9492000,15712800,22,0,2,24,18,6,353,22,22,22,0,9848,7494,2354,7556,2292,9430,9430,7524,394,0,7968,922328,5569
candidate_24h,12441600,9504000,15724800,19,0,2,21,18,3,356,17,17,19,0,9859,7503,2356,7565,2294,9443,9443,7532,395,0,7977,923154,5575
candidate_24h,12441600,9516000,15736800,16,0,1,17,12,5,354,15,15,16,0,9867,7509,2358,7569,2298,9454,9454,7541,396,0,7981,923948,5582
candidate_24h,12441600,9528000,15748800,16,0,1,17,12,5,353,16,16,16,0,9875,7516,2359,7575,2300,9462,9462,7548,396,0,7987,924656,5585
candidate_24h,12441600,9540000,15760800,16,0,1,17,12,5,355,16,16,16,0,9887,7526,2361,7583,2304,9474,9474,7555,396,0,7996,925328,5587
candidate_24h,12441600,9552000,15772800,22,0,4,26,18,8,353,22,22,22,0,9903,7537,2366,7592,2311,9481,9481,7557,396,0,8005,926104,5590
candidate_24h,12441600,9564000,15784800,17,0,2,19,15,4,356,17,17,17,0,9908,7539,2369,7596,2312,9492,9492,7564,397,0,8009,926999,5598
candidate_24h,12441600,9576000,15796800,18,0,2,20,16,4,356,18,18,18,0,9919,7546,2373,7605,2314,9502,9502,7571,397,0,8017,927782,5601
candidate_24h,12441600,9588000,15808800,16,0,1,17,12,5,355,16,16,16,0,9926,7552,2374,7608,2318,9511,9511,7578,398,0,8021,928548,5604
candidate_24h,12441600,9600000,15820800,17,0,2,19,15,4,356,17,17,17,0,9934,7558,2376,7614,2320,9517,9517,7581,398,0,8027,929281,5608
candidate_24h,12441600,9612000,15832800,18,0,6,24,19,5,354,17,17,18,0,9945,7563,2382,7622,2323,9523,9523,7585,398,0,8034,930117,5613
candidate_24h,12441600,9624000,15844800,15,0,0,15,11,4,356,15,15,15,0,9953,7571,2382,7627,2326,9539,9539,7597,399,0,8040,930865,5617
candidate_24h,12441600,9636000,15856800,15,0,1,16,11,5,355,15,15,15,0,9964,7580,2384,7634,2330,9549,9549,7604,399,0,8047,931598,5620
candidate_24h,12441600,9648000,15868800,18,0,1,19,14,5,356,18,18,18,0,9976,7590,2386,7642,2334,9558,9558,7609,399,0,8056,932348,5624
candidate_24h,12441600,9660000,15880800,21,0,1,22,18,4,356,21,21,21,0,9987,7600,2387,7650,2337,9566,9566,7613,399,0,8063,933203,5627
candidate_24h,12441600,9672000,15892800,21,0,0,21,16,5,355,21,21,21,0,9993,7606,2387,7654,2339,9572,9572,7618,400,0,8067,934204,5632
candidate_24h,12441600,9684000,15904800,27,0,1,28,22,6,354,27,27,27,0,10005,7617,2388,7662,2343,9577,9577,7620,400,0,8075,935401,5642
candidate_24h,12441600,9696000,15916800,27,0,1,28,23,5,356,27,27,27,0,10016,7626,2390,7671,2345,9588,9588,7627,400,0,8084,936726,5647
candidate_24h,12441600,9708000,15928800,26,0,3,29,24,5,355,25,25,26,0,10028,7635,2393,7680,2348,9599,9599,7636,400,0,8093,937879,5653
candidate_24h,12441600,9720000,15940800,23,0,0,23,20,3,358,22,22,23,0,10036,7642,2394,7686,2350,9612,9612,7644,401,0,8099,939019,5663
candidate_24h,12441600,9732000,15952800,18,0,1,19,13,6,355,18,18,18,0,10042,7647,2395,7689,2353,9622,9622,7654,401,0,8102,939914,5667
candidate_24h,12441600,9744000,15964800,13,0,1,14,10,4,357,13,13,13,0,10050,7653,2397,7693,2357,9635,9635,7663,401,0,8108,940507,5670
candidate_24h,12441600,9756000,15976800,16,0,2,18,14,4,355,16,16,16,0,10060,7660,2400,7700,2360,9640,9640,7666,402,0,8114,941132,5673
candidate_24h,12441600,9768000,15988800,18,0,3,21,14,7,355,18,18,18,0,10070,7667,2403,7705,2365,9647,9647,7670,402,0,8121,941890,5678
candidate_24h,12441600,9780000,16000800,16,0,2,18,12,6,355,16,16,16,0,10077,7672,2405,7709,2368,9657,9657,7677,402,0,8125,942609,5683
candidate_24h,12441600,9792000,16012800,21,0,1,22,13,9,353,21,21,21,0,10087,7680,2407,7715,2372,9662,9662,7681,403,0,8132,943481,5685
candidate_24h,12441600,9804000,16024800,15,0,2,17,12,5,356,15,15,15,0,10098,7687,2411,7722,2376,9678,9678,7691,403,0,8140,944158,5690
candidate_24h,12441600,9816000,16036800,18,0,0,18,10,8,354,18,18,18,0,10104,7693,2411,7725,2379,9683,9683,7695,403,0,8143,944830,5691
candidate_24h,12441600,9828000,16048800,18,0,1,19,12,7,355,17,17,18,0,10112,7699,2413,7731,2381,9690,9690,7699,403,0,8149,945518,5696
candidate_24h,12441600,9840000,16060800,19,0,1,20,13,7,354,19,19,19,0,10121,7706,2415,7735,2386,9697,9697,7702,404,0,8153,946336,5699
candidate_24h,12441600,9852000,16072800,17,0,0,17,12,5,356,17,17,17,0,10128,7712,2416,7740,2388,9707,9707,7708,404,0,8158,947253,5704
candidate_24h,12441600,9864000,16084800,20,0,2,22,16,6,357,20,20,20,0,10141,7723,2418,7748,2393,9715,9715,7712,404,0,8168,947990,5707
candidate_24h,12441600,9876000,16096800,23,0,4,27,20,7,356,22,22,23,0,10159,7736,2423,7762,2397,9726,9726,7720,406,0,8182,948969,5713
candidate_24h,12441600,9888000,16108800,25,0,4,29,20,9,355,25,25,25,0,10170,7744,2426,7771,2399,9735,9735,7728,406,0,8191,950014,5720
candidate_24h,12441600,9900000,16120800,25,0,4,29,22,7,356,25,25,25,0,10186,7755,2431,7783,2403,9751,9751,7739,406,0,8203,951137,5731
candidate_24h,12441600,9912000,16132800,25,0,3,28,22,6,357,25,25,25,0,10201,7766,2435,7795,2406,9767,9767,7751,406,0,8215,952220,5734
candidate_24h,12441600,9924000,16144800,29,0,3,32,25,7,356,29,29,29,0,10218,7780,2438,7808,2410,9779,9779,7761,407,0,8229,953374,5740
candidate_24h,12441600,9936000,16156800,33,0,0,33,27,6,356,28,28,33,0,10231,7792,2439,7818,2413,9791,9791,7770,407,0,8239,954693,5750
candidate_24h,12441600,9948000,16168800,31,0,1,32,26,6,355,30,30,31,0,10239,7799,2440,7822,2417,9800,9800,7776,407,0,8243,956198,5758
candidate_24h,12441600,9960000,16180800,30,0,0,30,22,8,356,30,30,30,0,10251,7809,2442,7827,2424,9813,9813,7784,408,0,8251,957628,5770
candidate_24h,12441600,9972000,16192800,33,0,1,34,24,10,354,33,33,33,0,10268,7825,2443,7840,2428,9826,9826,7796,408,0,8265,959060,5778
candidate_24h,12441600,9984000,16204800,31,0,2,33,26,7,356,31,31,31,0,10282,7837,2445,7851,2431,9840,9840,7805,409,0,8276,960427,5783
candidate_24h,12441600,9996000,16216800,26,0,1,27,20,7,356,25,25,26,0,10289,7843,2446,7856,2433,9853,9853,7816,409,0,8281,961664,5792
candidate_24h,12441600,10008000,16228800,29,0,2,31,25,6,356,29,29,29,0,10310,7857,2453,7871,2439,9867,9867,7826,412,0,8298,962912,5801
candidate_24h,12441600,10020000,16240800,30,0,1,31,22,9,355,30,30,30,0,10324,7870,2454,7878,2446,9881,9881,7836,412,0,8307,964337,5811
candidate_24h,12441600,10032000,16252800,28,0,0,28,21,7,356,28,27,28,0,10337,7883,2454,7889,2448,9897,9897,7849,412,0,8318,965606,5815
candidate_24h,12441600,10044000,16264800,27,0,1,28,23,5,355,24,24,27,0,10352,7896,2456,7901,2451,9912,9912,7859,412,0,8327,966910,5823
candidate_24h,12441600,10056000,16276800,30,0,1,31,25,6,356,30,30,30,0,10367,7908,2459,7912,2455,9923,9923,7866,413,0,8339,968192,5830
candidate_24h,12441600,10068000,16288800,26,0,2,28,24,4,357,26,26,26,0,10381,7916,2465,7922,2459,9940,9940,7879,413,0,8350,969391,5838
candidate_24h,12441600,10080000,16300800,27,0,1,28,22,6,357,27,27,27,0,10395,7928,2467,7931,2464,9954,9954,7890,413,0,8361,970575,5842
candidate_24h,12441600,10092000,16312800,33,0,2,35,27,8,354,33,33,33,0,10409,7940,2469,7941,2468,9961,9961,7896,413,0,8371,971971,5852
candidate_24h,12441600,10104000,16324800,33,0,0,33,26,7,355,32,32,33,0,10418,7949,2469,7947,2471,9971,9971,7902,414,0,8377,973454,5859
candidate_24h,12441600,10116000,16336800,29,0,1,30,24,6,357,28,28,29,0,10428,7958,2470,7954,2474,9984,9984,7911,414,0,8385,974904,5869
candidate_24h,12441600,10128000,16348800,26,0,1,27,21,6,357,26,26,26,0,10437,7966,2471,7960,2477,9996,9996,7920,414,0,8391,976236,5876
candidate_24h,12441600,10140000,16360800,28,0,5,33,25,8,355,28,28,28,0,10456,7978,2478,7974,2482,10009,10009,7931,414,0,8406,977359,5882
candidate_24h,12441600,10152000,16372800,34,0,1,35,30,5,355,30,30,34,0,10469,7990,2479,7984,2485,10019,10019,7938,415,0,8416,978583,5886
candidate_24h,12441600,10164000,16384800,29,0,2,31,26,5,355,29,29,29,0,10478,7995,2483,7990,2488,10032,10032,7947,415,0,8421,979968,5897
candidate_24h,12441600,10176000,16396800,25,0,1,26,21,5,356,24,24,25,0,10491,8005,2486,8000,2491,10049,10049,7960,416,0,8431,981159,5905
candidate_24h,12441600,10188000,16408800,25,0,2,27,21,6,356,25,25,25,0,10504,8015,2489,8009,2495,10061,10061,7969,416,0,8441,982122,5911
candidate_24h,12441600,10200000,16420800,25,0,1,26,18,8,354,25,25,25,0,10520,8027,2493,8020,2500,10078,10078,7984,416,0,8453,983144,5917
candidate_24h,12441600,10212000,16432800,23,0,4,27,19,8,355,23,23,23,0,10532,8034,2498,8027,2505,10089,10089,7990,416,0,8461,984187,5923
candidate_24h,12441600,10224000,16444800,24,0,1,25,16,9,355,23,23,24,0,10546,8045,2501,8035,2511,10102,10102,8000,419,0,8472,985197,5926
candidate_24h,12441600,10236000,16456800,31,0,1,32,22,10,356,31,31,31,0,10561,8058,2503,8046,2515,10110,10110,8004,419,0,8484,986404,5938
candidate_24h,12441600,10248000,16468800,28,0,3,31,26,5,358,28,28,28,0,10572,8066,2506,8055,2517,10121,10121,8010,420,0,8492,987773,5948
candidate_24h,12441600,10260000,16480800,27,0,2,29,23,6,356,24,24,27,0,10586,8078,2508,8064,2522,10136,10136,8024,421,0,8503,988980,5954
candidate_24h,12441600,10272000,16492800,24,0,1,25,20,5,358,24,24,24,0,10595,8085,2510,8070,2525,10149,10149,8033,421,0,8510,990129,5962
candidate_24h,12441600,10284000,16504800,23,0,5,28,21,7,356,22,22,23,0,10610,8094,2516,8081,2529,10161,10161,8043,421,0,8521,991318,5969
candidate_24h,12441600,10296000,16516800,25,0,3,28,19,9,356,24,24,25,0,10625,8104,2521,8091,2534,10175,10175,8055,422,0,8534,992489,5974
candidate_24h,12441600,10308000,16528800,28,0,3,31,23,8,357,26,26,28,0,10642,8117,2525,8104,2538,10189,10189,8065,422,0,8548,993729,5981
candidate_24h,12441600,10320000,16540800,26,0,1,27,21,6,357,26,26,26,0,10652,8126,2526,8110,2542,10203,10203,8076,422,0,8555,994950,5986
candidate_24h,12441600,10332000,16552800,28,0,6,34,27,7,356,28,28,28,0,10670,8137,2533,8124,2546,10214,10214,8085,422,0,8570,996312,5995
candidate_24h,12441600,10344000,16564800,31,0,2,33,27,6,355,31,31,31,0,10685,8149,2536,8136,2549,10229,10229,8097,423,0,8581,997718,6006
candidate_24h,12441600,10356000,16576800,23,0,1,24,20,4,357,23,23,23,0,10693,8156,2537,8142,2551,10246,10246,8110,423,0,8587,999011,6009
candidate_24h,12441600,10368000,16588800,27,0,4,31,24,7,356,23,23,27,0,10712,8170,2542,8155,2557,10257,10257,8118,424,0,8602,1000072,6019
candidate_24h,12441600,10380000,16600800,32,0,3,35,27,8,356,32,32,32,0,10728,8183,2545,8167,2561,10269,10269,8127,424,0,8615,1001324,6025
candidate_24h,12441600,10392000,16612800,31,0,4,35,29,6,357,31,31,31,0,10746,8195,2551,8180,2566,10287,10287,8141,424,0,8630,1002535,6036
candidate_24h,12441600,10404000,16624800,32,0,2,34,29,5,356,32,32,32,0,10758,8204,2554,8189,2569,10299,10299,8150,425,0,8638,1003871,6045
candidate_24h,12441600,10416000,16636800,30,0,4,34,30,4,357,30,30,30,0,10776,8217,2559,8204,2572,10317,10317,8165,425,0,8654,1005284,6055
candidate_24h,12441600,10428000,16648800,29,0,3,32,28,4,357,29,29,29,0,10789,8227,2562,8214,2575,10332,10332,8177,425,0,8664,1006574,6063
candidate_24h,12441600,10440000,16660800,29,0,2,31,26,5,357,29,29,29,0,10806,8240,2566,8228,2578,10350,10350,8192,425,0,8678,1007899,6071
candidate_24h,12441600,10452000,16672800,23,0,7,30,25,5,357,23,23,23,0,10822,8248,2574,8241,2581,10366,10366,8205,426,0,8691,1009152,6076
candidate_24h,12441600,10464000,16684800,32,0,3,35,30,5,357,32,32,32,0,10842,8265,2577,8257,2585,10380,10380,8216,427,0,8708,1010395,6087
candidate_24h,12441600,10476000,16696800,32,0,3,35,28,7,355,29,29,32,0,10854,8273,2581,8264,2590,10392,10392,8224,427,0,8714,1011712,6091
candidate_24h,12441600,10488000,16708800,31,0,1,32,25,7,357,30,30,31,0,10870,8287,2583,8276,2594,10410,10410,8238,428,0,8728,1013058,6098
candidate_24h,12441600,10500000,16720800,33,0,0,33,24,9,359,32,32,33,0,10883,8299,2584,8282,2601,10422,10422,8245,428,0,8738,1014411,6108
candidate_24h,12441600,10512000,16732800,32,0,2,34,28,6,359,32,32,32,0,10899,8312,2587,8295,2604,10437,10437,8257,428,0,8751,1015793,6118
candidate_24h,12441600,10524000,16744800,31,0,4,35,28,7,357,31,31,31,0,10915,8322,2593,8307,2608,10451,10451,8269,429,0,8763,1017053,6123
candidate_24h,12441600,10536000,16756800,28,0,3,31,25,6,359,28,28,28,0,10923,8328,2595,8313,2610,10463,10463,8277,429,0,8769,1018340,6131
candidate_24h,12441600,10548000,16768800,31,0,3,34,28,6,359,31,31,31,0,10939,8341,2598,8324,2615,10475,10475,8286,430,0,8782,1019624,6139
candidate_24h,12441600,10560000,16780800,32,0,1,33,27,6,357,30,30,32,0,10953,8352,2601,8334,2619,10489,10489,8298,431,0,8792,1020970,6146
candidate_24h,12441600,10572000,16792800,31,0,4,35,29,6,358,31,31,31,0,10968,8362,2606,8346,2622,10502,10502,8307,431,0,8804,1022311,6155
candidate_24h,12441600,10584000,16804800,33,0,1,34,28,6,359,29,29,33,0,10980,8373,2607,8356,2624,10515,10515,8318,431,0,8815,1023671,6161
candidate_24h,12441600,10596000,16816800,29,0,4,33,27,6,357,28,28,29,0,10995,8385,2610,8367,2628,10531,10531,8330,431,0,8824,1025022,6169
candidate_24h,12441600,10608000,16828800,34,0,1,35,29,6,358,34,34,34,0,11011,8400,2611,8380,2631,10543,10543,8339,433,0,8838,1026452,6174
candidate_24h,12441600,10620000,16840800,33,0,2,35,27,8,355,32,32,33,0,11021,8408,2613,8386,2635,10553,10553,8347,433,0,8843,1028008,6191
candidate_24h,12441600,10632000,16852800,33,0,2,35,26,9,355,33,33,33,0,11038,8423,2615,8398,2640,10569,10569,8360,434,0,8857,1029382,6192
candidate_24h,12441600,10644000,16864800,31,0,0,31,24,7,358,31,31,31,0,11050,8433,2617,8407,2643,10584,10584,8369,435,0,8866,1030737,6199
candidate_24h,12441600,10656000,16876800,33,0,0,33,26,7,358,32,32,33,0,11061,8444,2617,8416,2645,10593,10593,8376,435,0,8875,1032239,6210
candidate_24h,12441600,10668000,16888800,32,0,2,34,28,6,357,32,32,32,0,11071,8451,2620,8423,2648,10602,10602,8382,435,0,8881,1033709,6223
candidate_24h,12441600,10680000,16900800,30,0,3,33,27,6,358,29,29,30,0,11089,8464,2625,8437,2652,10620,10620,8397,436,0,8897,1035083,6229
candidate_24h,12441600,10692000,16912800,30,0,5,35,28,7,357,26,26,30,0,11111,8479,2632,8456,2655,10639,10639,8414,437,0,8916,1036410,6235
candidate_24h,12441600,10704000,16924800,30,0,3,33,28,5,358,29,29,30,0,11123,8489,2634,8465,2658,10653,10653,8423,437,0,8924,1037817,6245
candidate_24h,12441600,10716000,16936800,32,0,2,34,29,5,358,30,30,32,0,11141,8503,2638,8479,2662,10669,10669,8436,438,0,8939,1039226,6253
candidate_24h,12441600,10728000,16948800,32,0,0,32,29,3,360,30,30,32,0,11153,8513,2640,8488,2665,10683,10683,8445,438,0,8948,1040614,6263
candidate_24h,12441600,10740000,16960800,34,0,1,35,28,7,357,34,34,34,0,11167,8525,2642,8497,2670,10693,10693,8454,439,0,8958,1042070,6272
candidate_24h,12441600,10752000,16972800,33,0,2,35,28,7,357,32,32,33,0,11183,8538,2645,8508,2675,10709,10709,8466,439,0,8970,1043563,6278
candidate_24h,12441600,10764000,16984800,29,0,5,34,26,8,357,28,28,29,0,11195,8544,2651,8517,2678,10721,10721,8475,440,0,8979,1044908,6286
candidate_24h,12441600,10776000,16996800,29,0,3,32,25,7,359,29,29,29,0,11208,8553,2655,8528,2680,10736,10736,8487,440,0,8991,1046242,6293
candidate_24h,12441600,10788000,17008800,29,0,6,35,29,6,359,29,29,29,0,11223,8563,2660,8540,2683,10748,10748,8495,440,0,9002,1047508,6300
candidate_24h,12441600,10800000,17020800,31,0,4,35,28,7,359,30,30,31,0,11239,8574,2665,8551,2688,10762,10762,8505,442,0,9014,1048864,6309
candidate_24h,12441600,10812000,17032800,26,0,3,29,22,7,358,26,26,26,0,11244,8579,2665,8553,2691,10773,10773,8514,442,0,9016,1050236,6313
candidate_24h,12441600,10824000,17044800,33,0,1,34,29,5,359,33,33,33,0,11267,8598,2669,8573,2694,10790,10790,8526,443,0,9035,1051606,6319
candidate_24h,12441600,10836000,17056800,33,0,3,36,29,7,358,31,31,33,0,11277,8605,2672,8579,2698,10797,10797,8530,444,0,9041,1053001,6329
candidate_24h,12441600,10848000,17068800,32,0,0,32,25,7,359,31,30,32,0,11290,8618,2672,8589,2701,10814,10814,8545,444,0,9053,1054387,6336
candidate_24h,12441600,10860000,17080800,28,0,4,32,26,6,358,28,28,28,0,11303,8627,2676,8599,2704,10827,10827,8555,444,0,9062,1055784,6345
candidate_24h,12441600,10872000,17092800,29,0,2,31,23,8,357,28,28,29,0,11318,8640,2678,8610,2708,10842,10842,8567,445,0,9073,1057085,6353
candidate_24h,12441600,10884000,17104800,28,0,5,33,28,5,359,28,27,28,0,11337,8653,2684,8624,2713,10859,10859,8579,445,0,9089,1058403,6361
candidate_24h,12441600,10896000,17116800,32,0,3,35,30,5,359,32,32,32,0,11353,8666,2687,8638,2715,10873,10873,8590,445,0,9102,1059760,6366
candidate_24h,12441600,10908000,17128800,35,0,0,35,30,5,359,32,32,35,0,11366,8678,2688,8648,2718,10885,10885,8599,446,0,9112,1061208,6375
candidate_24h,12441600,10920000,17140800,29,0,3,32,27,5,359,29,29,29,0,11377,8686,2691,8656,2721,10898,10898,8609,447,0,9120,1062657,6388
candidate_24h,12441600,10932000,17152800,30,0,3,33,25,8,358,30,30,30,0,11395,8698,2697,8669,2726,10914,10914,8622,448,0,9134,1063889,6393
candidate_24h,12441600,10944000,17164800,28,0,5,33,28,5,359,28,28,28,0,11412,8709,2703,8683,2729,10931,10931,8636,448,0,9149,1065204,6396
candidate_24h,12441600,10956000,17176800,31,0,4,35,27,8,357,31,31,31,0,11428,8720,2708,8694,2734,10945,10945,8648,448,0,9161,1066610,6409
candidate_24h,12441600,10968000,17188800,28,0,4,32,23,9,357,28,28,28,0,11443,8730,2713,8704,2739,10962,10962,8663,449,0,9174,1067863,6417
candidate_24h,12441600,10980000,17200800,29,0,4,33,24,9,359,28,27,29,0,11459,8741,2718,8715,2744,10977,10977,8673,449,0,9187,1069117,6423
candidate_24h,12441600,10992000,17212800,28,0,3,31,22,9,359,28,28,28,0,11474,8752,2722,8726,2748,10994,10994,8688,449,0,9200,1070385,6433
candidate_24h,12441600,11004000,17224800,31,0,1,32,24,8,357,31,31,31,0,11489,8764,2725,8737,2752,11004,11004,8696,453,0,9211,1071696,6439
candidate_24h,12441600,11016000,17236800,32,0,3,35,26,9,357,28,28,32,0,11507,8778,2729,8750,2757,11019,11019,8708,453,0,9226,1073038,6449
candidate_24h,12441600,11028000,17248800,33,0,2,35,25,10,359,33,33,33,0,11520,8789,2731,8758,2762,11031,11031,8715,454,0,9236,1074419,6455
candidate_24h,12441600,11040000,17260800,29,0,3,32,21,11,359,29,29,29,0,11527,8793,2734,8762,2765,11041,11041,8723,454,0,9241,1075845,6468
candidate_24h,12441600,11052000,17272800,29,0,4,33,22,11,358,28,28,29,0,11546,8807,2739,8777,2769,11059,11059,8739,454,0,9257,1077172,6473
candidate_24h,12441600,11064000,17284800,30,0,5,35,27,8,359,29,29,30,0,11567,8823,2744,8795,2772,11076,11076,8751,456,0,9274,1078523,6481
candidate_24h,12441600,11076000,17296800,30,0,3,33,25,8,358,30,30,30,0,11578,8831,2747,8804,2774,11088,11088,8761,457,0,9282,1079818,6486
candidate_24h,12441600,11088000,17308800,33,0,0,33,28,5,359,33,33,33,0,11590,8843,2747,8813,2777,11100,11100,8769,457,0,9291,1081219,6498
candidate_24h,12441600,11100000,17320800,31,0,2,33,27,6,358,30,30,31,0,11603,8854,2749,8822,2781,11113,11113,8780,457,0,9301,1082615,6507
candidate_24h,12441600,11112000,17332800,32,0,2,34,29,5,357,31,31,32,0,11620,8867,2753,8836,2784,11127,11127,8791,459,0,9314,1083961,6513
candidate_24h,12441600,11124000,17344800,33,0,2,35,27,8,358,28,28,33,0,11638,8882,2756,8848,2790,11143,11143,8803,460,0,9329,1085293,6520
candidate_24h,12441600,11136000,17356800,32,0,1,33,25,8,358,29,29,32,0,11648,8891,2757,8853,2795,11155,11155,8811,460,0,9335,1086887,6528
candidate_24h,12441600,11148000,17368800,31,0,3,34,25,9,356,31,30,31,0,11664,8903,2761,8864,2800,11168,11168,8822,462,0,9347,1088379,6537
candidate_24h,12441600,11160000,17380800,31,0,2,33,27,6,357,30,29,31,0,11681,8916,2765,8878,2803,11185,11185,8836,463,0,9362,1089800,6544
candidate_24h,12441600,11172000,17392800,33,0,1,34,27,7,357,33,33,33,0,11697,8929,2768,8891,2806,11199,11199,8847,464,0,9375,1091219,6553
candidate_24h,12441600,11184000,17404800,30,0,3,33,29,4,359,29,29,30,0,11711,8939,2772,8902,2809,11214,11214,8857,464,0,9386,1092686,6559
candidate_24h,12441600,11196000,17416800,29,0,3,32,25,7,358,29,29,29,0,11722,8947,2775,8908,2814,11226,11226,8867,464,0,9394,1094069,6570
candidate_24h,12441600,11208000,17428800,29,0,3,32,25,7,357,29,29,29,0,11743,8962,2781,8925,2818,11246,11246,8884,465,0,9411,1095348,6581
candidate_24h,12441600,11220000,17440800,33,0,2,35,25,10,357,33,33,33,0,11764,8979,2785,8940,2824,11264,11264,8898,465,0,9428,1096647,6589
candidate_24h,12441600,11232000,17452800,32,0,3,35,26,9,358,29,29,32,0,11783,8996,2787,8955,2828,11283,11283,8914,465,0,9445,1098008,6602
candidate_24h,12441600,11244000,17464800,30,0,1,31,24,7,358,30,30,30,0,11795,9006,2789,8963,2832,11299,11299,8927,465,0,9454,1099406,6612
candidate_24h,12441600,11256000,17476800,32,0,2,34,25,9,356,31,31,32,0,11813,9022,2791,8976,2837,11314,11314,8939,465,0,9467,1100870,6619
candidate_24h,12441600,11268000,17488800,33,0,1,34,27,7,358,33,33,33,0,11829,9035,2794,8987,2842,11329,11329,8949,466,0,9480,1102304,6628
candidate_24h,12441600,11280000,17500800,33,0,1,34,28,6,357,32,32,33,0,11838,9043,2795,8993,2845,11338,11338,8956,466,0,9486,1103934,6640
candidate_24h,12441600,11292000,17512800,30,0,3,33,28,5,356,30,30,30,0,11856,9056,2800,9007,2849,11356,11356,8970,467,0,9499,1105404,6643
candidate_24h,12441600,11304000,17524800,32,0,0,32,27,5,358,32,32,32,0,11872,9072,2800,9020,2852,11371,11371,8981,469,0,9513,1106825,6652
candidate_24h,12441600,11316000,17536800,34,0,1,35,29,6,357,33,33,34,0,11885,9084,2801,9029,2856,11381,11381,8988,469,0,9522,1108222,6660
candidate_24h,12441600,11328000,17548800,33,0,2,35,28,7,356,33,33,33,0,11895,9092,2803,9035,2860,11391,11391,8995,469,0,9528,1109716,6672
candidate_24h,12441600,11340000,17560800,33,0,2,35,28,7,358,29,29,33,0,11909,9104,2805,9046,2863,11404,11404,9004,470,0,9540,1111142,6683
candidate_24h,12441600,11352000,17572800,27,0,3,30,22,8,358,27,27,27,0,11922,9113,2809,9054,2868,11422,11422,9019,470,0,9550,1112480,6689
candidate_24h,12441600,11364000,17584800,33,0,1,34,27,7,358,33,33,33,0,11945,9133,2812,9071,2874,11440,11440,9033,471,0,9569,1113800,6694
candidate_24h,12441600,11376000,17596800,33,0,2,35,26,9,355,32,32,33,0,11956,9142,2814,9078,2878,11450,11450,9042,471,0,9576,1115318,6702
candidate_24h,12441600,11388000,17608800,32,0,3,35,27,8,357,32,32,32,0,11970,9153,2817,9090,2880,11464,11464,9051,471,0,9587,1116749,6714
candidate_24h,12441600,11400000,17620800,27,0,3,30,22,8,355,27,27,27,0,11982,9160,2822,9098,2884,11481,11481,9065,471,0,9594,1118021,6722
candidate_24h,12441600,11412000,17632800,29,0,1,30,23,7,356,29,29,29,0,11996,9172,2824,9109,2887,11494,11494,9075,472,0,9606,1119408,6730
candidate_24h,12441600,11424000,17644800,31,0,3,34,29,5,357,31,31,31,0,12016,9188,2828,9126,2890,11510,11510,9087,472,0,9623,1120753,6736
candidate_24h,12441600,11436000,17656800,31,0,5,36,31,5,356,31,31,31,0,12030,9198,2832,9137,2893,11522,11522,9096,472,0,9633,1122092,6743
candidate_24h,12441600,11448000,17668800,34,0,1,35,28,7,356,32,32,34,0,12042,9208,2834,9145,2897,11533,11533,9105,474,0,9643,1123456,6749
candidate_24h,12441600,11460000,17680800,26,0,1,27,22,5,357,26,26,26,0,12054,9217,2837,9152,2902,11553,11553,9120,474,0,9651,1124886,6757
candidate_24h,12441600,11472000,17692800,34,0,2,36,28,8,357,33,33,34,0,12072,9232,2840,9165,2907,11562,11562,9126,474,0,9666,1126310,6765
candidate_24h,12441600,11484000,17704800,34,0,2,36,28,8,356,34,34,34,0,12083,9241,2842,9173,2910,11573,11573,9135,474,0,9674,1127763,6772
candidate_24h,12441600,11496000,17716800,32,0,2,34,27,7,356,32,31,32,0,12097,9252,2845,9184,2913,11587,11587,9147,476,0,9686,1129169,6779
candidate_24h,12441600,11508000,17728800,32,0,0,32,25,7,357,32,32,32,0,12110,9265,2845,9193,2917,11600,11600,9156,478,0,9696,1130605,6789
candidate_24h,12441600,11520000,17740800,29,0,5,34,27,7,356,29,29,29,0,12127,9274,2853,9206,2921,11615,11615,9168,478,0,9709,1131899,6798
candidate_24h,12441600,11532000,17752800,27,0,4,31,25,6,357,26,26,27,0,12144,9285,2859,9219,2925,11635,11635,9184,478,0,9723,1133079,6806
candidate_24h,12441600,11544000,17764800,33,0,1,34,30,4,358,33,33,33,0,12166,9304,2862,9238,2928,11652,11652,9196,480,0,9741,1134325,6816
candidate_24h,12441600,11556000,17776800,32,0,3,35,32,3,359,30,30,32,0,12178,9313,2865,9247,2931,11663,11663,9203,480,0,9750,1135655,6823
candidate_24h,12441600,11568000,17788800,31,0,3,34,27,7,357,31,31,31,0,12189,9320,2869,9253,2936,11675,11675,9213,480,0,9757,1136984,6832
candidate_24h,12441600,11580000,17800800,32,0,2,34,26,8,357,32,32,32,0,12202,9332,2870,9262,2940,11688,11688,9223,480,0,9767,1138253,6840
candidate_24h,12441600,11592000,17812800,30,0,3,33,26,7,358,29,29,30,0,12214,9340,2874,9271,2943,11700,11700,9232,481,0,9777,1139608,6853
candidate_24h,12441600,11604000,17824800,26,0,6,32,30,2,360,26,26,26,0,12236,9355,2881,9290,2946,11723,11723,9249,481,0,9795,1140738,6857
candidate_24h,12441600,11616000,17836800,30,0,2,32,25,7,357,29,29,30,0,12249,9366,2883,9298,2951,11735,11735,9261,482,0,9805,1142019,6863
candidate_24h,12441600,11628000,17848800,29,0,2,31,25,6,359,29,29,29,0,12262,9374,2888,9307,2955,11749,11749,9271,482,0,9816,1143287,6871
candidate_24h,12441600,11640000,17860800,33,0,1,34,26,8,357,30,30,33,0,12277,9385,2892,9316,2961,11761,11761,9281,482,0,9827,1144633,6878
candidate_24h,12441600,11652000,17872800,31,0,4,35,26,9,355,31,31,31,0,12292,9395,2897,9327,2965,11774,11774,9292,483,0,9838,1145995,6886
candidate_24h,12441600,11664000,17884800,32,0,3,35,30,5,360,26,26,32,0,12306,9408,2898,9339,2967,11788,11788,9299,483,0,9850,1147249,6894
candidate_24h,12441600,11676000,17896800,33,0,0,33,25,8,358,31,31,33,0,12317,9419,2898,9346,2971,11801,11801,9311,483,0,9858,1148612,6898
candidate_24h,12441600,11688000,17908800,32,0,3,35,27,8,357,32,32,32,0,12334,9431,2903,9360,2974,11816,11816,9324,483,0,9872,1150019,6906
candidate_24h,12441600,11700000,17920800,29,0,3,32,24,8,357,29,29,29,0,12346,9440,2906,9368,2978,11830,11830,9334,484,0,9880,1151349,6915
candidate_24h,12441600,11712000,17932800,32,0,3,35,28,7,358,32,32,32,0,12363,9453,2910,9381,2982,11844,11844,9345,484,0,9895,1152653,6925
candidate_24h,12441600,11724000,17944800,29,0,2,31,23,8,357,29,29,29,0,12378,9465,2913,9391,2987,11862,11862,9360,485,0,9906,1154048,6932
candidate_24h,12441600,11736000,17956800,30,0,2,32,26,6,359,29,29,30,0,12393,9477,2916,9403,2990,11876,11876,9369,485,0,9918,1155511,6941
candidate_24h,12441600,11748000,17968800,33,0,2,35,27,8,357,32,32,33,0,12410,9492,2918,9415,2995,11889,11889,9381,486,0,9932,1156883,6948
candidate_24h,12441600,11760000,17980800,30,0,5,35,27,8,355,30,30,30,0,12419,9496,2923,9421,2998,11898,11898,9388,486,0,9937,1158359,6956
candidate_24h,12441600,11772000,17992800,31,0,4,35,28,7,356,29,29,31,0,12436,9508,2928,9434,3002,11914,11914,9400,487,0,9951,1159780,6965
candidate_24h,12441600,11784000,18004800,26,0,2,28,22,6,356,25,25,26,0,12447,9516,2931,9440,3007,11931,11931,9413,488,0,9958,1161005,6970
candidate_24h,12441600,11796000,18016800,32,0,3,35,30,5,357,32,32,32,0,12465,9530,2935,9454,3011,11941,11941,9418,489,0,9972,1162276,6973
candidate_24h,12441600,11808000,18028800,29,0,4,33,27,6,356,28,28,29,0,12479,9538,2941,9464,3015,11957,11957,9432,489,0,9983,1163639,6982
candidate_24h,12441600,11820000,18040800,32,0,2,34,30,4,358,31,31,32,0,12495,9551,2944,9477,3018,11972,11972,9443,489,0,9997,1164924,6988
candidate_24h,12441600,11832000,18052800,24,0,4,28,25,3,357,22,22,24,0,12505,9557,2948,9484,3021,11987,11987,9454,490,0,10002,1166289,6998
candidate_24h,12441600,11844000,18064800,33,0,1,34,27,7,356,33,33,33,0,12524,9575,2949,9498,3026,12000,12000,9465,490,0,10018,1167719,7003
candidate_24h,12441600,11856000,18076800,32,0,3,35,28,7,356,32,32,32,0,12539,9587,2952,9510,3029,12014,12014,9476,490,0,10030,1169080,7010
candidate_24h,12441600,11868000,18088800,31,0,4,35,27,8,356,30,30,31,0,12551,9595,2956,9518,3033,12025,12025,9485,491,0,10040,1170484,7023
candidate_24h,12441600,11880000,18100800,32,0,3,35,30,5,358,29,29,32,0,12566,9605,2961,9531,3035,12039,12039,9494,492,0,10052,1171788,7031
candidate_24h,12441600,11892000,18112800,30,0,3,33,25,8,355,29,29,30,0,12580,9617,2963,9539,3041,12055,12055,9508,492,0,10061,1173149,7037
candidate_24h,12441600,11904000,18124800,31,0,1,32,25,7,356,31,31,31,0,12597,9633,2964,9552,3045,12072,12072,9520,493,0,10074,1174481,7045
candidate_24h,12441600,11916000,18136800,28,0,1,29,23,6,356,28,28,28,0,12609,9641,2968,9561,3048,12085,12085,9530,495,0,10083,1175882,7053
candidate_24h,12441600,11928000,18148800,32,0,3,35,26,9,356,32,32,32,0,12626,9654,2972,9572,3054,12096,12096,9538,495,0,10097,1177249,7063
candidate_24h,12441600,11940000,18160800,25,0,3,28,20,8,359,25,25,25,0,12637,9660,2977,9580,3057,12114,12114,9551,495,0,10106,1178417,7073
candidate_24h,12441600,11952000,18172800,31,0,3,34,27,7,357,31,31,31,0,12656,9674,2982,9595,3061,12127,12127,9562,495,0,10121,1179611,7078
candidate_24h,12441600,11964000,18184800,31,0,2,33,27,6,358,30,30,31,0,12673,9688,2985,9609,3064,12144,12144,9576,496,0,10136,1180934,7085
candidate_24h,12441600,11976000,18196800,32,0,2,34,29,5,357,32,32,32,0,12685,9699,2986,9618,3067,12155,12155,9584,496,0,10144,1182353,7094
candidate_24h,12441600,11988000,18208800,35,0,0,35,29,6,356,34,34,35,0,12698,9712,2986,9628,3070,12166,12166,9593,497,0,10154,1183781,7106
candidate_24h,12441600,12000000,18220800,31,0,2,33,29,4,356,31,31,31,0,12709,9720,2989,9637,3072,12179,12179,9603,497,0,10162,1185168,7111
candidate_24h,12441600,12012000,18232800,31,0,1,32,25,7,355,31,31,31,0,12723,9733,2990,9645,3078,12193,12193,9613,498,0,10171,1186580,7120
candidate_24h,12441600,12024000,18244800,34,0,1,35,26,9,355,34,34,34,0,12734,9743,2991,9653,3081,12201,12201,9620,498,0,10181,1187923,7131
candidate_24h,12441600,12036000,18256800,33,0,2,35,25,10,354,31,31,33,0,12745,9752,2993,9659,3086,12212,12212,9629,498,0,10189,1189258,7140
candidate_24h,12441600,12048000,18268800,24,0,3,27,18,9,356,24,24,24,0,12757,9760,2997,9667,3090,12231,12231,9642,499,0,10197,1190565,7147
candidate_24h,12441600,12060000,18280800,26,0,1,27,18,9,356,25,25,26,0,12771,9771,3000,9678,3093,12245,12245,9654,499,0,10209,1191876,7155
candidate_24h,12441600,12072000,18292800,31,0,4,35,26,9,354,31,31,31,0,12788,9783,3005,9692,3096,12254,12254,9662,499,0,10223,1193088,7158
candidate_24h,12441600,12084000,18304800,33,0,2,35,28,7,354,33,33,33,0,12798,9792,3006,9700,3098,12263,12263,9669,500,0,10231,1194439,7170
candidate_24h,12441600,12096000,18316800,33,0,2,35,32,3,358,29,29,33,0,12816,9805,3011,9716,3100,12280,12280,9679,501,0,10246,1195746,7176
candidate_24h,12441600,12108000,18328800,33,0,2,35,31,4,356,32,32,33,0,12824,9811,3013,9722,3102,12288,12288,9687,501,0,10252,1197165,7184
candidate_24h,12441600,12120000,18340800,34,0,0,34,28,6,355,33,33,34,0,12836,9822,3014,9731,3105,12301,12301,9698,501,0,10261,1198564,7192
candidate_24h,12441600,12132000,18352800,33,0,2,35,31,4,357,33,33,33,0,12850,9834,3016,9743,3107,12314,12314,9706,501,0,10272,1199997,7198
candidate_24h,12441600,12144000,18364800,31,0,3,34,26,8,355,31,31,31,0,12863,9844,3019,9749,3114,12327,12327,9716,502,0,10280,1201420,7205
candidate_24h,12441600,12156000,18376800,30,0,1,31,27,4,357,30,30,30,0,12874,9854,3020,9758,3116,12340,12340,9725,503,0,10289,1202869,7218
candidate_24h,12441600,12168000,18388800,31,0,2,33,28,5,357,29,29,31,0,12887,9865,3022,9768,3119,12351,12351,9733,503,0,10299,1204286,7225
candidate_24h,12441600,12180000,18400800,27,0,0,27,24,3,358,27,27,27,0,12896,9874,3022,9775,3121,12366,12366,9745,503,0,10306,1205617,7231
candidate_24h,12441600,12192000,18412800,29,0,4,33,29,4,357,28,28,29,0,12913,9885,3028,9789,3124,12377,12377,9753,503,0,10319,1206861,7240
candidate_24h,12441600,12204000,18424800,34,0,1,35,30,5,356,28,28,34,0,12932,9902,3030,9805,3127,12393,12393,9767,504,0,10335,1208195,7248
candidate_24h,12441600,12216000,18436800,30,0,2,32,28,4,357,30,30,30,0,12942,9910,3032,9813,3129,12406,12406,9777,504,0,10343,1209622,7258
candidate_24h,12441600,12228000,18448800,28,0,1,29,23,6,357,28,28,28,0,12958,9923,3035,9824,3134,12424,12424,9791,505,0,10355,1210997,7264
candidate_24h,12441600,12240000,18460800,31,0,1,32,26,6,357,31,31,31,0,12971,9935,3036,9834,3137,12434,12434,9799,505,0,10366,1212367,7273
candidate_24h,12441600,12252000,18472800,29,0,2,31,24,7,357,29,29,29,0,12983,9942,3041,9842,3141,12446,12446,9807,506,0,10374,1213609,7281
candidate_24h,12441600,12264000,18484800,30,0,1,31,23,8,356,30,30,30,0,12996,9954,3042,9851,3145,12459,12459,9817,506,0,10383,1214932,7288
candidate_24h,12441600,12276000,18496800,27,0,2,29,21,8,358,27,27,27,0,13013,9966,3047,9863,3150,12476,12476,9829,508,0,10397,1216274,7298
candidate_24h,12441600,12288000,18508800,30,0,4,34,28,6,359,30,30,30,0,13035,9982,3053,9881,3154,12493,12493,9841,508,0,10415,1217554,7303
candidate_24h,12441600,12300000,18520800,30,0,3,33,25,8,357,30,30,30,0,13051,9995,3056,9892,3159,12508,12508,9854,510,0,10427,1218879,7311
candidate_24h,12441600,12312000,18532800,34,0,1,35,27,8,357,30,30,34,0,13065,10007,3058,9900,3165,12518,12518,9860,512,0,10437,1220200,7325
candidate_24h,12441600,12324000,18544800,30,0,0,30,23,7,358,30,30,30,0,13076,10017,3059,9906,3170,12534,12534,9872,512,0,10445,1221591,7328
candidate_24h,12441600,12336000,18556800,31,0,2,33,25,8,357,31,31,31,0,13089,10026,3063,9915,3174,12544,12544,9880,512,0,10455,1222953,7341
candidate_24h,12441600,12348000,18568800,28,0,4,32,24,8,358,27,27,28,0,13107,10040,3067,9929,3178,12563,12563,9896,512,0,10471,1224194,7348
candidate_24h,12441600,12360000,18580800,31,0,4,35,27,8,358,31,31,31,0,13127,10056,3071,9943,3184,12580,12580,9909,512,0,10487,1225493,7356
candidate_24h,12441600,12372000,18592800,26,0,2,28,22,6,358,26,26,26,0,13133,10060,3073,9946,3187,12592,12592,9918,513,0,10490,1226820,7365
candidate_24h,12441600,12384000,18604800,29,0,1,30,24,6,359,28,28,29,0,13149,10074,3075,9958,3191,12606,12606,9928,513,0,10503,1228211,7374
candidate_24h,12441600,12396000,18616800,31,0,3,34,27,7,356,30,30,31,0,13163,10084,3079,9969,3194,12615,12615,9936,514,0,10513,1229583,7382
candidate_24h,12441600,12408000,18628800,32,0,1,33,27,6,357,31,31,32,0,13181,10101,3080,9983,3198,12634,12634,9951,514,0,10528,1230961,7388
candidate_24h,12441600,12420000,18640800,30,0,4,34,29,5,357,28,28,30,0,13196,10111,3085,9995,3201,12647,12647,9960,515,0,10539,1232370,7396
candidate_24h,12441600,12432000,18652800,30,0,4,34,30,4,357,29,29,30,0,13207,10119,3088,10003,3204,12657,12657,9967,516,0,10547,1233757,7405
candidate_24h,12441600,12441600,18662400,34,0,1,35,30,5,357,29,29,34,0,13223,10134,3089,10015,3208,12672,12672,9977,516,0,10558,1234846,7411
