run_id,fixture,duration_ticks,mode,step_ticks,receipt_line,elapsed,clock,road,atv,flying,all_map,civilian,police,parked,ground_velocity_moving,ground_moved_last_step,ground_mission_bearing,stationary_12000,max_road_stopped_ticks,road_stopped_12000,context_player_fleet,context_nonplayer_onmap,context_aliens_onmap,context_crashed_aliens_onmap,context_crashed_onmap,events_entries,events_road_entries,events_flyer_entries,events_civilian_entries,events_police_entries,events_building_entries,events_confirmed_target_arrivals,events_dead_exits,events_other_exits,events_newly_seen,events_ground_tile_changes,events_ground_reversals,events_ground_distance,events_successful_retirements,initial_ground_on_map_now,initial_ground_ever_changed_position,initial_ground_dead,initial_ground_in_building,initial_ground_elsewhere
reviewed-speed5-eligible-hour,fresh,518400,turbo,43200,2,0,6220800,0,0,0,0,0,0,330,0,0,0,0,0,0,5,0,0,0,0,0,0,0,0,0,0,0,0,0,0,0,0,0,0,0,0,0,0,0
reviewed-speed5-eligible-hour,fresh,518400,turbo,43200,125,43200,6264000,23,0,3,26,21,5,328,21,0,23,0,2210,0,5,26,0,0,0,26,23,3,21,5,0,0,0,0,25,0,0,0,0,0,0,0,0,0
reviewed-speed5-eligible-hour,fresh,518400,turbo,43200,129,86400,6307200,31,0,2,33,28,5,329,30,11,31,0,1,0,5,33,0,0,0,48,43,5,41,7,7,7,8,0,50,11,0,314.41396045684814,7,0,0,0,0,0
reviewed-speed5-eligible-hour,fresh,518400,turbo,43200,133,129600,6350400,31,0,3,34,29,5,329,31,12,31,0,0,0,5,34,0,0,0,70,62,8,60,10,22,21,14,0,72,22,0,647.9813248217106,21,0,0,0,0,0
reviewed-speed5-eligible-hour,fresh,518400,turbo,43200,137,172800,6393600,29,0,6,35,31,4,329,28,5,29,0,1,0,5,35,0,0,0,100,86,14,87,13,42,40,23,0,102,27,0,742.814990311861,40,0,0,0,0,0
reviewed-speed5-eligible-hour,fresh,518400,turbo,43200,141,216000,6436800,32,0,3,35,32,3,329,28,6,32,0,404,0,5,35,0,0,0,128,112,16,113,15,59,57,34,0,130,33,0,912.6264813244343,56,0,0,0,0,0
reviewed-speed5-eligible-hour,fresh,518400,turbo,43200,145,259200,6480000,28,0,2,30,26,4,329,28,11,28,0,0,0,5,30,0,0,0,147,129,18,130,17,71,69,46,0,151,44,0,1309.6324341595173,68,0,0,0,0,0
reviewed-speed5-eligible-hour,fresh,518400,turbo,43200,149,302400,6523200,28,0,6,34,29,5,328,24,9,28,0,5972,0,5,34,0,0,0,172,148,24,152,20,80,77,58,0,176,53,0,1558.1373350918293,76,0,0,0,0,0
reviewed-speed5-eligible-hour,fresh,518400,turbo,43200,153,345600,6566400,28,0,3,31,27,4,329,25,12,28,0,13827,1,5,31,0,0,0,191,164,27,169,22,93,90,67,0,196,65,0,1892.4409039318562,89,0,0,0,0,0
reviewed-speed5-eligible-hour,fresh,518400,turbo,43200,157,388800,6609600,29,0,6,35,30,5,328,26,10,29,0,462,0,5,35,0,0,0,216,183,33,191,25,106,102,75,0,221,75,0,2087.6662879288197,101,0,0,0,0,0
reviewed-speed5-eligible-hour,fresh,518400,turbo,43200,161,432000,6652800,31,0,3,34,26,8,328,28,10,31,0,941,0,5,34,0,0,0,240,204,36,209,31,122,118,84,0,246,85,0,2340.3087046444416,117,0,0,0,0,0
reviewed-speed5-eligible-hour,fresh,518400,turbo,43200,165,475200,6696000,31,0,3,34,29,5,329,27,13,31,0,1098,0,5,34,0,0,0,261,222,39,228,33,134,129,93,0,268,98,0,2722.590429097414,128,0,0,0,0,0
reviewed-speed5-eligible-hour,fresh,518400,turbo,43200,169,518400,6739200,32,0,1,33,29,4,329,27,8,32,0,1,0,5,33,0,0,0,286,246,40,251,35,153,148,100,0,295,106,0,2950.9477250874043,147,0,0,0,0,0
reviewed-speed5-sixhours,fresh,3110400,turbo-unchecked,43200,2,0,6220800,0,0,0,0,0,0,330,0,0,0,0,0,0,5,0,0,0,0,0,0,0,0,0,0,0,0,0,0,0,0,0,0,0,0,0,0,0
reviewed-speed5-sixhours,fresh,3110400,turbo-unchecked,43200,125,43200,6264000,22,0,6,28,24,4,329,21,0,22,0,1,0,5,28,0,0,0,28,22,6,24,4,0,0,0,0,27,0,0,0,0,0,0,0,0,0
reviewed-speed5-sixhours,fresh,3110400,turbo-unchecked,43200,129,86400,6307200,33,0,2,35,34,1,330,31,4,33,0,5701,0,5,35,0,0,0,59,51,8,54,5,9,7,15,0,58,4,0,134.77497673034668,7,0,0,0,0,0
reviewed-speed5-sixhours,fresh,3110400,turbo-unchecked,43200,133,129600,6350400,34,0,1,35,31,4,328,30,18,34,0,1,0,5,35,0,0,0,76,67,9,68,8,22,20,19,0,74,22,0,633.1359441280365,20,0,0,0,0,0
reviewed-speed5-sixhours,fresh,3110400,turbo-unchecked,43200,137,172800,6393600,35,0,1,36,32,4,328,32,13,35,0,1,0,5,36,0,0,0,99,89,10,90,9,40,38,23,0,97,35,0,1040.707508802414,37,0,0,0,0,0
reviewed-speed5-sixhours,fresh,3110400,turbo-unchecked,43200,141,216000,6436800,29,0,4,33,27,6,328,28,14,29,0,1,0,5,33,0,0,0,118,104,14,106,12,52,50,33,0,117,49,0,1501.7603266239166,49,0,0,0,0,0
reviewed-speed5-sixhours,fresh,3110400,turbo-unchecked,43200,145,259200,6480000,26,0,8,34,31,3,329,24,7,26,0,464,0,5,34,0,0,0,145,123,22,133,12,68,65,43,0,145,56,0,1638.3755366802216,63,0,0,0,0,0
reviewed-speed5-sixhours,fresh,3110400,turbo-unchecked,43200,149,302400,6523200,29,0,1,30,26,4,328,27,7,29,0,1,0,5,30,0,0,0,168,145,23,154,14,80,77,58,0,168,63,0,1795.4922996163368,75,0,0,0,0,0
reviewed-speed5-sixhours,fresh,3110400,turbo-unchecked,43200,153,345600,6566400,31,0,4,35,30,5,329,28,5,31,0,1,0,5,35,0,0,0,198,171,27,181,17,97,93,66,0,198,68,0,1945.9338889718056,91,0,0,0,0,0
reviewed-speed5-sixhours,fresh,3110400,turbo-unchecked,43200,157,388800,6609600,29,0,4,33,29,4,330,29,10,29,0,0,0,5,33,0,0,0,221,190,31,202,19,113,108,75,0,222,78,0,2186.079227268696,106,0,0,0,0,0
reviewed-speed5-sixhours,fresh,3110400,turbo-unchecked,43200,161,432000,6652800,31,0,3,34,27,7,329,31,9,31,0,0,0,5,34,0,0,0,246,212,34,221,25,127,122,85,0,245,87,0,2454.305413067341,119,0,0,0,0,0
reviewed-speed5-sixhours,fresh,3110400,turbo-unchecked,43200,165,475200,6696000,32,0,2,34,32,2,331,28,10,32,0,1,0,5,34,0,0,0,270,234,36,244,26,144,138,92,0,270,97,0,2740.438614189625,134,0,0,0,0,0
reviewed-speed5-sixhours,fresh,3110400,turbo-unchecked,43200,169,518400,6739200,31,0,2,33,28,5,330,28,9,31,0,1,0,5,33,0,0,0,294,256,38,264,30,161,155,100,0,294,106,0,2934.276765167713,149,0,0,0,0,0
reviewed-speed5-sixhours,fresh,3110400,turbo-unchecked,43200,173,561600,6782400,31,0,2,33,30,3,329,23,12,31,0,2620,0,5,33,0,0,0,315,275,40,284,31,175,169,107,0,316,118,0,3330.9642364382744,163,0,0,0,0,0
reviewed-speed5-sixhours,fresh,3110400,turbo-unchecked,43200,177,604800,6825600,35,0,1,36,33,3,328,31,19,35,1,247,0,5,36,0,0,0,331,290,41,299,32,182,176,113,0,332,137,0,3643.7294246554375,170,0,0,0,0,0
reviewed-speed5-sixhours,fresh,3110400,turbo-unchecked,43200,181,648000,6868800,34,0,1,35,30,5,328,27,28,34,0,1,0,5,35,0,0,0,337,296,41,303,34,189,183,113,0,338,165,0,4209.289130270481,177,0,0,0,0,0
reviewed-speed5-sixhours,fresh,3110400,turbo-unchecked,43200,185,691200,6912000,33,0,2,35,31,4,328,26,28,33,0,1940,0,5,35,0,0,0,344,301,43,310,34,194,188,115,0,345,193,2,4708.525403082371,182,0,0,0,0,0
reviewed-speed5-sixhours,fresh,3110400,turbo-unchecked,43200,189,734400,6955200,29,0,5,34,31,3,328,18,18,29,2,5355,0,5,34,0,0,0,358,310,48,324,34,207,201,117,0,360,211,2,4869.112720668316,195,0,0,0,0,0
reviewed-speed5-sixhours,fresh,3110400,turbo-unchecked,43200,193,777600,6998400,34,0,0,34,30,4,329,19,24,34,0,6851,0,5,34,0,0,0,368,320,48,332,36,215,208,119,0,371,234,3,5053.571844279766,202,0,0,0,0,0
reviewed-speed5-sixhours,fresh,3110400,turbo-unchecked,43200,197,820800,7041600,33,0,1,34,30,4,328,18,24,33,1,463,0,5,34,0,0,0,377,328,49,340,37,222,215,121,0,381,257,5,5146.385977327824,209,0,0,0,0,0
reviewed-speed5-sixhours,fresh,3110400,turbo-unchecked,43200,201,864000,7084800,35,0,0,35,31,4,329,18,27,35,1,31431,1,5,35,0,0,0,384,335,49,346,38,225,218,124,0,389,282,12,5269.548074543476,211,0,0,0,0,0
reviewed-speed5-sixhours,fresh,3110400,turbo-unchecked,43200,205,907200,7128000,34,0,1,35,32,3,328,17,27,34,3,2603,0,5,35,0,0,0,389,339,50,351,38,229,222,125,0,394,307,13,5612.078670561314,215,0,0,0,0,0
reviewed-speed5-sixhours,fresh,3110400,turbo-unchecked,43200,209,950400,7171200,35,0,0,35,31,4,327,26,29,35,0,1,0,5,35,0,0,0,395,345,50,356,39,234,227,126,0,399,335,15,5966.24232840538,220,0,0,0,0,0
reviewed-speed5-sixhours,fresh,3110400,turbo-unchecked,43200,213,993600,7214400,34,0,2,36,31,5,327,23,30,34,1,1760,0,5,36,0,0,0,400,348,52,360,40,238,231,126,0,404,364,16,6270.475906312466,224,0,0,0,0,0
reviewed-speed5-sixhours,fresh,3110400,turbo-unchecked,43200,217,1036800,7257600,35,0,0,35,32,3,328,26,27,35,0,15008,1,5,35,0,0,0,408,356,52,368,40,241,234,132,0,413,389,16,6410.751055210829,227,0,0,0,0,0
reviewed-speed5-sixhours,fresh,3110400,turbo-unchecked,43200,221,1080000,7300800,34,0,1,35,30,5,328,17,27,34,0,9013,0,5,35,0,0,0,416,363,53,374,42,245,238,136,0,422,416,17,6576.061455458403,231,0,0,0,0,0
reviewed-speed5-sixhours,fresh,3110400,turbo-unchecked,43200,225,1123200,7344000,32,0,2,34,28,6,328,20,27,32,0,6141,0,5,34,0,0,0,423,368,55,379,44,250,243,139,0,430,442,18,6703.127789229155,236,0,0,0,0,0
reviewed-speed5-sixhours,fresh,3110400,turbo-unchecked,43200,229,1166400,7387200,31,0,4,35,26,9,329,19,20,31,2,13714,1,5,35,0,0,0,436,377,59,388,48,259,251,142,0,443,462,19,6814.9977622926235,244,0,0,0,0,0
reviewed-speed5-sixhours,fresh,3110400,turbo-unchecked,43200,233,1209600,7430400,35,0,0,35,27,8,329,21,23,35,1,1085,0,5,35,0,0,0,447,388,59,396,51,263,255,149,0,454,482,20,6931.223995238543,248,0,0,0,0,0
reviewed-speed5-sixhours,fresh,3110400,turbo-unchecked,43200,237,1252800,7473600,34,0,0,34,27,7,330,22,23,34,2,14607,1,5,34,0,0,0,456,397,59,404,52,271,262,151,0,465,504,22,7212.295564204454,255,0,0,0,0,0
reviewed-speed5-sixhours,fresh,3110400,turbo-unchecked,43200,241,1296000,7516800,35,0,0,35,28,7,329,22,23,35,0,6672,0,5,35,0,0,0,468,409,59,414,54,279,270,154,0,477,525,24,7381.73356410861,262,0,0,0,0,0
reviewed-speed5-sixhours,fresh,3110400,turbo-unchecked,43200,245,1339200,7560000,33,0,1,34,26,8,327,20,21,33,5,1,0,5,34,0,0,0,476,416,60,420,56,283,274,159,0,484,544,24,7503.509127765894,266,0,0,0,0,0
reviewed-speed5-sixhours,fresh,3110400,turbo-unchecked,43200,249,1382400,7603200,35,0,1,36,28,8,328,19,26,35,1,6958,0,5,36,0,0,0,485,424,61,428,57,289,280,160,0,494,567,24,7653.039602667093,272,0,0,0,0,0
reviewed-speed5-sixhours,fresh,3110400,turbo-unchecked,43200,253,1425600,7646400,34,0,0,34,24,10,328,19,27,34,0,10939,0,5,34,0,0,0,492,431,61,432,60,296,287,162,0,503,594,25,7787.054168492556,279,0,0,0,0,0
reviewed-speed5-sixhours,fresh,3110400,turbo-unchecked,43200,257,1468800,7689600,32,0,3,35,27,8,328,19,24,32,1,2562,0,5,35,0,0,0,502,438,64,441,61,301,292,166,0,514,617,27,7931.852727919817,284,0,0,0,0,0
reviewed-speed5-sixhours,fresh,3110400,turbo-unchecked,43200,261,1512000,7732800,34,0,0,34,26,8,328,20,24,34,0,32961,1,5,34,0,0,0,512,448,64,450,62,308,299,170,0,526,640,29,8056.976515084505,291,0,0,0,0,0
reviewed-speed5-sixhours,fresh,3110400,turbo-unchecked,43200,265,1555200,7776000,34,0,1,35,28,7,328,16,24,34,2,35192,1,5,35,0,0,0,521,456,65,459,62,312,303,174,0,536,662,30,8241.77872684598,295,0,0,0,0,0
reviewed-speed5-sixhours,fresh,3110400,turbo-unchecked,43200,269,1598400,7819200,35,0,1,36,29,7,327,19,29,35,1,356,0,5,36,0,0,0,527,461,66,465,62,315,306,176,0,542,690,31,8487.581665188074,298,0,0,0,0,0
reviewed-speed5-sixhours,fresh,3110400,turbo-unchecked,43200,273,1641600,7862400,34,0,1,35,29,6,328,22,28,34,1,30984,1,5,35,0,0,0,533,466,67,471,62,320,311,178,0,549,717,33,8583.855138927698,303,0,0,0,0,0
reviewed-speed5-sixhours,fresh,3110400,turbo-unchecked,43200,277,1684800,7905600,33,0,1,34,28,6,328,25,23,33,3,1,0,5,34,0,0,0,541,473,68,479,62,327,318,180,0,559,739,34,8694.981706768274,310,0,0,0,0,0
reviewed-speed5-sixhours,fresh,3110400,turbo-unchecked,43200,281,1728000,7948800,35,0,0,35,30,5,329,23,22,35,3,1,0,5,35,0,0,0,551,483,68,489,62,334,325,182,0,570,758,34,8870.51772776246,317,0,0,0,0,0
reviewed-speed5-sixhours,fresh,3110400,turbo-unchecked,43200,285,1771200,7992000,33,0,2,35,31,4,328,21,26,33,1,13018,1,5,35,0,0,0,559,489,70,497,62,339,330,185,0,579,782,34,9080.4000030756,322,0,0,0,0,0
reviewed-speed5-sixhours,fresh,3110400,turbo-unchecked,43200,289,1814400,8035200,35,0,0,35,32,3,329,20,21,35,1,1524,0,5,35,0,0,0,572,502,70,510,62,348,338,189,0,593,800,36,9178.26698794961,330,0,0,0,0,0
reviewed-speed5-sixhours,fresh,3110400,turbo-unchecked,43200,293,1857600,8078400,35,0,0,35,30,5,328,22,24,35,2,4378,0,5,35,0,0,0,581,511,70,517,64,353,343,193,0,602,824,36,9315.028833061457,335,0,0,0,0,0
reviewed-speed5-sixhours,fresh,3110400,turbo-unchecked,43200,297,1900800,8121600,34,0,1,35,31,4,329,22,27,34,0,2675,0,5,35,0,0,0,589,518,71,524,65,358,348,196,0,611,850,37,9586.401409298182,339,0,0,0,0,0
reviewed-speed5-sixhours,fresh,3110400,turbo-unchecked,43200,301,1944000,8164800,35,0,0,35,32,3,329,20,28,35,0,2858,0,5,35,0,0,0,596,525,71,531,65,361,351,200,0,619,878,37,9855.341508060694,342,0,0,0,0,0
reviewed-speed5-sixhours,fresh,3110400,turbo-unchecked,43200,305,1987200,8208000,32,0,1,33,30,3,328,24,21,32,1,11485,0,5,33,0,0,0,607,535,72,541,66,370,360,204,0,631,899,37,10010.831135421991,351,0,0,0,0,0
reviewed-speed5-sixhours,fresh,3110400,turbo-unchecked,43200,309,2030400,8251200,31,0,3,34,30,4,329,23,18,31,0,9,0,5,34,0,0,0,623,548,75,555,68,382,371,207,0,648,916,39,10251.13346850872,362,0,0,0,0,0
reviewed-speed5-sixhours,fresh,3110400,turbo-unchecked,43200,313,2073600,8294400,33,0,2,35,31,4,329,26,17,33,0,1,0,5,35,0,0,0,641,564,77,571,70,394,382,212,0,666,933,39,10524.866310715675,373,0,0,0,0,0
reviewed-speed5-sixhours,fresh,3110400,turbo-unchecked,43200,317,2116800,8337600,33,0,0,33,29,4,329,30,15,33,0,1167,0,5,33,0,0,0,659,582,77,587,72,410,398,216,0,685,948,39,10829.100220322609,389,0,0,0,0,0
reviewed-speed5-sixhours,fresh,3110400,turbo-unchecked,43200,321,2160000,8380800,33,0,1,34,26,8,328,26,20,33,0,1,0,5,34,0,0,0,673,595,78,596,77,420,408,219,0,699,967,39,11240.503936976194,399,0,0,0,0,0
reviewed-speed5-sixhours,fresh,3110400,turbo-unchecked,43200,325,2203200,8424000,32,0,2,34,29,5,328,26,16,32,0,1,0,5,34,0,0,0,691,611,80,613,78,434,422,223,0,719,983,39,11657.319166630507,413,0,0,0,0,0
reviewed-speed5-sixhours,fresh,3110400,turbo-unchecked,43200,329,2246400,8467200,34,0,1,35,30,5,330,30,14,34,0,1,0,5,35,0,0,0,712,631,81,631,81,448,435,229,0,741,997,39,11972.36347052455,425,0,0,0,0,0
reviewed-speed5-sixhours,fresh,3110400,turbo-unchecked,43200,333,2289600,8510400,33,0,1,34,26,8,329,27,21,33,0,73,0,5,34,0,0,0,725,643,82,640,85,457,444,234,0,755,1018,39,12515.432404965162,434,0,0,0,0,0
reviewed-speed5-sixhours,fresh,3110400,turbo-unchecked,43200,337,2332800,8553600,30,0,3,33,27,6,330,26,12,30,0,2128,0,5,33,0,0,0,746,661,85,659,87,475,461,238,0,776,1030,39,12730.627536267042,450,0,0,0,0,0
reviewed-speed5-sixhours,fresh,3110400,turbo-unchecked,43200,341,2376000,8596800,32,0,3,35,28,7,331,26,15,32,0,2146,0,5,35,0,0,0,766,678,88,676,90,488,474,243,0,797,1045,39,12954.718773812056,462,0,0,0,0,0
reviewed-speed5-sixhours,fresh,3110400,turbo-unchecked,43200,345,2419200,8640000,33,0,0,33,30,3,332,23,18,33,0,153,0,5,33,0,0,0,781,693,88,691,90,499,485,249,0,813,1063,39,13327.430189102888,471,0,0,0,0,0
reviewed-speed5-sixhours,fresh,3110400,turbo-unchecked,43200,349,2462400,8683200,32,0,1,33,31,2,332,27,21,32,0,292,0,5,33,0,0,0,793,704,89,703,90,506,491,254,0,825,1084,40,13660.301769167185,477,0,0,0,0,0
reviewed-speed5-sixhours,fresh,3110400,turbo-unchecked,43200,353,2505600,8726400,32,0,1,33,28,5,332,25,18,32,0,7108,0,5,33,0,0,0,808,718,90,715,93,517,502,258,0,842,1102,40,14085.779292494059,488,0,0,0,0,0
reviewed-speed5-sixhours,fresh,3110400,turbo-unchecked,43200,357,2548800,8769600,30,0,3,33,28,5,332,21,17,30,1,171,0,5,33,0,0,0,823,730,93,728,95,529,514,261,0,860,1119,40,14412.8993037045,500,0,0,0,0,0
reviewed-speed5-sixhours,fresh,3110400,turbo-unchecked,43200,361,2592000,8812800,32,0,3,35,32,3,331,26,21,32,1,1724,0,5,35,0,0,0,836,740,96,741,95,537,522,264,0,873,1140,40,14585.021490246058,508,0,0,0,0,0
reviewed-speed5-sixhours,fresh,3110400,turbo-unchecked,43200,365,2635200,8856000,32,0,1,33,28,5,332,27,16,32,0,2039,0,5,33,0,0,0,853,756,97,755,98,550,534,270,0,893,1156,40,14877.071059376001,519,0,0,0,0,0
reviewed-speed5-sixhours,fresh,3110400,turbo-unchecked,43200,369,2678400,8899200,30,0,4,34,26,8,331,26,15,30,0,1,0,5,34,0,0,0,872,771,101,770,102,561,545,277,0,913,1171,41,15217.415580183268,530,0,0,0,0,0
reviewed-speed5-sixhours,fresh,3110400,turbo-unchecked,43200,373,2721600,8942400,32,0,3,35,30,5,332,31,10,32,0,1190,0,5,35,0,0,0,897,793,104,793,104,576,558,286,0,939,1181,41,15473.936777740717,543,0,0,0,0,0
reviewed-speed5-sixhours,fresh,3110400,turbo-unchecked,43200,377,2764800,8985600,30,0,4,34,27,7,331,26,12,30,0,1,0,5,34,0,0,0,919,811,108,811,108,589,571,296,0,960,1191,42,15763.880727022886,555,0,0,0,0,0
reviewed-speed5-sixhours,fresh,3110400,turbo-unchecked,43200,381,2808000,9028800,31,0,2,33,29,4,331,29,15,31,0,1637,0,5,33,0,0,0,937,827,110,828,109,601,583,303,0,979,1206,42,16177.613049477339,567,0,0,0,0,0
reviewed-speed5-sixhours,fresh,3110400,turbo-unchecked,43200,385,2851200,9072000,29,0,3,32,28,4,331,26,13,29,0,1,0,5,32,0,0,0,956,843,113,847,109,617,599,307,0,999,1219,42,16586.99325081706,583,0,0,0,0,0
reviewed-speed5-sixhours,fresh,3110400,turbo-unchecked,43200,389,2894400,9115200,28,0,3,31,28,3,333,27,11,28,0,1,0,5,31,0,0,0,976,860,116,866,110,628,609,317,0,1023,1230,42,16974.134335964918,593,0,0,0,0,0
reviewed-speed5-sixhours,fresh,3110400,turbo-unchecked,43200,393,2937600,9158400,30,0,4,34,28,6,332,23,12,30,0,1,0,5,34,0,0,0,998,878,120,885,113,637,618,327,0,1044,1242,42,17321.934409588575,602,0,0,0,0,0
reviewed-speed5-sixhours,fresh,3110400,turbo-unchecked,43200,397,2980800,9201600,27,0,3,30,28,2,334,23,10,27,0,757,0,5,30,0,0,0,1018,895,123,905,113,650,629,338,0,1065,1252,42,17552.15552994609,613,0,0,0,0,0
reviewed-speed5-sixhours,fresh,3110400,turbo-unchecked,43200,401,3024000,9244800,34,0,1,35,30,5,333,29,12,34,0,135,0,5,35,0,0,0,1041,917,124,924,117,662,641,344,0,1088,1263,42,17794.670372784138,625,0,0,0,0,0
reviewed-speed5-sixhours,fresh,3110400,turbo-unchecked,43200,405,3067200,9288000,29,0,4,33,27,6,333,22,15,29,1,1,0,5,33,0,0,0,1058,930,128,938,120,677,655,348,0,1106,1278,42,18136.21453434229,639,0,0,0,0,0
reviewed-speed5-sixhours,fresh,3110400,turbo-unchecked,43200,409,3110400,9331200,28,0,6,34,30,4,332,20,14,28,0,439,0,5,34,0,0,0,1078,944,134,958,120,688,666,356,0,1127,1291,42,18325.86408981681,650,0,0,0,0,0
reviewed-speed5-day,fresh,12441600,turbo-unchecked,43200,2,0,6220800,0,0,0,0,0,0,330,0,0,0,0,0,0,5,0,0,0,0,0,0,0,0,0,0,0,0,0,0,0,0,0,0,0,0,0,0,0
reviewed-speed5-day,fresh,12441600,turbo-unchecked,43200,125,43200,6264000,23,0,3,26,21,5,328,21,0,23,0,2210,0,5,26,0,0,0,26,23,3,21,5,0,0,0,0,25,0,0,0,0,0,0,0,0,0
reviewed-speed5-day,fresh,12441600,turbo-unchecked,43200,129,86400,6307200,31,0,2,33,28,5,329,30,11,31,0,1,0,5,33,0,0,0,48,43,5,41,7,7,7,8,0,50,11,0,314.41396045684814,7,0,0,0,0,0
reviewed-speed5-day,fresh,12441600,turbo-unchecked,43200,133,129600,6350400,31,0,3,34,29,5,329,31,12,31,0,0,0,5,34,0,0,0,70,62,8,60,10,22,21,14,0,72,22,0,647.9813248217106,21,0,0,0,0,0
reviewed-speed5-day,fresh,12441600,turbo-unchecked,43200,137,172800,6393600,29,0,6,35,31,4,329,28,5,29,0,1,0,5,35,0,0,0,100,86,14,87,13,42,40,23,0,102,27,0,742.814990311861,40,0,0,0,0,0
reviewed-speed5-day,fresh,12441600,turbo-unchecked,43200,141,216000,6436800,32,0,3,35,32,3,329,28,6,32,0,404,0,5,35,0,0,0,128,112,16,113,15,59,57,34,0,130,33,0,912.6264813244343,56,0,0,0,0,0
reviewed-speed5-day,fresh,12441600,turbo-unchecked,43200,145,259200,6480000,28,0,2,30,26,4,329,28,11,28,0,0,0,5,30,0,0,0,147,129,18,130,17,71,69,46,0,151,44,0,1309.6324341595173,68,0,0,0,0,0
reviewed-speed5-day,fresh,12441600,turbo-unchecked,43200,149,302400,6523200,28,0,6,34,29,5,328,24,9,28,0,5972,0,5,34,0,0,0,172,148,24,152,20,80,77,58,0,176,53,0,1558.1373350918293,76,0,0,0,0,0
reviewed-speed5-day,fresh,12441600,turbo-unchecked,43200,153,345600,6566400,28,0,3,31,27,4,329,25,12,28,0,13827,1,5,31,0,0,0,191,164,27,169,22,93,90,67,0,196,65,0,1892.4409039318562,89,0,0,0,0,0
reviewed-speed5-day,fresh,12441600,turbo-unchecked,43200,157,388800,6609600,29,0,6,35,30,5,328,26,10,29,0,462,0,5,35,0,0,0,216,183,33,191,25,106,102,75,0,221,75,0,2087.6662879288197,101,0,0,0,0,0
reviewed-speed5-day,fresh,12441600,turbo-unchecked,43200,161,432000,6652800,31,0,3,34,26,8,328,28,10,31,0,941,0,5,34,0,0,0,240,204,36,209,31,122,118,84,0,246,85,0,2340.3087046444416,117,0,0,0,0,0
reviewed-speed5-day,fresh,12441600,turbo-unchecked,43200,165,475200,6696000,31,0,3,34,29,5,329,27,13,31,0,1098,0,5,34,0,0,0,261,222,39,228,33,134,129,93,0,268,98,0,2722.590429097414,128,0,0,0,0,0
reviewed-speed5-day,fresh,12441600,turbo-unchecked,43200,169,518400,6739200,32,0,1,33,29,4,329,27,8,32,0,1,0,5,33,0,0,0,286,246,40,251,35,153,148,100,0,295,106,0,2950.9477250874043,147,0,0,0,0,0
reviewed-speed5-day,fresh,12441600,turbo-unchecked,43200,173,561600,6782400,29,0,3,32,30,2,330,25,14,29,0,1,0,5,32,0,0,0,304,261,43,269,35,165,160,107,0,317,120,0,3459.4488628208637,158,0,0,0,0,0
reviewed-speed5-day,fresh,12441600,turbo-unchecked,43200,177,604800,6825600,34,0,1,35,32,3,329,28,19,34,0,1,0,5,35,0,0,0,320,276,44,283,37,173,168,112,0,332,138,0,3933.349090963602,164,0,0,0,0,0
reviewed-speed5-day,fresh,12441600,turbo-unchecked,43200,181,648000,6868800,33,0,1,34,29,5,327,28,20,33,0,790,0,5,34,0,0,0,334,289,45,294,40,183,178,117,0,346,158,0,4282.976077705622,174,0,0,0,0,0
reviewed-speed5-day,fresh,12441600,turbo-unchecked,43200,185,691200,6912000,34,0,1,35,32,3,327,22,26,34,0,202,0,5,35,0,0,0,343,297,46,303,40,188,183,120,0,355,184,0,4693.595999985933,179,0,0,0,0,0
reviewed-speed5-day,fresh,12441600,turbo-unchecked,43200,189,734400,6955200,32,0,2,34,31,3,327,23,22,32,0,1,0,5,34,0,0,0,355,307,48,315,40,198,193,123,0,368,206,1,4910.1574983894825,189,0,0,0,0,0
reviewed-speed5-day,fresh,12441600,turbo-unchecked,43200,193,777600,6998400,34,0,1,35,32,3,327,27,26,34,0,1887,0,5,35,0,0,0,364,315,49,324,40,204,199,125,0,377,232,2,5305.929549962282,195,0,0,0,0,0
reviewed-speed5-day,fresh,12441600,turbo-unchecked,43200,197,820800,7041600,34,0,1,35,32,3,327,26,27,34,0,122,0,5,35,0,0,0,372,322,50,332,40,209,204,128,0,385,258,2,5638.868987500668,200,0,0,0,0,0
reviewed-speed5-day,fresh,12441600,turbo-unchecked,43200,201,864000,7084800,35,0,2,37,34,3,327,21,28,35,1,1565,0,5,37,0,0,0,380,328,52,340,40,215,210,128,0,393,285,5,5946.579962730408,206,0,0,0,0,0
reviewed-speed5-day,fresh,12441600,turbo-unchecked,43200,205,907200,7128000,33,0,2,35,32,3,327,20,25,33,1,1,0,5,35,0,0,0,388,335,53,348,40,223,218,130,0,401,304,6,6209.081085205078,214,0,0,0,0,0
reviewed-speed5-day,fresh,12441600,turbo-unchecked,43200,209,950400,7171200,34,0,1,35,31,4,330,27,21,34,0,324,0,5,35,0,0,0,402,348,54,360,42,231,226,136,0,416,325,6,6417.5245723724365,220,0,0,0,0,0
reviewed-speed5-day,fresh,12441600,turbo-unchecked,43200,213,993600,7214400,32,0,2,34,27,7,329,26,24,32,0,8690,0,5,34,0,0,0,412,356,56,367,45,238,233,140,0,426,348,6,6862.088308811188,227,0,0,0,0,0
reviewed-speed5-day,fresh,12441600,turbo-unchecked,43200,217,1036800,7257600,32,0,1,33,29,4,329,21,22,32,1,1371,0,5,33,0,0,0,422,365,57,377,45,246,240,143,0,437,370,6,7091.40611577034,234,0,0,0,0,0
reviewed-speed5-day,fresh,12441600,turbo-unchecked,43200,221,1080000,7300800,34,0,1,35,26,9,328,25,22,34,2,204,0,5,35,0,0,0,433,375,58,383,50,253,247,145,0,447,391,6,7284.0241940021515,240,0,0,0,0,0
reviewed-speed5-day,fresh,12441600,turbo-unchecked,43200,225,1123200,7344000,34,0,1,35,30,5,329,25,21,34,0,8649,0,5,35,0,0,0,446,388,58,395,51,259,252,152,0,461,412,6,7488.793483495712,245,0,0,0,0,0
reviewed-speed5-day,fresh,12441600,turbo-unchecked,43200,229,1166400,7387200,33,0,1,34,28,6,328,25,23,33,0,1,0,5,34,0,0,0,457,398,59,405,52,267,260,156,0,471,434,7,7765.949086666107,253,0,0,0,0,0
reviewed-speed5-day,fresh,12441600,turbo-unchecked,43200,233,1209600,7430400,32,0,3,35,29,6,328,26,20,32,1,1,0,5,35,0,0,0,471,409,62,418,53,274,267,162,0,486,454,7,8108.399704456329,260,0,0,0,0,0
reviewed-speed5-day,fresh,12441600,turbo-unchecked,43200,237,1252800,7473600,33,0,1,34,27,7,329,25,18,33,0,2199,0,5,34,0,0,0,487,424,63,431,56,283,275,170,0,504,472,8,8298.626247644424,268,0,0,0,0,0
reviewed-speed5-day,fresh,12441600,turbo-unchecked,43200,241,1296000,7516800,34,0,1,35,27,8,328,27,21,34,0,1,0,5,35,0,0,0,501,437,64,442,59,289,281,177,0,518,493,8,8696.357261657715,274,0,0,0,0,0
reviewed-speed5-day,fresh,12441600,turbo-unchecked,43200,245,1339200,7560000,32,0,2,34,28,6,330,29,16,32,2,1738,0,5,34,0,0,0,517,451,66,456,61,301,293,182,0,536,509,9,8926.40938615799,284,0,0,0,0,0
reviewed-speed5-day,fresh,12441600,turbo-unchecked,43200,249,1382400,7603200,34,0,1,35,27,8,329,27,20,34,0,1,0,5,35,0,0,0,532,465,67,468,64,310,302,187,0,551,529,9,9245.397056341171,293,0,0,0,0,0
reviewed-speed5-day,fresh,12441600,turbo-unchecked,43200,253,1425600,7646400,29,0,3,32,29,3,330,22,15,29,0,365,0,5,32,0,0,0,549,479,70,485,64,323,314,194,0,570,544,10,9390.053975820541,305,0,0,0,0,0
reviewed-speed5-day,fresh,12441600,turbo-unchecked,43200,257,1468800,7689600,30,0,3,33,29,4,331,26,18,30,0,1,0,5,33,0,0,0,564,491,73,498,66,333,324,198,0,587,562,10,9570.222645401955,313,0,0,0,0,0
reviewed-speed5-day,fresh,12441600,turbo-unchecked,43200,261,1512000,7732800,32,0,1,33,27,6,330,25,16,32,1,1,0,5,33,0,0,0,580,506,74,511,69,344,335,203,0,605,577,10,9751.91628420353,324,0,0,0,0,0
reviewed-speed5-day,fresh,12441600,turbo-unchecked,43200,265,1555200,7776000,33,0,1,34,27,7,330,29,16,33,0,1,0,5,34,0,0,0,598,523,75,527,71,353,344,211,0,624,593,10,9993.453315973282,333,0,0,0,0,0
reviewed-speed5-day,fresh,12441600,turbo-unchecked,43200,269,1598400,7819200,33,0,2,35,29,6,329,30,16,33,0,72,0,5,35,0,0,0,617,540,77,545,72,364,355,218,0,643,609,10,10303.582669734955,344,0,0,0,0,0
reviewed-speed5-day,fresh,12441600,turbo-unchecked,43200,273,1641600,7862400,31,0,4,35,31,4,329,29,10,31,1,254,0,5,35,0,0,0,641,560,81,569,72,381,372,225,0,668,619,10,10506.328403174877,361,0,0,0,0,0
reviewed-speed5-day,fresh,12441600,turbo-unchecked,43200,277,1684800,7905600,27,0,4,31,27,4,330,26,7,27,0,1,0,5,31,0,0,0,665,580,85,592,73,397,388,237,0,693,626,10,10626.043950498104,376,0,0,0,0,0
reviewed-speed5-day,fresh,12441600,turbo-unchecked,43200,281,1728000,7948800,33,0,1,34,30,4,331,30,10,33,0,1,0,5,34,0,0,0,689,603,86,614,75,410,400,245,0,720,636,10,10970.612330853939,388,0,0,0,0,0
reviewed-speed5-day,fresh,12441600,turbo-unchecked,43200,285,1771200,7992000,33,0,1,34,30,4,331,27,18,33,0,1,0,5,34,0,0,0,705,618,87,628,77,422,412,249,0,737,654,10,11433.644983708858,400,0,0,0,0,0
reviewed-speed5-day,fresh,12441600,turbo-unchecked,43200,289,1814400,8035200,28,0,4,32,25,7,332,25,8,28,1,1,0,5,32,0,0,0,728,637,91,646,82,441,431,255,0,761,662,10,11666.181653439999,418,0,0,0,0,0
reviewed-speed5-day,fresh,12441600,turbo-unchecked,43200,293,1857600,8078400,31,0,2,33,27,6,333,25,6,31,0,1734,0,5,33,0,0,0,755,662,93,670,85,455,444,267,0,791,668,10,11771.307676970959,431,0,0,0,0,0
reviewed-speed5-day,fresh,12441600,turbo-unchecked,43200,297,1900800,8121600,32,0,3,35,29,6,332,28,16,32,0,1,0,5,35,0,0,0,774,678,96,687,87,470,459,269,0,810,684,10,12160.31716799736,446,0,0,0,0,0
reviewed-speed5-day,fresh,12441600,turbo-unchecked,43200,301,1944000,8164800,30,0,2,32,26,6,337,28,8,30,0,2162,0,5,32,0,0,0,798,700,98,707,91,489,476,277,0,838,691,10,12341.449970662594,463,0,0,0,0,0
reviewed-speed5-day,fresh,12441600,turbo-unchecked,43200,305,1987200,8208000,31,0,3,34,30,4,331,28,14,31,0,181,0,5,34,0,0,0,818,717,101,725,93,503,490,281,0,857,705,10,12694.923311173916,477,0,0,0,0,0
reviewed-speed5-day,fresh,12441600,turbo-unchecked,43200,309,2030400,8251200,32,0,2,34,31,3,333,29,9,32,0,959,0,5,34,0,0,0,843,740,103,749,94,521,507,288,0,884,714,10,12951.680149495602,494,0,0,0,0,0
reviewed-speed5-day,fresh,12441600,turbo-unchecked,43200,313,2073600,8294400,33,0,0,33,29,4,332,26,19,33,0,2662,0,5,33,0,0,0,857,754,103,761,96,531,517,293,0,899,733,10,13418.378278195858,504,0,0,0,0,0
reviewed-speed5-day,fresh,12441600,turbo-unchecked,43200,317,2116800,8337600,32,0,2,34,29,5,333,25,17,32,0,279,0,5,34,0,0,0,874,769,105,775,99,544,529,296,0,917,748,10,13739.968491017818,516,0,0,0,0,0
reviewed-speed5-day,fresh,12441600,turbo-unchecked,43200,321,2160000,8380800,30,0,4,34,24,10,331,24,12,30,0,2147,0,5,34,0,0,0,896,787,109,792,104,557,542,305,0,938,760,10,13915.479391992092,529,0,0,0,0,0
reviewed-speed5-day,fresh,12441600,turbo-unchecked,43200,325,2203200,8424000,31,0,3,34,24,10,331,19,17,31,0,11056,0,5,34,0,0,0,913,801,112,806,107,566,551,313,0,955,777,10,14146.929253041744,538,0,0,0,0,0
reviewed-speed5-day,fresh,12441600,turbo-unchecked,43200,329,2246400,8467200,32,0,1,33,25,8,332,25,19,32,0,1979,0,5,33,0,0,0,927,814,113,819,108,573,558,321,0,971,796,11,14382.073502361774,545,0,0,0,0,0
reviewed-speed5-day,fresh,12441600,turbo-unchecked,43200,333,2289600,8510400,34,0,1,35,26,9,333,23,22,34,0,4858,0,5,35,0,0,0,940,826,114,830,110,582,567,323,0,985,816,11,14682.504059404135,553,0,0,0,0,0
reviewed-speed5-day,fresh,12441600,turbo-unchecked,43200,337,2332800,8553600,34,0,0,34,25,9,332,18,19,34,5,45773,2,5,34,0,0,0,950,836,114,837,113,591,576,325,0,996,834,11,14961.329423636198,562,0,0,0,0,0
reviewed-speed5-day,fresh,12441600,turbo-unchecked,43200,341,2376000,8596800,35,0,0,35,26,9,332,19,21,35,7,89393,3,5,35,0,0,0,957,843,114,843,114,595,580,327,0,1004,855,12,15185.882822960615,566,0,0,0,0,0
reviewed-speed5-day,fresh,12441600,turbo-unchecked,43200,345,2419200,8640000,33,0,1,34,26,8,331,16,20,33,8,135429,2,5,34,0,0,0,963,848,115,849,114,600,585,329,0,1011,874,13,15343.655027717352,571,0,0,0,0,0
reviewed-speed5-day,fresh,12441600,turbo-unchecked,43200,349,2462400,8683200,33,0,2,35,27,8,330,16,21,33,7,180264,2,5,35,0,0,0,970,853,117,856,114,602,587,333,0,1018,893,15,15412.560363769531,573,0,0,0,0,0
reviewed-speed5-day,fresh,12441600,turbo-unchecked,43200,353,2505600,8726400,33,0,1,34,26,8,331,16,19,33,10,225573,2,5,34,0,0,0,975,857,118,861,114,605,590,336,0,1024,910,18,15508.770041942596,575,0,0,0,0,0
reviewed-speed5-day,fresh,12441600,turbo-unchecked,43200,357,2548800,8769600,35,0,2,37,29,8,329,12,19,35,12,269603,2,5,37,0,0,0,981,861,120,867,114,607,592,337,0,1029,928,22,15573.069218710065,577,0,0,0,0,0
reviewed-speed5-day,fresh,12441600,turbo-unchecked,43200,361,2592000,8812800,35,0,0,35,27,8,330,15,27,35,7,315117,2,5,35,0,0,0,982,862,120,868,114,609,594,338,0,1030,953,28,15641.456394985318,578,0,0,0,0,0
reviewed-speed5-day,fresh,12441600,turbo-unchecked,43200,365,2635200,8856000,34,0,1,35,28,7,329,11,24,34,9,359584,2,5,35,0,0,0,984,863,121,870,114,611,596,338,0,1032,975,35,15724.98685450852,580,0,0,0,0,0
reviewed-speed5-day,fresh,12441600,turbo-unchecked,43200,369,2678400,8899200,35,0,0,35,27,8,330,14,22,35,11,403436,2,5,35,0,0,0,986,865,121,871,115,612,597,339,0,1035,995,42,15789.664740517735,581,0,0,0,0,0
reviewed-speed5-day,fresh,12441600,turbo-unchecked,43200,373,2721600,8942400,35,0,1,36,28,8,330,15,27,35,8,448517,2,5,36,0,0,0,987,865,122,872,115,612,597,339,0,1037,1021,45,15912.049580708146,581,0,0,0,0,0
reviewed-speed5-day,fresh,12441600,turbo-unchecked,43200,377,2764800,8985600,34,0,0,34,26,8,331,20,25,34,9,493607,2,5,34,0,0,0,987,865,122,872,115,613,598,340,0,1038,1044,50,16047.143688097596,582,0,0,0,0,0
reviewed-speed5-day,fresh,12441600,turbo-unchecked,43200,381,2808000,9028800,35,0,1,36,28,8,330,13,24,35,9,539058,2,5,36,0,0,0,990,867,123,875,115,613,598,341,0,1041,1067,56,16169.66491420567,582,0,0,0,0,0
reviewed-speed5-day,fresh,12441600,turbo-unchecked,43200,385,2851200,9072000,35,0,0,35,28,7,331,17,23,35,8,583208,2,5,35,0,0,0,994,871,123,879,115,617,602,342,0,1046,1088,62,16228.643324449658,585,0,0,0,0,0
reviewed-speed5-day,fresh,12441600,turbo-unchecked,43200,389,2894400,9115200,34,0,1,35,28,7,331,16,24,34,7,626522,2,5,35,0,0,0,998,874,124,883,115,618,603,345,0,1051,1109,68,16317.652049735188,586,0,0,0,0,0
reviewed-speed5-day,fresh,12441600,turbo-unchecked,43200,393,2937600,9158400,34,0,1,35,28,7,331,10,23,34,10,670298,2,5,35,0,0,0,1000,875,125,885,115,619,604,346,0,1054,1131,71,16444.947057541227,587,0,0,0,0,0
reviewed-speed5-day,fresh,12441600,turbo-unchecked,43200,397,2980800,9201600,35,0,0,35,26,9,331,17,26,35,6,23741,2,5,35,0,0,0,1003,878,125,886,117,621,606,347,0,1057,1154,73,16534.735665853834,588,0,0,0,0,0
reviewed-speed5-day,fresh,12441600,turbo-unchecked,43200,401,3024000,9244800,35,0,2,37,28,9,330,19,30,35,4,941,0,5,37,0,0,0,1006,879,127,889,117,622,607,347,0,1060,1182,76,16790.27969210944,589,0,0,0,0,0
reviewed-speed5-day,fresh,12441600,turbo-unchecked,43200,405,3067200,9288000,34,0,2,36,28,8,331,12,28,34,6,45663,2,5,36,0,0,0,1008,879,129,891,117,624,609,348,0,1061,1208,78,17096.96323002479,589,0,0,0,0,0
reviewed-speed5-day,fresh,12441600,turbo-unchecked,43200,409,3110400,9331200,34,0,1,35,26,9,331,12,23,34,9,89474,2,5,35,0,0,0,1011,881,130,893,118,627,612,349,0,1064,1226,79,17219.703607711708,591,0,0,0,0,0
reviewed-speed5-day,fresh,12441600,turbo-unchecked,43200,413,3153600,9374400,34,0,2,36,27,9,331,12,24,34,9,133277,2,5,36,0,0,0,1014,882,132,896,118,629,614,349,0,1066,1250,82,17345.816856179154,592,0,0,0,0,0
reviewed-speed5-day,fresh,12441600,turbo-unchecked,43200,417,3196800,9417600,34,0,0,34,26,8,332,12,23,34,9,173624,1,5,34,0,0,0,1016,884,132,898,118,632,617,350,0,1071,1269,84,17435.117517176783,595,0,0,0,0,0
reviewed-speed5-day,fresh,12441600,turbo-unchecked,43200,421,3240000,9460800,35,0,0,35,27,8,332,19,30,35,1,6997,0,5,35,0,0,0,1020,888,132,902,118,634,619,351,0,1076,1299,85,17627.160089794314,597,0,0,0,0,0
reviewed-speed5-day,fresh,12441600,turbo-unchecked,43200,425,3283200,9504000,34,0,0,34,26,8,332,14,20,34,8,52951,3,5,34,0,0,0,1026,894,132,908,118,638,623,354,0,1083,1318,86,17814.726559940493,601,0,0,0,0,0
reviewed-speed5-day,fresh,12441600,turbo-unchecked,43200,429,3326400,9547200,35,0,1,36,28,8,333,15,21,35,10,98854,3,5,36,0,0,0,1031,898,133,913,118,641,626,354,0,1089,1337,88,18018.716973725474,604,0,0,0,0,0
reviewed-speed5-day,fresh,12441600,turbo-unchecked,43200,433,3369600,9590400,34,0,1,35,26,9,333,13,19,34,11,143425,3,5,35,0,0,0,1036,902,134,917,119,646,631,355,0,1095,1356,92,18144.41534418217,609,0,0,0,0,0
reviewed-speed5-day,fresh,12441600,turbo-unchecked,43200,437,3412800,9633600,34,0,0,34,27,7,334,16,12,34,16,188890,3,5,34,0,0,0,1042,908,134,923,119,651,636,357,0,1103,1367,95,18186.990152302897,614,0,0,0,0,0
reviewed-speed5-day,fresh,12441600,turbo-unchecked,43200,441,3456000,9676800,35,0,0,35,29,6,333,11,19,35,12,233270,5,5,35,0,0,0,1046,912,134,927,119,653,638,358,0,1108,1386,97,18312.17311638943,616,0,0,0,0,0
reviewed-speed5-day,fresh,12441600,turbo-unchecked,43200,445,3499200,9720000,35,0,1,36,30,6,332,12,21,35,12,278830,3,5,36,0,0,0,1049,914,135,930,119,653,638,360,0,1111,1405,100,18439.071025911486,616,0,0,0,0,0
reviewed-speed5-day,fresh,12441600,turbo-unchecked,43200,449,3542400,9763200,33,0,1,34,28,6,333,12,20,33,11,322039,3,5,34,0,0,0,1052,916,136,933,119,655,640,363,0,1116,1423,103,18506.87659621588,618,0,0,0,0,0
reviewed-speed5-day,fresh,12441600,turbo-unchecked,43200,453,3585600,9806400,34,0,0,34,26,8,332,14,16,34,10,367560,3,5,34,0,0,0,1060,924,136,939,121,659,644,367,0,1125,1439,107,18551.857153299963,622,0,0,0,0,0
reviewed-speed5-day,fresh,12441600,turbo-unchecked,43200,457,3628800,9849600,31,0,3,34,26,8,332,8,16,31,12,412568,3,5,34,0,0,0,1066,927,139,945,121,661,646,371,0,1132,1453,112,18619.296426657354,624,0,0,0,0,0
reviewed-speed5-day,fresh,12441600,turbo-unchecked,43200,461,3672000,9892800,35,0,0,35,28,7,332,18,15,35,12,457763,3,5,35,0,0,0,1074,935,139,953,121,664,649,375,0,1141,1462,113,18640.044997874415,627,0,0,0,0,0
reviewed-speed5-day,fresh,12441600,turbo-unchecked,43200,465,3715200,9936000,31,0,3,34,24,10,331,7,19,31,10,501588,3,5,34,0,0,0,1079,937,142,955,124,667,652,378,0,1147,1479,115,18716.621917906916,630,0,0,0,0,0
reviewed-speed5-day,fresh,12441600,turbo-unchecked,43200,469,3758400,9979200,33,0,1,34,26,8,331,12,18,33,12,547448,3,5,34,0,0,0,1083,940,143,959,124,669,654,380,0,1152,1497,120,18756.45729071251,632,0,0,0,0,0
reviewed-speed5-day,fresh,12441600,turbo-unchecked,43200,473,3801600,10022400,33,0,0,33,25,8,332,7,17,33,12,592241,3,5,33,0,0,0,1087,944,143,963,124,672,657,382,0,1159,1511,124,18779.373025122797,635,0,0,0,0,0
reviewed-speed5-day,fresh,12441600,turbo-unchecked,43200,477,3844800,10065600,34,0,2,36,28,8,331,11,19,34,12,636125,3,5,36,0,0,0,1092,947,145,968,124,673,658,383,0,1164,1527,129,18847.84190231911,636,0,0,0,0,0
reviewed-speed5-day,fresh,12441600,turbo-unchecked,43200,481,3888000,10108800,33,0,2,35,26,9,332,8,11,33,19,681267,5,5,35,0,0,0,1097,950,147,972,125,676,661,386,0,1170,1537,130,18881.030310693895,638,0,0,0,0,0
reviewed-speed5-day,fresh,12441600,turbo-unchecked,43200,485,3931200,10152000,33,0,1,34,25,9,330,8,20,33,12,726309,7,5,34,0,0,0,1099,951,148,974,125,678,663,387,0,1172,1555,137,18948.94075471512,640,0,0,0,0,0
reviewed-speed5-day,fresh,12441600,turbo-unchecked,43200,489,3974400,10195200,34,0,1,35,24,11,330,12,12,34,20,771279,8,5,35,0,0,0,1102,953,149,975,127,679,664,388,0,1175,1567,137,18990.721960369265,640,0,0,0,0,0
reviewed-speed5-day,fresh,12441600,turbo-unchecked,43200,493,4017600,10238400,35,0,0,35,25,10,330,10,18,35,14,816594,3,5,35,0,0,0,1105,956,149,978,127,682,667,388,0,1178,1581,140,19018.76771694771,642,0,0,0,0,0
reviewed-speed5-day,fresh,12441600,turbo-unchecked,43200,497,4060800,10281600,34,0,0,34,23,11,331,12,19,34,12,859831,4,5,34,0,0,0,1108,959,149,980,128,685,670,389,0,1183,1597,145,19054.299722853815,645,0,0,0,0,0
reviewed-speed5-day,fresh,12441600,turbo-unchecked,43200,501,4104000,10324800,35,0,1,36,25,11,330,8,20,35,12,903677,3,5,36,0,0,0,1112,962,150,984,128,687,672,389,0,1187,1617,149,19127.37510842434,647,0,0,0,0,0
reviewed-speed5-day,fresh,12441600,turbo-unchecked,43200,505,4147200,10368000,35,0,2,37,26,11,329,13,22,35,12,948643,3,5,37,0,0,0,1115,963,152,987,128,689,674,389,0,1189,1639,156,19207.005778793013,648,0,0,0,0,0
reviewed-speed5-day,fresh,12441600,turbo-unchecked,43200,509,4190400,10411200,35,0,0,35,24,11,331,8,17,35,17,992209,7,5,35,0,0,0,1116,964,152,988,128,690,675,391,0,1191,1654,158,19239.814041707432,648,0,0,0,0,0
reviewed-speed5-day,fresh,12441600,turbo-unchecked,43200,513,4233600,10454400,35,0,0,35,24,11,331,7,12,35,22,1037111,7,5,35,0,0,0,1117,965,152,989,128,690,675,392,0,1193,1666,158,19304.992050263798,648,0,0,0,0,0
reviewed-speed5-day,fresh,12441600,turbo-unchecked,43200,517,4276800,10497600,34,0,1,35,25,10,331,7,11,34,22,1080907,7,5,35,0,0,0,1119,966,153,991,128,691,676,393,0,1196,1673,159,19359.55721278838,649,0,0,0,0,0
reviewed-speed5-day,fresh,12441600,turbo-unchecked,43200,521,4320000,10540800,35,0,2,37,27,10,330,11,13,35,21,1126564,7,5,37,0,0,0,1122,967,155,994,128,692,677,393,0,1199,1685,160,19439.821533281123,650,0,0,0,0,0
reviewed-speed5-day,fresh,12441600,turbo-unchecked,43200,525,4363200,10584000,34,0,2,36,25,11,330,6,21,34,12,1172333,5,5,36,0,0,0,1125,968,157,996,129,694,679,395,0,1201,1705,168,19501.749173242366,651,0,0,0,0,0
reviewed-speed5-day,fresh,12441600,turbo-unchecked,43200,529,4406400,10627200,34,0,0,34,24,10,331,8,10,34,23,1218087,5,5,34,0,0,0,1126,969,157,997,129,695,680,397,0,1204,1714,170,19526.792536813533,652,0,0,0,0,0
reviewed-speed5-day,fresh,12441600,turbo-unchecked,43200,533,4449600,10670400,34,0,1,35,25,10,331,5,10,34,23,1262039,5,5,35,0,0,0,1128,970,158,999,129,695,680,398,0,1207,1723,173,19545.60956962756,652,0,0,0,0,0
reviewed-speed5-day,fresh,12441600,turbo-unchecked,43200,537,4492800,10713600,35,0,0,35,25,10,331,4,13,35,21,1305325,5,5,35,0,0,0,1129,971,158,1000,129,695,680,399,0,1209,1735,175,19576.77175589255,652,0,0,0,0,0
reviewed-speed5-day,fresh,12441600,turbo-unchecked,43200,541,4536000,10756800,35,0,0,35,25,10,331,3,25,35,10,1350700,5,5,35,0,0,0,1129,971,158,1000,129,695,680,399,0,1210,1759,185,19621.679260689532,652,0,0,0,0,0
reviewed-speed5-day,fresh,12441600,turbo-unchecked,43200,545,4579200,10800000,35,0,2,37,27,10,330,7,11,35,23,1395714,5,5,37,0,0,0,1132,972,160,1003,129,696,681,399,0,1213,1769,191,19644.928769964492,653,0,0,0,0,0
reviewed-speed5-day,fresh,12441600,turbo-unchecked,43200,549,4622400,10843200,35,0,0,35,24,11,331,6,9,35,25,1440856,6,5,35,0,0,0,1133,973,160,1003,130,698,683,400,0,1215,1777,192,19667.854594725883,654,0,0,0,0,0
reviewed-speed5-day,fresh,12441600,turbo-unchecked,43200,553,4665600,10886400,35,0,0,35,24,11,330,6,8,35,27,1485015,6,5,35,0,0,0,1133,973,160,1003,130,698,683,400,0,1216,1785,192,19692.852359313285,654,0,0,0,0,0
reviewed-speed5-day,fresh,12441600,turbo-unchecked,43200,557,4708800,10929600,35,0,1,36,25,11,330,4,11,35,24,1530479,6,5,36,0,0,0,1134,973,161,1004,130,698,683,400,0,1217,1794,193,19717.11386420182,654,0,0,0,0,0
reviewed-speed5-day,fresh,12441600,turbo-unchecked,43200,561,4752000,10972800,35,0,0,35,24,11,331,4,10,35,25,1575219,6,5,35,0,0,0,1134,973,161,1004,130,698,683,401,0,1219,1803,193,19741.972962695872,654,0,0,0,0,0
reviewed-speed5-day,fresh,12441600,turbo-unchecked,43200,565,4795200,11016000,35,0,0,35,24,11,331,4,10,35,25,1620188,6,5,35,0,0,0,1134,973,161,1004,130,698,683,401,0,1220,1812,194,19759.31108172587,654,0,0,0,0,0
reviewed-speed5-day,fresh,12441600,turbo-unchecked,43200,569,4838400,11059200,35,0,1,36,25,11,331,8,18,35,17,1664510,3,5,36,0,0,0,1135,973,162,1005,130,698,683,401,0,1222,1830,203,19791.43721689633,654,0,0,0,0,0
reviewed-speed5-day,fresh,12441600,turbo-unchecked,43200,573,4881600,11102400,35,0,0,35,24,11,331,10,22,35,13,1710538,3,5,35,0,0,0,1135,973,162,1005,130,698,683,402,0,1223,1851,214,19834.240338224685,654,0,0,0,0,0
reviewed-speed5-day,fresh,12441600,turbo-unchecked,43200,577,4924800,11145600,35,0,0,35,24,11,331,6,21,35,14,1755709,3,5,35,0,0,0,1135,973,162,1005,130,698,683,402,0,1224,1870,223,19873.09838472656,654,0,0,0,0,0
reviewed-speed5-day,fresh,12441600,turbo-unchecked,43200,581,4968000,11188800,35,0,1,36,25,11,331,12,25,35,10,1800994,3,5,36,0,0,0,1136,973,163,1006,130,698,683,402,0,1225,1894,234,19915.525138500845,654,0,0,0,0,0
reviewed-speed5-day,fresh,12441600,turbo-unchecked,43200,585,5011200,11232000,35,0,1,36,25,11,331,18,21,35,14,1846024,3,5,36,0,0,0,1137,973,164,1007,130,698,683,403,0,1226,1914,246,19941.810980681097,654,0,0,0,0,0
reviewed-speed5-day,fresh,12441600,turbo-unchecked,43200,589,5054400,11275200,35,0,0,35,24,11,332,10,17,35,18,1889443,3,5,35,0,0,0,1137,973,164,1007,130,698,683,404,0,1227,1931,250,19987.890634659445,654,0,0,0,0,0
reviewed-speed5-day,fresh,12441600,turbo-unchecked,43200,593,5097600,11318400,35,0,0,35,24,11,332,4,15,35,20,1933421,3,5,35,0,0,0,1137,973,164,1007,130,698,683,404,0,1229,1945,254,20026.953728321707,654,0,0,0,0,0
reviewed-speed5-day,fresh,12441600,turbo-unchecked,43200,597,5140800,11361600,35,0,0,35,24,11,332,5,13,35,22,1977640,3,5,35,0,0,0,1137,973,164,1007,130,698,683,404,0,1230,1957,258,20052.36493163905,654,0,0,0,0,0
reviewed-speed5-day,fresh,12441600,turbo-unchecked,43200,601,5184000,11404800,35,0,0,35,24,11,332,18,12,35,23,2020928,3,5,35,0,0,0,1137,973,164,1007,130,698,683,404,0,1231,1969,261,20080.21454393468,654,0,0,0,0,0
reviewed-speed5-day,fresh,12441600,turbo-unchecked,43200,605,5227200,11448000,35,0,0,35,24,11,331,14,22,35,13,2065854,3,5,35,0,0,0,1137,973,164,1007,130,698,683,404,0,1232,1990,267,20124.62506027124,654,0,0,0,0,0
reviewed-speed5-day,fresh,12441600,turbo-unchecked,43200,609,5270400,11491200,35,0,0,35,24,11,331,11,20,35,15,2109743,3,5,35,0,0,0,1137,973,164,1007,130,698,683,404,0,1233,2008,272,20153.75939564011,654,0,0,0,0,0
reviewed-speed5-day,fresh,12441600,turbo-unchecked,43200,613,5313600,11534400,35,0,0,35,24,11,332,4,22,35,13,2155063,4,5,35,0,0,0,1137,973,164,1007,130,698,683,404,0,1235,2029,276,20186.291195433354,654,0,0,0,0,0
reviewed-speed5-day,fresh,12441600,turbo-unchecked,43200,617,5356800,11577600,35,0,0,35,24,11,331,2,12,35,23,2198328,3,5,35,0,0,0,1137,973,164,1007,130,698,683,404,0,1236,2038,279,20206.21747926972,654,0,0,0,0,0
reviewed-speed5-day,fresh,12441600,turbo-unchecked,43200,621,5400000,11620800,35,0,1,36,25,11,331,12,13,35,22,2242152,3,5,36,0,0,0,1138,973,165,1008,130,698,683,404,0,1237,2050,280,20235.58594350121,654,0,0,0,0,0
reviewed-speed5-day,fresh,12441600,turbo-unchecked,43200,625,5443200,11664000,35,0,0,35,24,11,331,12,22,35,13,2287154,3,5,35,0,0,0,1138,973,165,1008,130,698,683,405,0,1238,2071,288,20281.027923267102,654,0,0,0,0,0
reviewed-speed5-day,fresh,12441600,turbo-unchecked,43200,629,5486400,11707200,35,0,1,36,25,11,331,9,23,35,12,2333143,3,5,36,0,0,0,1139,973,166,1009,130,698,683,405,0,1240,2092,300,20322.09893844626,654,0,0,0,0,0
reviewed-speed5-day,fresh,12441600,turbo-unchecked,43200,633,5529600,11750400,35,0,0,35,24,11,332,10,22,35,13,2376865,3,5,35,0,0,0,1139,973,166,1009,130,699,684,405,0,1241,2112,307,20357.212673883652,654,0,0,0,0,0
reviewed-speed5-day,fresh,12441600,turbo-unchecked,43200,637,5572800,11793600,35,0,1,36,25,11,330,7,20,35,15,2422236,3,5,36,0,0,0,1140,973,167,1010,130,699,684,405,0,1242,2127,315,20393.640943776583,654,0,0,0,0,0
reviewed-speed5-day,fresh,12441600,turbo-unchecked,43200,641,5616000,11836800,35,0,0,35,24,11,331,14,24,35,11,2466687,3,5,35,0,0,0,1140,973,167,1010,130,700,685,405,0,1243,2150,319,20440.421976815676,654,0,0,0,0,0
reviewed-speed5-day,fresh,12441600,turbo-unchecked,43200,645,5659200,11880000,35,0,0,35,24,11,332,8,23,35,12,2512522,4,5,35,0,0,0,1140,973,167,1010,130,700,685,405,0,1245,2172,325,20480.960039268946,654,0,0,0,0,0
reviewed-speed5-day,fresh,12441600,turbo-unchecked,43200,649,5702400,11923200,35,0,0,35,24,11,332,5,12,35,23,2556745,4,5,35,0,0,0,1140,973,167,1010,130,700,685,405,0,1246,2183,327,20500.70856470964,654,0,0,0,0,0
reviewed-speed5-day,fresh,12441600,turbo-unchecked,43200,653,5745600,11966400,35,0,0,35,24,11,332,5,10,35,25,2600555,4,5,35,0,0,0,1140,973,167,1010,130,700,685,405,0,1247,2193,327,20524.716285537696,654,0,0,0,0,0
reviewed-speed5-day,fresh,12441600,turbo-unchecked,43200,657,5788800,12009600,35,0,0,35,24,11,332,6,10,35,25,2644181,4,5,35,0,0,0,1140,973,167,1010,130,700,685,405,0,1248,2203,329,20554.838336061453,654,0,0,0,0,0
reviewed-speed5-day,fresh,12441600,turbo-unchecked,43200,661,5832000,12052800,35,0,0,35,24,11,332,4,9,35,26,2689177,7,5,35,0,0,0,1140,973,167,1010,130,700,685,405,0,1249,2211,329,20581.003946613288,654,0,0,0,0,0
reviewed-speed5-day,fresh,12441600,turbo-unchecked,43200,665,5875200,12096000,35,0,0,35,24,11,332,9,23,35,12,2734753,3,5,35,0,0,0,1140,973,167,1010,130,700,685,405,0,1250,2233,338,20621.92845232389,654,0,0,0,0,0
reviewed-speed5-day,fresh,12441600,turbo-unchecked,43200,669,5918400,12139200,35,0,1,36,25,11,331,15,14,35,21,2778831,3,5,36,0,0,0,1141,973,168,1011,130,700,685,405,0,1251,2247,341,20658.68302447698,654,0,0,0,0,0
reviewed-speed5-day,fresh,12441600,turbo-unchecked,43200,673,5961600,12182400,35,0,1,36,25,11,331,10,18,35,17,2824225,3,5,36,0,0,0,1142,973,169,1012,130,700,685,406,0,1252,2263,351,20684.981827985262,654,0,0,0,0,0
reviewed-speed5-day,fresh,12441600,turbo-unchecked,43200,677,6004800,12225600,35,0,0,35,24,11,333,5,23,35,12,2868230,3,5,35,0,0,0,1142,973,169,1012,130,700,685,407,0,1254,2284,357,20725.463098894572,654,0,0,0,0,0
reviewed-speed5-day,fresh,12441600,turbo-unchecked,43200,681,6048000,12268800,35,0,1,36,25,11,332,15,22,35,13,2911495,3,5,36,0,0,0,1143,973,170,1013,130,700,685,407,0,1255,2303,367,20759.376964427298,654,0,0,0,0,0
reviewed-speed5-day,fresh,12441600,turbo-unchecked,43200,685,6091200,12312000,35,0,0,35,24,11,332,10,16,35,19,2957566,3,5,35,0,0,0,1143,973,170,1013,130,700,685,408,0,1256,2315,369,20796.631569407647,654,0,0,0,0,0
reviewed-speed5-day,fresh,12441600,turbo-unchecked,43200,689,6134400,12355200,35,0,0,35,24,11,332,5,18,35,17,3002527,4,5,35,0,0,0,1143,973,170,1013,130,700,685,408,0,1257,2332,371,20830.415342680877,654,0,0,0,0,0
reviewed-speed5-day,fresh,12441600,turbo-unchecked,43200,693,6177600,12398400,35,0,0,35,24,11,332,5,11,35,24,3046727,4,5,35,0,0,0,1143,973,170,1013,130,700,685,408,0,1258,2342,372,20859.972721151775,654,0,0,0,0,0
reviewed-speed5-day,fresh,12441600,turbo-unchecked,43200,697,6220800,12441600,35,0,0,35,24,11,361,5,10,35,25,3091914,4,5,35,0,0,0,1143,973,170,1013,130,700,685,408,0,1291,2352,373,20887.928711049026,654,0,0,0,0,0
reviewed-speed5-day,fresh,12441600,turbo-unchecked,43200,701,6264000,12484800,37,0,0,37,24,13,359,9,11,37,24,3136843,5,5,37,0,0,0,1145,975,170,1013,132,700,685,408,0,1292,2362,375,20931.35549009568,654,0,0,0,0,0
reviewed-speed5-day,fresh,12441600,turbo-unchecked,43200,705,6307200,12528000,36,0,0,36,23,13,359,6,9,36,26,3181257,5,5,36,0,0,0,1146,976,170,1013,133,702,686,408,0,1293,2371,377,20987.574517614907,655,0,0,0,0,0
reviewed-speed5-day,fresh,12441600,turbo-unchecked,43200,709,6350400,12571200,36,0,0,36,22,14,358,4,9,36,26,3227185,5,5,36,0,0,0,1147,977,170,1013,134,703,687,408,0,1294,2380,379,21029.482400066918,656,0,0,0,0,0
reviewed-speed5-day,fresh,12441600,turbo-unchecked,43200,713,6393600,12614400,36,0,0,36,22,14,358,8,10,36,26,3273011,5,5,36,0,0,0,1147,977,170,1013,134,703,687,408,0,1295,2390,380,21058.611719257897,656,0,0,0,0,0
reviewed-speed5-day,fresh,12441600,turbo-unchecked,43200,717,6436800,12657600,36,0,0,36,22,14,357,7,11,36,25,3318854,5,5,36,0,0,0,1147,977,170,1013,134,703,687,408,0,1296,2401,381,21096.248901016777,656,0,0,0,0,0
reviewed-speed5-day,fresh,12441600,turbo-unchecked,43200,721,6480000,12700800,36,0,1,37,23,14,357,4,10,36,26,3364340,5,5,37,0,0,0,1148,977,171,1014,134,703,687,408,0,1298,2410,381,21123.84948504693,656,0,0,0,0,0
reviewed-speed5-day,fresh,12441600,turbo-unchecked,43200,725,6523200,12744000,36,0,0,36,22,14,357,6,11,36,25,3407918,5,5,36,0,0,0,1148,977,171,1014,134,704,688,408,0,1299,2419,381,21148.79684705264,656,0,0,0,0,0
reviewed-speed5-day,fresh,12441600,turbo-unchecked,43200,729,6566400,12787200,36,0,0,36,22,14,357,7,10,36,26,3452059,5,5,36,0,0,0,1148,977,171,1014,134,704,688,408,0,1300,2429,381,21176.885762400692,656,0,0,0,0,0
reviewed-speed5-day,fresh,12441600,turbo-unchecked,43200,733,6609600,12830400,36,0,0,36,22,14,357,7,8,36,28,3495849,5,5,36,0,0,0,1148,977,171,1014,134,704,688,408,0,1301,2437,384,21199.897014088696,656,0,0,0,0,0
reviewed-speed5-day,fresh,12441600,turbo-unchecked,43200,737,6652800,12873600,36,0,0,36,22,14,357,4,11,36,25,3541876,5,5,36,0,0,0,1148,977,171,1014,134,704,688,408,0,1302,2447,387,21218.134460158413,656,0,0,0,0,0
reviewed-speed5-day,fresh,12441600,turbo-unchecked,43200,741,6696000,12916800,36,0,0,36,22,14,356,7,11,36,25,3586025,5,5,36,0,0,0,1148,977,171,1014,134,704,688,408,0,1303,2457,390,21247.454655356472,656,0,0,0,0,0
reviewed-speed5-day,fresh,12441600,turbo-unchecked,43200,745,6739200,12960000,36,0,0,36,22,14,356,2,11,36,25,3629311,5,5,36,0,0,0,1148,977,171,1014,134,704,688,408,0,1304,2467,392,21278.6167766524,656,0,0,0,0,0
reviewed-speed5-day,fresh,12441600,turbo-unchecked,43200,749,6782400,13003200,36,0,0,36,22,14,355,6,10,36,26,3673817,5,5,36,0,0,0,1148,977,171,1014,134,704,688,408,0,1305,2474,393,21296.585129685467,656,0,0,0,0,0
reviewed-speed5-day,fresh,12441600,turbo-unchecked,43200,753,6825600,13046400,36,0,1,37,23,14,355,7,10,36,26,3718352,5,5,37,0,0,0,1149,977,172,1015,134,704,688,408,0,1306,2484,395,21323.210545964306,656,0,0,0,0,0
reviewed-speed5-day,fresh,12441600,turbo-unchecked,43200,757,6868800,13089600,36,0,0,36,22,14,355,9,11,36,25,3762478,5,5,36,0,0,0,1149,977,172,1015,134,704,688,409,0,1307,2495,396,21352.86147636897,656,0,0,0,0,0
reviewed-speed5-day,fresh,12441600,turbo-unchecked,43200,761,6912000,13132800,36,0,0,36,22,14,356,4,9,36,27,3806508,5,5,36,0,0,0,1149,977,172,1015,134,704,688,409,0,1309,2501,398,21377.821943364805,656,0,0,0,0,0
reviewed-speed5-day,fresh,12441600,turbo-unchecked,43200,765,6955200,13176000,36,0,0,36,22,14,357,5,11,36,25,3850052,5,5,36,0,0,0,1149,977,172,1015,134,704,688,409,0,1311,2512,398,21398.975329898065,656,0,0,0,0,0
reviewed-speed5-day,fresh,12441600,turbo-unchecked,43200,769,6998400,13219200,36,0,0,36,22,14,357,5,11,36,25,3894168,5,5,36,0,0,0,1149,977,172,1015,134,704,688,409,0,1312,2519,400,21421.00979759521,656,0,0,0,0,0
reviewed-speed5-day,fresh,12441600,turbo-unchecked,43200,773,7041600,13262400,36,0,1,37,23,14,357,6,11,36,25,3939676,5,5,37,0,0,0,1150,977,173,1016,134,704,688,409,0,1314,2530,402,21445.57000710792,656,0,0,0,0,0
reviewed-speed5-day,fresh,12441600,turbo-unchecked,43200,777,7084800,13305600,36,0,1,37,23,14,357,6,9,36,27,3983970,5,5,37,0,0,0,1151,977,174,1017,134,705,689,409,0,1315,2537,403,21465.353092603153,656,0,0,0,0,0
reviewed-speed5-day,fresh,12441600,turbo-unchecked,43200,781,7128000,13348800,36,0,0,36,22,14,357,7,9,36,27,4015617,3,5,36,0,0,0,1151,977,174,1017,134,705,689,410,0,1316,2546,404,21490.72793000168,656,0,0,0,0,0
reviewed-speed5-day,fresh,12441600,turbo-unchecked,43200,785,7171200,13392000,36,0,0,36,22,14,358,5,27,36,9,24072,7,5,36,0,0,0,1151,977,174,1017,134,705,689,410,0,1317,2572,405,21546.201840571826,656,0,0,0,0,0
reviewed-speed5-day,fresh,12441600,turbo-unchecked,43200,789,7214400,13435200,36,0,0,36,22,14,358,4,13,36,23,68877,7,5,36,0,0,0,1151,977,174,1017,134,705,689,410,0,1318,2585,410,21578.66037147469,656,0,0,0,0,0
reviewed-speed5-day,fresh,12441600,turbo-unchecked,43200,793,7257600,13478400,36,0,0,36,22,14,358,7,15,36,21,112963,7,5,36,0,0,0,1151,977,174,1017,134,705,689,410,0,1319,2600,411,21611.748817734187,656,0,0,0,0,0
reviewed-speed5-day,fresh,12441600,turbo-unchecked,43200,797,7300800,13521600,36,0,1,37,23,14,357,6,15,36,21,156401,7,5,37,0,0,0,1152,977,175,1018,134,705,689,410,0,1320,2613,415,21646.108776293462,656,0,0,0,0,0
reviewed-speed5-day,fresh,12441600,turbo-unchecked,43200,801,7344000,13564800,36,0,0,36,22,14,357,8,15,36,21,201494,7,5,36,0,0,0,1152,977,175,1018,134,705,689,411,0,1321,2627,418,21676.550808720058,656,0,0,0,0,0
reviewed-speed5-day,fresh,12441600,turbo-unchecked,43200,805,7387200,13608000,36,0,0,36,22,14,357,10,15,36,21,247198,7,5,36,0,0,0,1152,977,175,1018,134,705,689,411,0,1322,2639,419,21710.24582957453,656,0,0,0,0,0
reviewed-speed5-day,fresh,12441600,turbo-unchecked,43200,809,7430400,13651200,36,0,0,36,22,14,357,11,13,36,23,291758,8,5,36,0,0,0,1152,977,175,1018,134,705,689,411,0,1323,2650,420,21736.570864133304,656,0,0,0,0,0
reviewed-speed5-day,fresh,12441600,turbo-unchecked,43200,813,7473600,13694400,36,0,0,36,22,14,357,7,14,36,22,335737,8,5,36,0,0,0,1152,977,175,1018,134,705,689,411,0,1324,2663,424,21763.89873902849,656,0,0,0,0,0
reviewed-speed5-day,fresh,12441600,turbo-unchecked,43200,817,7516800,13737600,36,0,1,37,23,14,356,8,16,36,20,380356,7,5,37,0,0,0,1153,977,176,1019,134,705,689,411,0,1325,2677,430,21790.679324645316,656,0,0,0,0,0
reviewed-speed5-day,fresh,12441600,turbo-unchecked,43200,821,7560000,13780800,36,0,0,36,22,14,357,7,13,36,23,425139,7,5,36,0,0,0,1153,977,176,1019,134,705,689,412,0,1326,2690,438,21813.503881890094,656,0,0,0,0,0
reviewed-speed5-day,fresh,12441600,turbo-unchecked,43200,825,7603200,13824000,36,0,1,37,23,14,356,6,12,36,24,470120,7,5,37,0,0,0,1154,977,177,1020,134,705,689,412,0,1327,2701,440,21852.911972719943,656,0,0,0,0,0
reviewed-speed5-day,fresh,12441600,turbo-unchecked,43200,829,7646400,13867200,36,0,0,36,22,14,357,10,16,36,20,515114,7,5,36,0,0,0,1154,977,177,1020,134,705,689,413,0,1328,2715,443,21879.11276908568,656,0,0,0,0,0
reviewed-speed5-day,fresh,12441600,turbo-unchecked,43200,833,7689600,13910400,36,0,0,36,22,14,357,7,15,36,21,559438,7,5,36,0,0,0,1154,977,177,1020,134,705,689,413,0,1329,2729,449,21903.61194713763,656,0,0,0,0,0
reviewed-speed5-day,fresh,12441600,turbo-unchecked,43200,837,7732800,13953600,36,0,0,36,22,14,356,8,12,36,24,602987,7,5,36,0,0,0,1154,977,177,1020,134,705,689,413,0,1330,2740,451,21936.376732069766,656,0,0,0,0,0
reviewed-speed5-day,fresh,12441600,turbo-unchecked,43200,841,7776000,13996800,36,0,1,37,23,14,356,10,12,36,24,646962,7,5,37,0,0,0,1155,977,178,1021,134,705,689,413,0,1331,2752,454,21963.02133007697,656,0,0,0,0,0
reviewed-speed5-day,fresh,12441600,turbo-unchecked,43200,845,7819200,14040000,36,0,1,37,23,14,356,8,12,36,24,690435,7,5,37,0,0,0,1156,977,179,1022,134,705,689,414,0,1332,2762,457,21981.557630736148,656,0,0,0,0,0
reviewed-speed5-day,fresh,12441600,turbo-unchecked,43200,849,7862400,14083200,36,0,0,36,22,14,356,9,14,36,22,736462,7,5,36,0,0,0,1156,977,179,1022,134,705,689,415,0,1333,2774,460,22016.06603868655,656,0,0,0,0,0
reviewed-speed5-day,fresh,12441600,turbo-unchecked,43200,853,7905600,14126400,36,0,1,37,23,14,356,4,15,36,21,781683,7,5,37,0,0,0,1157,977,180,1023,134,705,689,415,0,1334,2786,462,22040.83317189268,656,0,0,0,0,0
reviewed-speed5-day,fresh,12441600,turbo-unchecked,43200,857,7948800,14169600,36,0,1,37,23,14,356,7,15,36,21,826412,7,5,37,0,0,0,1158,977,181,1024,134,705,689,416,0,1335,2800,468,22065.314858961618,656,0,0,0,0,0
reviewed-speed5-day,fresh,12441600,turbo-unchecked,43200,861,7992000,14212800,36,0,0,36,22,14,357,5,14,36,22,872359,7,5,36,0,0,0,1158,977,181,1024,134,705,689,417,0,1336,2814,469,22098.38436369947,656,0,0,0,0,0
reviewed-speed5-day,fresh,12441600,turbo-unchecked,43200,865,8035200,14256000,36,0,0,36,22,14,357,4,13,36,23,916657,7,5,36,0,0,0,1158,977,181,1024,134,705,689,417,0,1338,2826,472,22121.482073355233,656,0,0,0,0,0
reviewed-speed5-day,fresh,12441600,turbo-unchecked,43200,869,8078400,14299200,36,0,0,36,22,14,357,7,13,36,23,960369,7,5,36,0,0,0,1158,977,181,1024,134,705,689,417,0,1339,2839,476,22142.536309290444,656,0,0,0,0,0
reviewed-speed5-day,fresh,12441600,turbo-unchecked,43200,873,8121600,14342400,36,0,0,36,22,14,357,9,14,36,22,1006209,7,5,36,0,0,0,1158,977,181,1024,134,705,689,417,0,1340,2852,480,22165.834652710473,656,0,0,0,0,0
reviewed-speed5-day,fresh,12441600,turbo-unchecked,43200,877,8164800,14385600,36,0,0,36,22,14,357,6,13,36,23,1050576,7,5,36,0,0,0,1158,977,181,1024,134,705,689,417,0,1341,2863,484,22196.97278426937,656,0,0,0,0,0
reviewed-speed5-day,fresh,12441600,turbo-unchecked,43200,881,8208000,14428800,36,0,0,36,22,14,357,5,15,36,21,1095142,7,5,36,0,0,0,1158,977,181,1024,134,705,689,417,0,1342,2877,488,22222.60471748165,656,0,0,0,0,0
reviewed-speed5-day,fresh,12441600,turbo-unchecked,43200,885,8251200,14472000,36,0,0,36,22,14,357,9,15,36,21,1138426,7,5,36,0,0,0,1158,977,181,1024,134,705,689,417,0,1343,2891,492,22250.892613697564,656,0,0,0,0,0
reviewed-speed5-day,fresh,12441600,turbo-unchecked,43200,889,8294400,14515200,36,0,1,37,23,14,356,11,12,36,24,1182999,7,5,37,0,0,0,1159,977,182,1025,134,705,689,417,0,1344,2902,496,22282.274864483392,656,0,0,0,0,0
reviewed-speed5-day,fresh,12441600,turbo-unchecked,43200,893,8337600,14558400,36,0,1,37,23,14,356,12,16,36,20,1227678,7,5,37,0,0,0,1160,977,183,1026,134,705,689,418,0,1345,2917,501,22314.45985631994,656,0,0,0,0,0
reviewed-speed5-day,fresh,12441600,turbo-unchecked,43200,897,8380800,14601600,36,0,1,37,23,14,356,5,14,36,22,1273287,7,5,37,0,0,0,1161,977,184,1027,134,705,689,419,0,1346,2931,504,22340.55282454542,656,0,0,0,0,0
reviewed-speed5-day,fresh,12441600,turbo-unchecked,43200,901,8424000,14644800,36,0,0,36,22,14,356,7,10,36,26,1318732,7,5,36,0,0,0,1161,977,184,1027,134,705,689,420,0,1347,2941,505,22358.17582588247,656,0,0,0,0,0
reviewed-speed5-day,fresh,12441600,turbo-unchecked,43200,905,8467200,14688000,36,0,0,36,22,14,356,5,16,36,20,1362641,7,5,36,0,0,0,1161,977,184,1027,134,705,689,420,0,1348,2955,509,22384.044734049356,656,0,0,0,0,0
reviewed-speed5-day,fresh,12441600,turbo-unchecked,43200,909,8510400,14731200,36,0,0,36,22,14,356,9,15,36,21,1406605,7,5,36,0,0,0,1161,977,184,1027,134,705,689,420,0,1349,2968,514,22410.3898102229,656,0,0,0,0,0
reviewed-speed5-day,fresh,12441600,turbo-unchecked,43200,913,8553600,14774400,36,0,0,36,22,14,356,8,13,36,23,1451792,7,5,36,0,0,0,1161,977,184,1027,134,705,689,420,0,1350,2979,514,22440.875214118278,656,0,0,0,0,0
reviewed-speed5-day,fresh,12441600,turbo-unchecked,43200,917,8596800,14817600,36,0,0,36,22,14,357,9,12,36,24,1495243,7,5,36,0,0,0,1161,977,184,1027,134,705,689,420,0,1352,2991,521,22464.6208692973,656,0,0,0,0,0
reviewed-speed5-day,fresh,12441600,turbo-unchecked,43200,921,8640000,14860800,36,0,1,37,23,14,357,4,14,36,22,1539771,7,5,37,0,0,0,1162,977,185,1028,134,705,689,420,0,1354,3002,526,22485.262664828217,656,0,0,0,0,0
reviewed-speed5-day,fresh,12441600,turbo-unchecked,43200,925,8683200,14904000,36,0,0,36,22,14,358,4,11,36,25,1585688,7,5,36,0,0,0,1162,977,185,1028,134,706,690,420,0,1355,3013,527,22512.76147464267,656,0,0,0,0,0
reviewed-speed5-day,fresh,12441600,turbo-unchecked,43200,929,8726400,14947200,36,0,0,36,22,14,358,6,10,36,26,1631326,7,5,36,0,0,0,1162,977,185,1028,134,706,690,420,0,1356,3022,529,22534.722272429382,656,0,0,0,0,0
reviewed-speed5-day,fresh,12441600,turbo-unchecked,43200,933,8769600,14990400,36,0,0,36,22,14,357,6,15,36,21,1676401,7,5,36,0,0,0,1162,977,185,1028,134,706,690,420,0,1357,3036,533,22571.026159498608,656,0,0,0,0,0
reviewed-speed5-day,fresh,12441600,turbo-unchecked,43200,937,8812800,15033600,36,0,0,36,22,14,357,11,9,36,27,1719732,7,5,36,0,0,0,1162,977,185,1028,134,706,690,420,0,1358,3045,538,22597.696728084004,656,0,0,0,0,0
reviewed-speed5-day,fresh,12441600,turbo-unchecked,43200,941,8856000,15076800,36,0,1,37,23,14,356,6,13,36,23,1764031,7,5,37,0,0,0,1163,977,186,1029,134,706,690,420,0,1359,3058,540,22624.55123833171,656,0,0,0,0,0
reviewed-speed5-day,fresh,12441600,turbo-unchecked,43200,945,8899200,15120000,36,0,2,38,24,14,354,8,13,36,23,1809478,7,5,38,0,0,0,1165,977,188,1031,134,706,690,421,0,1360,3069,544,22646.182253006613,656,0,0,0,0,0
reviewed-speed5-day,fresh,12441600,turbo-unchecked,43200,949,8942400,15163200,36,0,0,36,22,14,355,6,14,36,22,1852974,7,5,36,0,0,0,1165,977,188,1031,134,707,691,422,0,1361,3083,547,22680.315922621405,656,0,0,0,0,0
reviewed-speed5-day,fresh,12441600,turbo-unchecked,43200,953,8985600,15206400,36,0,0,36,22,14,355,9,10,36,26,1896393,7,5,36,0,0,0,1165,977,188,1031,134,707,691,422,0,1362,3093,549,22703.697586182272,656,0,0,0,0,0
reviewed-speed5-day,fresh,12441600,turbo-unchecked,43200,957,9028800,15249600,36,0,0,36,22,14,355,6,16,36,20,1940918,7,5,36,0,0,0,1165,977,188,1031,134,707,691,422,0,1363,3107,551,22737.35859346739,656,0,0,0,0,0
reviewed-speed5-day,fresh,12441600,turbo-unchecked,43200,961,9072000,15292800,36,0,1,37,23,14,355,7,15,36,21,1985729,7,5,37,0,0,0,1166,977,189,1032,134,707,691,422,0,1365,3119,555,22756.638952959096,656,0,0,0,0,0
reviewed-speed5-day,fresh,12441600,turbo-unchecked,43200,965,9115200,15336000,36,0,1,37,23,14,355,8,12,36,24,2031076,7,5,37,0,0,0,1167,977,190,1033,134,708,692,422,0,1366,3129,557,22781.55488728336,656,0,0,0,0,0
reviewed-speed5-day,fresh,12441600,turbo-unchecked,43200,969,9158400,15379200,36,0,0,36,22,14,356,9,11,36,25,2075519,7,5,36,0,0,0,1167,977,190,1033,134,709,693,422,0,1367,3139,560,22798.4015084391,656,0,0,0,0,0
reviewed-speed5-day,fresh,12441600,turbo-unchecked,43200,973,9201600,15422400,36,0,1,37,23,14,355,6,13,36,23,2120981,7,5,37,0,0,0,1168,977,191,1034,134,709,693,422,0,1368,3151,566,22820.97353588394,656,0,0,0,0,0
reviewed-speed5-day,fresh,12441600,turbo-unchecked,43200,977,9244800,15465600,36,0,0,36,22,14,356,5,12,36,24,2164237,7,5,36,0,0,0,1168,977,191,1034,134,710,694,422,0,1369,3161,568,22838.45179270557,656,0,0,0,0,0
reviewed-speed5-day,fresh,12441600,turbo-unchecked,43200,981,9288000,15508800,36,0,0,36,22,14,355,10,12,36,24,2208349,8,5,36,0,0,0,1168,977,191,1034,134,710,694,422,0,1370,3171,570,22867.74311064533,656,0,0,0,0,0
reviewed-speed5-day,fresh,12441600,turbo-unchecked,43200,985,9331200,15552000,36,0,1,37,23,14,354,4,14,36,22,2253213,8,5,37,0,0,0,1169,977,192,1035,134,710,694,422,0,1371,3184,574,22898.259143817937,656,0,0,0,0,0
reviewed-speed5-day,fresh,12441600,turbo-unchecked,43200,989,9374400,15595200,36,0,0,36,22,14,355,8,9,36,27,2298542,8,5,36,0,0,0,1169,977,192,1035,134,710,694,423,0,1372,3192,576,22924.034148920095,656,0,0,0,0,0
reviewed-speed5-day,fresh,12441600,turbo-unchecked,43200,993,9417600,15638400,36,0,0,36,22,14,354,9,9,36,27,2341932,7,5,36,0,0,0,1169,977,192,1035,134,710,694,423,0,1373,3199,578,22939.09291817597,656,0,0,0,0,0
reviewed-speed5-day,fresh,12441600,turbo-unchecked,43200,997,9460800,15681600,36,0,1,37,23,14,354,7,13,36,23,2387476,7,5,37,0,0,0,1170,977,193,1036,134,710,694,423,0,1375,3210,582,22962.598541471874,656,0,0,0,0,0
reviewed-speed5-day,fresh,12441600,turbo-unchecked,43200,1001,9504000,15724800,36,0,0,36,22,14,354,7,15,36,21,2431160,7,5,36,0,0,0,1170,977,193,1036,134,711,695,423,0,1375,3222,588,22989.89085671655,656,0,0,0,0,0
reviewed-speed5-day,fresh,12441600,turbo-unchecked,43200,1005,9547200,15768000,36,0,0,36,22,14,353,7,16,36,20,2476172,7,5,36,0,0,0,1170,977,193,1036,134,711,695,423,0,1375,3238,593,23031.274463269627,656,0,0,0,0,0
reviewed-speed5-day,fresh,12441600,turbo-unchecked,43200,1009,9590400,15811200,36,0,2,38,24,14,353,12,9,36,27,2520503,7,5,38,0,0,0,1172,977,195,1038,134,711,695,423,0,1377,3245,595,23055.475602362072,656,0,0,0,0,0
reviewed-speed5-day,fresh,12441600,turbo-unchecked,43200,1013,9633600,15854400,36,0,1,37,23,14,353,8,14,36,22,2563729,7,5,37,0,0,0,1173,977,196,1039,134,711,695,425,0,1378,3255,596,23093.330249491846,656,0,0,0,0,0
reviewed-speed5-day,fresh,12441600,turbo-unchecked,43200,1017,9676800,15897600,36,0,0,36,22,14,354,4,15,36,21,2607866,7,5,36,0,0,0,1173,977,196,1039,134,711,695,426,0,1379,3265,597,23115.557121250546,656,0,0,0,0,0
reviewed-speed5-day,fresh,12441600,turbo-unchecked,43200,1021,9720000,15940800,36,0,0,36,22,14,354,5,10,36,26,2653381,7,5,36,0,0,0,1173,977,196,1039,134,711,695,426,0,1381,3275,599,23141.76645419351,656,0,0,0,0,0
reviewed-speed5-day,fresh,12441600,turbo-unchecked,43200,1025,9763200,15984000,36,0,1,37,23,14,353,6,15,36,21,2698098,7,5,37,0,0,0,1174,977,197,1040,134,711,695,426,0,1382,3287,599,23168.971556816017,656,0,0,0,0,0
reviewed-speed5-day,fresh,12441600,turbo-unchecked,43200,1029,9806400,16027200,36,0,0,36,22,14,354,8,15,36,21,2742471,7,5,36,0,0,0,1174,977,197,1040,134,712,696,426,0,1383,3300,604,23194.3254803156,656,0,0,0,0,0
reviewed-speed5-day,fresh,12441600,turbo-unchecked,43200,1033,9849600,16070400,36,0,2,38,24,14,353,4,13,36,23,2788254,7,5,38,0,0,0,1176,977,199,1042,134,712,696,426,0,1385,3313,607,23211.978118512547,656,0,0,0,0,0
reviewed-speed5-day,fresh,12441600,turbo-unchecked,43200,1037,9892800,16113600,36,0,1,37,23,14,353,7,10,36,26,2834294,7,5,37,0,0,0,1177,977,200,1043,134,713,697,427,0,1386,3323,612,23229.795351836598,656,0,0,0,0,0
reviewed-speed5-day,fresh,12441600,turbo-unchecked,43200,1041,9936000,16156800,36,0,0,36,22,14,354,10,14,36,22,2880028,7,5,36,0,0,0,1177,977,200,1043,134,714,698,427,0,1387,3336,618,23255.067993823206,656,0,0,0,0,0
reviewed-speed5-day,fresh,12441600,turbo-unchecked,43200,1045,9979200,16200000,36,0,0,36,22,14,354,10,13,36,23,2924174,7,5,36,0,0,0,1177,977,200,1043,134,714,698,427,0,1388,3348,620,23280.28738192073,656,0,0,0,0,0
reviewed-speed5-day,fresh,12441600,turbo-unchecked,43200,1049,10022400,16243200,36,0,0,36,22,14,355,3,11,36,25,2969365,9,5,36,0,0,0,1177,977,200,1043,134,714,698,427,0,1390,3358,623,23304.806337717688,656,0,0,0,0,0
reviewed-speed5-day,fresh,12441600,turbo-unchecked,43200,1053,10065600,16286400,36,0,0,36,22,14,355,3,13,36,23,3014684,7,5,36,0,0,0,1177,977,200,1043,134,714,698,427,0,1391,3371,623,23332.067715052282,656,0,0,0,0,0
reviewed-speed5-day,fresh,12441600,turbo-unchecked,43200,1057,10108800,16329600,36,0,1,37,23,14,355,5,16,36,20,3058129,7,5,37,0,0,0,1178,977,201,1044,134,714,698,427,0,1393,3386,627,23358.040381315863,656,0,0,0,0,0
reviewed-speed5-day,fresh,12441600,turbo-unchecked,43200,1061,10152000,16372800,36,0,1,37,23,14,356,7,11,36,25,3103359,7,5,37,0,0,0,1179,977,202,1045,134,715,699,427,0,1395,3396,630,23386.14715922228,656,0,0,0,0,0
reviewed-speed5-day,fresh,12441600,turbo-unchecked,43200,1065,10195200,16416000,36,0,0,36,22,14,356,6,14,36,22,3147230,7,5,36,0,0,0,1179,977,202,1045,134,716,700,427,0,1395,3409,634,23410.445811751997,656,0,0,0,0,0
reviewed-speed5-day,fresh,12441600,turbo-unchecked,43200,1069,10238400,16459200,36,0,0,36,22,14,356,8,12,36,24,3192496,7,5,36,0,0,0,1179,977,202,1045,134,716,700,427,0,1396,3420,636,23435.77193040005,656,0,0,0,0,0
reviewed-speed5-day,fresh,12441600,turbo-unchecked,43200,1073,10281600,16502400,36,0,0,36,22,14,357,6,13,36,23,3237856,7,5,36,0,0,0,1179,977,202,1045,134,716,700,427,0,1398,3432,640,23462.710647884523,656,0,0,0,0,0
reviewed-speed5-day,fresh,12441600,turbo-unchecked,43200,1077,10324800,16545600,36,0,1,37,23,14,356,6,16,36,20,3281488,7,5,37,0,0,0,1180,977,203,1046,134,716,700,427,0,1399,3446,643,23492.446022081887,656,0,0,0,0,0
reviewed-speed5-day,fresh,12441600,turbo-unchecked,43200,1081,10368000,16588800,36,0,0,36,22,14,356,5,12,36,24,3326425,7,5,36,0,0,0,1180,977,203,1046,134,716,700,428,0,1400,3457,647,23520.06362717203,656,0,0,0,0,0
reviewed-speed5-day,fresh,12441600,turbo-unchecked,43200,1085,10411200,16632000,36,0,1,37,23,14,356,9,12,36,24,3372290,7,5,37,0,0,0,1181,977,204,1047,134,716,700,428,0,1401,3466,647,23540.6791011577,656,0,0,0,0,0
reviewed-speed5-day,fresh,12441600,turbo-unchecked,43200,1089,10454400,16675200,36,0,0,36,22,14,356,6,16,36,20,3415892,7,5,36,0,0,0,1181,977,204,1047,134,716,700,429,0,1402,3481,649,23579.033223081147,656,0,0,0,0,0
reviewed-speed5-day,fresh,12441600,turbo-unchecked,43200,1093,10497600,16718400,36,0,1,37,23,14,355,8,11,36,25,3460006,7,5,37,0,0,0,1182,977,205,1048,134,716,700,429,0,1404,3492,652,23605.904974628007,656,0,0,0,0,0
reviewed-speed5-day,fresh,12441600,turbo-unchecked,43200,1097,10540800,16761600,36,0,2,38,24,14,355,6,10,36,26,3505614,7,5,38,0,0,0,1184,977,207,1050,134,717,701,429,0,1405,3500,653,23622.372985470807,656,0,0,0,0,0
reviewed-speed5-day,fresh,12441600,turbo-unchecked,43200,1101,10584000,16804800,36,0,1,37,23,14,356,12,11,36,25,3550040,7,5,37,0,0,0,1185,977,208,1051,134,718,702,430,0,1406,3510,657,23643.191961813485,656,0,0,0,0,0
reviewed-speed5-day,fresh,12441600,turbo-unchecked,43200,1105,10627200,16848000,36,0,1,37,23,14,357,7,13,36,23,3594524,7,5,37,0,0,0,1186,977,209,1052,134,718,702,431,0,1408,3519,661,23665.949545848882,656,0,0,0,0,0
reviewed-speed5-day,fresh,12441600,turbo-unchecked,43200,1109,10670400,16891200,36,0,1,37,23,14,357,10,12,36,24,3639237,7,5,37,0,0,0,1187,977,210,1053,134,719,703,431,0,1410,3529,662,23700.017298925435,656,0,0,0,0,0
reviewed-speed5-day,fresh,12441600,turbo-unchecked,43200,1113,10713600,16934400,36,0,2,38,24,14,357,11,15,36,21,3683376,7,5,38,0,0,0,1189,977,212,1055,134,720,704,431,0,1411,3543,664,23726.744707960403,656,0,0,0,0,0
reviewed-speed5-day,fresh,12441600,turbo-unchecked,43200,1117,10756800,16977600,36,0,1,37,23,14,358,5,14,36,22,3728523,7,5,37,0,0,0,1190,977,213,1056,134,721,705,432,0,1412,3553,667,23748.37649649731,656,0,0,0,0,0
reviewed-speed5-day,fresh,12441600,turbo-unchecked,43200,1121,10800000,17020800,36,0,0,36,22,14,359,7,14,36,22,3772815,7,5,36,0,0,0,1190,977,213,1056,134,721,705,433,0,1413,3563,668,23768.414180222666,656,0,0,0,0,0
reviewed-speed5-day,fresh,12441600,turbo-unchecked,43200,1125,10843200,17064000,36,0,0,36,22,14,358,3,11,36,25,3818890,7,5,36,0,0,0,1190,977,213,1056,134,721,705,433,0,1414,3572,673,23784.775788072264,656,0,0,0,0,0
reviewed-speed5-day,fresh,12441600,turbo-unchecked,43200,1129,10886400,17107200,36,0,0,36,22,14,358,10,11,36,25,3864420,7,5,36,0,0,0,1190,977,213,1056,134,721,705,433,0,1415,3582,676,23804.808744732058,656,0,0,0,0,0
reviewed-speed5-day,fresh,12441600,turbo-unchecked,43200,1133,10929600,17150400,36,0,0,36,22,14,359,8,10,36,26,3909411,7,5,36,0,0,0,1190,977,213,1056,134,721,705,433,0,1417,3591,678,23822.22330671898,656,0,0,0,0,0
reviewed-speed5-day,fresh,12441600,turbo-unchecked,43200,1137,10972800,17193600,36,0,0,36,22,14,359,6,14,36,22,3953017,7,5,36,0,0,0,1190,977,213,1056,134,721,705,433,0,1418,3604,681,23861.759550038492,656,0,0,0,0,0
reviewed-speed5-day,fresh,12441600,turbo-unchecked,43200,1141,11016000,17236800,36,0,0,36,22,14,358,5,15,36,21,3998569,7,5,36,0,0,0,1190,977,213,1056,134,721,705,433,0,1419,3616,684,23883.66792725376,656,0,0,0,0,0
reviewed-speed5-day,fresh,12441600,turbo-unchecked,43200,1145,11059200,17280000,36,0,0,36,22,14,358,4,15,36,21,4044512,7,5,36,0,0,0,1190,977,213,1056,134,721,705,433,0,1420,3629,685,23913.29723249725,656,0,0,0,0,0
reviewed-speed5-day,fresh,12441600,turbo-unchecked,43200,1149,11102400,17323200,36,0,0,36,22,14,358,4,14,36,22,4087772,7,5,36,0,0,0,1190,977,213,1056,134,721,705,433,0,1421,3641,690,23942.165548432386,656,0,0,0,0,0
reviewed-speed5-day,fresh,12441600,turbo-unchecked,43200,1153,11145600,17366400,36,0,0,36,22,14,359,7,13,36,23,4131011,7,5,36,0,0,0,1190,977,213,1056,134,721,705,433,0,1423,3653,693,23962.240930843865,656,0,0,0,0,0
reviewed-speed5-day,fresh,12441600,turbo-unchecked,43200,1157,11188800,17409600,36,0,0,36,22,14,359,11,15,36,21,4176344,7,5,36,0,0,0,1190,977,213,1056,134,721,705,433,0,1424,3668,699,23994.246710944688,656,0,0,0,0,0
reviewed-speed5-day,fresh,12441600,turbo-unchecked,43200,1161,11232000,17452800,36,0,0,36,22,14,359,5,14,36,22,4219628,7,5,36,0,0,0,1190,977,213,1056,134,721,705,433,0,1425,3682,704,24033.674937415635,656,0,0,0,0,0
reviewed-speed5-day,fresh,12441600,turbo-unchecked,43200,1165,11275200,17496000,36,0,1,37,23,14,358,5,10,36,26,4263422,7,5,37,0,0,0,1191,977,214,1057,134,721,705,433,0,1426,3692,705,24053.80565493158,656,0,0,0,0,0
reviewed-speed5-day,fresh,12441600,turbo-unchecked,43200,1169,11318400,17539200,36,0,0,36,22,14,358,8,13,36,23,4306786,7,5,36,0,0,0,1191,977,214,1057,134,721,705,434,0,1427,3702,707,24078.984365392243,656,0,0,0,0,0
reviewed-speed5-day,fresh,12441600,turbo-unchecked,43200,1173,11361600,17582400,36,0,0,36,22,14,358,7,12,36,24,4350325,9,5,36,0,0,0,1191,977,214,1057,134,721,705,434,0,1428,3714,707,24100.299981940305,656,0,0,0,0,0
reviewed-speed5-day,fresh,12441600,turbo-unchecked,43200,1177,11404800,17625600,36,0,0,36,22,14,357,8,10,36,26,4396141,9,5,36,0,0,0,1191,977,214,1057,134,721,705,434,0,1429,3724,711,24131.41437994293,656,0,0,0,0,0
reviewed-speed5-day,fresh,12441600,turbo-unchecked,43200,1181,11448000,17668800,36,0,0,36,22,14,357,6,11,36,25,4441730,9,5,36,0,0,0,1191,977,214,1057,134,721,705,434,0,1430,3735,716,24148.85013281158,656,0,0,0,0,0
reviewed-speed5-day,fresh,12441600,turbo-unchecked,43200,1185,11491200,17712000,36,0,1,37,23,14,356,3,9,36,27,4486556,9,5,37,0,0,0,1192,977,215,1058,134,721,705,434,0,1431,3744,719,24165.596850026166,656,0,0,0,0,0
reviewed-speed5-day,fresh,12441600,turbo-unchecked,43200,1189,11534400,17755200,36,0,1,37,23,14,357,7,11,36,25,4532047,7,5,37,0,0,0,1193,977,216,1059,134,721,705,435,0,1433,3753,722,24180.02701007179,656,0,0,0,0,0
reviewed-speed5-day,fresh,12441600,turbo-unchecked,43200,1193,11577600,17798400,36,0,2,38,24,14,356,5,13,36,23,4577122,7,5,38,0,0,0,1195,977,218,1061,134,721,705,436,0,1434,3766,728,24215.125270951306,656,0,0,0,0,0
reviewed-speed5-day,fresh,12441600,turbo-unchecked,43200,1197,11620800,17841600,36,0,0,36,22,14,356,5,16,36,20,4621147,7,5,36,0,0,0,1195,977,218,1061,134,722,706,437,0,1434,3779,732,24256.103947508847,656,0,0,0,0,0
reviewed-speed5-day,fresh,12441600,turbo-unchecked,43200,1201,11664000,17884800,36,0,0,36,22,14,356,7,15,36,21,4664698,7,5,36,0,0,0,1195,977,218,1061,134,722,706,437,0,1435,3792,735,24284.85444902233,656,0,0,0,0,0
reviewed-speed5-day,fresh,12441600,turbo-unchecked,43200,1205,11707200,17928000,36,0,0,36,22,14,356,8,13,36,23,4709814,8,5,36,0,0,0,1195,977,218,1061,134,722,706,437,0,1436,3801,737,24299.81332358322,656,0,0,0,0,0
reviewed-speed5-day,fresh,12441600,turbo-unchecked,43200,1209,11750400,17971200,36,0,0,36,22,14,357,8,14,36,22,4755187,8,5,36,0,0,0,1195,977,218,1061,134,722,706,437,0,1438,3811,739,24322.845537271118,656,0,0,0,0,0
reviewed-speed5-day,fresh,12441600,turbo-unchecked,43200,1213,11793600,18014400,36,0,0,36,22,14,357,8,15,36,21,4800155,7,5,36,0,0,0,1195,977,218,1061,134,722,706,437,0,1439,3826,742,24354.451151873684,656,0,0,0,0,0
reviewed-speed5-day,fresh,12441600,turbo-unchecked,43200,1217,11836800,18057600,36,0,2,38,24,14,356,4,12,36,24,4845709,7,5,38,0,0,0,1197,977,220,1063,134,722,706,437,0,1441,3838,746,24379.594369437313,656,0,0,0,0,0
reviewed-speed5-day,fresh,12441600,turbo-unchecked,43200,1221,11880000,18100800,36,0,1,37,23,14,356,6,14,36,22,4890199,7,5,37,0,0,0,1198,977,221,1064,134,723,707,438,0,1442,3851,752,24413.41984843067,656,0,0,0,0,0
reviewed-speed5-day,fresh,12441600,turbo-unchecked,43200,1225,11923200,18144000,36,0,0,36,22,14,357,7,14,36,22,4935207,8,5,36,0,0,0,1198,977,221,1064,134,724,708,438,0,1443,3863,759,24439.23764138273,656,0,0,0,0,0
reviewed-speed5-day,fresh,12441600,turbo-unchecked,43200,1229,11966400,18187200,36,0,0,36,22,14,358,6,14,36,22,4981262,8,5,36,0,0,0,1198,977,221,1064,134,724,708,438,0,1445,3876,761,24462.87836675695,656,0,0,0,0,0
reviewed-speed5-day,fresh,12441600,turbo-unchecked,43200,1233,12009600,18230400,36,0,0,36,22,14,358,5,13,36,23,5024775,7,5,36,0,0,0,1198,977,221,1064,134,724,708,438,0,1446,3887,764,24486.527694243705,656,0,0,0,0,0
reviewed-speed5-day,fresh,12441600,turbo-unchecked,43200,1237,12052800,18273600,36,0,1,37,23,14,358,7,13,36,23,5069645,7,5,37,0,0,0,1199,977,222,1065,134,724,708,438,0,1447,3900,770,24508.98138703755,656,0,0,0,0,0
reviewed-speed5-day,fresh,12441600,turbo-unchecked,43200,1241,12096000,18316800,36,0,1,37,23,14,358,9,10,36,26,5115631,7,5,37,0,0,0,1200,977,223,1066,134,724,708,439,0,1449,3910,776,24526.197297710693,656,0,0,0,0,0
reviewed-speed5-day,fresh,12441600,turbo-unchecked,43200,1245,12139200,18360000,36,0,0,36,22,14,359,8,13,36,23,5159934,7,5,36,0,0,0,1200,977,223,1066,134,725,709,439,0,1450,3923,777,24569.28292335919,656,0,0,0,0,0
reviewed-speed5-day,fresh,12441600,turbo-unchecked,43200,1249,12182400,18403200,36,0,0,36,22,14,359,5,11,36,25,5204432,7,5,36,0,0,0,1200,977,223,1066,134,725,709,439,0,1451,3933,778,24590.528464872157,656,0,0,0,0,0
reviewed-speed5-day,fresh,12441600,turbo-unchecked,43200,1253,12225600,18446400,36,0,0,36,22,14,359,5,15,36,21,5248251,7,5,36,0,0,0,1200,977,223,1066,134,725,709,439,0,1452,3948,780,24620.752024728572,656,0,0,0,0,0
reviewed-speed5-day,fresh,12441600,turbo-unchecked,43200,1257,12268800,18489600,36,0,0,36,22,14,359,7,15,36,21,5292026,7,5,36,0,0,0,1200,977,223,1066,134,725,709,439,0,1453,3962,786,24652.047417480266,656,0,0,0,0,0
reviewed-speed5-day,fresh,12441600,turbo-unchecked,43200,1261,12312000,18532800,36,0,0,36,22,14,359,8,11,36,25,5336105,8,5,36,0,0,0,1200,977,223,1066,134,725,709,439,0,1454,3973,788,24679.43997831992,656,0,0,0,0,0
reviewed-speed5-day,fresh,12441600,turbo-unchecked,43200,1265,12355200,18576000,36,0,0,36,22,14,359,4,14,36,22,5381398,7,5,36,0,0,0,1200,977,223,1066,134,725,709,439,0,1455,3984,788,24708.28742440394,656,0,0,0,0,0
reviewed-speed5-day,fresh,12441600,turbo-unchecked,43200,1269,12398400,18619200,36,0,0,36,22,14,359,6,9,36,27,5427450,9,5,36,0,0,0,1200,977,223,1066,134,725,709,439,0,1456,3993,789,24731.136952180183,656,0,0,0,0,0
reviewed-speed5-day,fresh,12441600,turbo-unchecked,43200,1273,12441600,18662400,36,0,2,38,24,14,359,8,12,36,24,5470956,9,5,38,0,0,0,1202,977,225,1068,134,725,709,439,0,1458,4004,790,24755.11318816594,656,0,0,0,0,0
reviewed-bench-sixhours,bench,3110400,update,6,2,0,243907637,147,0,1,148,133,15,486,0,0,147,0,0,0,1,148,0,0,0,0,0,0,0,0,0,0,0,0,0,0,0,0,0,147,0,0,0,0
reviewed-bench-sixhours,bench,3110400,update,6,188,12000,243919637,102,0,3,105,92,13,530,94,94,102,0,103,0,1,105,0,0,0,17,15,2,15,2,60,60,0,0,1,5586,68,5643.167736663483,0,100,147,0,47,0
reviewed-bench-sixhours,bench,3110400,update,6,192,24000,243931637,65,0,0,65,54,11,567,64,64,65,0,145,0,1,65,0,0,0,36,34,2,29,7,116,116,3,0,1,9867,68,9989.584963459987,0,63,147,1,83,0
reviewed-bench-sixhours,bench,3110400,update,6,196,36000,243943637,37,0,0,37,28,9,594,36,36,37,0,115,0,1,37,0,0,0,49,47,2,38,11,156,156,4,0,1,12180,68,12338.92759024771,0,36,147,2,109,0
reviewed-bench-sixhours,bench,3110400,update,6,200,48000,243955637,33,0,1,34,27,7,615,33,33,33,0,0,0,1,34,0,0,0,70,66,4,56,14,180,180,4,0,19,13632,71,13822.988924512174,0,17,147,2,128,0
reviewed-bench-sixhours,bench,3110400,update,6,204,60000,243967637,27,0,3,30,23,7,621,27,27,27,0,0,0,1,30,0,0,0,80,72,8,63,17,193,193,5,0,25,15022,74,15231.076092047151,3,10,147,2,135,0
reviewed-bench-sixhours,bench,3110400,update,6,208,72000,243979637,32,0,2,34,25,9,622,31,31,32,0,103,0,1,34,0,0,0,94,85,9,73,21,203,203,5,0,36,16421,81,16656.987100341823,9,9,147,2,136,0
reviewed-bench-sixhours,bench,3110400,update,6,212,84000,243991637,34,0,0,34,28,6,626,34,34,34,0,0,0,1,34,0,0,0,106,97,9,82,24,214,214,6,0,46,17835,92,18105.46427923115,14,5,147,2,140,0
reviewed-bench-sixhours,bench,3110400,update,6,216,96000,244003637,32,0,2,34,27,7,625,32,32,32,0,0,0,1,34,0,0,0,120,107,13,89,31,227,227,7,0,53,19338,95,19636.528208998498,21,6,147,2,139,0
reviewed-bench-sixhours,bench,3110400,update,6,220,108000,244015637,32,0,3,35,29,6,626,32,32,32,0,0,0,1,35,0,0,0,131,115,16,97,34,237,237,7,0,61,20729,104,21042.095860519912,27,5,147,2,140,0
reviewed-bench-sixhours,bench,3110400,update,6,224,120000,244027637,28,0,3,31,26,5,628,28,28,28,0,0,0,1,31,0,0,0,144,123,21,107,37,254,254,7,0,72,22045,109,22384.750520067755,40,4,147,2,141,0
reviewed-bench-sixhours,bench,3110400,update,6,228,132000,244039637,30,0,3,33,27,6,626,30,30,30,0,0,0,1,33,0,0,0,157,132,25,117,40,265,265,7,0,82,23321,114,23679.37960448349,50,6,147,2,139,0
reviewed-bench-sixhours,bench,3110400,update,6,232,144000,244051637,29,0,2,31,24,7,626,28,28,29,0,7,0,1,31,0,0,0,168,140,28,124,44,277,277,8,0,89,24680,123,25075.048553569708,58,6,147,2,139,0
reviewed-bench-sixhours,bench,3110400,update,6,236,156000,244063637,32,0,3,35,25,10,625,31,31,32,0,109,0,1,35,0,0,0,184,153,31,135,49,289,289,8,0,102,26003,128,26434.837788458448,68,7,147,2,138,0
reviewed-bench-sixhours,bench,3110400,update,6,240,168000,244075637,30,0,2,32,23,9,624,29,29,30,0,25,0,1,32,0,0,0,194,161,33,142,52,302,302,8,0,108,27440,132,27890.235566914547,78,7,147,2,138,0
reviewed-bench-sixhours,bench,3110400,update,6,244,180000,244087637,31,0,2,33,27,6,627,31,31,31,0,0,0,1,33,0,0,0,207,172,35,152,55,313,313,9,0,118,28885,139,29367.260673821438,83,5,147,2,140,0
reviewed-bench-sixhours,bench,3110400,update,6,248,192000,244099637,33,0,2,35,28,7,625,32,32,33,0,67,0,1,35,0,0,0,218,181,37,160,58,322,322,9,0,125,30316,144,30834.060664093588,90,6,147,2,139,0
reviewed-bench-sixhours,bench,3110400,update,6,252,204000,244111637,33,0,2,35,27,8,626,32,32,33,0,115,0,1,35,0,0,0,228,189,39,166,62,331,331,10,0,133,31703,149,32254.469956566114,96,5,147,2,140,0
reviewed-bench-sixhours,bench,3110400,update,6,256,216000,244123637,33,0,2,35,29,6,627,33,33,33,0,0,0,1,35,0,0,0,239,197,42,173,66,342,342,10,0,141,33153,158,33732.310437467415,103,4,147,2,141,0
reviewed-bench-sixhours,bench,3110400,update,6,260,228000,244135637,30,0,1,31,23,8,624,30,30,30,0,0,0,1,31,0,0,0,249,206,43,177,72,356,356,10,0,144,34635,164,35238.35014921101,113,7,147,2,138,0
reviewed-bench-sixhours,bench,3110400,update,6,264,240000,244147637,33,0,1,34,23,11,622,33,33,33,0,0,0,1,34,0,0,0,258,213,45,182,76,361,361,11,0,150,36118,168,36749.75902344519,117,9,147,2,136,0
reviewed-bench-sixhours,bench,3110400,update,6,268,252000,244159637,34,0,2,36,23,13,621,34,34,34,0,0,0,1,36,0,0,0,274,227,47,193,81,375,375,11,0,163,37586,173,38247.50016696239,129,10,147,2,135,0
reviewed-bench-sixhours,bench,3110400,update,6,272,264000,244171637,31,0,1,32,23,9,627,31,31,31,0,0,0,1,32,0,0,0,287,239,48,202,85,392,392,11,0,174,39019,177,39708.5796437487,138,5,147,2,140,0
reviewed-bench-sixhours,bench,3110400,update,6,276,276000,244183637,32,0,1,33,22,11,627,32,32,32,0,0,0,1,33,0,0,0,297,248,49,207,90,401,401,11,0,181,40411,189,41137.135628122836,144,5,147,2,140,0
reviewed-bench-sixhours,bench,3110400,update,6,280,288000,244195637,28,0,4,32,24,8,625,28,28,28,0,0,0,1,32,0,0,0,306,253,53,213,93,411,411,11,0,186,41850,196,42597.56237630546,152,6,147,2,139,0
reviewed-bench-sixhours,bench,3110400,update,6,284,300000,244207637,30,0,4,34,26,8,625,30,30,30,0,0,0,1,34,0,0,0,328,266,62,231,97,430,430,12,0,205,43027,201,43791.10708325636,168,7,147,2,138,0
reviewed-bench-sixhours,bench,3110400,update,6,288,312000,244219637,32,0,2,34,26,8,625,32,32,32,0,0,0,1,34,0,0,0,340,277,63,240,100,442,442,12,0,214,44362,206,45159.25245650299,177,7,147,2,138,0
reviewed-bench-sixhours,bench,3110400,update,6,292,324000,244231637,32,0,2,34,26,8,625,32,32,32,0,0,0,1,34,0,0,0,355,289,66,252,103,455,455,14,0,226,45806,210,46629.7953450745,187,6,147,2,139,0
reviewed-bench-sixhours,bench,3110400,update,6,296,336000,244243637,31,0,4,35,28,7,627,31,31,31,0,0,0,1,35,0,0,0,365,296,69,259,106,464,464,14,0,233,47204,219,48050.32015798474,191,5,147,2,140,0
reviewed-bench-sixhours,bench,3110400,update,6,300,348000,244255637,32,0,1,33,24,9,627,32,32,32,0,0,0,1,33,0,0,0,376,306,70,265,111,477,477,14,0,241,48535,228,49408.27133276733,201,5,147,2,140,0
reviewed-bench-sixhours,bench,3110400,update,6,304,360000,244267637,35,0,1,36,24,12,623,35,35,35,0,0,0,1,36,0,0,0,388,317,71,270,118,486,486,14,0,246,49983,236,50887.25813815044,207,8,147,2,137,0
reviewed-bench-sixhours,bench,3110400,update,6,308,372000,244279637,32,0,3,35,21,14,622,32,32,32,0,0,0,1,35,0,0,0,400,326,74,278,122,498,498,15,0,255,51428,242,52357.82181967469,217,9,147,2,136,0
reviewed-bench-sixhours,bench,3110400,update,6,312,384000,244291637,29,0,2,31,19,12,622,29,29,29,0,0,0,1,31,0,0,0,408,333,75,283,125,510,510,15,0,259,52816,244,53768.50789333554,225,9,147,2,136,0
reviewed-bench-sixhours,bench,3110400,update,6,316,396000,244303637,29,0,1,30,19,11,624,28,28,29,0,97,0,1,30,0,0,0,421,342,79,292,129,523,523,16,0,269,54213,250,55190.46677337261,233,7,147,2,138,0
reviewed-bench-sixhours,bench,3110400,update,6,320,408000,244315637,34,0,0,34,25,9,625,32,32,34,0,121,0,1,34,0,0,0,434,354,80,302,132,532,532,16,0,280,55745,255,56764.42372071976,239,6,147,2,139,0
reviewed-bench-sixhours,bench,3110400,update,6,324,420000,244327637,32,0,1,33,23,10,623,32,32,32,0,0,0,1,33,0,0,0,444,362,82,309,135,541,541,18,0,285,57353,265,58400.439112092834,245,7,147,2,138,0
reviewed-bench-sixhours,bench,3110400,update,6,328,432000,244339637,32,0,2,34,27,7,625,31,31,32,0,49,0,1,34,0,0,0,459,374,85,321,138,555,555,18,0,297,58745,268,59817.231054988224,254,6,147,2,139,0
reviewed-bench-sixhours,bench,3110400,update,6,332,444000,244351637,30,0,3,33,27,6,626,30,30,30,0,0,0,1,33,0,0,0,466,378,88,325,141,563,563,18,0,302,60140,277,61243.5496671251,259,5,147,2,140,0
reviewed-bench-sixhours,bench,3110400,update,6,336,456000,244363637,27,0,2,29,22,7,626,27,27,27,0,0,0,1,29,0,0,0,479,387,92,334,145,580,580,18,0,311,61469,281,62604.485017100815,272,5,147,2,140,0
reviewed-bench-sixhours,bench,3110400,update,6,340,468000,244375637,30,0,2,32,24,8,626,30,30,30,0,0,0,1,32,0,0,0,493,399,94,344,149,590,590,19,0,322,62829,288,63987.378109012265,279,5,147,2,140,0
reviewed-bench-sixhours,bench,3110400,update,6,344,480000,244387637,30,0,4,34,24,10,624,30,30,30,0,0,0,1,34,0,0,0,508,408,100,356,152,602,602,20,0,334,64092,293,65283.06801566528,290,6,147,2,139,0
reviewed-bench-sixhours,bench,3110400,update,6,348,492000,244399637,29,0,3,32,24,8,625,29,29,29,0,0,0,1,32,0,0,0,518,416,102,363,155,614,614,20,0,341,65402,302,66629.8639471964,298,6,147,2,139,0
reviewed-bench-sixhours,bench,3110400,update,6,352,504000,244411637,27,0,4,31,22,9,622,27,27,27,0,0,0,1,31,0,0,0,530,424,106,369,161,626,626,21,0,347,66710,308,67971.59181462368,307,9,147,2,136,0
reviewed-bench-sixhours,bench,3110400,update,6,356,516000,244423637,29,0,1,30,22,8,623,29,29,29,0,0,0,1,30,0,0,0,542,435,107,378,164,639,639,21,0,356,68105,311,69395.66839487059,316,8,147,2,137,0
reviewed-bench-sixhours,bench,3110400,update,6,360,528000,244435637,30,0,4,34,27,7,624,29,29,30,0,85,0,1,34,0,0,0,562,448,114,396,166,654,654,22,0,373,69391,318,70719.49125549244,327,7,147,2,138,0
reviewed-bench-sixhours,bench,3110400,update,6,364,540000,244447637,33,0,2,35,29,6,626,33,33,33,0,0,0,1,35,0,0,0,575,459,116,406,169,666,666,22,0,383,70879,326,72235.98712398717,334,6,147,2,139,0
reviewed-bench-sixhours,bench,3110400,update,6,368,552000,244459637,32,0,1,33,27,6,627,31,31,32,0,133,0,1,33,0,0,0,583,467,116,410,173,676,676,22,0,388,72388,331,73772.86055376707,340,5,147,2,140,0
reviewed-bench-sixhours,bench,3110400,update,6,372,564000,244471637,31,0,2,33,26,7,625,30,30,31,0,115,0,1,33,0,0,0,595,476,119,420,175,688,688,22,0,396,73832,336,75256.41156435618,350,6,147,2,139,0
reviewed-bench-sixhours,bench,3110400,update,6,376,576000,244483637,33,0,1,34,27,7,625,32,32,33,0,43,0,1,34,0,0,0,608,488,120,430,178,699,699,23,0,406,75243,341,76700.25954760797,358,6,147,2,139,0
reviewed-bench-sixhours,bench,3110400,update,6,380,588000,244495637,34,0,2,36,28,8,625,34,34,34,0,0,0,1,36,0,0,0,621,499,122,439,182,710,710,23,0,416,76702,352,78178.08471710421,366,6,147,2,139,0
reviewed-bench-sixhours,bench,3110400,update,6,384,600000,244507637,28,0,1,29,20,9,625,28,28,28,0,0,0,1,29,0,0,0,627,504,123,442,185,723,723,23,0,419,78174,361,79692.06435158942,376,7,147,2,138,0
reviewed-bench-sixhours,bench,3110400,update,6,388,612000,244519637,33,0,1,34,25,9,624,33,33,33,0,0,0,1,34,0,0,0,641,517,124,452,189,732,732,23,0,429,79636,368,81178.49704081845,382,7,147,2,138,0
reviewed-bench-sixhours,bench,3110400,update,6,392,624000,244531637,29,0,2,31,19,12,622,28,28,29,0,49,0,1,31,0,0,0,650,524,126,455,195,743,743,24,0,433,81078,375,82648.06761344569,390,9,147,2,136,0
reviewed-bench-sixhours,bench,3110400,update,6,396,636000,244543637,29,0,1,30,18,12,623,29,29,29,0,0,0,1,30,0,0,0,667,539,128,464,203,761,761,24,0,443,82342,379,83943.35138820903,400,9,147,2,136,0
reviewed-bench-sixhours,bench,3110400,update,6,400,648000,244555637,29,0,6,35,24,11,624,29,29,29,0,0,0,1,35,0,0,0,688,552,136,481,207,777,777,24,0,460,83594,380,85213.46460081218,411,7,147,2,138,0
reviewed-bench-sixhours,bench,3110400,update,6,404,660000,244567637,27,0,2,29,20,9,625,27,27,27,0,0,0,1,29,0,0,0,696,559,137,486,210,789,789,26,0,465,84868,390,86515.27917236043,419,6,147,2,139,0
reviewed-bench-sixhours,bench,3110400,update,6,408,672000,244579637,30,0,3,33,19,14,625,30,30,30,0,0,0,1,33,0,0,0,711,570,141,493,218,800,800,26,0,477,86249,395,87920.4330051844,427,6,147,2,139,0
reviewed-bench-sixhours,bench,3110400,update,6,412,684000,244591637,28,0,3,31,20,11,626,28,28,28,0,0,0,1,31,0,0,0,723,577,146,502,221,813,813,27,0,486,87514,399,89201.80952414451,436,6,147,2,139,0
reviewed-bench-sixhours,bench,3110400,update,6,416,696000,244603637,34,0,1,35,23,12,624,34,34,34,0,0,0,1,35,0,0,0,741,593,148,516,225,826,826,28,0,500,88871,406,90594.91479283525,447,7,147,2,138,0
reviewed-bench-sixhours,bench,3110400,update,6,420,708000,244615637,30,0,1,31,20,11,625,30,30,30,0,0,0,1,31,0,0,0,749,600,149,520,229,838,838,28,0,505,90374,414,92133.9511325839,455,6,147,2,139,0
reviewed-bench-sixhours,bench,3110400,update,6,424,720000,244627637,29,0,4,33,25,8,627,29,29,29,0,0,0,1,33,0,0,0,763,608,155,532,231,849,849,29,0,516,91814,422,93607.17081171134,461,4,147,2,141,0
reviewed-bench-sixhours,bench,3110400,update,6,428,732000,244639637,34,0,0,34,26,8,625,34,34,34,0,0,0,1,34,0,0,0,776,620,156,542,234,861,861,29,0,526,93168,428,94995.99277817784,472,6,147,2,139,0
reviewed-bench-sixhours,bench,3110400,update,6,432,744000,244651637,32,0,3,35,27,8,623,32,32,32,0,0,0,1,35,0,0,0,792,630,162,555,237,875,875,30,0,538,94510,431,96359.94964555977,484,7,147,2,138,0
reviewed-bench-sixhours,bench,3110400,update,6,436,756000,244663637,32,0,2,34,26,8,625,31,31,32,0,205,0,1,34,0,0,0,802,638,164,561,241,885,885,31,0,546,95913,435,97793.63232247112,490,5,147,2,140,0
reviewed-bench-sixhours,bench,3110400,update,6,440,768000,244675637,30,0,0,30,21,9,623,30,30,30,0,0,0,1,30,0,0,0,811,647,164,564,247,897,897,32,0,549,97402,450,99319.10901386896,498,8,147,2,137,0
reviewed-bench-sixhours,bench,3110400,update,6,444,780000,244687637,28,0,2,30,21,9,625,28,28,28,0,0,0,1,30,0,0,0,823,657,166,571,252,909,909,32,0,558,98904,456,100851.17016302096,505,6,147,2,139,0
reviewed-bench-sixhours,bench,3110400,update,6,448,792000,244699637,29,0,3,32,24,8,628,29,29,29,0,0,0,1,32,0,0,0,838,668,170,582,256,922,922,32,0,570,100225,458,102201.26654736092,512,4,147,2,141,0
reviewed-bench-sixhours,bench,3110400,update,6,452,804000,244711637,29,0,0,29,20,9,625,28,28,29,0,103,0,1,29,0,0,0,852,680,172,592,260,938,938,33,0,580,101565,466,103576.43384448392,527,6,147,2,139,0
reviewed-bench-sixhours,bench,3110400,update,6,456,816000,244723637,26,0,2,28,22,6,627,24,24,26,0,109,0,1,28,0,0,0,863,689,174,601,262,950,950,33,0,588,102949,475,104995.6821709047,534,4,147,2,141,0
reviewed-bench-sixhours,bench,3110400,update,6,460,828000,244735637,27,0,4,31,24,7,625,26,26,27,0,67,0,1,31,0,0,0,880,700,180,615,265,964,964,33,0,601,104246,476,106325.42153482791,546,6,147,2,139,0
reviewed-bench-sixhours,bench,3110400,update,6,464,840000,244747637,25,0,2,27,19,8,624,25,25,25,0,0,0,1,27,0,0,0,894,707,187,625,269,981,981,34,0,611,105498,485,107613.96810743306,560,7,147,2,138,0
reviewed-bench-sixhours,bench,3110400,update,6,468,852000,244759637,28,0,7,35,25,10,624,28,28,28,0,0,0,1,35,0,0,0,910,717,193,636,274,989,989,34,0,624,106696,488,108830.1863330258,565,7,147,2,138,0
reviewed-bench-sixhours,bench,3110400,update,6,472,864000,244771637,29,0,3,32,23,9,624,29,29,29,0,0,0,1,32,0,0,0,924,728,196,647,277,1006,1006,34,0,635,107968,493,110119.81661957689,579,7,147,2,138,0
reviewed-bench-sixhours,bench,3110400,update,6,476,876000,244783637,28,0,4,32,25,7,624,28,28,28,0,0,0,1,32,0,0,0,936,735,201,657,279,1018,1018,34,0,644,109311,498,111486.18999139871,588,6,147,2,139,0
reviewed-bench-sixhours,bench,3110400,update,6,480,888000,244795637,33,0,3,36,25,11,623,33,33,33,0,0,0,1,36,0,0,0,951,747,204,664,287,1028,1028,35,0,653,110666,504,112867.06105253939,593,8,147,2,137,0
reviewed-bench-sixhours,bench,3110400,update,6,484,900000,244807637,31,0,2,33,20,13,622,31,31,31,0,0,0,1,33,0,0,0,957,753,204,666,291,1037,1037,35,0,656,112060,513,114288.8510437049,600,9,147,2,136,0
reviewed-bench-sixhours,bench,3110400,update,6,488,912000,244819637,31,0,1,32,21,11,623,31,31,31,0,0,0,1,32,0,0,0,970,764,206,676,294,1051,1051,35,0,666,113332,517,115587.39629891515,610,8,147,2,137,0
reviewed-bench-sixhours,bench,3110400,update,6,492,924000,244831637,29,0,3,32,22,10,622,27,27,29,0,61,0,1,32,0,0,0,982,773,209,684,298,1063,1063,35,0,673,114708,521,116994.32805725513,618,8,147,2,137,0
reviewed-bench-sixhours,bench,3110400,update,6,496,936000,244843637,29,0,4,33,26,7,624,29,29,29,0,0,0,1,33,0,0,0,994,782,212,693,301,1073,1073,36,0,682,116050,526,118365.65491950838,623,6,147,2,139,0
reviewed-bench-sixhours,bench,3110400,update,6,500,948000,244855637,33,0,2,35,26,9,623,33,33,33,0,0,0,1,35,0,0,0,1007,793,214,700,307,1084,1084,36,0,690,117454,535,119813.28202112624,630,8,147,2,137,0
reviewed-bench-sixhours,bench,3110400,update,6,504,960000,244867637,28,0,2,30,24,6,625,28,28,28,0,0,0,1,30,0,0,0,1020,803,217,710,310,1101,1101,37,0,699,118801,539,121178.47980341827,641,5,147,2,140,0
reviewed-bench-sixhours,bench,3110400,update,6,508,972000,244879637,30,0,5,35,28,7,624,30,30,30,0,0,0,1,35,0,0,0,1032,812,220,720,312,1108,1108,37,0,709,120109,545,122513.02713586623,647,6,147,2,139,0
reviewed-bench-sixhours,bench,3110400,update,6,512,984000,244891637,31,0,1,32,22,10,624,30,30,31,0,61,0,1,32,0,0,0,1043,821,222,725,318,1122,1122,37,0,716,121447,548,123869.9184655454,657,7,147,2,138,0
reviewed-bench-sixhours,bench,3110400,update,6,516,996000,244903637,32,0,2,34,27,7,625,32,32,32,0,0,0,1,34,0,0,0,1052,828,224,732,320,1129,1129,37,0,723,122887,558,125335.57247043215,661,6,147,2,139,0
reviewed-bench-sixhours,bench,3110400,update,6,520,1008000,244915637,31,0,3,34,26,8,624,31,31,31,0,0,0,1,34,0,0,0,1065,836,229,741,324,1142,1142,37,0,732,124219,564,126693.35057278536,671,6,147,2,139,0
reviewed-bench-sixhours,bench,3110400,update,6,524,1020000,244927637,31,0,3,34,23,11,621,31,31,31,0,0,0,1,34,0,0,0,1079,847,232,749,330,1154,1154,39,0,740,125551,570,128049.46844629478,680,9,147,2,136,0
reviewed-bench-sixhours,bench,3110400,update,6,528,1032000,244939637,25,0,3,28,17,11,623,25,25,25,0,0,0,1,28,0,0,0,1090,856,234,755,335,1171,1171,39,0,748,126739,573,129261.97466391139,692,8,147,2,137,0
reviewed-bench-sixhours,bench,3110400,update,6,532,1044000,244951637,26,0,6,32,23,9,624,26,26,26,0,0,0,1,32,0,0,0,1105,863,242,767,338,1182,1182,39,0,760,127864,577,130415.09982155077,699,7,147,2,138,0
reviewed-bench-sixhours,bench,3110400,update,6,536,1056000,244963637,30,0,3,33,24,9,625,30,30,30,0,0,0,1,33,0,0,0,1121,876,245,780,341,1197,1197,39,0,773,129074,582,131642.3557962114,710,6,147,2,139,0
reviewed-bench-sixhours,bench,3110400,update,6,540,1068000,244975637,30,0,2,32,25,7,625,29,29,30,0,25,0,1,32,0,0,0,1134,885,249,790,344,1210,1210,40,0,782,130335,588,132938.74943260243,719,5,147,2,140,0
reviewed-bench-sixhours,bench,3110400,update,6,544,1080000,244987637,28,0,3,31,25,6,627,28,28,28,0,0,0,1,31,0,0,0,1148,894,254,801,347,1224,1224,41,0,793,131599,593,134229.11527889175,728,4,147,2,141,0
reviewed-bench-sixhours,bench,3110400,update,6,548,1092000,244999637,24,0,2,26,20,6,626,24,24,24,0,0,0,1,26,0,0,0,1157,900,257,807,350,1238,1238,41,0,799,132741,600,135404.8832164756,740,4,147,2,141,0
reviewed-bench-sixhours,bench,3110400,update,6,552,1104000,245011637,34,0,1,35,26,9,624,34,34,34,0,0,0,1,35,0,0,0,1171,913,258,816,355,1242,1242,42,0,810,134079,607,136772.1825052295,743,6,147,2,139,0
reviewed-bench-sixhours,bench,3110400,update,6,556,1116000,245023637,31,0,2,33,25,8,625,31,31,31,0,0,0,1,33,0,0,0,1184,924,260,825,359,1256,1256,43,0,819,135484,612,138215.81209698226,752,4,147,2,141,0
reviewed-bench-sixhours,bench,3110400,update,6,560,1128000,245035637,34,0,1,35,26,9,624,34,34,34,0,0,0,1,35,0,0,0,1196,935,261,834,362,1265,1265,44,0,828,136949,618,139715.6270688651,759,6,147,2,139,0
reviewed-bench-sixhours,bench,3110400,update,6,564,1140000,245047637,34,0,0,34,23,11,622,34,34,34,0,0,0,1,34,0,0,0,1205,944,261,836,369,1274,1274,45,0,831,138471,627,141261.8604568448,764,8,147,2,137,0
reviewed-bench-sixhours,bench,3110400,update,6,568,1152000,245059637,31,0,1,32,21,11,621,31,31,31,0,0,0,1,32,0,0,0,1212,950,262,840,372,1283,1283,45,0,835,139942,633,142760.8699602345,771,9,147,2,136,0
reviewed-bench-sixhours,bench,3110400,update,6,572,1164000,245071637,32,0,3,35,24,11,621,32,32,32,0,0,0,1,35,0,0,0,1228,962,266,851,377,1296,1296,45,0,847,141325,640,144180.14780310635,780,8,147,2,137,0
reviewed-bench-sixhours,bench,3110400,update,6,576,1176000,245083637,27,0,1,28,18,10,625,26,27,27,0,1,0,1,28,0,0,0,1237,970,267,856,381,1311,1311,46,0,854,142669,640,145546.78631178942,789,5,147,2,140,0
reviewed-bench-sixhours,bench,3110400,update,6,580,1188000,245095637,32,0,3,35,24,11,623,31,31,32,0,7,0,1,35,0,0,0,1253,982,271,867,386,1319,1319,47,0,866,143897,643,146796.0331973359,795,6,147,2,139,0
reviewed-bench-sixhours,bench,3110400,update,6,584,1200000,245107637,32,0,1,33,24,9,624,32,32,32,0,0,0,1,33,0,0,0,1265,992,273,876,389,1332,1332,48,0,875,145366,653,148301.90773682762,804,6,147,2,139,0
reviewed-bench-sixhours,bench,3110400,update,6,588,1212000,245119637,31,0,0,31,22,9,624,31,31,31,0,0,0,1,31,0,0,0,1272,996,276,881,391,1340,1340,49,0,879,146906,663,149868.33513951674,809,6,147,2,139,0
reviewed-bench-sixhours,bench,3110400,update,6,592,1224000,245131637,32,0,1,33,22,11,624,32,32,32,0,0,0,1,33,0,0,0,1286,1008,278,889,397,1352,1352,49,0,890,148313,667,151298.89425098896,818,6,147,2,139,0
reviewed-bench-sixhours,bench,3110400,update,6,596,1236000,245143637,32,0,2,34,26,8,626,32,32,32,0,0,0,1,34,0,0,0,1297,1018,279,896,401,1362,1362,49,0,898,149713,671,152726.8660711348,823,4,147,2,141,0
reviewed-bench-sixhours,bench,3110400,update,6,600,1248000,245155637,32,0,1,33,21,12,623,32,32,32,0,0,0,1,33,0,0,0,1306,1025,281,900,406,1372,1372,49,0,902,151093,674,154134.76487787813,831,7,147,2,138,0
reviewed-bench-sixhours,bench,3110400,update,6,604,1260000,245167637,30,0,2,32,22,10,624,30,30,30,0,0,0,1,32,0,0,0,1316,1032,284,908,408,1381,1381,51,0,910,152396,681,155465.05005110707,837,6,147,2,139,0
reviewed-bench-sixhours,bench,3110400,update,6,608,1272000,245179637,32,0,2,34,24,10,623,32,32,32,0,0,0,1,34,0,0,0,1330,1042,288,918,412,1392,1392,52,0,920,153714,688,156818.34503572248,845,7,147,2,138,0
reviewed-bench-sixhours,bench,3110400,update,6,612,1284000,245191637,30,0,1,31,18,13,620,30,30,30,0,0,0,1,31,0,0,0,1340,1049,291,922,418,1404,1404,53,0,924,155110,693,158248.8553518569,854,10,147,2,135,0
reviewed-bench-sixhours,bench,3110400,update,6,616,1296000,245203637,33,0,2,35,21,14,621,33,33,33,0,0,0,1,35,0,0,0,1351,1057,294,929,422,1411,1411,53,0,932,156436,698,159603.99995131558,857,10,147,2,135,0
reviewed-bench-sixhours,bench,3110400,update,6,620,1308000,245215637,24,0,1,25,18,7,626,24,24,24,0,0,0,1,25,0,0,0,1361,1066,295,935,426,1431,1431,53,0,939,157649,701,160841.36983495532,869,5,147,2,140,0
reviewed-bench-sixhours,bench,3110400,update,6,624,1320000,245227637,27,0,5,32,24,8,624,27,27,27,0,0,0,1,32,0,0,0,1379,1079,300,948,431,1442,1442,53,0,951,158834,704,162050.92019597115,876,6,147,2,139,0
reviewed-bench-sixhours,bench,3110400,update,6,628,1332000,245239637,32,0,3,35,23,12,621,31,31,32,0,181,0,1,35,0,0,0,1390,1088,302,955,435,1449,1449,54,0,959,160153,712,163395.67345507536,883,9,147,2,136,0
reviewed-bench-sixhours,bench,3110400,update,6,632,1344000,245251637,30,0,3,33,25,8,622,30,30,30,0,0,0,1,33,0,0,0,1404,1099,305,966,438,1465,1465,54,0,969,161539,717,164800.8016029587,894,8,147,2,137,0
reviewed-bench-sixhours,bench,3110400,update,6,636,1356000,245263637,33,0,2,35,26,9,622,33,33,33,0,0,0,1,35,0,0,0,1418,1111,307,975,443,1476,1476,55,0,979,162913,725,166203.8288075067,901,8,147,2,137,0
reviewed-bench-sixhours,bench,3110400,update,6,640,1368000,245275637,33,0,0,33,24,9,623,33,33,33,0,0,0,1,33,0,0,0,1426,1118,308,979,447,1486,1486,55,0,984,164364,733,167676.35266860202,907,7,147,2,138,0
reviewed-bench-sixhours,bench,3110400,update,6,644,1380000,245287637,29,0,4,33,22,11,623,28,28,29,0,19,0,1,33,0,0,0,1437,1124,313,986,451,1497,1497,55,0,992,165676,740,169013.08614912257,915,7,147,2,138,0
reviewed-bench-sixhours,bench,3110400,update,6,648,1392000,245299637,29,0,1,30,19,11,624,29,29,29,0,0,0,1,30,0,0,0,1450,1135,315,993,457,1512,1512,56,0,1002,166955,744,170316.67062242515,926,6,147,2,139,0
reviewed-bench-sixhours,bench,3110400,update,6,652,1404000,245311637,29,0,3,32,22,10,625,29,29,29,0,0,0,1,32,0,0,0,1465,1146,319,1005,460,1525,1525,56,0,1014,168140,751,171530.58256154042,935,5,147,2,140,0
reviewed-bench-sixhours,bench,3110400,update,6,656,1416000,245323637,27,0,5,32,19,13,620,27,27,27,0,0,0,1,32,0,0,0,1475,1153,322,1009,466,1534,1534,57,0,1017,169467,755,172883.54888267582,942,9,147,2,136,0
reviewed-bench-sixhours,bench,3110400,update,6,660,1428000,245335637,30,0,3,33,18,15,619,29,29,30,0,25,0,1,33,0,0,0,1488,1161,327,1018,470,1545,1545,58,0,1027,170747,761,174187.34501660196,951,11,147,2,134,0
reviewed-bench-sixhours,bench,3110400,update,6,664,1440000,245347637,31,0,3,34,22,12,621,31,31,31,0,0,0,1,34,0,0,0,1504,1174,330,1030,474,1560,1560,58,0,1040,172143,767,175613.08159506368,961,10,147,2,135,0
reviewed-bench-sixhours,bench,3110400,update,6,668,1452000,245359637,29,0,0,29,21,8,625,29,29,29,0,0,0,1,29,0,0,0,1518,1187,331,1040,478,1578,1578,59,0,1050,173479,770,176979.72137194918,971,5,147,2,140,0
reviewed-bench-sixhours,bench,3110400,update,6,672,1464000,245371637,30,0,2,32,24,8,624,30,30,30,0,0,0,1,32,0,0,0,1531,1197,334,1050,481,1588,1588,59,0,1060,174729,775,178263.6182932905,979,6,147,2,139,0
reviewed-bench-sixhours,bench,3110400,update,6,676,1476000,245383637,32,0,2,34,24,10,623,32,32,32,0,0,0,1,34,0,0,0,1540,1204,336,1056,484,1594,1594,60,0,1066,176147,788,179714.03863145085,983,8,147,2,137,0
reviewed-bench-sixhours,bench,3110400,update,6,680,1488000,245395637,26,0,2,28,20,8,625,25,25,26,0,55,0,1,28,0,0,0,1549,1210,339,1063,486,1609,1609,60,0,1073,177526,794,181119.62470826926,994,6,147,2,139,0
reviewed-bench-sixhours,bench,3110400,update,6,684,1500000,245407637,23,0,1,24,15,9,623,23,23,23,0,0,0,1,24,0,0,0,1561,1220,341,1071,490,1624,1624,61,0,1081,178593,799,182207.64211925725,1007,7,147,2,138,0
reviewed-bench-sixhours,bench,3110400,update,6,688,1512000,245419637,28,0,3,31,22,9,625,28,28,28,0,0,0,1,31,0,0,0,1578,1234,344,1084,494,1634,1634,61,0,1095,179756,800,183396.9586164481,1012,6,147,2,139,0
reviewed-bench-sixhours,bench,3110400,update,6,692,1524000,245431637,26,0,1,27,20,7,625,26,26,26,0,0,0,1,27,0,0,0,1586,1241,345,1089,497,1645,1645,62,0,1099,181048,805,184717.7588966363,1019,5,147,2,140,0
reviewed-bench-sixhours,bench,3110400,update,6,696,1536000,245443637,32,0,0,32,24,8,624,32,32,32,0,0,0,1,32,0,0,0,1601,1256,345,1100,501,1655,1655,62,0,1111,182485,811,186189.6686300221,1027,6,147,2,139,0
reviewed-bench-sixhours,bench,3110400,update,6,700,1548000,245455637,32,0,4,36,24,12,621,32,32,32,0,0,0,1,36,0,0,0,1612,1263,349,1105,507,1661,1661,63,0,1117,183951,814,187672.99167062668,1031,9,147,2,136,0
reviewed-bench-sixhours,bench,3110400,update,6,704,1560000,245467637,32,0,2,34,26,8,625,32,32,32,0,0,0,1,34,0,0,0,1624,1272,352,1114,510,1674,1674,64,0,1127,185336,823,189090.91769159073,1038,6,147,2,139,0
reviewed-bench-sixhours,bench,3110400,update,6,708,1572000,245479637,30,0,1,31,22,9,623,30,30,30,0,0,0,1,31,0,0,0,1628,1275,353,1116,512,1681,1681,64,0,1128,186691,831,190474.766438385,1044,7,147,2,138,0
reviewed-bench-sixhours,bench,3110400,update,6,712,1584000,245491637,30,0,2,32,22,10,622,28,28,30,0,73,0,1,32,0,0,0,1643,1286,357,1124,519,1694,1694,65,0,1138,188095,834,191909.2489561825,1053,8,147,2,137,0
reviewed-bench-sixhours,bench,3110400,update,6,716,1596000,245503637,32,0,3,35,22,13,622,32,32,32,0,0,0,1,35,0,0,0,1657,1298,359,1131,526,1705,1705,65,0,1147,189517,836,193365.82773124473,1059,9,147,2,136,0
reviewed-bench-sixhours,bench,3110400,update,6,720,1608000,245515637,33,0,3,36,21,15,620,33,33,33,0,0,0,1,36,0,0,0,1669,1308,361,1138,531,1716,1716,65,0,1155,190906,841,194778.03911607387,1068,10,147,2,135,0
reviewed-bench-sixhours,bench,3110400,update,6,724,1620000,245527637,33,0,2,35,22,13,622,33,33,33,0,0,0,1,35,0,0,0,1680,1319,361,1144,536,1727,1727,66,0,1163,192344,849,196249.66170159122,1074,8,147,2,137,0
reviewed-bench-sixhours,bench,3110400,update,6,728,1632000,245539637,29,0,1,30,17,13,622,29,29,29,0,0,0,1,30,0,0,0,1690,1327,363,1149,541,1740,1740,68,0,1170,193814,854,197752.72096468648,1084,8,147,2,137,0
reviewed-bench-sixhours,bench,3110400,update,6,732,1644000,245551637,29,0,2,31,18,13,622,29,29,29,0,0,0,1,31,0,0,0,1705,1337,368,1159,546,1753,1753,69,0,1181,195061,861,199027.4427233641,1093,8,147,2,137,0
reviewed-bench-sixhours,bench,3110400,update,6,736,1656000,245563637,29,0,5,34,24,10,621,29,29,29,0,0,0,1,34,0,0,0,1720,1348,372,1172,548,1764,1764,70,0,1193,196308,869,200308.24630371528,1102,8,147,2,137,0
reviewed-bench-sixhours,bench,3110400,update,6,740,1668000,245575637,25,0,1,26,20,6,626,25,25,25,0,0,0,1,26,0,0,0,1729,1355,374,1178,551,1780,1780,71,0,1199,197466,870,201475.83027814748,1110,4,147,2,141,0
reviewed-bench-sixhours,bench,3110400,update,6,744,1680000,245587637,28,0,1,29,22,7,624,28,28,28,0,0,0,1,29,0,0,0,1741,1366,375,1186,555,1789,1789,71,0,1207,198753,875,202795.15042430675,1117,6,147,2,139,0
reviewed-bench-sixhours,bench,3110400,update,6,748,1692000,245599637,31,0,2,33,25,8,622,31,31,31,0,0,0,1,33,0,0,0,1754,1376,378,1193,561,1798,1798,71,0,1215,200015,884,204093.86851028213,1123,7,147,2,138,0
reviewed-bench-sixhours,bench,3110400,update,6,752,1704000,245611637,33,0,2,35,26,9,621,33,32,33,0,0,0,1,35,0,0,0,1762,1382,380,1198,564,1803,1803,72,0,1220,201439,890,205547.4234383623,1126,8,147,2,137,0
reviewed-bench-sixhours,bench,3110400,update,6,756,1716000,245623637,33,0,0,33,25,8,624,32,32,33,0,175,0,1,33,0,0,0,1772,1391,381,1205,567,1815,1815,72,0,1228,202915,893,207037.3830935876,1133,6,147,2,139,0
reviewed-bench-sixhours,bench,3110400,update,6,760,1728000,245635637,29,0,6,35,26,9,623,28,28,29,0,7,0,1,35,0,0,0,1790,1402,388,1217,573,1831,1831,72,0,1241,204318,898,208481.69957604958,1145,6,147,2,139,0
reviewed-bench-sixhours,bench,3110400,update,6,764,1740000,245647637,29,0,2,31,24,7,624,29,29,29,0,0,0,1,31,0,0,0,1798,1409,389,1223,575,1842,1842,73,0,1247,205690,909,209892.0011274279,1153,5,147,2,140,0
reviewed-bench-sixhours,bench,3110400,update,6,768,1752000,245659637,32,0,2,34,27,7,624,31,31,32,0,25,0,1,34,0,0,0,1811,1419,392,1232,579,1852,1852,73,0,1257,207063,911,211284.1619542227,1160,5,147,2,140,0
reviewed-bench-sixhours,bench,3110400,update,6,772,1764000,245671637,31,0,0,31,25,6,625,31,31,31,0,0,0,1,31,0,0,0,1823,1429,394,1241,582,1867,1867,73,0,1267,208467,919,212720.24657162232,1172,5,147,2,140,0
reviewed-bench-sixhours,bench,3110400,update,6,776,1776000,245683637,25,0,2,27,21,6,624,25,25,25,0,0,0,1,27,0,0,0,1836,1435,401,1250,586,1883,1883,74,0,1276,209721,926,214001.70770053798,1185,5,147,2,140,0
reviewed-bench-sixhours,bench,3110400,update,6,780,1788000,245695637,25,0,1,26,21,5,625,25,25,25,0,0,0,1,26,0,0,0,1844,1442,402,1256,588,1892,1892,74,0,1282,210861,933,215169.08365345886,1191,4,147,2,141,0
reviewed-bench-sixhours,bench,3110400,update,6,784,1800000,245707637,31,0,2,33,25,8,624,31,31,31,0,0,0,1,33,0,0,0,1862,1458,404,1269,593,1903,1903,74,0,1297,212228,939,216566.6270194999,1200,5,147,2,140,0
reviewed-bench-sixhours,bench,3110400,update,6,788,1812000,245719637,35,0,1,36,23,13,618,34,34,35,0,67,0,1,36,0,0,0,1875,1469,406,1275,600,1913,1913,74,0,1302,213803,945,218177.53740536002,1208,11,147,2,134,0
reviewed-bench-sixhours,bench,3110400,update,6,792,1824000,245731637,33,0,2,35,27,8,622,33,33,33,0,0,0,1,35,0,0,0,1888,1480,408,1286,602,1926,1926,75,0,1313,215275,954,219682.96258561453,1215,7,147,2,138,0
reviewed-bench-sixhours,bench,3110400,update,6,796,1836000,245743637,32,0,2,34,27,7,623,32,32,32,0,0,0,1,34,0,0,0,1900,1489,411,1295,605,1938,1938,76,0,1321,216794,957,221234.62308912026,1222,6,147,2,139,0
reviewed-bench-sixhours,bench,3110400,update,6,800,1848000,245755637,29,0,1,30,23,7,624,29,29,29,0,0,0,1,30,0,0,0,1912,1500,412,1303,609,1954,1954,76,0,1330,218154,961,222621.9660940827,1234,5,147,2,140,0
reviewed-bench-sixhours,bench,3110400,update,6,804,1860000,245767637,32,0,1,33,27,6,624,32,32,32,0,0,0,1,33,0,0,0,1924,1509,415,1312,612,1963,1963,76,0,1339,219576,967,224065.72649803758,1240,5,147,2,140,0
reviewed-bench-sixhours,bench,3110400,update,6,808,1872000,245779637,33,0,2,35,27,8,623,33,33,33,0,0,0,1,35,0,0,0,1932,1514,418,1316,616,1969,1969,76,0,1343,220995,975,225515.63786098547,1243,6,147,2,139,0
reviewed-bench-sixhours,bench,3110400,update,6,812,1884000,245791637,31,0,3,34,28,6,625,31,31,31,0,0,0,1,34,0,0,0,1946,1524,422,1325,621,1983,1983,77,0,1354,222330,982,226877.55879294127,1252,4,147,2,141,0
reviewed-bench-sixhours,bench,3110400,update,6,816,1896000,245803637,29,0,2,31,23,8,622,28,28,29,0,73,0,1,31,0,0,0,1952,1529,423,1328,624,1992,1992,77,0,1357,223712,991,228282.11089891195,1261,7,147,2,138,0
reviewed-bench-sixhours,bench,3110400,update,6,820,1908000,245815637,31,0,2,33,26,7,623,30,30,31,0,61,0,1,33,0,0,0,1969,1543,426,1342,627,2007,2007,77,0,1370,225105,994,229708.6034860164,1271,6,147,2,139,0
reviewed-bench-sixhours,bench,3110400,update,6,824,1920000,245827637,31,0,3,34,24,10,623,31,31,31,0,0,0,1,34,0,0,0,1985,1556,429,1352,633,2020,2020,79,0,1383,226452,999,231090.22676174995,1281,6,147,2,139,0
reviewed-bench-sixhours,bench,3110400,update,6,828,1932000,245839637,32,0,2,34,25,9,623,30,30,32,0,73,0,1,34,0,0,0,1995,1564,431,1358,637,2030,2030,79,0,1389,227841,1003,232502.047516549,1287,5,147,2,140,0
reviewed-bench-sixhours,bench,3110400,update,6,832,1944000,245851637,34,0,2,36,23,13,621,32,32,34,0,235,0,1,36,0,0,0,2005,1572,433,1362,643,2037,2037,80,0,1395,229320,1013,234019.0552887353,1292,6,147,2,139,0
reviewed-bench-sixhours,bench,3110400,update,6,836,1956000,245863637,33,0,1,34,17,17,618,33,33,33,0,0,0,1,34,0,0,0,2015,1580,435,1365,650,2048,2048,81,0,1399,230759,1017,235485.3713848726,1300,10,147,2,135,0
reviewed-bench-sixhours,bench,3110400,update,6,840,1968000,245875637,31,0,2,33,19,14,622,31,31,31,0,0,0,1,33,0,0,0,2029,1591,438,1374,655,2063,2063,81,0,1411,232101,1024,236863.97879698826,1309,6,147,2,139,0
reviewed-bench-sixhours,bench,3110400,update,6,844,1980000,245887637,34,0,3,37,20,17,618,34,34,34,0,0,0,1,37,0,0,0,2042,1602,440,1382,660,2071,2071,82,0,1420,233545,1030,238336.96123103285,1317,9,147,2,136,0
reviewed-bench-sixhours,bench,3110400,update,6,848,1992000,245899637,32,0,3,35,24,11,621,32,32,32,0,0,0,1,35,0,0,0,2055,1613,442,1392,663,2085,2085,83,0,1430,234863,1033,239677.00504707498,1325,6,147,2,139,0
reviewed-bench-sixhours,bench,3110400,update,6,852,2004000,245911637,33,0,2,35,26,9,622,32,32,33,0,91,0,1,35,0,0,0,2066,1622,444,1400,666,2096,2096,83,0,1438,236200,1040,241050.55387809267,1332,6,147,2,139,0
reviewed-bench-sixhours,bench,3110400,update,6,856,2016000,245923637,31,0,1,32,23,9,622,30,30,31,0,7,0,1,32,0,0,0,2073,1627,446,1403,670,2106,2106,83,0,1442,237550,1047,242422.19849959342,1339,7,147,2,138,0
reviewed-bench-sixhours,bench,3110400,update,6,860,2028000,245935637,28,0,5,33,26,7,622,28,28,28,0,0,0,1,33,0,0,0,2086,1634,452,1414,672,2118,2118,83,0,1452,238856,1053,243748.50008652778,1348,6,147,2,139,0
reviewed-bench-sixhours,bench,3110400,update,6,864,2040000,245947637,30,0,4,34,26,8,623,30,30,30,0,0,0,1,34,0,0,0,2100,1645,455,1423,677,2128,2128,86,0,1463,240117,1057,245034.79169531493,1354,5,147,2,140,0
reviewed-bench-sixhours,bench,3110400,update,6,868,2052000,245959637,33,0,2,35,29,6,623,33,33,33,0,0,0,1,35,0,0,0,2120,1662,458,1439,681,2145,2145,88,0,1479,241526,1066,246483.96108767902,1367,5,147,2,140,0
reviewed-bench-sixhours,bench,3110400,update,6,872,2064000,245971637,29,0,1,30,22,8,623,29,29,29,0,0,0,1,30,0,0,0,2124,1665,459,1440,684,2154,2154,88,0,1481,243093,1071,248073.8211355065,1374,6,147,2,139,0
reviewed-bench-sixhours,bench,3110400,update,6,876,2076000,245983637,32,0,2,34,25,9,622,31,31,32,0,49,0,1,34,0,0,0,2140,1678,462,1452,688,2166,2166,88,0,1493,244596,1081,249617.8554045544,1383,6,147,2,139,0
reviewed-bench-sixhours,bench,3110400,update,6,880,2088000,245995637,31,0,1,32,24,8,622,31,31,31,0,0,0,1,32,0,0,0,2150,1688,462,1456,694,2177,2177,89,0,1497,246104,1087,251143.15894145845,1388,6,147,2,139,0
reviewed-bench-sixhours,bench,3110400,update,6,884,2100000,246007637,28,0,4,32,21,11,620,28,28,28,0,0,0,1,32,0,0,0,2164,1697,467,1466,698,2191,2191,89,0,1508,247576,1092,252643.9833518057,1401,8,147,2,137,0
reviewed-bench-sixhours,bench,3110400,update,6,888,2112000,246019637,30,0,5,35,26,9,623,30,30,30,0,0,0,1,35,0,0,0,2182,1711,471,1480,702,2206,2206,89,0,1523,248827,1099,253933.4021384823,1410,6,147,2,139,0
reviewed-bench-sixhours,bench,3110400,update,6,892,2124000,246031637,30,0,3,33,25,8,624,29,29,30,0,19,0,1,33,0,0,0,2196,1722,474,1490,706,2222,2222,89,0,1534,250184,1105,255322.5317300805,1422,4,147,2,141,0
reviewed-bench-sixhours,bench,3110400,update,6,896,2136000,246043637,30,0,3,33,23,10,624,30,30,30,0,0,0,1,33,0,0,0,2210,1731,479,1499,711,2234,2234,91,0,1545,251636,1114,256805.72597952327,1431,5,147,2,140,0
reviewed-bench-sixhours,bench,3110400,update,6,900,2148000,246055637,31,0,2,33,21,12,622,31,31,31,0,0,0,1,33,0,0,0,2220,1740,480,1505,715,2244,2244,91,0,1552,253074,1123,258275.1296550692,1440,7,147,2,138,0
reviewed-bench-sixhours,bench,3110400,update,6,904,2160000,246067637,34,0,0,34,23,11,620,34,34,34,0,0,0,1,34,0,0,0,2236,1754,482,1516,720,2258,2258,92,0,1564,254462,1126,259684.15167936822,1452,8,147,2,137,0
reviewed-bench-sixhours,bench,3110400,update,6,908,2172000,246079637,33,0,3,36,27,9,622,30,30,33,0,157,0,1,36,0,0,0,2250,1764,486,1526,724,2270,2270,92,0,1574,255810,1132,261069.71628794866,1458,6,147,2,139,0
reviewed-bench-sixhours,bench,3110400,update,6,912,2184000,246091637,29,0,3,32,23,9,623,29,29,29,0,0,0,1,32,0,0,0,2258,1770,488,1531,727,2281,2281,93,0,1580,257224,1138,262504.21748454403,1466,5,147,2,140,0
reviewed-bench-sixhours,bench,3110400,update,6,916,2196000,246103637,31,0,3,34,25,9,621,31,31,31,0,0,0,1,34,0,0,0,2273,1781,492,1541,732,2294,2294,93,0,1591,258636,1147,263957.4904161999,1477,6,147,2,139,0
reviewed-bench-sixhours,bench,3110400,update,6,920,2208000,246115637,31,0,3,34,24,10,621,31,31,31,0,0,0,1,34,0,0,0,2283,1787,496,1547,736,2303,2303,94,0,1597,260012,1155,265359.6816893127,1482,7,147,2,138,0
reviewed-bench-sixhours,bench,3110400,update,6,924,2220000,246127637,34,0,2,36,24,12,618,34,34,34,0,0,0,1,36,0,0,0,2296,1799,497,1554,742,2314,2314,94,0,1604,261335,1159,266713.2600130313,1490,10,147,2,135,0
reviewed-bench-sixhours,bench,3110400,update,6,928,2232000,246139637,31,0,2,33,20,13,619,31,31,31,0,0,0,1,33,0,0,0,2308,1808,500,1561,747,2328,2328,95,0,1613,262681,1162,268085.0659026862,1500,10,147,2,135,0
reviewed-bench-sixhours,bench,3110400,update,6,932,2244000,246151637,30,0,2,32,24,8,623,30,30,30,0,0,0,1,32,0,0,0,2323,1820,503,1571,752,2343,2343,96,0,1624,264001,1164,269430.03307365393,1507,5,147,2,140,0
reviewed-bench-sixhours,bench,3110400,update,6,936,2256000,246163637,32,0,2,34,26,8,624,32,32,32,0,0,0,1,34,0,0,0,2334,1829,505,1579,755,2352,2352,96,0,1633,265481,1176,270938.85350281326,1513,4,147,2,141,0
reviewed-bench-sixhours,bench,3110400,update,6,940,2268000,246175637,35,0,0,35,26,9,624,33,34,35,0,79,0,1,35,0,0,0,2344,1839,505,1584,760,2361,2361,96,0,1640,266994,1182,272478.9868701706,1519,5,147,2,140,0
reviewed-bench-sixhours,bench,3110400,update,6,944,2280000,246187637,28,0,2,30,22,8,623,28,28,28,0,0,0,1,30,0,0,0,2350,1843,507,1587,763,2372,2372,96,0,1642,268397,1188,273908.54693460837,1527,5,147,2,140,0
reviewed-bench-sixhours,bench,3110400,update,6,948,2292000,246199637,34,0,2,36,25,11,621,34,34,34,0,0,0,1,36,0,0,0,2367,1856,511,1600,767,2382,2382,97,0,1656,269744,1192,275285.603554694,1536,7,147,2,138,0
reviewed-bench-sixhours,bench,3110400,update,6,952,2304000,246211637,31,0,6,37,28,9,622,31,31,31,0,0,0,1,37,0,0,0,2381,1863,518,1610,771,2395,2395,97,0,1666,271126,1199,276694.1403385345,1544,5,147,2,140,0
reviewed-bench-sixhours,bench,3110400,update,6,956,2316000,246223637,30,0,2,32,24,8,624,29,29,30,0,25,0,1,32,0,0,0,2391,1871,520,1618,773,2409,2409,98,0,1674,272468,1206,278069.05705154873,1554,4,147,2,141,0
reviewed-bench-sixhours,bench,3110400,update,6,960,2328000,246235637,29,0,1,30,19,11,619,28,28,29,0,61,0,1,30,0,0,0,2398,1878,520,1619,779,2418,2418,98,0,1675,273935,1210,279557.8083057096,1562,9,147,2,136,0
reviewed-bench-sixhours,bench,3110400,update,6,964,2340000,246247637,28,0,0,28,21,7,623,28,28,28,0,0,0,1,28,0,0,0,2414,1894,520,1631,783,2435,2435,99,0,1688,275475,1217,281136.0266195759,1572,5,147,2,140,0
reviewed-bench-sixhours,bench,3110400,update,6,968,2352000,246259637,32,0,2,34,25,9,620,32,32,32,0,0,0,1,34,0,0,0,2436,1913,523,1646,790,2451,2451,99,0,1702,276995,1221,282681.4850830324,1583,8,147,2,137,0
reviewed-bench-sixhours,bench,3110400,update,6,972,2364000,246271637,32,0,1,33,25,8,621,31,31,32,0,151,0,1,33,0,0,0,2447,1922,525,1653,794,2462,2462,100,0,1709,278388,1229,284115.71789300255,1589,7,147,2,138,0
reviewed-bench-sixhours,bench,3110400,update,6,976,2376000,246283637,34,0,2,36,28,8,621,34,34,34,0,0,0,1,36,0,0,0,2456,1929,527,1659,797,2468,2468,100,0,1715,279814,1238,285565.45591979474,1592,7,147,2,138,0
reviewed-bench-sixhours,bench,3110400,update,6,980,2388000,246295637,26,0,3,29,24,5,624,26,26,26,0,0,0,1,29,0,0,0,2464,1933,531,1665,799,2482,2482,101,0,1720,281210,1243,286990.3178181108,1600,4,147,2,141,0
reviewed-bench-sixhours,bench,3110400,update,6,984,2400000,246307637,31,0,2,33,29,4,624,30,30,31,0,43,0,1,33,0,0,0,2484,1951,533,1682,802,2498,2498,101,0,1737,282576,1253,288393.6865031626,1613,4,147,2,141,0
reviewed-bench-sixhours,bench,3110400,update,6,988,2412000,246319637,33,0,1,34,28,6,622,33,33,33,0,0,0,1,34,0,0,0,2498,1963,535,1693,805,2511,2511,101,0,1748,283942,1257,289785.7087275004,1625,6,147,2,139,0
reviewed-bench-sixhours,bench,3110400,update,6,992,2424000,246331637,33,0,2,35,29,6,623,33,33,33,0,0,0,1,35,0,0,0,2510,1972,538,1702,808,2522,2522,101,0,1757,285337,1266,291216.9585206555,1632,6,147,2,139,0
reviewed-bench-sixhours,bench,3110400,update,6,996,2436000,246343637,33,0,0,33,26,7,621,32,32,33,0,91,0,1,33,0,0,0,2515,1976,539,1704,811,2528,2528,102,0,1758,286783,1272,292680.7297221748,1636,7,147,2,138,0
reviewed-bench-sixhours,bench,3110400,update,6,1000,2448000,246355637,28,0,4,32,25,7,621,27,27,28,0,97,0,1,32,0,0,0,2528,1985,543,1714,814,2542,2542,102,0,1768,288155,1281,294091.6580134267,1647,7,147,2,138,0
reviewed-bench-sixhours,bench,3110400,update,6,1004,2460000,246367637,30,0,3,33,26,7,624,30,30,30,0,0,0,1,33,0,0,0,2544,1997,547,1725,819,2557,2557,102,0,1781,289475,1285,295442.2487045629,1656,5,147,2,140,0
reviewed-bench-sixhours,bench,3110400,update,6,1008,2472000,246379637,33,0,3,36,26,10,623,33,33,33,0,0,0,1,36,0,0,0,2561,2010,551,1736,825,2570,2570,103,0,1794,290912,1290,296902.7531389501,1666,5,147,2,140,0
reviewed-bench-sixhours,bench,3110400,update,6,1012,2484000,246391637,33,0,2,35,26,9,623,33,33,33,0,0,0,1,35,0,0,0,2571,2019,552,1742,829,2581,2581,103,0,1801,292459,1302,298472.53109388426,1674,5,147,2,140,0
reviewed-bench-sixhours,bench,3110400,update,6,1016,2496000,246403637,25,0,3,28,16,12,619,25,25,25,0,0,0,1,28,0,0,0,2584,2030,554,1748,836,2601,2601,103,0,1807,293905,1307,299950.49229035806,1691,9,147,2,136,0
reviewed-bench-sixhours,bench,3110400,update,6,1020,2508000,246415637,31,0,1,32,20,12,619,30,30,31,0,7,0,1,32,0,0,0,2601,2043,558,1762,839,2613,2613,104,0,1820,295259,1314,301339.7533625476,1699,9,147,2,136,0
reviewed-bench-sixhours,bench,3110400,update,6,1024,2520000,246427637,32,0,3,35,27,8,623,32,32,32,0,0,0,1,35,0,0,0,2615,2054,561,1773,842,2624,2624,104,0,1832,296607,1318,302711.7172987778,1704,6,147,2,139,0
reviewed-bench-sixhours,bench,3110400,update,6,1028,2532000,246439637,33,0,3,36,27,9,622,33,33,33,0,0,0,1,36,0,0,0,2630,2065,565,1784,846,2638,2638,104,0,1844,297908,1323,304032.04242473235,1716,7,147,2,138,0
reviewed-bench-sixhours,bench,3110400,update,6,1032,2544000,246451637,30,0,2,32,26,6,624,29,29,30,0,163,0,1,32,0,0,0,2637,2070,567,1789,848,2648,2648,105,0,1848,299328,1330,305483.49225465255,1721,4,147,2,141,0
reviewed-bench-sixhours,bench,3110400,update,6,1036,2556000,246463637,32,0,3,35,28,7,623,32,32,32,0,0,0,1,35,0,0,0,2648,2078,570,1797,851,2655,2655,106,0,1856,300759,1340,306956.5761798783,1726,5,147,2,140,0
reviewed-bench-sixhours,bench,3110400,update,6,1040,2568000,246475637,31,0,2,33,24,9,622,31,31,31,0,0,0,1,33,0,0,0,2658,2086,572,1802,856,2666,2666,107,0,1862,302179,1345,308401.8298022249,1734,6,147,2,139,0
reviewed-bench-sixhours,bench,3110400,update,6,1044,2580000,246487637,31,0,2,33,25,8,622,31,31,31,0,0,0,1,33,0,0,0,2675,2101,574,1815,860,2682,2682,108,0,1876,303593,1349,309845.343016719,1747,6,147,2,139,0
reviewed-bench-sixhours,bench,3110400,update,6,1048,2592000,246499637,31,0,4,35,24,11,619,31,31,31,0,0,0,1,35,0,0,0,2688,2111,577,1824,864,2691,2691,110,0,1885,305024,1356,311311.5348565108,1755,8,147,2,137,0
reviewed-bench-sixhours,bench,3110400,update,6,1052,2604000,246511637,33,0,1,34,25,9,621,33,33,33,0,0,0,1,34,0,0,0,2701,2123,578,1834,867,2702,2702,113,0,1895,306377,1362,312695.2607902321,1761,7,147,2,138,0
reviewed-bench-sixhours,bench,3110400,update,6,1056,2616000,246523637,31,0,2,33,19,14,616,31,31,31,0,0,0,1,33,0,0,0,2711,2131,580,1835,876,2713,2713,113,0,1896,307902,1368,314249.5226349891,1768,11,147,2,134,0
reviewed-bench-sixhours,bench,3110400,update,6,1060,2628000,246535637,30,0,2,32,24,8,622,30,30,30,0,0,0,1,32,0,0,0,2726,2143,583,1846,880,2728,2728,114,0,1909,309340,1373,315706.34172666585,1775,6,147,2,139,0
reviewed-bench-sixhours,bench,3110400,update,6,1064,2640000,246547637,29,0,4,33,24,9,620,29,29,29,0,0,0,1,33,0,0,0,2738,2151,587,1855,883,2738,2738,115,0,1917,310692,1379,317098.7316528787,1783,7,147,2,138,0
reviewed-bench-sixhours,bench,3110400,update,6,1068,2652000,246559637,30,0,2,32,25,7,621,29,29,30,0,13,0,1,32,0,0,0,2748,2160,588,1862,886,2749,2749,115,0,1923,312008,1384,318442.64413421834,1789,5,147,2,140,0
reviewed-bench-sixhours,bench,3110400,update,6,1072,2664000,246571637,31,0,2,33,23,10,619,31,31,31,0,0,0,1,33,0,0,0,2758,2168,590,1868,890,2757,2757,116,0,1930,313506,1392,319969.9856353323,1796,7,147,2,138,0
reviewed-bench-sixhours,bench,3110400,update,6,1076,2676000,246583637,31,0,1,32,22,10,620,31,31,31,0,0,0,1,32,0,0,0,2771,2179,592,1878,893,2771,2771,116,0,1940,314908,1396,321390.0144750443,1806,7,147,2,138,0
reviewed-bench-sixhours,bench,3110400,update,6,1080,2688000,246595637,32,0,2,34,23,11,621,32,32,32,0,0,0,1,34,0,0,0,2785,2190,595,1885,900,2783,2783,116,0,1950,316297,1400,322820.8330594986,1813,6,147,2,139,0
reviewed-bench-sixhours,bench,3110400,update,6,1084,2700000,246607637,33,0,2,35,26,9,620,32,32,33,0,49,0,1,35,0,0,0,2796,2198,598,1894,902,2792,2792,117,0,1958,317719,1406,324258.5104781063,1820,6,147,2,139,0
reviewed-bench-sixhours,bench,3110400,update,6,1088,2712000,246619637,32,0,2,34,25,9,621,32,32,32,0,0,0,1,34,0,0,0,2807,2206,601,1901,906,2804,2804,117,0,1965,319070,1415,325647.0376788322,1827,6,147,2,139,0
reviewed-bench-sixhours,bench,3110400,update,6,1092,2724000,246631637,28,0,2,30,22,8,621,27,27,28,0,85,0,1,30,0,0,0,2812,2210,602,1903,909,2813,2813,117,0,1968,320495,1420,327106.13028346654,1834,6,147,2,139,0
reviewed-bench-sixhours,bench,3110400,update,6,1096,2736000,246643637,29,0,2,31,22,9,620,29,29,29,0,0,0,1,31,0,0,0,2828,2222,606,1914,914,2827,2827,118,0,1978,321920,1423,328563.1249764301,1843,7,147,2,138,0
reviewed-bench-sixhours,bench,3110400,update,6,1100,2748000,246655637,31,0,4,35,23,12,619,31,31,31,0,0,0,1,35,0,0,0,2841,2232,609,1922,919,2836,2836,118,0,1988,323242,1431,329901.14805587754,1850,8,147,2,137,0
reviewed-bench-sixhours,bench,3110400,update,6,1104,2760000,246667637,30,0,1,31,20,11,618,30,30,30,0,0,0,1,31,0,0,0,2849,2239,610,1927,922,2848,2848,118,0,1993,324640,1437,331335.11665905826,1860,9,147,2,136,0
reviewed-bench-sixhours,bench,3110400,update,6,1108,2772000,246679637,32,0,1,33,25,8,621,32,32,32,0,0,0,1,33,0,0,0,2862,2251,611,1936,926,2859,2859,118,0,2003,326104,1443,332833.4258111203,1865,6,147,2,139,0
reviewed-bench-sixhours,bench,3110400,update,6,1112,2784000,246691637,28,0,3,31,23,8,621,28,28,28,0,0,0,1,31,0,0,0,2875,2261,614,1945,930,2874,2874,118,0,2012,327492,1446,334238.7747127991,1876,6,147,2,139,0
reviewed-bench-sixhours,bench,3110400,update,6,1116,2796000,246703637,31,0,2,33,26,7,623,30,30,31,0,49,0,1,33,0,0,0,2890,2274,616,1956,934,2886,2886,119,0,2024,328842,1451,335617.4111149488,1883,4,147,2,141,0
reviewed-bench-sixhours,bench,3110400,update,6,1120,2808000,246715637,33,0,2,35,27,8,621,33,33,33,0,0,0,1,35,0,0,0,2900,2283,617,1963,937,2894,2894,119,0,2031,330237,1462,337049.99062012415,1890,6,147,2,139,0
reviewed-bench-sixhours,bench,3110400,update,6,1124,2820000,246727637,33,0,1,34,27,7,622,33,33,33,0,0,0,1,34,0,0,0,2911,2293,618,1971,940,2906,2906,119,0,2039,331620,1470,338458.63326059375,1898,6,147,2,139,0
reviewed-bench-sixhours,bench,3110400,update,6,1128,2832000,246739637,28,0,2,30,25,5,624,28,28,28,0,0,0,1,30,0,0,0,2924,2302,622,1981,943,2922,2922,120,0,2049,332979,1475,339843.0999011379,1909,4,147,2,141,0
reviewed-bench-sixhours,bench,3110400,update,6,1132,2844000,246751637,29,0,3,32,26,6,624,29,29,29,0,0,0,1,32,0,0,0,2938,2313,625,1991,947,2934,2934,120,0,2060,334367,1479,341259.5763308527,1918,4,147,2,141,0
reviewed-bench-sixhours,bench,3110400,update,6,1136,2856000,246763637,32,0,2,34,27,7,623,32,32,32,0,0,0,1,34,0,0,0,2952,2323,629,2000,952,2946,2946,120,0,2071,335691,1485,342610.46338745765,1928,6,147,2,139,0
reviewed-bench-sixhours,bench,3110400,update,6,1140,2868000,246775637,34,0,0,34,25,9,620,34,34,34,0,0,0,1,34,0,0,0,2962,2332,630,2004,958,2955,2955,121,0,2075,337145,1495,344106.13906980027,1934,9,147,2,136,0
reviewed-bench-sixhours,bench,3110400,update,6,1144,2880000,246787637,30,0,0,30,21,9,619,30,30,30,0,0,0,1,30,0,0,0,2967,2336,631,2007,960,2963,2963,122,0,2077,338621,1499,345597.70438153856,1940,9,147,2,136,0
reviewed-bench-sixhours,bench,3110400,update,6,1148,2892000,246799637,29,0,0,29,22,7,623,29,29,29,0,0,0,1,29,0,0,0,2982,2350,632,2017,965,2979,2979,122,0,2088,340066,1504,347062.6338116629,1948,6,147,2,139,0
reviewed-bench-sixhours,bench,3110400,update,6,1152,2904000,246811637,32,0,3,35,24,11,620,32,32,32,0,0,0,1,35,0,0,0,2997,2361,636,2027,970,2988,2988,122,0,2099,341484,1509,348520.9906930756,1956,8,147,2,137,0
reviewed-bench-sixhours,bench,3110400,update,6,1156,2916000,246823637,32,0,3,35,25,10,621,32,32,32,0,0,0,1,35,0,0,0,3008,2369,639,2035,973,2998,2998,123,0,2107,342922,1515,349985.14122965466,1962,7,147,2,138,0
reviewed-bench-sixhours,bench,3110400,update,6,1160,2928000,246835637,28,0,4,32,22,10,623,28,28,28,0,0,0,1,32,0,0,0,3018,2374,644,2040,978,3011,3011,123,0,2115,344247,1523,351333.41777742654,1971,5,147,2,140,0
reviewed-bench-sixhours,bench,3110400,update,6,1164,2940000,246847637,32,0,2,34,24,10,621,32,32,32,0,0,0,1,34,0,0,0,3034,2388,646,2053,981,3025,3025,123,0,2127,345570,1526,352673.68796810135,1983,7,147,2,138,0
reviewed-bench-sixhours,bench,3110400,update,6,1168,2952000,246859637,32,0,2,34,28,6,624,30,30,32,0,115,0,1,34,0,0,0,3043,2395,648,2060,983,3033,3033,124,0,2134,346932,1535,354068.46347515564,1986,4,147,2,141,0
reviewed-bench-sixhours,bench,3110400,update,6,1172,2964000,246871637,31,0,3,34,26,8,622,31,31,31,0,0,0,1,34,0,0,0,3058,2407,651,2071,987,3048,3048,124,0,2145,348358,1543,355523.50438218564,1999,5,147,2,140,0
reviewed-bench-sixhours,bench,3110400,update,6,1176,2976000,246883637,31,0,2,33,23,10,624,31,31,31,0,0,0,1,33,0,0,0,3071,2418,653,2079,992,3061,3061,125,0,2156,349728,1548,356918.0093299616,2008,4,147,2,141,0
reviewed-bench-sixhours,bench,3110400,update,6,1180,2988000,246895637,29,0,1,30,21,9,622,29,29,29,0,0,0,1,30,0,0,0,3083,2427,656,2087,996,3074,3074,127,0,2164,351133,1555,358349.5098793213,2019,5,147,2,140,0
reviewed-bench-sixhours,bench,3110400,update,6,1184,3000000,246907637,31,0,2,33,24,9,621,31,31,31,0,0,0,1,33,0,0,0,3097,2439,658,2096,1001,3085,3085,127,0,2174,352518,1563,359767.77228337666,2027,6,147,2,139,0
reviewed-bench-sixhours,bench,3110400,update,6,1188,3012000,246919637,31,0,4,35,24,11,617,31,31,31,0,0,0,1,35,0,0,0,3109,2448,661,2103,1006,3095,3095,127,0,2180,353901,1565,361170.7707900214,2035,9,147,2,136,0
reviewed-bench-sixhours,bench,3110400,update,6,1192,3024000,246931637,31,0,4,35,27,8,622,30,30,31,0,43,0,1,35,0,0,0,3122,2457,665,2112,1010,3107,3107,128,0,2191,355232,1571,362524.53446952393,2040,5,147,2,140,0
reviewed-bench-sixhours,bench,3110400,update,6,1196,3036000,246943637,31,0,2,33,23,10,619,30,30,31,0,103,0,1,33,0,0,0,3130,2464,666,2116,1014,3114,3114,131,0,2195,356563,1577,363874.98500740854,2046,7,147,2,138,0
reviewed-bench-sixhours,bench,3110400,update,6,1200,3048000,246955637,31,0,3,34,25,9,619,31,31,31,0,0,0,1,34,0,0,0,3147,2478,669,2129,1018,3130,3130,131,0,2208,357987,1582,365331.43638449116,2058,6,147,2,139,0
reviewed-bench-sixhours,bench,3110400,update,6,1204,3060000,246967637,29,0,3,32,25,7,619,29,29,29,0,0,0,1,32,0,0,0,3157,2485,672,2136,1021,3140,3140,133,0,2215,359436,1588,366817.118054952,2065,6,147,2,139,0
reviewed-bench-sixhours,bench,3110400,update,6,1208,3072000,246979637,31,0,4,35,27,8,621,31,31,31,0,0,0,1,35,0,0,0,3174,2496,678,2148,1026,3154,3154,133,0,2229,360722,1596,368138.6516151638,2074,5,147,2,140,0
reviewed-bench-sixhours,bench,3110400,update,6,1212,3084000,246991637,32,0,1,33,19,14,615,31,31,32,0,79,0,1,33,0,0,0,3185,2507,678,2148,1037,3167,3167,133,0,2229,362104,1603,369557.3284568363,2082,11,147,2,134,0
reviewed-bench-sixhours,bench,3110400,update,6,1216,3096000,247003637,26,0,5,31,24,7,620,26,26,26,0,0,0,1,31,0,0,0,3200,2517,683,2161,1039,3184,3184,133,0,2241,363367,1608,370843.15771374805,2091,5,147,2,140,0
reviewed-bench-sixhours,bench,3110400,update,6,1220,3108000,247015637,31,0,3,34,28,6,621,31,31,31,0,0,0,1,34,0,0,0,3218,2532,686,2175,1043,3198,3198,134,0,2257,364696,1612,372207.31665546773,2102,4,147,2,141,0
reviewed-bench-sixhours,bench,3110400,update,6,1224,3110400,247018037,33,0,2,35,28,7,621,33,33,33,0,0,0,1,35,0,0,0,3220,2534,686,2176,1044,3199,3199,134,0,2258,365005,1614,372516.3381377305,2102,5,147,2,140,0
reviewed-old2-sixhours,old2,3110400,update,6,2,0,318314193,157,0,4,161,146,15,504,0,0,157,0,0,0,1,161,0,0,0,0,0,0,0,0,0,0,0,0,0,0,0,0,0,157,0,0,0,0
reviewed-old2-sixhours,old2,3110400,update,6,197,12000,318326193,107,0,0,107,94,13,557,101,101,107,0,121,0,1,107,0,0,0,14,13,1,11,3,67,67,1,0,0,5701,82,5761.2262469544075,0,107,157,0,50,0
reviewed-old2-sixhours,old2,3110400,update,6,201,24000,318338193,75,0,1,76,66,10,588,70,70,75,0,127,0,1,76,0,0,0,40,38,2,35,5,124,124,1,0,0,10033,82,10137.205621227622,0,75,157,0,82,0
reviewed-old2-sixhours,old2,3110400,update,6,205,36000,318350193,36,0,0,36,31,5,628,36,36,36,0,0,0,1,36,0,0,0,54,51,3,46,8,177,177,2,0,1,12636,82,12779.098965259269,0,36,157,0,121,0
reviewed-old2-sixhours,old2,3110400,update,6,209,48000,318362193,32,0,1,33,26,7,640,31,32,32,0,1,0,1,33,0,0,0,69,63,6,57,12,195,195,2,0,12,14056,82,14216.685673601925,2,24,157,0,133,0
reviewed-old2-sixhours,old2,3110400,update,6,213,60000,318374193,31,0,1,32,25,7,651,31,31,31,0,0,0,1,32,0,0,0,82,75,7,67,15,209,209,2,0,22,15562,83,15756.859619528055,2,14,157,0,143,0
reviewed-old2-sixhours,old2,3110400,update,6,217,72000,318386193,33,0,2,35,26,9,656,33,33,33,0,0,0,1,35,0,0,0,95,86,9,76,19,219,219,2,0,32,17110,90,17330.503700819332,4,9,157,0,148,0
reviewed-old2-sixhours,old2,3110400,update,6,221,84000,318398193,33,0,1,34,27,7,658,33,33,33,0,0,0,1,34,0,0,0,106,95,11,85,21,230,230,3,0,40,18619,97,18874.47456133878,10,7,157,0,150,0
reviewed-old2-sixhours,old2,3110400,update,6,225,96000,318410193,34,0,1,35,30,5,660,34,34,34,0,0,0,1,35,0,0,0,118,105,13,94,24,241,241,3,0,48,20196,104,20485.018600282725,15,4,157,0,153,0
reviewed-old2-sixhours,old2,3110400,update,6,229,108000,318422193,34,0,1,35,26,9,657,33,32,34,0,55,0,1,35,0,0,0,131,117,14,101,30,253,253,4,0,56,21767,114,22086.188988441136,25,7,157,0,150,0
reviewed-old2-sixhours,old2,3110400,update,6,233,120000,318434193,35,0,2,37,25,12,654,35,35,35,0,0,0,1,37,0,0,0,141,125,16,107,34,261,261,4,0,61,23350,118,23697.97975284327,31,10,157,0,147,0
reviewed-old2-sixhours,old2,3110400,update,6,237,132000,318446193,30,0,3,33,19,14,654,30,30,30,0,0,0,1,33,0,0,0,150,131,19,112,38,273,273,5,0,68,24703,122,25070.083115258254,41,10,157,0,147,0
reviewed-old2-sixhours,old2,3110400,update,6,241,144000,318458193,32,0,3,35,24,11,657,31,31,32,0,37,0,1,35,0,0,0,167,146,21,125,42,288,288,5,0,81,25998,128,26405.04437582381,49,7,157,0,150,0
reviewed-old2-sixhours,old2,3110400,update,6,245,156000,318470193,30,0,2,32,23,9,657,30,30,30,0,0,0,1,32,0,0,0,172,149,23,127,45,295,295,6,0,83,27426,136,27864.496558763087,53,8,157,0,149,0
reviewed-old2-sixhours,old2,3110400,update,6,249,168000,318482193,27,0,3,30,24,6,660,27,27,27,0,0,0,1,30,0,0,0,184,158,26,136,48,309,309,6,0,93,28786,143,29253.011619907804,62,5,157,0,152,0
reviewed-old2-sixhours,old2,3110400,update,6,253,180000,318494193,30,0,3,33,27,6,661,30,30,30,0,0,0,1,33,0,0,0,199,170,29,148,51,321,321,6,0,105,30018,145,30511.520056341775,70,5,157,0,152,0
reviewed-old2-sixhours,old2,3110400,update,6,257,192000,318506193,32,0,3,35,28,7,659,31,31,32,0,55,0,1,35,0,0,0,208,176,32,154,54,328,328,6,0,110,31359,154,31890.789063532837,75,6,157,0,151,0
reviewed-old2-sixhours,old2,3110400,update,6,261,204000,318518193,32,0,3,35,29,6,659,32,32,32,0,0,0,1,35,0,0,0,224,189,35,167,57,343,343,7,0,123,32655,160,33214.994418980554,87,6,157,0,151,0
reviewed-old2-sixhours,old2,3110400,update,6,265,216000,318530193,30,0,2,32,27,5,660,30,30,30,0,0,0,1,32,0,0,0,237,200,37,178,59,359,359,7,0,134,34058,165,34644.81913566496,100,5,157,0,152,0
reviewed-old2-sixhours,old2,3110400,update,6,269,228000,318542193,36,0,1,37,28,9,657,35,35,36,0,97,0,1,37,0,0,0,253,213,40,188,65,370,370,7,0,144,35538,172,36162.912649501115,108,9,157,0,148,0
reviewed-old2-sixhours,old2,3110400,update,6,273,240000,318554193,32,0,3,35,24,11,655,32,32,32,0,0,0,1,35,0,0,0,262,219,43,193,69,381,381,7,0,148,36995,180,37648.0744095291,116,11,157,0,146,0
reviewed-old2-sixhours,old2,3110400,update,6,277,252000,318566193,31,0,2,33,23,10,657,30,30,31,0,13,0,1,33,0,0,0,275,229,46,202,73,395,395,8,0,159,38379,186,39060.177250994835,126,9,157,0,148,0
reviewed-old2-sixhours,old2,3110400,update,6,281,264000,318578193,29,0,3,32,24,8,659,28,28,29,0,37,0,1,32,0,0,0,286,236,50,210,76,407,407,8,0,167,39756,191,40457.55695620971,133,7,157,0,150,0
reviewed-old2-sixhours,old2,3110400,update,6,285,276000,318590193,29,0,3,32,25,7,662,29,29,29,0,0,0,1,32,0,0,0,304,250,54,223,81,424,424,9,0,181,41089,196,41827.2093787496,143,4,157,0,153,0
reviewed-old2-sixhours,old2,3110400,update,6,289,288000,318602193,30,0,2,32,22,10,660,30,30,30,0,0,0,1,32,0,0,0,314,258,56,229,85,434,434,9,0,189,42558,203,43318.43582299957,153,6,157,0,151,0
reviewed-old2-sixhours,old2,3110400,update,6,293,300000,318614193,34,0,1,35,23,12,659,34,34,34,0,0,0,1,35,0,0,0,327,269,58,236,91,444,444,9,0,198,44052,208,44830.80023389589,160,7,157,0,150,0
reviewed-old2-sixhours,old2,3110400,update,6,297,312000,318626193,33,0,2,35,24,11,660,33,33,33,0,0,0,1,35,0,0,0,337,276,61,244,93,453,453,10,0,205,45528,217,46337.88191763731,165,6,157,0,151,0
reviewed-old2-sixhours,old2,3110400,update,6,301,324000,318638193,33,0,3,36,22,14,659,32,32,33,0,67,0,1,36,0,0,0,349,285,64,251,98,464,464,10,0,214,46981,221,47820.191003602464,174,7,157,0,150,0
reviewed-old2-sixhours,old2,3110400,update,6,305,336000,318650193,34,0,0,34,21,13,660,34,34,34,0,0,0,1,34,0,0,0,359,295,64,258,101,476,476,10,0,221,48436,228,49308.930322185624,182,6,157,0,151,0
reviewed-old2-sixhours,old2,3110400,update,6,309,348000,318662193,32,0,1,33,18,15,656,32,32,32,0,0,0,1,33,0,0,0,370,304,66,261,109,488,488,10,0,224,49988,233,50888.25492580375,190,10,157,0,147,0
reviewed-old2-sixhours,old2,3110400,update,6,313,360000,318674193,32,0,2,34,21,13,655,32,32,32,0,0,0,1,34,0,0,0,383,315,68,271,112,499,499,11,0,234,51396,240,52332.83017858397,199,11,157,0,146,0
reviewed-old2-sixhours,old2,3110400,update,6,317,372000,318686193,30,0,3,33,26,7,662,30,30,30,0,0,0,1,33,0,0,0,398,327,71,283,115,515,515,11,0,247,52701,247,53676.825296406634,206,4,157,0,153,0
reviewed-old2-sixhours,old2,3110400,update,6,321,384000,318698193,33,0,1,34,26,8,660,33,33,33,0,0,0,1,34,0,0,0,409,336,73,291,118,525,525,11,0,254,54144,254,55148.414117119275,214,5,157,0,152,0
reviewed-old2-sixhours,old2,3110400,update,6,325,396000,318710193,28,0,3,31,23,8,658,28,28,28,0,0,0,1,31,0,0,0,422,345,77,301,121,540,540,12,0,264,55552,259,56580.14046646748,228,7,157,0,150,0
reviewed-old2-sixhours,old2,3110400,update,6,329,408000,318722193,33,0,1,34,26,8,658,33,33,33,0,0,0,1,34,0,0,0,436,357,79,313,123,551,551,12,0,276,56967,265,58016.32000528276,237,8,157,0,149,0
reviewed-old2-sixhours,old2,3110400,update,6,333,420000,318734193,30,0,5,35,30,5,661,30,30,30,0,0,0,1,35,0,0,0,448,364,84,322,126,562,562,12,0,285,58374,271,59450.204218311235,242,5,157,0,152,0
reviewed-old2-sixhours,old2,3110400,update,6,337,432000,318746193,28,0,5,33,27,6,659,27,27,28,0,109,0,1,33,0,0,0,454,367,87,325,129,570,570,12,0,287,59634,278,60734.46517382376,248,6,157,0,151,0
reviewed-old2-sixhours,old2,3110400,update,6,341,444000,318758193,33,0,1,34,26,8,659,33,33,33,0,0,0,1,34,0,0,0,469,380,89,336,133,583,583,13,0,300,60987,281,62119.53338298481,259,7,157,0,150,0
reviewed-old2-sixhours,old2,3110400,update,6,345,456000,318770193,33,0,0,33,27,6,661,33,33,33,0,0,0,1,33,0,0,0,481,391,90,345,136,596,596,13,0,309,62489,286,63650.27226484008,267,5,157,0,152,0
reviewed-old2-sixhours,old2,3110400,update,6,349,468000,318782193,33,0,2,35,27,8,660,33,33,33,0,0,0,1,35,0,0,0,494,402,92,352,142,607,607,13,0,317,64085,296,65279.205294803716,274,6,157,0,151,0
reviewed-old2-sixhours,old2,3110400,update,6,353,480000,318794193,28,0,2,30,22,8,660,28,28,28,0,0,0,1,30,0,0,0,504,409,95,359,145,621,621,14,0,323,65588,302,66818.16890863702,284,6,157,0,151,0
reviewed-old2-sixhours,old2,3110400,update,6,357,492000,318806193,31,0,3,34,28,6,661,30,30,31,0,109,0,1,34,0,0,0,521,421,100,372,149,634,634,14,0,336,66849,305,68105.55025725067,292,5,157,0,152,0
reviewed-old2-sixhours,old2,3110400,update,6,361,504000,318818193,31,0,2,33,28,5,662,30,30,31,0,67,0,1,33,0,0,0,535,432,103,384,151,649,649,14,0,348,68219,313,69507.27896546014,304,5,157,0,152,0
reviewed-old2-sixhours,old2,3110400,update,6,365,516000,318830193,31,0,3,34,28,6,661,30,30,31,0,97,0,1,34,0,0,0,547,441,106,392,155,660,660,14,0,356,69599,322,70927.45686459634,312,5,157,0,152,0
reviewed-old2-sixhours,old2,3110400,update,6,369,528000,318842193,33,0,2,35,27,8,661,33,33,33,0,0,0,1,35,0,0,0,556,449,107,397,159,667,667,15,0,363,70994,327,72349.85154895391,317,5,157,0,152,0
reviewed-old2-sixhours,old2,3110400,update,6,373,540000,318854193,33,0,0,33,23,10,659,33,33,33,0,0,0,1,33,0,0,0,561,454,107,399,162,674,674,15,0,365,72471,336,73860.86029724218,323,7,157,0,150,0
reviewed-old2-sixhours,old2,3110400,update,6,377,552000,318866193,30,0,2,32,22,10,661,30,30,30,0,0,0,1,32,0,0,0,575,465,110,408,167,689,689,15,0,375,73948,341,75361.19543051254,332,5,157,0,152,0
reviewed-old2-sixhours,old2,3110400,update,6,381,564000,318878193,30,0,1,31,23,8,662,30,30,30,0,0,0,1,31,0,0,0,591,478,113,422,169,705,705,16,0,389,75272,347,76720.15320998244,345,4,157,0,153,0
reviewed-old2-sixhours,old2,3110400,update,6,385,576000,318890193,33,0,1,34,25,9,662,33,33,33,0,0,0,1,34,0,0,0,606,492,114,433,173,717,717,16,0,401,76710,353,78185.80576951895,354,4,157,0,153,0
reviewed-old2-sixhours,old2,3110400,update,6,389,588000,318902193,36,0,3,39,26,13,655,35,35,36,0,127,0,1,39,0,0,0,615,499,116,435,180,721,721,16,0,402,78264,358,79768.51181274094,357,10,157,0,147,0
reviewed-old2-sixhours,old2,3110400,update,6,393,600000,318914193,29,0,0,29,22,7,661,29,29,29,0,0,0,1,29,0,0,0,620,503,117,438,182,735,735,17,0,405,79771,367,81299.83844487183,363,5,157,0,152,0
reviewed-old2-sixhours,old2,3110400,update,6,397,612000,318926193,29,0,5,34,29,5,662,29,29,29,0,0,0,1,34,0,0,0,640,516,124,453,187,750,750,17,0,422,81153,373,82712.57950391155,374,4,157,0,153,0
reviewed-old2-sixhours,old2,3110400,update,6,401,624000,318938193,29,0,4,33,24,9,659,29,29,29,0,0,0,1,33,0,0,0,654,526,128,461,193,765,765,17,0,432,82430,376,84008.76336168498,388,6,157,0,151,0
reviewed-old2-sixhours,old2,3110400,update,6,405,636000,318950193,34,0,0,34,26,8,661,34,34,34,0,0,0,1,34,0,0,0,667,537,130,471,196,776,776,18,0,443,83824,384,85439.70190109871,395,5,157,0,152,0
reviewed-old2-sixhours,old2,3110400,update,6,409,648000,318962193,35,0,1,36,27,9,658,35,35,35,0,0,0,1,36,0,0,0,674,543,131,475,199,781,781,18,0,446,85348,389,86980.70952279493,399,7,157,0,150,0
reviewed-old2-sixhours,old2,3110400,update,6,413,660000,318974193,33,0,0,33,19,14,653,33,33,33,0,0,0,1,33,0,0,0,686,554,132,480,206,795,795,19,0,451,86881,401,88552.73347816523,411,12,157,0,145,0
reviewed-old2-sixhours,old2,3110400,update,6,417,672000,318986193,31,0,3,34,21,13,655,31,31,31,0,0,0,1,34,0,0,0,698,563,135,488,210,806,806,19,0,460,88363,404,90060.65306802932,417,10,157,0,147,0
reviewed-old2-sixhours,old2,3110400,update,6,421,684000,318998193,31,0,2,33,21,12,655,31,31,31,0,0,0,1,33,0,0,0,715,576,139,501,214,823,823,20,0,473,89698,413,91427.5225642426,430,9,157,0,148,0
reviewed-old2-sixhours,old2,3110400,update,6,425,696000,319010193,32,0,2,34,23,11,655,32,32,32,0,0,0,1,34,0,0,0,730,590,140,509,221,837,837,20,0,481,91112,415,92862.28729083762,437,10,157,0,147,0
reviewed-old2-sixhours,old2,3110400,update,6,429,708000,319022193,31,0,2,33,21,12,657,30,30,31,0,175,0,1,33,0,0,0,741,599,142,515,226,849,849,20,0,490,92527,424,94310.95913746394,445,8,157,0,149,0
reviewed-old2-sixhours,old2,3110400,update,6,433,720000,319034193,30,0,3,33,22,11,656,30,30,30,0,0,0,1,33,0,0,0,752,607,145,523,229,860,860,20,0,499,93955,430,95784.17464304157,455,9,157,0,148,0
reviewed-old2-sixhours,old2,3110400,update,6,437,732000,319046193,24,0,3,27,21,6,659,24,24,24,0,0,0,1,27,0,0,0,768,620,148,534,234,882,882,20,0,509,95343,436,97214.35136814043,468,6,157,0,151,0
reviewed-old2-sixhours,old2,3110400,update,6,441,744000,319058193,31,0,4,35,26,9,658,31,31,31,0,0,0,1,35,0,0,0,783,632,151,544,239,888,888,21,0,521,96645,442,98547.93783693248,472,7,157,0,150,0
reviewed-old2-sixhours,old2,3110400,update,6,445,756000,319070193,27,0,2,29,23,6,660,27,27,27,0,0,0,1,29,0,0,0,792,639,153,551,241,903,903,21,0,528,98058,448,99989.34824398113,483,5,157,0,152,0
reviewed-old2-sixhours,old2,3110400,update,6,449,768000,319082193,34,0,1,35,29,6,661,34,34,34,0,0,0,1,35,0,0,0,811,655,156,566,245,915,915,22,0,543,99432,453,101393.83183534956,490,4,157,0,153,0
reviewed-old2-sixhours,old2,3110400,update,6,453,780000,319094193,35,0,0,35,26,9,658,35,35,35,0,0,0,1,35,0,0,0,817,661,156,569,248,921,921,22,0,546,100986,463,102979.00702443486,496,7,157,0,150,0
reviewed-old2-sixhours,old2,3110400,update,6,457,792000,319106193,34,0,0,34,22,12,658,34,34,34,0,0,0,1,34,0,0,0,827,670,157,573,254,932,932,22,0,553,102430,471,104450.09593385505,504,7,157,0,150,0
reviewed-old2-sixhours,old2,3110400,update,6,461,804000,319118193,29,0,1,30,19,11,658,29,29,29,0,0,0,1,30,0,0,0,835,676,159,578,257,943,943,23,0,557,103860,475,105902.24523201911,511,6,157,0,151,0
reviewed-old2-sixhours,old2,3110400,update,6,465,816000,319130193,31,0,2,33,23,10,659,30,30,31,0,67,0,1,33,0,0,0,849,688,161,589,260,954,954,23,0,568,105204,485,107277.10208793869,518,6,157,0,151,0
reviewed-old2-sixhours,old2,3110400,update,6,469,828000,319142193,32,0,3,35,24,11,659,32,32,32,0,0,0,1,35,0,0,0,863,700,163,599,264,966,966,23,0,579,106601,492,108713.50048906961,527,6,157,0,151,0
reviewed-old2-sixhours,old2,3110400,update,6,473,840000,319154193,33,0,3,36,25,11,657,33,33,33,0,0,0,1,36,0,0,0,878,713,165,610,268,980,980,23,0,591,108101,497,110241.54896101868,540,8,157,0,149,0
reviewed-old2-sixhours,old2,3110400,update,6,477,852000,319166193,33,0,1,34,21,13,658,32,32,33,0,73,0,1,34,0,0,0,893,726,167,617,276,996,996,24,0,602,109446,501,111621.86990858661,551,7,157,0,150,0
reviewed-old2-sixhours,old2,3110400,update,6,481,864000,319178193,30,0,1,31,19,12,658,30,30,30,0,0,0,1,31,0,0,0,902,734,168,620,282,1008,1008,24,0,605,110863,509,113080.27096919995,557,6,157,0,151,0
reviewed-old2-sixhours,old2,3110400,update,6,485,876000,319190193,31,0,1,32,21,11,660,31,31,31,0,0,0,1,32,0,0,0,914,745,169,629,285,1018,1018,25,0,615,112301,516,114539.71643229108,563,4,157,0,153,0
reviewed-old2-sixhours,old2,3110400,update,6,489,888000,319202193,30,0,5,35,24,11,660,29,29,30,0,97,0,1,35,0,0,0,927,753,174,638,289,1028,1028,25,0,624,113644,526,115913.4771893993,569,4,157,0,153,0
reviewed-old2-sixhours,old2,3110400,update,6,493,900000,319214193,32,0,3,35,25,10,661,30,30,32,0,115,0,1,35,0,0,0,944,765,179,651,293,1044,1044,26,0,639,114925,530,117220.94694605935,582,4,157,0,153,0
reviewed-old2-sixhours,old2,3110400,update,6,497,912000,319226193,31,0,0,31,21,10,659,30,30,31,0,55,0,1,31,0,0,0,953,772,181,656,297,1057,1057,26,0,645,116429,538,118752.35978145059,594,6,157,0,151,0
reviewed-old2-sixhours,old2,3110400,update,6,501,924000,319238193,27,0,2,29,22,7,660,27,27,27,0,0,0,1,29,0,0,0,965,781,184,666,299,1071,1071,26,0,654,117890,545,120254.31397045497,604,5,157,0,152,0
reviewed-old2-sixhours,old2,3110400,update,6,505,936000,319250193,33,0,1,34,25,9,658,32,32,33,0,115,0,1,34,0,0,0,978,793,185,676,302,1078,1078,27,0,664,119269,551,121661.26184925996,610,7,157,0,150,0
reviewed-old2-sixhours,old2,3110400,update,6,509,948000,319262193,30,0,3,33,26,7,660,30,30,30,0,0,0,1,33,0,0,0,990,801,189,685,305,1091,1091,27,0,673,120612,556,123028.05375474878,618,6,157,0,151,0
reviewed-old2-sixhours,old2,3110400,update,6,513,960000,319274193,31,0,3,34,28,6,660,31,31,31,0,0,0,1,34,0,0,0,1004,813,191,696,308,1103,1103,28,0,683,121916,564,124376.04267756734,626,5,157,0,152,0
reviewed-old2-sixhours,old2,3110400,update,6,517,972000,319286193,28,0,4,32,27,5,661,28,28,28,0,0,0,1,32,0,0,0,1012,818,194,702,310,1113,1113,28,0,689,123192,571,125671.88853105437,633,4,157,0,153,0
reviewed-old2-sixhours,old2,3110400,update,6,521,984000,319298193,34,0,1,35,25,10,658,34,34,34,0,0,0,1,35,0,0,0,1030,835,195,713,317,1128,1128,28,0,701,124505,574,127020.16084974259,645,8,157,0,149,0
reviewed-old2-sixhours,old2,3110400,update,6,525,996000,319310193,30,0,4,34,26,8,657,30,30,30,0,0,0,1,34,0,0,0,1036,838,198,716,320,1135,1135,28,0,703,125925,583,128461.68166272715,649,8,157,0,149,0
reviewed-old2-sixhours,old2,3110400,update,6,529,1008000,319322193,32,0,3,35,26,9,658,32,32,32,0,0,0,1,35,0,0,0,1049,848,201,725,324,1146,1146,29,0,713,127254,590,129825.19295177981,656,8,157,0,149,0
reviewed-old2-sixhours,old2,3110400,update,6,533,1020000,319334193,27,0,3,30,23,7,659,27,27,27,0,0,0,1,30,0,0,0,1059,855,204,732,327,1161,1161,29,0,719,128621,593,131211.98452706356,666,6,157,0,151,0
reviewed-old2-sixhours,old2,3110400,update,6,537,1032000,319346193,27,0,2,29,21,8,658,27,27,27,0,0,0,1,29,0,0,0,1074,868,206,742,332,1176,1176,30,0,731,129869,601,132503.52758214902,679,7,157,0,150,0
reviewed-old2-sixhours,old2,3110400,update,6,541,1044000,319358193,33,0,1,34,25,9,658,33,32,33,0,0,0,1,34,0,0,0,1088,881,207,753,335,1185,1185,30,0,742,131302,606,133960.1324725272,685,8,157,0,149,0
reviewed-old2-sixhours,old2,3110400,update,6,545,1056000,319370193,31,0,3,34,26,8,658,31,31,31,0,0,0,1,34,0,0,0,1100,890,210,762,338,1196,1196,31,0,750,132775,612,135457.9092061855,692,7,157,0,150,0
reviewed-old2-sixhours,old2,3110400,update,6,549,1068000,319382193,28,0,6,34,30,4,661,27,27,28,0,19,0,1,34,0,0,0,1116,900,216,775,341,1212,1212,31,0,762,134088,619,136814.83800639492,701,4,157,0,153,0
reviewed-old2-sixhours,old2,3110400,update,6,553,1080000,319394193,27,0,4,31,25,6,660,26,26,27,0,103,0,1,31,0,0,0,1122,904,218,777,345,1221,1221,31,0,765,135354,627,138101.16677893884,708,5,157,0,152,0
reviewed-old2-sixhours,old2,3110400,update,6,557,1092000,319406193,30,0,2,32,25,7,660,30,30,30,0,0,0,1,32,0,0,0,1136,917,219,787,349,1233,1233,32,0,776,136768,633,139554.97456304217,717,5,157,0,152,0
reviewed-old2-sixhours,old2,3110400,update,6,561,1104000,319418193,26,0,4,30,19,11,657,26,26,26,0,0,0,1,30,0,0,0,1152,928,224,796,356,1250,1250,33,0,785,138087,638,140899.52352135675,730,8,157,0,149,0
reviewed-old2-sixhours,old2,3110400,update,6,565,1116000,319430193,30,0,0,30,17,13,655,30,30,30,0,0,0,1,30,0,0,0,1165,938,227,805,360,1263,1263,33,0,795,139298,644,142144.2187500936,742,10,157,0,147,0
reviewed-old2-sixhours,old2,3110400,update,6,569,1128000,319442193,29,0,4,33,25,8,659,28,28,29,0,37,0,1,33,0,0,0,1179,948,231,816,363,1274,1274,33,0,807,140613,647,143492.9866283252,747,6,157,0,151,0
reviewed-old2-sixhours,old2,3110400,update,6,573,1140000,319454193,28,0,4,32,22,10,658,28,28,28,0,0,0,1,32,0,0,0,1191,956,235,824,367,1287,1287,33,0,815,141947,655,144856.72306350665,757,7,157,0,150,0
reviewed-old2-sixhours,old2,3110400,update,6,577,1152000,319466193,29,0,4,33,19,14,657,29,29,29,0,0,0,1,33,0,0,0,1204,964,240,830,374,1298,1298,34,0,824,143295,658,146220.6967075239,765,8,157,0,149,0
reviewed-old2-sixhours,old2,3110400,update,6,581,1164000,319478193,30,0,2,32,20,12,658,30,30,30,0,0,0,1,32,0,0,0,1218,976,242,839,379,1313,1313,34,0,834,144721,664,147685.32976998575,775,6,157,0,151,0
reviewed-old2-sixhours,old2,3110400,update,6,585,1176000,319490193,34,0,0,34,21,13,658,34,34,34,0,0,0,1,34,0,0,0,1229,987,242,846,383,1321,1321,35,0,842,146254,672,149259.08164614812,780,6,157,0,151,0
reviewed-old2-sixhours,old2,3110400,update,6,589,1188000,319502193,26,0,1,27,16,11,659,25,25,26,0,7,0,1,27,0,0,0,1237,993,244,851,386,1336,1336,35,0,847,147748,679,150772.91414653137,791,6,157,0,151,0
reviewed-old2-sixhours,old2,3110400,update,6,593,1200000,319514193,34,0,2,36,23,13,655,34,34,34,0,0,0,1,36,0,0,0,1253,1006,247,864,389,1343,1343,35,0,859,149067,683,152120.76374295726,798,9,157,0,148,0
reviewed-old2-sixhours,old2,3110400,update,6,597,1212000,319526193,31,0,2,33,24,9,656,30,30,31,0,37,0,1,33,0,0,0,1259,1010,249,868,391,1351,1351,36,0,863,150483,688,153553.27607175848,803,8,157,0,149,0
reviewed-old2-sixhours,old2,3110400,update,6,601,1224000,319538193,34,0,1,35,28,7,659,34,34,34,0,0,0,1,35,0,0,0,1271,1021,250,877,394,1361,1361,36,0,873,151802,693,154902.89297617367,808,5,157,0,152,0
reviewed-old2-sixhours,old2,3110400,update,6,605,1236000,319550193,31,0,1,32,22,10,655,31,31,31,0,0,0,1,32,0,0,0,1281,1029,252,880,401,1374,1374,36,0,876,153227,701,156356.38770872587,818,9,157,0,148,0
reviewed-old2-sixhours,old2,3110400,update,6,609,1248000,319562193,35,0,0,35,23,12,654,35,35,35,0,0,0,1,35,0,0,0,1292,1040,252,886,406,1381,1381,37,0,883,154741,706,157905.44879700383,822,10,157,0,147,0
reviewed-old2-sixhours,old2,3110400,update,6,613,1260000,319574193,31,0,1,32,24,8,656,30,30,31,0,31,0,1,32,0,0,0,1300,1046,254,892,408,1391,1391,38,0,888,156211,713,159392.13651308464,827,7,157,0,150,0
reviewed-old2-sixhours,old2,3110400,update,6,617,1272000,319586193,33,0,2,35,25,10,656,33,33,33,0,0,0,1,35,0,0,0,1312,1056,256,899,413,1400,1400,38,0,897,157571,716,160782.73561285948,833,7,157,0,150,0
reviewed-old2-sixhours,old2,3110400,update,6,621,1284000,319598193,31,0,3,34,23,11,655,29,29,31,0,61,0,1,34,0,0,0,1320,1062,258,904,416,1409,1409,38,0,902,158942,722,162169.28251918638,840,8,157,0,149,0
reviewed-old2-sixhours,old2,3110400,update,6,625,1296000,319610193,29,0,1,30,22,8,656,29,29,29,0,0,0,1,30,0,0,0,1331,1071,260,913,418,1424,1424,38,0,911,160341,729,163596.57358646533,852,8,157,0,149,0
reviewed-old2-sixhours,old2,3110400,update,6,629,1308000,319622193,31,0,3,34,24,10,654,31,31,31,0,0,0,1,34,0,0,0,1347,1084,263,921,426,1435,1435,39,0,919,161698,733,164976.33085908229,857,9,157,0,148,0
reviewed-old2-sixhours,old2,3110400,update,6,633,1320000,319634193,28,0,2,30,21,9,655,28,28,28,0,0,0,1,30,0,0,0,1359,1093,266,927,432,1451,1451,39,0,925,162920,736,166223.83609836316,866,8,157,0,149,0
reviewed-old2-sixhours,old2,3110400,update,6,637,1332000,319646193,27,0,2,29,23,6,660,27,27,27,0,0,0,1,29,0,0,0,1375,1104,271,939,436,1468,1468,39,0,938,164117,745,167442.71767875785,875,4,157,0,153,0
reviewed-old2-sixhours,old2,3110400,update,6,641,1344000,319658193,29,0,2,31,22,9,658,29,29,29,0,0,0,1,31,0,0,0,1388,1114,274,947,441,1478,1478,40,0,947,165364,749,168725.48039641604,883,5,157,0,152,0
reviewed-old2-sixhours,old2,3110400,update,6,645,1356000,319670193,29,0,2,31,21,10,655,29,29,29,0,0,0,1,31,0,0,0,1401,1124,277,955,446,1491,1491,40,0,955,166631,752,170017.18065819424,894,8,157,0,149,0
reviewed-old2-sixhours,old2,3110400,update,6,649,1368000,319682193,24,0,3,27,17,10,658,24,24,24,0,0,0,1,27,0,0,0,1413,1132,281,962,451,1507,1507,40,0,964,167821,761,171241.6007822128,904,6,157,0,151,0
reviewed-old2-sixhours,old2,3110400,update,6,653,1380000,319694193,29,0,6,35,23,12,655,29,29,29,0,0,0,1,35,0,0,0,1427,1141,286,973,454,1513,1513,40,0,975,169012,762,172453.9394411184,910,8,157,0,149,0
reviewed-old2-sixhours,old2,3110400,update,6,657,1392000,319706193,30,0,5,35,24,11,657,30,30,30,0,0,0,1,35,0,0,0,1440,1151,289,982,458,1525,1525,41,0,985,170313,764,173787.9427237874,917,7,157,0,150,0
reviewed-old2-sixhours,old2,3110400,update,6,661,1404000,319718193,30,0,3,33,23,10,657,30,30,30,0,0,0,1,33,0,0,0,1449,1158,291,988,461,1536,1536,41,0,991,171787,773,175284.98219373822,925,7,157,0,150,0
reviewed-old2-sixhours,old2,3110400,update,6,665,1416000,319730193,34,0,1,35,26,9,657,33,32,34,0,73,0,1,35,0,0,0,1461,1167,294,998,463,1546,1546,41,0,1000,173227,781,176753.05645037908,932,7,157,0,150,0
reviewed-old2-sixhours,old2,3110400,update,6,669,1428000,319742193,30,0,4,34,25,9,658,30,30,30,0,0,0,1,34,0,0,0,1470,1172,298,1003,467,1555,1555,42,0,1006,174710,788,178264.8428879613,937,6,157,0,151,0
reviewed-old2-sixhours,old2,3110400,update,6,673,1440000,319754193,23,0,2,25,18,7,659,23,23,23,0,0,0,1,25,0,0,0,1481,1181,300,1011,470,1575,1575,42,0,1014,175854,792,179432.5808593128,953,6,157,0,151,0
reviewed-old2-sixhours,old2,3110400,update,6,677,1452000,319766193,21,0,2,23,17,6,659,21,21,21,0,0,0,1,23,0,0,0,1489,1187,302,1015,474,1585,1585,42,0,1018,176793,795,180387.481262004,959,5,157,0,152,0
reviewed-old2-sixhours,old2,3110400,update,6,681,1464000,319778193,23,0,4,27,18,9,657,23,23,23,0,0,0,1,27,0,0,0,1502,1196,306,1024,478,1593,1593,43,0,1028,177894,800,181516.72236080188,966,7,157,0,150,0
reviewed-old2-sixhours,old2,3110400,update,6,685,1476000,319790193,28,0,3,31,19,12,655,28,28,28,0,0,0,1,31,0,0,0,1518,1209,309,1033,485,1605,1605,43,0,1039,179027,802,182670.11725490075,975,9,157,0,148,0
reviewed-old2-sixhours,old2,3110400,update,6,689,1488000,319802193,34,0,1,35,23,12,656,34,34,34,0,0,0,1,35,0,0,0,1529,1220,309,1041,488,1612,1612,43,0,1047,180334,807,184001.5258559836,978,9,157,0,148,0
reviewed-old2-sixhours,old2,3110400,update,6,693,1500000,319814193,28,0,7,35,27,8,659,28,28,28,0,0,0,1,35,0,0,0,1540,1224,316,1049,491,1623,1623,43,0,1054,181582,813,185280.30603920203,982,5,157,0,152,0
reviewed-old2-sixhours,old2,3110400,update,6,697,1512000,319826193,29,0,2,31,23,8,660,29,29,29,0,0,0,1,31,0,0,0,1547,1230,317,1054,493,1633,1633,44,0,1059,182818,819,186527.8099202253,989,5,157,0,152,0
reviewed-old2-sixhours,old2,3110400,update,6,701,1524000,319838193,30,0,1,31,26,5,659,30,30,30,0,0,0,1,31,0,0,0,1560,1241,319,1063,497,1646,1646,44,0,1068,184185,826,187923.68331033736,999,5,157,0,152,0
reviewed-old2-sixhours,old2,3110400,update,6,705,1536000,319850193,36,0,0,36,29,7,657,36,36,36,0,0,0,1,36,0,0,0,1570,1251,319,1070,500,1650,1650,45,0,1075,185595,831,189362.9850650672,1002,7,157,0,150,0
reviewed-old2-sixhours,old2,3110400,update,6,709,1548000,319862193,29,0,1,30,26,4,660,29,29,29,0,0,0,1,30,0,0,0,1580,1260,320,1078,502,1666,1666,45,0,1083,187085,838,190877.96523282025,1013,4,157,0,153,0
reviewed-old2-sixhours,old2,3110400,update,6,713,1560000,319874193,31,0,1,32,22,10,659,30,30,31,0,151,0,1,32,0,0,0,1593,1271,322,1084,509,1677,1677,45,0,1093,188439,846,192259.09839536343,1022,6,157,0,151,0
reviewed-old2-sixhours,old2,3110400,update,6,717,1572000,319886193,26,0,2,28,17,11,658,26,26,26,0,0,0,1,28,0,0,0,1603,1279,324,1090,513,1691,1691,45,0,1099,189906,853,193776.65452446416,1033,6,157,0,151,0
reviewed-old2-sixhours,old2,3110400,update,6,721,1584000,319898193,31,0,2,33,22,11,658,31,31,31,0,0,0,1,33,0,0,0,1621,1295,326,1104,517,1703,1703,46,0,1114,191274,858,195174.28280607052,1042,6,157,0,151,0
reviewed-old2-sixhours,old2,3110400,update,6,725,1596000,319910193,31,0,2,33,24,9,660,31,31,31,0,0,0,1,33,0,0,0,1633,1304,329,1113,520,1715,1715,46,0,1123,192740,864,196666.56466311775,1049,5,157,0,152,0
reviewed-old2-sixhours,old2,3110400,update,6,729,1608000,319922193,31,0,4,35,27,8,659,31,31,31,0,0,0,1,35,0,0,0,1643,1311,332,1119,524,1723,1723,46,0,1130,194163,871,198121.9948165035,1055,5,157,0,152,0
reviewed-old2-sixhours,old2,3110400,update,6,733,1620000,319934193,32,0,2,34,25,9,656,32,32,32,0,0,0,1,34,0,0,0,1652,1319,333,1123,529,1732,1732,47,0,1134,195652,880,199642.3036232628,1062,8,157,0,149,0
reviewed-old2-sixhours,old2,3110400,update,6,737,1632000,319946193,31,0,0,31,23,8,657,31,31,31,0,0,0,1,31,0,0,0,1664,1330,334,1133,531,1747,1747,47,0,1144,197123,884,201143.15550387185,1074,8,157,0,149,0
reviewed-old2-sixhours,old2,3110400,update,6,741,1644000,319958193,31,0,2,33,25,8,656,31,31,31,0,0,0,1,33,0,0,0,1675,1339,336,1141,534,1756,1756,47,0,1151,198645,890,202694.20051269606,1080,8,157,0,149,0
reviewed-old2-sixhours,old2,3110400,update,6,745,1656000,319970193,29,0,4,33,29,4,661,28,28,29,0,13,0,1,33,0,0,0,1691,1351,340,1154,537,1771,1771,48,0,1165,200044,900,204119.88845598232,1088,3,157,0,154,0
reviewed-old2-sixhours,old2,3110400,update,6,749,1668000,319982193,28,0,3,31,23,8,659,28,28,28,0,0,0,1,31,0,0,0,1698,1357,341,1157,541,1780,1780,48,0,1169,201483,905,205591.66690027108,1096,6,157,0,151,0
reviewed-old2-sixhours,old2,3110400,update,6,753,1680000,319994193,27,0,1,28,21,7,660,26,27,27,0,1,0,1,28,0,0,0,1707,1365,342,1163,544,1792,1792,48,0,1175,202839,909,206969.19397805026,1104,5,157,0,152,0
reviewed-old2-sixhours,old2,3110400,update,6,757,1692000,320006193,33,0,3,36,27,9,657,33,33,33,0,0,0,1,36,0,0,0,1723,1377,346,1176,547,1799,1799,49,0,1187,204296,917,208457.3116917438,1110,7,157,0,150,0
reviewed-old2-sixhours,old2,3110400,update,6,761,1704000,320018193,32,0,2,34,23,11,655,32,32,32,0,0,0,1,34,0,0,0,1731,1384,347,1181,550,1809,1809,49,0,1192,205767,922,209954.57257512351,1119,9,157,0,148,0
reviewed-old2-sixhours,old2,3110400,update,6,765,1716000,320030193,32,0,3,35,22,13,655,32,32,32,0,0,0,1,35,0,0,0,1742,1392,350,1187,555,1819,1819,49,0,1200,207163,929,211374.61441615922,1126,10,157,0,147,0
reviewed-old2-sixhours,old2,3110400,update,6,769,1728000,320042193,28,0,2,30,20,10,656,28,28,28,0,0,0,1,30,0,0,0,1752,1399,353,1193,559,1834,1834,49,0,1206,208436,936,212671.93880235357,1136,8,157,0,149,0
reviewed-old2-sixhours,old2,3110400,update,6,773,1740000,320054193,28,0,1,29,20,9,657,28,28,28,0,0,0,1,29,0,0,0,1765,1411,354,1201,564,1847,1847,50,0,1214,209794,939,214056.21154537564,1143,7,157,0,150,0
reviewed-old2-sixhours,old2,3110400,update,6,777,1752000,320066193,29,0,3,32,20,12,653,29,29,29,0,0,0,1,32,0,0,0,1781,1423,358,1211,570,1860,1860,50,0,1224,211122,942,215411.75350929843,1154,10,157,0,147,0
reviewed-old2-sixhours,old2,3110400,update,6,781,1764000,320078193,33,0,2,35,22,13,654,33,33,33,0,0,0,1,35,0,0,0,1797,1436,361,1220,577,1872,1872,51,0,1234,212444,949,216771.60098965792,1159,10,157,0,147,0
reviewed-old2-sixhours,old2,3110400,update,6,785,1776000,320090193,32,0,2,34,24,10,655,32,32,32,0,0,0,1,34,0,0,0,1806,1442,364,1226,580,1881,1881,52,0,1239,213880,957,218240.55652388977,1163,8,157,0,149,0
reviewed-old2-sixhours,old2,3110400,update,6,789,1788000,320102193,27,0,1,28,20,8,658,27,27,27,0,0,0,1,28,0,0,0,1815,1450,365,1231,584,1896,1896,52,0,1245,215304,962,219706.08515542047,1172,6,157,0,151,0
reviewed-old2-sixhours,old2,3110400,update,6,793,1800000,320114193,31,0,5,36,28,8,658,31,31,31,0,0,0,1,36,0,0,0,1831,1461,370,1243,588,1904,1904,52,0,1258,216615,964,221031.44052030938,1177,6,157,0,151,0
reviewed-old2-sixhours,old2,3110400,update,6,797,1812000,320126193,31,0,0,31,24,7,659,31,31,31,0,0,0,1,31,0,0,0,1839,1469,370,1248,591,1917,1917,52,0,1263,217991,972,222434.5042302427,1186,6,157,0,151,0
reviewed-old2-sixhours,old2,3110400,update,6,801,1824000,320138193,33,0,1,34,26,8,659,33,33,33,0,0,0,1,34,0,0,0,1850,1479,371,1254,596,1925,1925,52,0,1271,219256,977,223733.2408749177,1191,6,157,0,151,0
reviewed-old2-sixhours,old2,3110400,update,6,805,1836000,320150193,30,0,1,31,22,9,657,30,30,30,0,0,0,1,31,0,0,0,1857,1485,372,1258,599,1934,1934,53,0,1274,220677,981,225177.64679196244,1198,7,157,0,150,0
reviewed-old2-sixhours,old2,3110400,update,6,809,1848000,320162193,29,0,2,31,22,9,659,29,29,29,0,0,0,1,31,0,0,0,1869,1493,376,1266,603,1946,1946,53,0,1284,221973,990,226507.3982559354,1206,5,157,0,152,0
reviewed-old2-sixhours,old2,3110400,update,6,813,1860000,320174193,32,0,1,33,24,9,659,32,32,32,0,0,0,1,33,0,0,0,1879,1501,378,1272,607,1954,1954,53,0,1291,223366,996,227930.5428343094,1211,6,157,0,151,0
reviewed-old2-sixhours,old2,3110400,update,6,817,1872000,320186193,24,0,5,29,22,7,659,24,24,24,0,0,0,1,29,0,0,0,1894,1509,385,1284,610,1972,1972,54,0,1302,224529,1000,229116.2345421235,1225,5,157,0,152,0
reviewed-old2-sixhours,old2,3110400,update,6,821,1884000,320198193,30,0,1,31,21,10,656,29,29,30,0,115,0,1,31,0,0,0,1907,1520,387,1294,613,1983,1983,54,0,1311,225708,1003,230320.07798075536,1235,8,157,0,149,0
reviewed-old2-sixhours,old2,3110400,update,6,825,1896000,320210193,34,0,0,34,23,11,655,33,33,34,0,97,0,1,34,0,0,0,1922,1533,389,1302,620,1994,1994,55,0,1321,227145,1010,231788.29389863322,1242,9,157,0,148,0
reviewed-old2-sixhours,old2,3110400,update,6,829,1908000,320222193,33,0,0,33,23,10,657,33,33,33,0,0,0,1,33,0,0,0,1929,1540,389,1305,624,2002,2002,55,0,1326,228695,1016,233366.80707746977,1246,7,157,0,150,0
reviewed-old2-sixhours,old2,3110400,update,6,833,1920000,320234193,33,0,0,33,24,9,658,32,32,33,0,19,0,1,33,0,0,0,1941,1550,391,1314,627,2014,2014,55,0,1335,230245,1023,234956.6858745669,1254,7,157,0,150,0
reviewed-old2-sixhours,old2,3110400,update,6,837,1932000,320246193,29,0,5,34,27,7,660,29,29,29,0,0,0,1,34,0,0,0,1953,1557,396,1323,630,2025,2025,55,0,1344,231819,1029,236554.11885945173,1260,4,157,0,153,0
reviewed-old2-sixhours,old2,3110400,update,6,841,1944000,320258193,27,0,4,31,22,9,659,27,27,27,0,0,0,1,31,0,0,0,1964,1563,401,1328,636,2038,2038,56,0,1352,233154,1035,237923.65692566382,1271,5,157,0,152,0
reviewed-old2-sixhours,old2,3110400,update,6,845,1956000,320270193,25,0,5,30,23,7,658,24,24,25,0,97,0,1,30,0,0,0,1978,1572,406,1338,640,2053,2053,56,0,1362,234548,1040,239338.57161307195,1283,5,157,0,152,0
reviewed-old2-sixhours,old2,3110400,update,6,849,1968000,320282193,29,0,1,30,22,8,658,29,29,29,0,0,0,1,30,0,0,0,1993,1584,409,1350,643,2067,2067,57,0,1374,235969,1044,240788.98179556942,1294,6,157,0,151,0
reviewed-old2-sixhours,old2,3110400,update,6,853,1980000,320294193,30,0,4,34,26,8,657,30,30,30,0,0,0,1,34,0,0,0,2005,1593,412,1359,646,2075,2075,57,0,1383,237357,1052,242205.4530134839,1300,7,157,0,150,0
reviewed-old2-sixhours,old2,3110400,update,6,857,1992000,320306193,31,0,3,34,25,9,656,31,31,31,0,0,0,1,34,0,0,0,2016,1601,415,1367,649,2086,2086,57,0,1391,238709,1056,243574.5103386012,1309,8,157,0,149,0
reviewed-old2-sixhours,old2,3110400,update,6,861,2004000,320318193,26,0,3,29,21,8,657,26,26,26,0,0,0,1,29,0,0,0,2026,1607,419,1375,651,2101,2101,57,0,1398,239961,1063,244848.08168129856,1320,7,157,0,150,0
reviewed-old2-sixhours,old2,3110400,update,6,865,2016000,320330193,28,0,3,31,25,6,659,28,28,28,0,0,0,1,31,0,0,0,2041,1619,422,1386,655,2113,2113,58,0,1410,241188,1070,246114.16318140784,1327,5,157,0,152,0
reviewed-old2-sixhours,old2,3110400,update,6,869,2028000,320342193,31,0,3,34,25,9,656,31,31,31,0,0,0,1,34,0,0,0,2052,1627,425,1393,659,2121,2121,58,0,1417,242535,1073,247478.5561779919,1334,7,157,0,150,0
reviewed-old2-sixhours,old2,3110400,update,6,873,2040000,320354193,32,0,2,34,24,10,655,32,32,32,0,0,0,1,34,0,0,0,2069,1641,428,1403,666,2137,2137,59,0,1428,243950,1081,248927.1984263747,1345,9,157,0,148,0
reviewed-old2-sixhours,old2,3110400,update,6,877,2052000,320366193,29,0,3,32,23,9,657,29,29,29,0,0,0,1,32,0,0,0,2077,1647,430,1406,671,2147,2147,59,0,1432,245323,1086,250337.04095380427,1349,6,157,0,151,0
reviewed-old2-sixhours,old2,3110400,update,6,881,2064000,320378193,33,0,1,34,23,11,656,33,33,33,0,0,0,1,34,0,0,0,2094,1662,432,1418,676,2161,2161,60,0,1446,246688,1088,251732.49016349344,1361,7,157,0,150,0
reviewed-old2-sixhours,old2,3110400,update,6,885,2076000,320390193,31,0,2,33,21,12,656,30,30,31,0,31,0,1,33,0,0,0,2103,1668,435,1422,681,2171,2171,60,0,1451,248126,1096,253191.87255114177,1367,8,157,0,149,0
reviewed-old2-sixhours,old2,3110400,update,6,889,2088000,320402193,33,0,1,34,23,11,656,33,33,33,0,0,0,1,34,0,0,0,2112,1676,436,1429,683,2178,2178,61,0,1457,249480,1103,254577.10492787836,1371,7,157,0,150,0
reviewed-old2-sixhours,old2,3110400,update,6,893,2100000,320414193,33,0,1,34,24,10,657,33,33,33,0,0,0,1,34,0,0,0,2123,1686,437,1436,687,2189,2189,61,0,1465,250889,1109,256018.1491112481,1378,6,157,0,151,0
reviewed-old2-sixhours,old2,3110400,update,6,897,2112000,320426193,29,0,2,31,24,7,661,29,29,29,0,0,0,1,31,0,0,0,2133,1694,439,1442,691,2202,2202,61,0,1473,252292,1117,257453.45353738265,1385,3,157,0,154,0
reviewed-old2-sixhours,old2,3110400,update,6,901,2124000,320438193,32,0,2,34,25,9,659,32,32,32,0,0,0,1,34,0,0,0,2149,1706,443,1453,696,2215,2215,61,0,1485,253606,1118,258792.61280077184,1396,4,157,0,153,0
reviewed-old2-sixhours,old2,3110400,update,6,905,2136000,320450193,34,0,0,34,22,12,656,34,34,34,0,0,0,1,34,0,0,0,2158,1714,444,1458,700,2223,2223,62,0,1491,255087,1128,260309.06103719398,1404,7,157,0,150,0
reviewed-old2-sixhours,old2,3110400,update,6,909,2148000,320462193,28,0,7,35,27,8,657,28,28,28,0,0,0,1,35,0,0,0,2175,1724,451,1472,703,2239,2239,62,0,1505,256529,1135,261788.85830606427,1416,6,157,0,151,0
reviewed-old2-sixhours,old2,3110400,update,6,913,2160000,320474193,27,0,2,29,22,7,658,27,27,27,0,0,0,1,29,0,0,0,2181,1729,452,1475,706,2251,2251,62,0,1508,257900,1142,263187.0080889864,1424,6,157,0,151,0
reviewed-old2-sixhours,old2,3110400,update,6,917,2172000,320486193,30,0,3,33,27,6,659,30,30,30,0,0,0,1,33,0,0,0,2198,1742,456,1489,709,2264,2264,62,0,1522,259369,1148,264687.96800418943,1433,5,157,0,152,0
reviewed-old2-sixhours,old2,3110400,update,6,921,2184000,320498193,33,0,2,35,25,10,656,31,31,33,0,55,0,1,35,0,0,0,2216,1759,457,1499,717,2279,2279,63,0,1533,260856,1153,266213.2145071244,1444,8,157,0,149,0
reviewed-old2-sixhours,old2,3110400,update,6,925,2196000,320510193,32,0,2,34,27,7,661,32,32,32,0,0,0,1,34,0,0,0,2232,1771,461,1511,721,2296,2296,63,0,1547,262253,1158,267649.10392219573,1454,4,157,0,153,0
reviewed-old2-sixhours,old2,3110400,update,6,929,2208000,320522193,32,0,2,34,25,9,658,32,32,32,0,0,0,1,34,0,0,0,2241,1777,464,1517,724,2305,2305,63,0,1551,263728,1165,269152.7279514228,1461,6,157,0,151,0
reviewed-old2-sixhours,old2,3110400,update,6,933,2220000,320534193,31,0,2,33,25,8,660,31,31,31,0,0,0,1,33,0,0,0,2252,1785,467,1524,728,2316,2316,64,0,1559,265194,1172,270645.05188412266,1467,5,157,0,152,0
reviewed-old2-sixhours,old2,3110400,update,6,937,2232000,320546193,31,0,2,33,21,12,658,31,31,31,0,0,0,1,33,0,0,0,2266,1797,469,1533,733,2330,2330,64,0,1570,266566,1179,272034.24476958765,1480,7,157,0,150,0
reviewed-old2-sixhours,old2,3110400,update,6,941,2244000,320558193,32,0,2,34,25,9,660,32,32,32,0,0,0,1,34,0,0,0,2278,1807,471,1543,735,2341,2341,64,0,1580,267956,1185,273448.0830382346,1487,5,157,0,152,0
reviewed-old2-sixhours,old2,3110400,update,6,945,2256000,320570193,32,0,3,35,23,12,655,32,32,32,0,0,0,1,35,0,0,0,2287,1813,474,1546,741,2349,2349,64,0,1582,269387,1191,274908.565024829,1493,9,157,0,148,0
reviewed-old2-sixhours,old2,3110400,update,6,949,2268000,320582193,29,0,4,33,25,8,659,29,29,29,0,0,0,1,33,0,0,0,2306,1828,478,1559,747,2369,2369,65,0,1595,270595,1198,276139.7140204455,1503,6,157,0,151,0
reviewed-old2-sixhours,old2,3110400,update,6,953,2280000,320594193,34,0,1,35,25,10,656,34,34,34,0,0,0,1,35,0,0,0,2319,1840,479,1568,751,2380,2380,65,0,1604,271953,1202,277528.71966387844,1513,8,157,0,149,0
reviewed-old2-sixhours,old2,3110400,update,6,957,2292000,320606193,32,0,2,34,26,8,658,32,32,32,0,0,0,1,34,0,0,0,2330,1848,482,1575,755,2391,2391,66,0,1611,273367,1209,278976.5700120437,1518,7,157,0,150,0
reviewed-old2-sixhours,old2,3110400,update,6,961,2304000,320618193,32,0,2,34,26,8,657,32,32,32,0,0,0,1,34,0,0,0,2341,1857,484,1584,757,2402,2402,66,0,1619,274751,1215,280390.8751489376,1527,7,157,0,150,0
reviewed-old2-sixhours,old2,3110400,update,6,965,2316000,320630193,31,0,1,32,24,8,658,31,31,31,0,0,0,1,32,0,0,0,2351,1866,485,1590,761,2413,2413,67,0,1626,276160,1222,281828.00886275014,1534,6,157,0,151,0
reviewed-old2-sixhours,old2,3110400,update,6,969,2328000,320642193,35,0,1,36,24,12,654,35,34,35,0,0,0,1,36,0,0,0,2367,1880,487,1597,770,2425,2425,67,0,1633,277596,1225,283302.4190011942,1541,11,157,0,146,0
reviewed-old2-sixhours,old2,3110400,update,6,973,2340000,320654193,29,0,2,31,24,7,660,29,29,29,0,0,0,1,31,0,0,0,2376,1887,489,1602,774,2439,2439,67,0,1640,279038,1232,284773.4248707942,1547,5,157,0,152,0
reviewed-old2-sixhours,old2,3110400,update,6,977,2352000,320666193,32,0,3,35,23,12,657,31,31,32,0,85,0,1,35,0,0,0,2389,1896,493,1609,780,2447,2447,68,0,1649,280382,1238,286158.0053676008,1554,7,157,0,150,0
reviewed-old2-sixhours,old2,3110400,update,6,981,2364000,320678193,33,0,1,34,22,12,659,32,32,33,0,7,0,1,34,0,0,0,2397,1902,495,1614,783,2456,2456,68,0,1656,281756,1244,287554.1433953447,1560,7,157,0,150,0
reviewed-old2-sixhours,old2,3110400,update,6,985,2376000,320690193,29,0,1,30,20,10,660,29,29,29,0,0,0,1,30,0,0,0,2408,1912,496,1622,786,2471,2471,68,0,1663,283168,1248,288992.76014570985,1570,5,157,0,152,0
reviewed-old2-sixhours,old2,3110400,update,6,989,2388000,320702193,28,0,2,30,22,8,661,27,27,28,0,61,0,1,30,0,0,0,2420,1922,498,1632,788,2483,2483,68,0,1673,284608,1255,290468.5662790453,1579,4,157,0,153,0
reviewed-old2-sixhours,old2,3110400,update,6,993,2400000,320714193,31,0,2,33,25,8,659,31,31,31,0,0,0,1,33,0,0,0,2434,1934,500,1642,792,2494,2494,68,0,1683,286007,1262,291894.48689839523,1588,5,157,0,152,0
reviewed-old2-sixhours,old2,3110400,update,6,997,2412000,320726193,31,0,2,33,23,10,658,30,30,31,0,115,0,1,33,0,0,0,2442,1940,502,1646,796,2501,2501,69,0,1688,287421,1271,293337.4786703484,1593,6,157,0,151,0
reviewed-old2-sixhours,old2,3110400,update,6,1001,2424000,320738193,30,0,3,33,24,9,660,30,30,30,0,0,0,1,33,0,0,0,2458,1952,506,1656,802,2517,2517,69,0,1701,288757,1275,294696.77404584177,1604,5,157,0,152,0
reviewed-old2-sixhours,old2,3110400,update,6,1005,2436000,320750193,33,0,1,34,24,10,658,33,33,33,0,0,0,1,34,0,0,0,2468,1961,507,1664,804,2526,2526,69,0,1709,290033,1281,295999.8210308766,1613,7,157,0,150,0
reviewed-old2-sixhours,old2,3110400,update,6,1009,2448000,320762193,33,0,2,35,24,11,656,33,33,33,0,0,0,1,35,0,0,0,2479,1970,509,1672,807,2536,2536,69,0,1716,291430,1287,297429.12122589163,1621,8,157,0,149,0
reviewed-old2-sixhours,old2,3110400,update,6,1013,2460000,320774193,36,0,1,37,24,13,655,35,35,36,0,19,0,1,37,0,0,0,2489,1979,510,1676,813,2543,2543,70,0,1720,292867,1292,298885.2704545269,1623,10,157,0,147,0
reviewed-old2-sixhours,old2,3110400,update,6,1017,2472000,320786193,32,0,3,35,22,13,653,32,32,32,0,0,0,1,35,0,0,0,2499,1986,513,1683,816,2555,2555,70,0,1726,294322,1294,300372.1006322121,1633,11,157,0,146,0
reviewed-old2-sixhours,old2,3110400,update,6,1021,2484000,320798193,27,0,2,29,22,7,657,27,27,27,0,0,0,1,29,0,0,0,2505,1991,514,1687,818,2566,2566,71,0,1730,295577,1301,301654.96720551606,1638,7,157,0,150,0
reviewed-old2-sixhours,old2,3110400,update,6,1025,2496000,320810193,31,0,2,33,26,7,658,30,30,31,0,103,0,1,33,0,0,0,2520,2002,518,1698,822,2577,2577,71,0,1742,296882,1307,302994.9789570663,1645,6,157,0,151,0
reviewed-old2-sixhours,old2,3110400,update,6,1029,2508000,320822193,32,0,2,34,27,7,659,32,32,32,0,0,0,1,34,0,0,0,2531,2010,521,1706,825,2587,2587,71,0,1750,298227,1312,304360.5562977847,1651,6,157,0,151,0
reviewed-old2-sixhours,old2,3110400,update,6,1033,2520000,320834193,30,0,3,33,26,7,658,30,30,30,0,0,0,1,33,0,0,0,2543,2020,523,1715,828,2600,2600,71,0,1759,299576,1317,305730.3114850791,1662,7,157,0,150,0
reviewed-old2-sixhours,old2,3110400,update,6,1037,2532000,320846193,24,0,3,27,22,5,662,24,24,24,0,0,0,1,27,0,0,0,2555,2029,526,1722,833,2617,2617,72,0,1767,300828,1321,307014.4839469688,1671,3,157,0,154,0
reviewed-old2-sixhours,old2,3110400,update,6,1041,2544000,320858193,33,0,1,34,27,7,659,32,32,33,0,103,0,1,34,0,0,0,2569,2042,527,1733,836,2624,2624,72,0,1778,302260,1329,308479.7118945103,1678,6,157,0,151,0
reviewed-old2-sixhours,old2,3110400,update,6,1045,2556000,320870193,33,0,1,34,29,5,662,32,32,33,0,61,0,1,34,0,0,0,2577,2049,528,1739,838,2632,2632,72,0,1784,303748,1335,309990.8175189467,1681,4,157,0,153,0
reviewed-old2-sixhours,old2,3110400,update,6,1049,2568000,320882193,29,0,5,34,28,6,660,27,27,29,0,25,0,1,34,0,0,0,2588,2056,532,1746,842,2643,2643,72,0,1790,305074,1343,311341.80012580473,1689,4,157,0,153,0
reviewed-old2-sixhours,old2,3110400,update,6,1053,2580000,320894193,34,0,0,34,24,10,657,33,33,34,0,0,0,1,34,0,0,0,2597,2065,532,1749,848,2651,2651,73,0,1793,306541,1350,312837.3181348294,1694,9,157,0,148,0
reviewed-old2-sixhours,old2,3110400,update,6,1057,2592000,320906193,28,0,1,29,20,9,658,26,26,28,0,385,0,1,29,0,0,0,2604,2071,533,1752,852,2663,2663,73,0,1796,308003,1362,314315.05607664865,1701,7,157,0,150,0
reviewed-old2-sixhours,old2,3110400,update,6,1061,2604000,320918193,30,0,0,30,22,8,659,28,28,30,0,457,0,1,30,0,0,0,2620,2085,535,1765,855,2677,2677,74,0,1809,309266,1413,315618.62803344335,1711,7,157,0,150,0
reviewed-old2-sixhours,old2,3110400,update,6,1065,2616000,320930193,32,0,2,34,25,9,658,30,30,32,0,295,0,1,34,0,0,0,2629,2092,537,1772,857,2682,2682,74,0,1816,310635,1471,317022.74500804115,1715,8,157,0,149,0
reviewed-old2-sixhours,old2,3110400,update,6,1069,2628000,320942193,31,0,4,35,25,10,657,29,29,31,0,121,0,1,35,0,0,0,2641,2101,540,1781,860,2693,2693,74,0,1825,311824,1537,318246.68151116185,1724,9,157,0,148,0
reviewed-old2-sixhours,old2,3110400,update,6,1073,2640000,320954193,29,0,6,35,22,13,654,28,28,29,0,0,0,1,35,0,0,0,2653,2108,545,1789,864,2705,2705,74,0,1833,312904,1610,319363.75583601743,1735,11,157,0,146,0
reviewed-old2-sixhours,old2,3110400,update,6,1077,2652000,320966193,33,0,1,34,24,10,657,30,30,33,0,343,0,1,34,0,0,0,2667,2121,546,1800,867,2719,2719,75,0,1844,314140,1681,320646.4483868596,1743,9,157,0,148,0
reviewed-old2-sixhours,old2,3110400,update,6,1081,2664000,320978193,34,0,1,35,23,12,655,28,28,34,0,445,0,1,35,0,0,0,2675,2127,548,1805,870,2726,2726,75,0,1849,315442,1762,321992.3128536125,1749,11,157,0,146,0
reviewed-old2-sixhours,old2,3110400,update,6,1085,2676000,320990193,33,0,1,34,20,14,655,27,28,33,0,301,0,1,34,0,0,0,2685,2135,550,1811,874,2737,2737,75,0,1856,316802,1856,323400.3803017824,1757,12,157,0,145,0
reviewed-old2-sixhours,old2,3110400,update,6,1089,2688000,321002193,33,0,2,35,22,13,655,26,26,33,0,229,0,1,35,0,0,0,2696,2144,552,1819,877,2747,2747,75,0,1864,318122,1951,324781.85529096285,1764,11,157,0,146,0
reviewed-old2-sixhours,old2,3110400,update,6,1093,2700000,321014193,32,0,2,34,20,14,654,23,23,32,0,445,0,1,34,0,0,0,2704,2151,553,1824,880,2755,2755,76,0,1869,319274,2041,325980.5415859544,1770,12,157,0,145,0
reviewed-old2-sixhours,old2,3110400,update,6,1097,2712000,321026193,34,0,1,35,19,16,653,28,28,34,0,253,0,1,35,0,0,0,2710,2156,554,1826,884,2760,2760,76,0,1872,320414,2138,327176.6009121728,1773,13,157,0,144,0
reviewed-old2-sixhours,old2,3110400,update,6,1101,2724000,321038193,31,0,2,33,19,14,653,21,22,31,0,1369,0,1,33,0,0,0,2720,2162,558,1831,889,2772,2772,76,0,1876,321508,2231,328318.10335631715,1779,13,157,0,144,0
reviewed-old2-sixhours,old2,3110400,update,6,1105,2736000,321050193,34,0,0,34,22,12,655,23,23,34,0,1105,0,1,34,0,0,0,2732,2174,558,1840,892,2782,2782,77,0,1885,322529,2341,329393.9196493984,1784,11,157,0,146,0
reviewed-old2-sixhours,old2,3110400,update,6,1109,2748000,321062193,34,0,0,34,19,15,651,24,24,34,0,361,0,1,34,0,0,0,2736,2177,559,1841,895,2785,2785,78,0,1885,323633,2456,330539.56251378777,1787,14,157,0,143,0
reviewed-old2-sixhours,old2,3110400,update,6,1113,2760000,321074193,31,0,2,33,19,14,653,25,25,31,0,403,0,1,33,0,0,0,2745,2183,562,1848,897,2795,2795,78,0,1892,324688,2592,331646.80353474384,1793,13,157,0,144,0
reviewed-old2-sixhours,old2,3110400,update,6,1117,2772000,321086193,33,0,3,36,21,15,651,23,23,33,0,367,0,1,36,0,0,0,2754,2190,564,1854,900,2801,2801,78,0,1897,325720,2728,332728.44932569796,1797,14,157,0,143,0
reviewed-old2-sixhours,old2,3110400,update,6,1121,2784000,321098193,31,0,2,33,17,16,650,23,23,31,0,457,0,1,33,0,0,0,2762,2196,566,1859,903,2811,2811,79,0,1902,326805,2862,333866.518686573,1805,15,157,0,142,0
reviewed-old2-sixhours,old2,3110400,update,6,1125,2796000,321110193,30,0,4,34,19,15,652,22,22,30,0,283,0,1,34,0,0,0,2772,2202,570,1867,905,2820,2820,79,0,1911,327797,2977,334898.47425406985,1811,13,157,0,144,0
reviewed-old2-sixhours,old2,3110400,update,6,1129,2808000,321122193,31,0,1,32,14,18,651,21,21,31,0,463,0,1,32,0,0,0,2780,2209,571,1870,910,2829,2829,80,0,1915,328769,3091,335920.88280398864,1817,14,157,0,143,0
reviewed-old2-sixhours,old2,3110400,update,6,1133,2820000,321134193,34,0,1,35,16,19,651,25,25,34,0,343,0,1,35,0,0,0,2789,2217,572,1875,914,2835,2835,80,0,1921,329839,3217,337055.5371464081,1820,14,157,0,143,0
reviewed-old2-sixhours,old2,3110400,update,6,1137,2832000,321146193,35,0,1,36,19,17,651,25,25,35,0,1261,0,1,36,0,0,0,2795,2222,573,1879,916,2840,2840,80,0,1924,330934,3330,338192.6646978571,1822,13,157,0,144,0
reviewed-old2-sixhours,old2,3110400,update,6,1141,2844000,321158193,34,0,2,36,18,18,651,24,24,34,0,883,0,1,36,0,0,0,2807,2231,576,1886,921,2851,2851,81,0,1932,332033,3449,339334.2592003518,1829,14,157,0,143,0
reviewed-old2-sixhours,old2,3110400,update,6,1145,2856000,321170193,32,0,2,34,16,18,650,23,23,32,0,571,0,1,34,0,0,0,2809,2232,577,1887,922,2855,2855,81,0,1932,333129,3565,340483.76775876293,1832,14,157,0,143,0
reviewed-old2-sixhours,old2,3110400,update,6,1149,2868000,321182193,32,0,1,33,15,18,651,21,21,32,0,1273,0,1,33,0,0,0,2816,2236,580,1891,925,2863,2863,81,0,1937,334108,3682,341513.1183763868,1837,14,157,0,143,0
reviewed-old2-sixhours,old2,3110400,update,6,1153,2880000,321194193,32,0,1,33,16,17,650,16,16,32,0,811,0,1,33,0,0,0,2824,2242,582,1896,928,2870,2870,82,0,1941,335009,3793,342463.626761802,1841,15,157,0,142,0
reviewed-old2-sixhours,old2,3110400,update,6,1157,2892000,321206193,34,0,1,35,19,16,650,25,25,34,0,691,0,1,35,0,0,0,2835,2252,583,1906,929,2879,2879,82,0,1951,335934,3922,343441.85555331083,1849,15,157,0,142,0
reviewed-old2-sixhours,old2,3110400,update,6,1161,2904000,321218193,35,0,1,36,20,16,648,20,20,35,0,745,0,1,36,0,0,0,2840,2255,585,1909,931,2882,2882,83,0,1952,336958,4060,344513.44362696144,1850,15,157,0,142,0
reviewed-old2-sixhours,old2,3110400,update,6,1165,2916000,321230193,31,0,0,31,15,16,650,14,14,31,0,1213,0,1,31,0,0,0,2843,2257,586,1912,931,2890,2890,83,0,1955,337905,4212,345492.7272890869,1856,15,157,0,142,0
reviewed-old2-sixhours,old2,3110400,update,6,1169,2928000,321242193,30,0,2,32,16,16,651,15,18,30,0,751,0,1,32,0,0,0,2853,2263,590,1919,934,2898,2898,84,0,1963,338704,4369,346323.2519925663,1861,13,157,0,144,0
reviewed-old2-sixhours,old2,3110400,update,6,1173,2940000,321254193,34,0,1,35,18,17,648,17,16,34,0,427,0,1,35,0,0,0,2862,2270,592,1925,937,2903,2903,85,0,1969,339578,4550,347245.81394827995,1866,15,157,0,142,0
reviewed-old2-sixhours,old2,3110400,update,6,1177,2952000,321266193,33,0,2,35,18,17,649,20,20,33,0,487,0,1,35,0,0,0,2869,2274,595,1932,937,2910,2910,85,0,1976,340459,4734,348161.1355114456,1872,15,157,0,142,0
reviewed-old2-sixhours,old2,3110400,update,6,1181,2964000,321278193,31,0,1,32,16,16,649,12,12,31,0,1153,0,1,32,0,0,0,2873,2277,596,1935,938,2917,2917,85,0,1978,341256,4914,348996.70771892066,1877,14,157,0,143,0
reviewed-old2-sixhours,old2,3110400,update,6,1185,2976000,321290193,33,0,1,34,16,18,649,17,17,33,0,691,0,1,34,0,0,0,2883,2285,598,1942,941,2924,2924,86,0,1986,342106,5099,349884.0477538423,1882,15,157,0,142,0
reviewed-old2-sixhours,old2,3110400,update,6,1189,2988000,321302193,33,0,2,35,18,17,648,21,21,33,0,433,0,1,35,0,0,0,2887,2286,601,1946,941,2926,2926,87,0,1989,342912,5283,350730.4000061962,1884,15,157,0,142,0
reviewed-old2-sixhours,old2,3110400,update,6,1193,3000000,321314193,33,0,1,34,19,15,650,25,25,33,0,421,0,1,34,0,0,0,2894,2292,602,1952,942,2934,2934,87,0,1995,343728,5464,351584.0457131823,1889,13,157,0,144,0
reviewed-old2-sixhours,old2,3110400,update,6,1197,3012000,321326193,34,0,2,36,20,16,647,19,19,34,0,2641,0,1,36,0,0,0,2899,2295,604,1955,944,2937,2937,87,0,1997,344698,5611,352594.6618570953,1892,15,157,0,142,0
reviewed-old2-sixhours,old2,3110400,update,6,1201,3024000,321338193,32,0,1,33,19,14,650,16,16,32,0,10039,0,1,33,0,0,0,2903,2298,605,1958,945,2943,2943,88,0,2000,345592,5776,353524.88686862425,1894,13,157,0,144,0
reviewed-old2-sixhours,old2,3110400,update,6,1205,3036000,321350193,30,0,3,33,16,17,647,12,12,30,1,22039,1,1,33,0,0,0,2912,2302,610,1963,949,2951,2951,89,0,2005,346392,5941,354363.5158587333,1901,15,157,0,142,0
reviewed-old2-sixhours,old2,3110400,update,6,1209,3048000,321362193,33,0,2,35,19,16,648,22,20,33,1,34039,1,1,35,0,0,0,2925,2310,615,1974,951,2962,2962,89,0,2015,347138,6059,355136.7522044049,1908,15,157,0,142,0
reviewed-old2-sixhours,old2,3110400,update,6,1213,3060000,321374193,33,0,0,33,19,14,650,18,18,33,4,46039,3,1,33,0,0,0,2931,2316,615,1979,952,2970,2970,89,0,2020,347999,6171,356025.4849508067,1913,13,157,0,144,0
reviewed-old2-sixhours,old2,3110400,update,6,1217,3072000,321386193,36,0,0,36,20,16,648,18,18,36,4,58039,3,1,36,0,0,0,2935,2320,615,1980,955,2971,2971,89,0,2021,348883,6283,356926.5980040303,1913,15,157,0,142,0
reviewed-old2-sixhours,old2,3110400,update,6,1221,3084000,321398193,35,0,1,36,21,15,647,21,21,35,3,70039,3,1,36,0,0,0,2936,2320,616,1981,955,2971,2971,90,0,2021,349835,6402,357910.799866935,1913,14,157,1,142,0
reviewed-old2-sixhours,old2,3110400,update,6,1225,3096000,321410193,34,0,1,35,21,14,649,21,21,34,3,82039,3,1,35,0,0,0,2942,2324,618,1985,957,2977,2977,91,0,2025,350755,6538,358862.8820804211,1915,13,157,1,143,0
reviewed-old2-sixhours,old2,3110400,update,6,1229,3108000,321422193,33,0,1,34,18,16,648,22,22,33,3,94039,3,1,34,0,0,0,2946,2328,618,1987,959,2982,2982,91,0,2028,351674,6675,359806.94650127995,1920,14,157,1,142,0
reviewed-old2-sixhours,old2,3110400,update,6,1233,3110400,321424593,33,0,1,34,18,16,647,20,20,33,3,96439,3,1,34,0,0,0,2947,2328,619,1988,959,2983,2983,91,0,2028,351849,6699,359985.25748353475,1921,14,157,1,142,0
