run_id,fixture,duration_ticks,mode,step_ticks,receipt_line,elapsed,clock,road,atv,flying,all_map,civilian,police,parked,ground_velocity_moving,ground_moved_last_step,ground_mission_bearing,stationary_12000,max_road_stopped_ticks,road_stopped_12000,context_player_fleet,context_nonplayer_onmap,context_aliens_onmap,context_crashed_aliens_onmap,context_crashed_onmap,events_entries,events_road_entries,events_flyer_entries,events_civilian_entries,events_police_entries,events_building_entries,events_confirmed_target_arrivals,events_dead_exits,events_other_exits,events_newly_seen,events_ground_tile_changes,events_ground_reversals,events_ground_distance,events_successful_retirements,initial_ground_on_map_now,initial_ground_ever_changed_position,initial_ground_dead,initial_ground_in_building,initial_ground_elsewhere,physical_peak_ticks,physical_peak_id,physical_peak_with_intent_ticks,physical_peak_with_intent_id,physical_active_max_ticks,physical_active_long,physical_active_long_with_intent_history,physical_active_long_crashed,physical_ended_movement,physical_ended_alive_map_exit,physical_ended_retirement,physical_ended_death,physical_intent_loss_events
recovery-speed5-eligible-hour,fresh,518400,turbo,43200,2,0,6220800,0,0,0,0,0,0,330,0,0,0,0,0,0,5,0,0,0,0,0,0,0,0,0,0,0,0,0,0,0,0,0,0,0,0,0,0,0,,,,,,,,,,,,,
recovery-speed5-eligible-hour,fresh,518400,turbo,43200,125,43200,6264000,22,0,6,28,24,4,329,21,0,22,0,1,0,5,28,0,0,0,28,22,6,24,4,0,0,0,0,27,0,0,0,0,0,0,0,0,0,,,,,,,,,,,,,
recovery-speed5-eligible-hour,fresh,518400,turbo,43200,129,86400,6307200,33,0,2,35,34,1,330,31,4,33,0,1,0,5,35,0,0,0,59,51,8,54,5,9,7,15,0,58,4,0,136.13456535339355,7,0,0,0,0,0,,,,,,,,,,,,,
recovery-speed5-eligible-hour,fresh,518400,turbo,43200,133,129600,6350400,35,0,2,37,33,4,328,31,20,35,0,1,0,5,37,0,0,0,76,66,10,68,8,20,18,19,0,74,24,0,689.1829314231873,18,0,0,0,0,0,,,,,,,,,,,,,
recovery-speed5-eligible-hour,fresh,518400,turbo,43200,137,172800,6393600,31,0,1,32,27,5,330,29,9,31,0,1,0,5,32,0,0,0,99,88,11,90,9,42,40,25,0,99,33,0,1006.9657502174377,39,0,0,0,0,0,,,,,,,,,,,,,
recovery-speed5-eligible-hour,fresh,518400,turbo,43200,141,216000,6436800,30,0,1,31,28,3,331,28,11,30,0,1,0,5,31,0,0,0,119,107,12,109,10,55,52,33,0,123,44,0,1304.7019743919373,51,0,0,0,0,0,,,,,,,,,,,,,
recovery-speed5-sixhours,fresh,3110400,turbo-unchecked,43200,2,0,6220800,0,0,0,0,0,0,330,0,0,0,0,0,0,5,0,0,0,0,0,0,0,0,0,0,0,0,0,0,0,0,0,0,0,0,0,0,0,,,,,,,,,,,,,
recovery-speed5-sixhours,fresh,3110400,turbo-unchecked,43200,125,43200,6264000,23,0,3,26,21,5,328,21,0,23,0,2210,0,5,26,0,0,0,26,23,3,21,5,0,0,0,0,25,0,0,0,0,0,0,0,0,0,,,,,,,,,,,,,
recovery-speed5-sixhours,fresh,3110400,turbo-unchecked,43200,129,86400,6307200,31,0,2,33,28,5,329,30,11,31,0,1,0,5,33,0,0,0,48,43,5,41,7,7,7,8,0,50,11,0,314.41396045684814,7,0,0,0,0,0,,,,,,,,,,,,,
recovery-speed5-sixhours,fresh,3110400,turbo-unchecked,43200,133,129600,6350400,32,0,2,34,29,5,329,30,13,32,0,1,0,5,34,0,0,0,69,62,7,59,10,22,21,13,0,71,23,0,679.0017503798008,21,0,0,0,0,0,,,,,,,,,,,,,
recovery-speed5-sixhours,fresh,3110400,turbo-unchecked,43200,137,172800,6393600,32,0,2,34,31,3,330,31,10,32,0,1,0,5,34,0,0,0,93,84,9,81,12,37,35,22,0,96,32,0,1002.0115667283535,35,0,0,0,0,0,,,,,,,,,,,,,
recovery-speed5-sixhours,fresh,3110400,turbo-unchecked,43200,141,216000,6436800,32,0,1,33,29,4,329,31,10,32,0,1,0,5,33,0,0,0,116,106,10,101,15,53,51,30,0,118,42,0,1378.4459310472012,50,0,0,0,0,0,,,,,,,,,,,,,
recovery-speed5-sixhours,fresh,3110400,turbo-unchecked,43200,145,259200,6480000,29,0,6,35,32,3,328,29,14,29,0,0,0,5,35,0,0,0,137,121,16,122,15,64,62,38,0,139,56,1,1805.078577131033,61,0,0,0,0,0,,,,,,,,,,,,,
recovery-speed5-sixhours,fresh,3110400,turbo-unchecked,43200,149,302400,6523200,26,0,6,32,24,8,329,25,9,26,0,409,0,5,32,0,0,0,160,138,22,140,20,81,79,47,0,163,65,1,2191.2604843080044,77,0,0,0,0,0,,,,,,,,,,,,,
recovery-speed5-sixhours,fresh,3110400,turbo-unchecked,43200,153,345600,6566400,30,0,0,30,28,2,331,30,7,30,0,0,0,5,30,0,0,0,183,161,22,163,20,97,94,56,0,188,72,1,2420.1886564195156,92,0,0,0,0,0,,,,,,,,,,,,,
recovery-speed5-sixhours,fresh,3110400,turbo-unchecked,43200,157,388800,6609600,31,0,4,35,31,4,330,29,14,31,0,1,0,5,35,0,0,0,204,178,26,181,23,110,106,59,0,209,86,1,2829.3300519883633,104,0,0,0,0,0,,,,,,,,,,,,,
recovery-speed5-sixhours,fresh,3110400,turbo-unchecked,43200,161,432000,6652800,31,0,3,34,28,6,330,27,8,31,0,1,0,5,34,0,0,0,230,201,29,203,27,129,125,67,0,235,94,1,3104.1147979199886,122,0,0,0,0,0,,,,,,,,,,,,,
recovery-speed5-sixhours,fresh,3110400,turbo-unchecked,43200,165,475200,6696000,30,0,3,33,28,5,330,27,14,30,0,86,0,5,33,0,0,0,249,217,32,219,30,141,137,75,0,253,108,1,3494.285247415304,133,0,0,0,0,0,,,,,,,,,,,,,
recovery-speed5-sixhours,fresh,3110400,turbo-unchecked,43200,169,518400,6739200,30,0,2,32,28,4,330,29,8,30,0,1,0,5,32,0,0,0,273,239,34,241,32,157,153,84,0,279,116,1,3757.040790170431,149,0,0,0,0,0,,,,,,,,,,,,,
recovery-speed5-sixhours,fresh,3110400,turbo-unchecked,43200,173,561600,6782400,29,0,6,35,31,4,329,27,9,29,0,1,0,5,35,0,0,0,299,259,40,266,33,169,165,95,0,306,125,1,4055.792457073927,161,0,0,0,0,0,,,,,,,,,,,,,
recovery-speed5-sixhours,fresh,3110400,turbo-unchecked,43200,177,604800,6825600,33,0,2,35,32,3,330,28,14,33,0,1,0,5,35,0,0,0,320,278,42,287,33,181,177,104,0,329,139,1,4419.37214204669,173,0,0,0,0,0,,,,,,,,,,,,,
recovery-speed5-sixhours,fresh,3110400,turbo-unchecked,43200,181,648000,6868800,32,0,3,35,31,4,329,29,18,32,0,1,0,5,35,0,0,0,337,292,45,303,34,193,189,109,0,345,157,1,4841.853618353605,184,0,0,0,0,0,,,,,,,,,,,,,
recovery-speed5-sixhours,fresh,3110400,turbo-unchecked,43200,185,691200,6912000,30,0,3,33,29,4,331,26,18,30,0,1,0,5,33,0,0,0,352,304,48,317,35,206,201,113,0,362,175,1,5148.148964136839,196,0,0,0,0,0,,,,,,,,,,,,,
recovery-speed5-sixhours,fresh,3110400,turbo-unchecked,43200,189,734400,6955200,35,0,0,35,30,5,330,32,17,35,0,1,0,5,35,0,0,0,370,322,48,332,38,217,212,118,0,380,192,1,5456.742477625608,207,0,0,0,0,0,,,,,,,,,,,,,
recovery-speed5-sixhours,fresh,3110400,turbo-unchecked,43200,193,777600,6998400,31,0,3,34,31,3,330,27,16,31,0,359,0,5,34,0,0,0,388,337,51,349,39,232,226,122,0,398,208,1,5809.430035322905,221,0,0,0,0,0,,,,,,,,,,,,,
recovery-speed5-sixhours,fresh,3110400,turbo-unchecked,43200,197,820800,7041600,34,0,0,34,27,7,329,30,11,34,0,1,0,5,34,0,0,0,411,360,51,367,44,243,237,134,0,421,219,1,6115.914717286825,232,0,0,0,0,0,,,,,,,,,,,,,
recovery-speed5-sixhours,fresh,3110400,turbo-unchecked,43200,201,864000,7084800,32,0,2,34,30,4,328,26,15,32,0,307,0,5,34,0,0,0,430,377,53,386,44,257,251,139,0,441,234,1,6521.1721359193325,246,0,0,0,0,0,,,,,,,,,,,,,
recovery-speed5-sixhours,fresh,3110400,turbo-unchecked,43200,205,907200,7128000,30,0,5,35,32,3,329,29,14,30,0,1,0,5,35,0,0,0,451,393,58,406,45,272,265,144,0,463,248,1,6887.306131213903,260,0,0,0,0,0,,,,,,,,,,,,,
recovery-speed5-sixhours,fresh,3110400,turbo-unchecked,43200,209,950400,7171200,30,0,3,33,29,4,329,29,8,30,0,1,0,5,33,0,0,0,476,415,61,429,47,290,283,153,0,490,256,1,7243.41554531455,278,0,0,0,0,0,,,,,,,,,,,,,
recovery-speed5-sixhours,fresh,3110400,turbo-unchecked,43200,213,993600,7214400,34,0,1,35,30,5,329,30,15,34,0,4,0,5,35,0,0,0,496,434,62,446,50,299,292,162,0,511,271,1,7739.679584115744,286,0,0,0,0,0,,,,,,,,,,,,,
recovery-speed5-sixhours,fresh,3110400,turbo-unchecked,43200,217,1036800,7257600,33,0,1,34,27,7,329,29,15,33,0,337,0,5,34,0,0,0,515,452,63,460,55,313,305,168,0,531,286,1,8013.082479327917,299,0,0,0,0,0,,,,,,,,,,,,,
recovery-speed5-sixhours,fresh,3110400,turbo-unchecked,43200,221,1080000,7300800,32,0,2,34,27,7,329,28,12,32,0,1,0,5,34,0,0,0,537,472,65,479,58,326,318,177,0,554,298,1,8384.994809001684,312,0,0,0,0,0,,,,,,,,,,,,,
recovery-speed5-sixhours,fresh,3110400,turbo-unchecked,43200,225,1123200,7344000,32,0,2,34,28,6,329,30,16,32,0,373,0,5,34,0,0,0,555,488,67,496,59,341,333,180,0,574,314,1,8809.991510003805,327,0,0,0,0,0,,,,,,,,,,,,,
recovery-speed5-sixhours,fresh,3110400,turbo-unchecked,43200,229,1166400,7387200,28,0,4,32,28,4,331,27,8,28,0,1,0,5,32,0,0,0,579,508,71,518,61,356,347,191,0,601,322,1,9005.255426496267,341,0,0,0,0,0,,,,,,,,,,,,,
recovery-speed5-sixhours,fresh,3110400,turbo-unchecked,43200,233,1209600,7430400,33,0,2,35,29,6,328,32,6,33,0,1,0,5,35,0,0,0,608,535,73,543,65,371,362,202,0,628,328,1,9127.246967881918,356,0,0,0,0,0,,,,,,,,,,,,,
recovery-speed5-sixhours,fresh,3110400,turbo-unchecked,43200,237,1252800,7473600,33,0,0,33,28,5,330,31,13,33,0,1,0,5,33,0,0,0,628,555,73,560,68,386,376,209,0,650,340,1,9428.207706063986,370,0,0,0,0,0,,,,,,,,,,,,,
recovery-speed5-sixhours,fresh,3110400,turbo-unchecked,43200,241,1296000,7516800,31,0,4,35,28,7,328,27,10,31,0,1,0,5,35,0,0,0,653,576,77,581,72,403,393,215,0,674,350,1,9793.573123544455,387,0,0,0,0,0,,,,,,,,,,,,,
recovery-speed5-sixhours,fresh,3110400,turbo-unchecked,43200,245,1339200,7560000,27,0,6,33,27,6,328,25,11,27,0,1,0,5,33,0,0,0,675,592,83,601,74,420,410,222,0,697,361,1,10100.277694314718,404,0,0,0,0,0,,,,,,,,,,,,,
recovery-speed5-sixhours,fresh,3110400,turbo-unchecked,43200,249,1382400,7603200,32,0,3,35,29,6,328,31,7,32,0,1,0,5,35,0,0,0,702,617,85,626,76,436,426,231,0,725,368,1,10337.86993226409,420,0,0,0,0,0,,,,,,,,,,,,,
recovery-speed5-sixhours,fresh,3110400,turbo-unchecked,43200,253,1425600,7646400,32,0,2,34,30,4,329,27,13,32,1,1,0,5,34,0,0,0,722,635,87,645,77,444,434,244,0,748,381,1,10639.358328193426,428,0,0,0,0,0,,,,,,,,,,,,,
recovery-speed5-sixhours,fresh,3110400,turbo-unchecked,43200,257,1468800,7689600,33,0,2,35,31,4,329,27,20,33,1,1,0,5,35,0,0,0,736,647,89,658,78,454,444,247,0,761,401,1,11163.320161551237,437,0,0,0,0,0,,,,,,,,,,,,,
recovery-speed5-sixhours,fresh,3110400,turbo-unchecked,43200,261,1512000,7732800,32,0,3,35,31,4,331,27,12,32,0,2564,0,5,35,0,0,0,759,667,92,677,82,473,463,251,0,785,413,1,11378.063621729612,454,0,0,0,0,0,,,,,,,,,,,,,
recovery-speed5-sixhours,fresh,3110400,turbo-unchecked,43200,265,1555200,7776000,31,0,3,34,26,8,328,27,13,31,0,603,0,5,34,0,0,0,780,685,95,691,89,484,474,262,0,803,425,1,11739.343299597502,465,0,0,0,0,0,,,,,,,,,,,,,
recovery-speed5-sixhours,fresh,3110400,turbo-unchecked,43200,269,1598400,7819200,33,0,1,34,30,4,328,29,17,33,0,1,0,5,34,0,0,0,797,701,96,708,89,493,483,270,0,821,442,1,12162.470061510801,474,0,0,0,0,0,,,,,,,,,,,,,
recovery-speed5-sixhours,fresh,3110400,turbo-unchecked,43200,273,1641600,7862400,33,0,2,35,31,4,328,33,15,33,0,0,0,5,35,0,0,0,817,719,98,727,90,507,497,275,0,842,457,1,12690.37053975463,488,0,0,0,0,0,,,,,,,,,,,,,
recovery-speed5-sixhours,fresh,3110400,turbo-unchecked,43200,277,1684800,7905600,32,0,1,33,30,3,330,25,15,32,0,6556,0,5,33,0,0,0,835,736,99,743,92,524,513,278,0,862,472,1,12969.913251191378,503,0,0,0,0,0,,,,,,,,,,,,,
recovery-speed5-sixhours,fresh,3110400,turbo-unchecked,43200,281,1728000,7948800,33,0,2,35,30,5,329,30,10,33,0,1632,0,5,35,0,0,0,860,759,101,763,97,540,529,285,0,886,482,1,13188.184347182512,518,0,0,0,0,0,,,,,,,,,,,,,
recovery-speed5-sixhours,fresh,3110400,turbo-unchecked,43200,285,1771200,7992000,30,0,4,34,30,4,327,25,15,30,0,1,0,5,34,0,0,0,879,774,105,780,99,551,540,294,0,905,497,1,13451.6990814507,529,0,0,0,0,0,,,,,,,,,,,,,
recovery-speed5-sixhours,fresh,3110400,turbo-unchecked,43200,289,1814400,8035200,31,0,2,33,28,5,328,27,15,31,0,13,0,5,33,0,0,0,897,790,107,796,101,563,552,301,0,925,512,1,13896.408360987902,541,0,0,0,0,0,,,,,,,,,,,,,
recovery-speed5-sixhours,fresh,3110400,turbo-unchecked,43200,293,1857600,8078400,27,0,5,32,27,5,330,23,10,27,0,1,0,5,32,0,0,0,919,807,112,815,104,579,567,308,0,949,522,1,14165.747917681932,556,0,0,0,0,0,,,,,,,,,,,,,
recovery-speed5-sixhours,fresh,3110400,turbo-unchecked,43200,297,1900800,8121600,35,0,0,35,28,7,328,29,21,35,0,1,0,5,35,0,0,0,933,821,112,827,106,584,572,314,0,963,542,1,14623.501874238253,561,0,0,0,0,0,,,,,,,,,,,,,
recovery-speed5-sixhours,fresh,3110400,turbo-unchecked,43200,301,1944000,8164800,30,0,4,34,31,3,329,27,22,30,0,1,0,5,34,0,0,0,945,829,116,839,106,594,581,317,0,976,564,2,15101.541763693094,570,0,0,0,0,0,,,,,,,,,,,,,
recovery-speed5-sixhours,fresh,3110400,turbo-unchecked,43200,305,1987200,8208000,32,0,2,34,29,5,329,31,15,32,0,1,0,5,34,0,0,0,964,846,118,855,109,606,593,324,0,996,579,2,15571.159271627665,582,0,0,0,0,0,,,,,,,,,,,,,
recovery-speed5-sixhours,fresh,3110400,turbo-unchecked,43200,309,2030400,8251200,33,0,1,34,27,7,328,28,19,33,0,356,0,5,34,0,0,0,979,860,119,867,112,616,603,329,0,1013,596,2,15877.242080539465,592,0,0,0,0,0,,,,,,,,,,,,,
recovery-speed5-sixhours,fresh,3110400,turbo-unchecked,43200,313,2073600,8294400,34,0,1,35,30,5,329,27,21,34,0,1066,0,5,35,0,0,0,993,873,120,879,114,625,612,333,0,1029,616,2,16145.211956113577,601,0,0,0,0,0,,,,,,,,,,,,,
recovery-speed5-sixhours,fresh,3110400,turbo-unchecked,43200,317,2116800,8337600,33,0,2,35,31,4,330,28,18,33,0,1,0,5,35,0,0,0,1010,888,122,895,115,638,623,337,0,1047,634,5,16418.522223860025,612,0,0,0,0,0,,,,,,,,,,,,,
recovery-speed5-sixhours,fresh,3110400,turbo-unchecked,43200,321,2160000,8380800,34,0,1,35,31,4,329,28,15,34,0,340,0,5,35,0,0,0,1030,907,123,913,117,652,637,343,0,1066,647,5,16689.319538503885,625,0,0,0,0,0,,,,,,,,,,,,,
recovery-speed5-sixhours,fresh,3110400,turbo-unchecked,43200,325,2203200,8424000,32,0,3,35,31,4,328,28,20,32,0,1,0,5,35,0,0,0,1045,919,126,928,117,664,649,346,0,1081,667,5,17185.778394013643,637,0,0,0,0,0,,,,,,,,,,,,,
recovery-speed5-sixhours,fresh,3110400,turbo-unchecked,43200,329,2246400,8467200,33,0,0,33,29,4,330,29,11,33,0,1,0,5,33,0,0,0,1067,941,126,948,119,682,666,352,0,1105,678,5,17454.757912427187,654,0,0,0,0,0,,,,,,,,,,,,,
recovery-speed5-sixhours,fresh,3110400,turbo-unchecked,43200,333,2289600,8510400,29,0,2,31,25,6,328,25,14,29,0,1,0,5,31,0,0,0,1084,956,128,962,122,692,676,361,0,1122,692,5,17795.49666956067,664,0,0,0,0,0,,,,,,,,,,,,,
recovery-speed5-sixhours,fresh,3110400,turbo-unchecked,43200,337,2332800,8553600,29,0,5,34,30,4,329,28,10,29,0,1,0,5,34,0,0,0,1108,975,133,985,123,708,691,366,0,1147,702,5,18051.565386086702,679,0,0,0,0,0,,,,,,,,,,,,,
recovery-speed5-sixhours,fresh,3110400,turbo-unchecked,43200,341,2376000,8596800,31,0,2,33,29,4,328,27,15,31,0,30,0,5,33,0,0,0,1126,991,135,1001,125,719,702,374,0,1166,717,5,18527.930797845125,690,0,0,0,0,0,,,,,,,,,,,,,
recovery-speed5-sixhours,fresh,3110400,turbo-unchecked,43200,345,2419200,8640000,33,0,1,34,29,5,329,29,18,33,0,5449,0,5,34,0,0,0,1142,1006,136,1015,127,729,711,379,0,1183,735,5,19132.954075723886,699,0,0,0,0,0,,,,,,,,,,,,,
recovery-speed5-sixhours,fresh,3110400,turbo-unchecked,43200,349,2462400,8683200,29,0,4,33,25,8,329,25,12,29,0,406,0,5,33,0,0,0,1163,1023,140,1030,133,744,725,386,0,1203,747,5,19485.334513098,712,0,0,0,0,0,,,,,,,,,,,,,
recovery-speed5-sixhours,fresh,3110400,turbo-unchecked,43200,353,2505600,8726400,31,0,2,33,25,8,328,28,12,31,0,325,0,5,33,0,0,0,1184,1042,142,1047,137,759,740,392,0,1224,759,5,19731.588829785585,727,0,0,0,0,0,,,,,,,,,,,,,
recovery-speed5-sixhours,fresh,3110400,turbo-unchecked,43200,357,2548800,8769600,31,0,3,34,25,9,329,29,14,31,0,1,0,5,34,0,0,0,1204,1059,145,1063,141,772,753,398,0,1244,773,5,19950.76546317339,738,0,0,0,0,0,,,,,,,,,,,,,
recovery-speed5-sixhours,fresh,3110400,turbo-unchecked,43200,361,2592000,8812800,30,0,3,33,28,5,329,25,14,30,0,1,0,5,33,0,0,0,1222,1075,147,1078,144,786,766,403,0,1263,787,5,20304.183439075947,751,0,0,0,0,0,,,,,,,,,,,,,
recovery-speed5-sixhours,fresh,3110400,turbo-unchecked,43200,365,2635200,8856000,32,0,2,34,29,5,327,26,18,32,0,282,0,5,34,0,0,0,1238,1089,149,1092,146,796,776,408,0,1279,805,5,20719.713957607746,761,0,0,0,0,0,,,,,,,,,,,,,
recovery-speed5-sixhours,fresh,3110400,turbo-unchecked,43200,369,2678400,8899200,33,0,2,35,30,5,328,28,23,33,0,1,0,5,35,0,0,0,1250,1099,151,1102,148,806,786,409,0,1292,827,5,21181.76341083646,771,0,0,0,0,0,,,,,,,,,,,,,
recovery-speed5-sixhours,fresh,3110400,turbo-unchecked,43200,373,2721600,8942400,31,0,2,33,30,3,329,28,18,31,0,115,0,5,33,0,0,0,1265,1112,153,1116,149,818,797,414,0,1308,845,5,21470.39097955823,782,0,0,0,0,0,,,,,,,,,,,,,
recovery-speed5-sixhours,fresh,3110400,turbo-unchecked,43200,377,2764800,8985600,32,0,3,35,30,5,330,27,12,32,0,1,0,5,35,0,0,0,1288,1132,156,1136,152,833,811,420,0,1332,857,5,21719.013301163912,796,0,0,0,0,0,,,,,,,,,,,,,
recovery-speed5-sixhours,fresh,3110400,turbo-unchecked,43200,381,2808000,9028800,32,0,2,34,28,6,328,29,8,32,0,198,0,5,34,0,0,0,1314,1156,158,1158,156,850,828,430,0,1357,865,5,21901.253626137972,813,0,0,0,0,0,,,,,,,,,,,,,
recovery-speed5-sixhours,fresh,3110400,turbo-unchecked,43200,385,2851200,9072000,31,0,3,34,30,4,328,30,19,31,0,1,0,5,34,0,0,0,1329,1168,161,1173,156,858,836,437,0,1373,883,5,22386.39074471593,821,0,0,0,0,0,,,,,,,,,,,,,
recovery-speed5-sixhours,fresh,3110400,turbo-unchecked,43200,389,2894400,9115200,30,0,5,35,29,6,328,29,8,30,0,1,0,5,35,0,0,0,1356,1190,166,1197,159,875,853,446,0,1401,891,5,22634.394843369722,838,0,0,0,0,0,,,,,,,,,,,,,
recovery-speed5-sixhours,fresh,3110400,turbo-unchecked,43200,393,2937600,9158400,29,0,5,34,28,6,328,25,6,29,0,1,0,5,34,0,0,0,1384,1213,171,1221,163,890,867,460,0,1429,897,5,22778.099718123674,852,0,0,0,0,0,,,,,,,,,,,,,
recovery-speed5-sixhours,fresh,3110400,turbo-unchecked,43200,397,2980800,9201600,31,0,2,33,29,4,329,27,11,31,0,1,0,5,33,0,0,0,1406,1233,173,1241,165,904,881,469,0,1453,908,5,23043.01602628827,865,0,0,0,0,0,,,,,,,,,,,,,
recovery-speed5-sixhours,fresh,3110400,turbo-unchecked,43200,401,3024000,9244800,28,0,4,32,29,3,330,23,7,28,0,1,0,5,32,0,0,0,1431,1254,177,1264,167,923,900,476,0,1478,915,5,23339.741219311953,882,0,0,0,0,0,,,,,,,,,,,,,
recovery-speed5-sixhours,fresh,3110400,turbo-unchecked,43200,405,3067200,9288000,30,0,4,34,30,4,327,24,13,30,0,909,0,5,34,0,0,0,1452,1271,181,1283,169,934,911,484,0,1498,928,5,23614.309593230486,893,0,0,0,0,0,,,,,,,,,,,,,
recovery-speed5-sixhours,fresh,3110400,turbo-unchecked,43200,409,3110400,9331200,32,0,3,35,30,5,328,28,14,32,0,119,0,5,35,0,0,0,1473,1289,184,1303,170,946,923,492,0,1520,942,5,24021.29211655259,905,0,0,0,0,0,,,,,,,,,,,,,
recovery-speed5-day,fresh,12441600,turbo-unchecked,43200,2,0,6220800,0,0,0,0,0,0,330,0,0,0,0,0,0,5,0,0,0,0,0,0,0,0,0,0,0,0,0,0,0,0,0,0,0,0,0,0,0,,,,,,,,,,,,,
recovery-speed5-day,fresh,12441600,turbo-unchecked,43200,125,43200,6264000,23,0,3,26,21,5,328,21,0,23,0,2210,0,5,26,0,0,0,26,23,3,21,5,0,0,0,0,25,0,0,0,0,0,0,0,0,0,,,,,,,,,,,,,
recovery-speed5-day,fresh,12441600,turbo-unchecked,43200,129,86400,6307200,31,0,2,33,28,5,329,30,11,31,0,1,0,5,33,0,0,0,48,43,5,41,7,7,7,8,0,50,11,0,314.41396045684814,7,0,0,0,0,0,,,,,,,,,,,,,
recovery-speed5-day,fresh,12441600,turbo-unchecked,43200,133,129600,6350400,32,0,2,34,29,5,329,30,13,32,0,1,0,5,34,0,0,0,69,62,7,59,10,22,21,13,0,71,23,0,679.0017503798008,21,0,0,0,0,0,,,,,,,,,,,,,
recovery-speed5-day,fresh,12441600,turbo-unchecked,43200,137,172800,6393600,32,0,2,34,31,3,330,31,10,32,0,1,0,5,34,0,0,0,93,84,9,81,12,37,35,22,0,96,32,0,1002.0115667283535,35,0,0,0,0,0,,,,,,,,,,,,,
recovery-speed5-day,fresh,12441600,turbo-unchecked,43200,141,216000,6436800,32,0,1,33,29,4,329,31,10,32,0,1,0,5,33,0,0,0,116,106,10,101,15,53,51,30,0,118,42,0,1378.4459310472012,50,0,0,0,0,0,,,,,,,,,,,,,
recovery-speed5-day,fresh,12441600,turbo-unchecked,43200,145,259200,6480000,29,0,6,35,32,3,328,29,14,29,0,0,0,5,35,0,0,0,137,121,16,122,15,64,62,38,0,139,56,1,1805.078577131033,61,0,0,0,0,0,,,,,,,,,,,,,
recovery-speed5-day,fresh,12441600,turbo-unchecked,43200,149,302400,6523200,26,0,6,32,24,8,329,25,9,26,0,409,0,5,32,0,0,0,160,138,22,140,20,81,79,47,0,163,65,1,2191.2604843080044,77,0,0,0,0,0,,,,,,,,,,,,,
recovery-speed5-day,fresh,12441600,turbo-unchecked,43200,153,345600,6566400,30,0,0,30,28,2,331,30,7,30,0,0,0,5,30,0,0,0,183,161,22,163,20,97,94,56,0,188,72,1,2420.1886564195156,92,0,0,0,0,0,,,,,,,,,,,,,
recovery-speed5-day,fresh,12441600,turbo-unchecked,43200,157,388800,6609600,31,0,4,35,31,4,330,29,14,31,0,1,0,5,35,0,0,0,204,178,26,181,23,110,106,59,0,209,86,1,2829.3300519883633,104,0,0,0,0,0,,,,,,,,,,,,,
recovery-speed5-day,fresh,12441600,turbo-unchecked,43200,161,432000,6652800,31,0,3,34,28,6,330,27,8,31,0,1,0,5,34,0,0,0,230,201,29,203,27,129,125,67,0,235,94,1,3104.1147979199886,122,0,0,0,0,0,,,,,,,,,,,,,
recovery-speed5-day,fresh,12441600,turbo-unchecked,43200,165,475200,6696000,30,0,3,33,28,5,330,27,14,30,0,86,0,5,33,0,0,0,249,217,32,219,30,141,137,75,0,253,108,1,3494.285247415304,133,0,0,0,0,0,,,,,,,,,,,,,
recovery-speed5-day,fresh,12441600,turbo-unchecked,43200,169,518400,6739200,30,0,2,32,28,4,330,29,8,30,0,1,0,5,32,0,0,0,273,239,34,241,32,157,153,84,0,279,116,1,3757.040790170431,149,0,0,0,0,0,,,,,,,,,,,,,
recovery-speed5-day,fresh,12441600,turbo-unchecked,43200,173,561600,6782400,29,0,6,35,31,4,329,27,9,29,0,1,0,5,35,0,0,0,299,259,40,266,33,169,165,95,0,306,125,1,4055.792457073927,161,0,0,0,0,0,,,,,,,,,,,,,
recovery-speed5-day,fresh,12441600,turbo-unchecked,43200,177,604800,6825600,33,0,2,35,32,3,330,28,14,33,0,1,0,5,35,0,0,0,320,278,42,287,33,181,177,104,0,329,139,1,4419.37214204669,173,0,0,0,0,0,,,,,,,,,,,,,
recovery-speed5-day,fresh,12441600,turbo-unchecked,43200,181,648000,6868800,32,0,3,35,31,4,329,29,18,32,0,1,0,5,35,0,0,0,337,292,45,303,34,193,189,109,0,345,157,1,4841.853618353605,184,0,0,0,0,0,,,,,,,,,,,,,
recovery-speed5-day,fresh,12441600,turbo-unchecked,43200,185,691200,6912000,30,0,3,33,29,4,331,26,18,30,0,1,0,5,33,0,0,0,352,304,48,317,35,206,201,113,0,362,175,1,5148.148964136839,196,0,0,0,0,0,,,,,,,,,,,,,
recovery-speed5-day,fresh,12441600,turbo-unchecked,43200,189,734400,6955200,35,0,0,35,30,5,330,32,17,35,0,1,0,5,35,0,0,0,370,322,48,332,38,217,212,118,0,380,192,1,5456.742477625608,207,0,0,0,0,0,,,,,,,,,,,,,
recovery-speed5-day,fresh,12441600,turbo-unchecked,43200,193,777600,6998400,31,0,3,34,31,3,330,27,16,31,0,359,0,5,34,0,0,0,388,337,51,349,39,232,226,122,0,398,208,1,5809.430035322905,221,0,0,0,0,0,,,,,,,,,,,,,
recovery-speed5-day,fresh,12441600,turbo-unchecked,43200,197,820800,7041600,34,0,0,34,27,7,329,30,11,34,0,1,0,5,34,0,0,0,411,360,51,367,44,243,237,134,0,421,219,1,6115.914717286825,232,0,0,0,0,0,,,,,,,,,,,,,
recovery-speed5-day,fresh,12441600,turbo-unchecked,43200,201,864000,7084800,32,0,2,34,30,4,328,26,15,32,0,307,0,5,34,0,0,0,430,377,53,386,44,257,251,139,0,441,234,1,6521.1721359193325,246,0,0,0,0,0,,,,,,,,,,,,,
recovery-speed5-day,fresh,12441600,turbo-unchecked,43200,205,907200,7128000,30,0,5,35,32,3,329,29,14,30,0,1,0,5,35,0,0,0,451,393,58,406,45,272,265,144,0,463,248,1,6887.306131213903,260,0,0,0,0,0,,,,,,,,,,,,,
recovery-speed5-day,fresh,12441600,turbo-unchecked,43200,209,950400,7171200,30,0,3,33,29,4,329,29,8,30,0,1,0,5,33,0,0,0,476,415,61,429,47,290,283,153,0,490,256,1,7243.41554531455,278,0,0,0,0,0,,,,,,,,,,,,,
recovery-speed5-day,fresh,12441600,turbo-unchecked,43200,213,993600,7214400,34,0,1,35,30,5,329,30,15,34,0,4,0,5,35,0,0,0,496,434,62,446,50,299,292,162,0,511,271,1,7739.679584115744,286,0,0,0,0,0,,,,,,,,,,,,,
recovery-speed5-day,fresh,12441600,turbo-unchecked,43200,217,1036800,7257600,33,0,1,34,27,7,329,29,15,33,0,337,0,5,34,0,0,0,515,452,63,460,55,313,305,168,0,531,286,1,8013.082479327917,299,0,0,0,0,0,,,,,,,,,,,,,
recovery-speed5-day,fresh,12441600,turbo-unchecked,43200,221,1080000,7300800,32,0,2,34,27,7,329,28,12,32,0,1,0,5,34,0,0,0,537,472,65,479,58,326,318,177,0,554,298,1,8384.994809001684,312,0,0,0,0,0,,,,,,,,,,,,,
recovery-speed5-day,fresh,12441600,turbo-unchecked,43200,225,1123200,7344000,32,0,2,34,28,6,329,30,16,32,0,373,0,5,34,0,0,0,555,488,67,496,59,341,333,180,0,574,314,1,8809.991510003805,327,0,0,0,0,0,,,,,,,,,,,,,
recovery-speed5-day,fresh,12441600,turbo-unchecked,43200,229,1166400,7387200,28,0,4,32,28,4,331,27,8,28,0,1,0,5,32,0,0,0,579,508,71,518,61,356,347,191,0,601,322,1,9005.255426496267,341,0,0,0,0,0,,,,,,,,,,,,,
recovery-speed5-day,fresh,12441600,turbo-unchecked,43200,233,1209600,7430400,33,0,2,35,29,6,328,32,6,33,0,1,0,5,35,0,0,0,608,535,73,543,65,371,362,202,0,628,328,1,9127.246967881918,356,0,0,0,0,0,,,,,,,,,,,,,
recovery-speed5-day,fresh,12441600,turbo-unchecked,43200,237,1252800,7473600,33,0,0,33,28,5,330,31,13,33,0,1,0,5,33,0,0,0,628,555,73,560,68,386,376,209,0,650,340,1,9428.207706063986,370,0,0,0,0,0,,,,,,,,,,,,,
recovery-speed5-day,fresh,12441600,turbo-unchecked,43200,241,1296000,7516800,31,0,4,35,28,7,328,27,10,31,0,1,0,5,35,0,0,0,653,576,77,581,72,403,393,215,0,674,350,1,9793.573123544455,387,0,0,0,0,0,,,,,,,,,,,,,
recovery-speed5-day,fresh,12441600,turbo-unchecked,43200,245,1339200,7560000,27,0,6,33,27,6,328,25,11,27,0,1,0,5,33,0,0,0,675,592,83,601,74,420,410,222,0,697,361,1,10100.277694314718,404,0,0,0,0,0,,,,,,,,,,,,,
recovery-speed5-day,fresh,12441600,turbo-unchecked,43200,249,1382400,7603200,32,0,3,35,29,6,328,31,7,32,0,1,0,5,35,0,0,0,702,617,85,626,76,436,426,231,0,725,368,1,10337.86993226409,420,0,0,0,0,0,,,,,,,,,,,,,
recovery-speed5-day,fresh,12441600,turbo-unchecked,43200,253,1425600,7646400,32,0,2,34,30,4,329,27,13,32,1,1,0,5,34,0,0,0,722,635,87,645,77,444,434,244,0,748,381,1,10639.358328193426,428,0,0,0,0,0,,,,,,,,,,,,,
recovery-speed5-day,fresh,12441600,turbo-unchecked,43200,257,1468800,7689600,33,0,2,35,31,4,329,27,20,33,1,1,0,5,35,0,0,0,736,647,89,658,78,454,444,247,0,761,401,1,11163.320161551237,437,0,0,0,0,0,,,,,,,,,,,,,
recovery-speed5-day,fresh,12441600,turbo-unchecked,43200,261,1512000,7732800,32,0,3,35,31,4,331,27,12,32,0,2564,0,5,35,0,0,0,759,667,92,677,82,473,463,251,0,785,413,1,11378.063621729612,454,0,0,0,0,0,,,,,,,,,,,,,
recovery-speed5-day,fresh,12441600,turbo-unchecked,43200,265,1555200,7776000,31,0,3,34,26,8,328,27,13,31,0,603,0,5,34,0,0,0,780,685,95,691,89,484,474,262,0,803,425,1,11739.343299597502,465,0,0,0,0,0,,,,,,,,,,,,,
recovery-speed5-day,fresh,12441600,turbo-unchecked,43200,269,1598400,7819200,33,0,1,34,30,4,328,29,17,33,0,1,0,5,34,0,0,0,797,701,96,708,89,493,483,270,0,821,442,1,12162.470061510801,474,0,0,0,0,0,,,,,,,,,,,,,
recovery-speed5-day,fresh,12441600,turbo-unchecked,43200,273,1641600,7862400,33,0,2,35,31,4,328,33,15,33,0,0,0,5,35,0,0,0,817,719,98,727,90,507,497,275,0,842,457,1,12690.37053975463,488,0,0,0,0,0,,,,,,,,,,,,,
recovery-speed5-day,fresh,12441600,turbo-unchecked,43200,277,1684800,7905600,32,0,1,33,30,3,330,25,15,32,0,6556,0,5,33,0,0,0,835,736,99,743,92,524,513,278,0,862,472,1,12969.913251191378,503,0,0,0,0,0,,,,,,,,,,,,,
recovery-speed5-day,fresh,12441600,turbo-unchecked,43200,281,1728000,7948800,33,0,2,35,30,5,329,30,10,33,0,1632,0,5,35,0,0,0,860,759,101,763,97,540,529,285,0,886,482,1,13188.184347182512,518,0,0,0,0,0,,,,,,,,,,,,,
recovery-speed5-day,fresh,12441600,turbo-unchecked,43200,285,1771200,7992000,30,0,4,34,30,4,327,25,15,30,0,1,0,5,34,0,0,0,879,774,105,780,99,551,540,294,0,905,497,1,13451.6990814507,529,0,0,0,0,0,,,,,,,,,,,,,
recovery-speed5-day,fresh,12441600,turbo-unchecked,43200,289,1814400,8035200,31,0,2,33,28,5,328,27,15,31,0,13,0,5,33,0,0,0,897,790,107,796,101,563,552,301,0,925,512,1,13896.408360987902,541,0,0,0,0,0,,,,,,,,,,,,,
recovery-speed5-day,fresh,12441600,turbo-unchecked,43200,293,1857600,8078400,27,0,5,32,27,5,330,23,10,27,0,1,0,5,32,0,0,0,919,807,112,815,104,579,567,308,0,949,522,1,14165.747917681932,556,0,0,0,0,0,,,,,,,,,,,,,
recovery-speed5-day,fresh,12441600,turbo-unchecked,43200,297,1900800,8121600,35,0,0,35,28,7,328,29,21,35,0,1,0,5,35,0,0,0,933,821,112,827,106,584,572,314,0,963,542,1,14623.501874238253,561,0,0,0,0,0,,,,,,,,,,,,,
recovery-speed5-day,fresh,12441600,turbo-unchecked,43200,301,1944000,8164800,30,0,4,34,31,3,329,27,22,30,0,1,0,5,34,0,0,0,945,829,116,839,106,594,581,317,0,976,564,2,15101.541763693094,570,0,0,0,0,0,,,,,,,,,,,,,
recovery-speed5-day,fresh,12441600,turbo-unchecked,43200,305,1987200,8208000,32,0,2,34,29,5,329,31,15,32,0,1,0,5,34,0,0,0,964,846,118,855,109,606,593,324,0,996,579,2,15571.159271627665,582,0,0,0,0,0,,,,,,,,,,,,,
recovery-speed5-day,fresh,12441600,turbo-unchecked,43200,309,2030400,8251200,33,0,1,34,27,7,328,28,19,33,0,356,0,5,34,0,0,0,979,860,119,867,112,616,603,329,0,1013,596,2,15877.242080539465,592,0,0,0,0,0,,,,,,,,,,,,,
recovery-speed5-day,fresh,12441600,turbo-unchecked,43200,313,2073600,8294400,34,0,1,35,30,5,329,27,21,34,0,1066,0,5,35,0,0,0,993,873,120,879,114,625,612,333,0,1029,616,2,16145.211956113577,601,0,0,0,0,0,,,,,,,,,,,,,
recovery-speed5-day,fresh,12441600,turbo-unchecked,43200,317,2116800,8337600,33,0,2,35,31,4,330,28,18,33,0,1,0,5,35,0,0,0,1010,888,122,895,115,638,623,337,0,1047,634,5,16418.522223860025,612,0,0,0,0,0,,,,,,,,,,,,,
recovery-speed5-day,fresh,12441600,turbo-unchecked,43200,321,2160000,8380800,34,0,1,35,31,4,329,28,15,34,0,340,0,5,35,0,0,0,1030,907,123,913,117,652,637,343,0,1066,647,5,16689.319538503885,625,0,0,0,0,0,,,,,,,,,,,,,
recovery-speed5-day,fresh,12441600,turbo-unchecked,43200,325,2203200,8424000,32,0,3,35,31,4,328,28,20,32,0,1,0,5,35,0,0,0,1045,919,126,928,117,664,649,346,0,1081,667,5,17185.778394013643,637,0,0,0,0,0,,,,,,,,,,,,,
recovery-speed5-day,fresh,12441600,turbo-unchecked,43200,329,2246400,8467200,33,0,0,33,29,4,330,29,11,33,0,1,0,5,33,0,0,0,1067,941,126,948,119,682,666,352,0,1105,678,5,17454.757912427187,654,0,0,0,0,0,,,,,,,,,,,,,
recovery-speed5-day,fresh,12441600,turbo-unchecked,43200,333,2289600,8510400,29,0,2,31,25,6,328,25,14,29,0,1,0,5,31,0,0,0,1084,956,128,962,122,692,676,361,0,1122,692,5,17795.49666956067,664,0,0,0,0,0,,,,,,,,,,,,,
recovery-speed5-day,fresh,12441600,turbo-unchecked,43200,337,2332800,8553600,29,0,5,34,30,4,329,28,10,29,0,1,0,5,34,0,0,0,1108,975,133,985,123,708,691,366,0,1147,702,5,18051.565386086702,679,0,0,0,0,0,,,,,,,,,,,,,
recovery-speed5-day,fresh,12441600,turbo-unchecked,43200,341,2376000,8596800,31,0,2,33,29,4,328,27,15,31,0,30,0,5,33,0,0,0,1126,991,135,1001,125,719,702,374,0,1166,717,5,18527.930797845125,690,0,0,0,0,0,,,,,,,,,,,,,
recovery-speed5-day,fresh,12441600,turbo-unchecked,43200,345,2419200,8640000,33,0,1,34,29,5,329,29,18,33,0,5449,0,5,34,0,0,0,1142,1006,136,1015,127,729,711,379,0,1183,735,5,19132.954075723886,699,0,0,0,0,0,,,,,,,,,,,,,
recovery-speed5-day,fresh,12441600,turbo-unchecked,43200,349,2462400,8683200,29,0,4,33,25,8,329,25,12,29,0,406,0,5,33,0,0,0,1163,1023,140,1030,133,744,725,386,0,1203,747,5,19485.334513098,712,0,0,0,0,0,,,,,,,,,,,,,
recovery-speed5-day,fresh,12441600,turbo-unchecked,43200,353,2505600,8726400,31,0,2,33,25,8,328,28,12,31,0,325,0,5,33,0,0,0,1184,1042,142,1047,137,759,740,392,0,1224,759,5,19731.588829785585,727,0,0,0,0,0,,,,,,,,,,,,,
recovery-speed5-day,fresh,12441600,turbo-unchecked,43200,357,2548800,8769600,31,0,3,34,25,9,329,29,14,31,0,1,0,5,34,0,0,0,1204,1059,145,1063,141,772,753,398,0,1244,773,5,19950.76546317339,738,0,0,0,0,0,,,,,,,,,,,,,
recovery-speed5-day,fresh,12441600,turbo-unchecked,43200,361,2592000,8812800,30,0,3,33,28,5,329,25,14,30,0,1,0,5,33,0,0,0,1222,1075,147,1078,144,786,766,403,0,1263,787,5,20304.183439075947,751,0,0,0,0,0,,,,,,,,,,,,,
recovery-speed5-day,fresh,12441600,turbo-unchecked,43200,365,2635200,8856000,32,0,2,34,29,5,327,26,18,32,0,282,0,5,34,0,0,0,1238,1089,149,1092,146,796,776,408,0,1279,805,5,20719.713957607746,761,0,0,0,0,0,,,,,,,,,,,,,
recovery-speed5-day,fresh,12441600,turbo-unchecked,43200,369,2678400,8899200,33,0,2,35,30,5,328,28,23,33,0,1,0,5,35,0,0,0,1250,1099,151,1102,148,806,786,409,0,1292,827,5,21181.76341083646,771,0,0,0,0,0,,,,,,,,,,,,,
recovery-speed5-day,fresh,12441600,turbo-unchecked,43200,373,2721600,8942400,31,0,2,33,30,3,329,28,18,31,0,115,0,5,33,0,0,0,1265,1112,153,1116,149,818,797,414,0,1308,845,5,21470.39097955823,782,0,0,0,0,0,,,,,,,,,,,,,
recovery-speed5-day,fresh,12441600,turbo-unchecked,43200,377,2764800,8985600,32,0,3,35,30,5,330,27,12,32,0,1,0,5,35,0,0,0,1288,1132,156,1136,152,833,811,420,0,1332,857,5,21719.013301163912,796,0,0,0,0,0,,,,,,,,,,,,,
recovery-speed5-day,fresh,12441600,turbo-unchecked,43200,381,2808000,9028800,32,0,2,34,28,6,328,29,8,32,0,198,0,5,34,0,0,0,1314,1156,158,1158,156,850,828,430,0,1357,865,5,21901.253626137972,813,0,0,0,0,0,,,,,,,,,,,,,
recovery-speed5-day,fresh,12441600,turbo-unchecked,43200,385,2851200,9072000,31,0,3,34,30,4,328,30,19,31,0,1,0,5,34,0,0,0,1329,1168,161,1173,156,858,836,437,0,1373,883,5,22386.39074471593,821,0,0,0,0,0,,,,,,,,,,,,,
recovery-speed5-day,fresh,12441600,turbo-unchecked,43200,389,2894400,9115200,30,0,5,35,29,6,328,29,8,30,0,1,0,5,35,0,0,0,1356,1190,166,1197,159,875,853,446,0,1401,891,5,22634.394843369722,838,0,0,0,0,0,,,,,,,,,,,,,
recovery-speed5-day,fresh,12441600,turbo-unchecked,43200,393,2937600,9158400,29,0,5,34,28,6,328,25,6,29,0,1,0,5,34,0,0,0,1384,1213,171,1221,163,890,867,460,0,1429,897,5,22778.099718123674,852,0,0,0,0,0,,,,,,,,,,,,,
recovery-speed5-day,fresh,12441600,turbo-unchecked,43200,397,2980800,9201600,31,0,2,33,29,4,329,27,11,31,0,1,0,5,33,0,0,0,1406,1233,173,1241,165,904,881,469,0,1453,908,5,23043.01602628827,865,0,0,0,0,0,,,,,,,,,,,,,
recovery-speed5-day,fresh,12441600,turbo-unchecked,43200,401,3024000,9244800,28,0,4,32,29,3,330,23,7,28,0,1,0,5,32,0,0,0,1431,1254,177,1264,167,923,900,476,0,1478,915,5,23339.741219311953,882,0,0,0,0,0,,,,,,,,,,,,,
recovery-speed5-day,fresh,12441600,turbo-unchecked,43200,405,3067200,9288000,30,0,4,34,30,4,327,24,13,30,0,909,0,5,34,0,0,0,1452,1271,181,1283,169,934,911,484,0,1498,928,5,23614.309593230486,893,0,0,0,0,0,,,,,,,,,,,,,
recovery-speed5-day,fresh,12441600,turbo-unchecked,43200,409,3110400,9331200,32,0,3,35,30,5,328,28,14,32,0,119,0,5,35,0,0,0,1473,1289,184,1303,170,946,923,492,0,1520,942,5,24021.29211655259,905,0,0,0,0,0,,,,,,,,,,,,,
recovery-speed5-day,fresh,12441600,turbo-unchecked,43200,413,3153600,9374400,30,0,4,34,28,6,329,27,15,30,0,226,0,5,34,0,0,0,1491,1304,187,1317,174,956,932,501,0,1539,957,5,24548.368761450052,914,0,0,0,0,0,,,,,,,,,,,,,
recovery-speed5-day,fresh,12441600,turbo-unchecked,43200,417,3196800,9417600,33,0,1,34,28,6,328,26,14,33,0,319,0,5,34,0,0,0,1511,1323,188,1335,176,970,946,507,0,1560,971,6,24933.84461477399,928,0,0,0,0,0,,,,,,,,,,,,,
recovery-speed5-day,fresh,12441600,turbo-unchecked,43200,421,3240000,9460800,34,0,0,34,29,5,329,26,21,34,0,6283,0,5,34,0,0,0,1524,1336,188,1346,178,980,956,510,0,1574,992,6,25235.399887114763,937,0,0,0,0,0,,,,,,,,,,,,,
recovery-speed5-day,fresh,12441600,turbo-unchecked,43200,425,3283200,9504000,30,0,3,33,27,6,329,23,18,30,1,1,0,5,33,0,0,0,1538,1347,191,1358,180,993,969,512,0,1590,1010,6,25661.970498114824,950,0,0,0,0,0,,,,,,,,,,,,,
recovery-speed5-day,fresh,12441600,turbo-unchecked,43200,429,3326400,9547200,33,0,2,35,29,6,329,28,20,33,0,1,0,5,35,0,0,0,1553,1360,193,1371,182,1000,976,518,0,1606,1030,6,26081.983898609877,957,0,0,0,0,0,,,,,,,,,,,,,
recovery-speed5-day,fresh,12441600,turbo-unchecked,43200,433,3369600,9590400,34,0,1,35,31,4,327,30,14,34,0,1,0,5,35,0,0,0,1573,1380,193,1389,184,1014,990,524,0,1625,1044,6,26401.2816785872,971,0,0,0,0,0,,,,,,,,,,,,,
recovery-speed5-day,fresh,12441600,turbo-unchecked,43200,437,3412800,9633600,30,0,3,33,30,3,329,24,18,30,0,419,0,5,33,0,0,0,1588,1392,196,1403,185,1028,1004,527,0,1643,1062,6,26801.96440950036,984,0,0,0,0,0,,,,,,,,,,,,,
recovery-speed5-day,fresh,12441600,turbo-unchecked,43200,441,3456000,9676800,34,0,0,34,28,6,327,26,15,34,0,1,0,5,34,0,0,0,1607,1411,196,1419,188,1040,1016,533,0,1661,1077,6,27228.70028963685,996,0,0,0,0,0,,,,,,,,,,,,,
recovery-speed5-day,fresh,12441600,turbo-unchecked,43200,445,3499200,9720000,34,0,1,35,29,6,328,24,23,34,0,1,0,5,35,0,0,0,1619,1422,197,1430,189,1047,1023,537,0,1674,1100,7,27540.14369598031,1003,0,0,0,0,0,,,,,,,,,,,,,
recovery-speed5-day,fresh,12441600,turbo-unchecked,43200,449,3542400,9763200,33,0,1,34,25,9,328,21,23,33,1,14343,1,5,34,0,0,0,1629,1431,198,1437,192,1056,1032,539,0,1686,1122,8,27791.7138646245,1012,0,0,0,0,0,,,,,,,,,,,,,
recovery-speed5-day,fresh,12441600,turbo-unchecked,43200,453,3585600,9806400,32,0,2,34,28,6,329,17,25,32,0,6840,0,5,34,0,0,0,1638,1438,200,1446,192,1061,1037,543,0,1696,1147,8,28034.7390152812,1016,0,0,0,0,0,,,,,,,,,,,,,
recovery-speed5-day,fresh,12441600,turbo-unchecked,43200,457,3628800,9849600,33,0,2,35,30,5,329,21,20,33,2,80,0,5,35,0,0,0,1651,1449,202,1459,192,1070,1046,546,0,1710,1167,8,28177.735915005207,1025,0,0,0,0,0,,,,,,,,,,,,,
recovery-speed5-day,fresh,12441600,turbo-unchecked,43200,461,3672000,9892800,34,0,1,35,30,5,330,20,26,34,1,15439,3,5,35,0,0,0,1659,1456,203,1467,192,1072,1048,552,0,1720,1193,8,28385.13110178709,1027,0,0,0,0,0,,,,,,,,,,,,,
recovery-speed5-day,fresh,12441600,turbo-unchecked,43200,465,3715200,9936000,34,0,1,35,30,5,331,26,30,34,0,1,0,5,35,0,0,0,1664,1460,204,1472,192,1077,1053,552,0,1727,1221,8,28661.92028617859,1032,0,0,0,0,0,,,,,,,,,,,,,
recovery-speed5-day,fresh,12441600,turbo-unchecked,43200,469,3758400,9979200,33,0,2,35,28,7,330,22,25,33,1,5840,0,5,35,0,0,0,1673,1467,206,1479,194,1084,1060,554,0,1736,1245,8,28986.542432904243,1039,0,0,0,0,0,,,,,,,,,,,,,
recovery-speed5-day,fresh,12441600,turbo-unchecked,43200,473,3801600,10022400,31,0,1,32,26,6,331,22,22,31,0,172,0,5,32,0,0,0,1683,1476,207,1489,194,1093,1069,558,0,1748,1266,10,29245.27497303486,1046,0,0,0,0,0,,,,,,,,,,,,,
recovery-speed5-day,fresh,12441600,turbo-unchecked,43200,477,3844800,10065600,35,0,0,35,29,6,330,23,23,35,0,27,0,5,35,0,0,0,1695,1488,207,1500,195,1100,1076,560,0,1760,1289,10,29661.003016471863,1053,0,0,0,0,0,,,,,,,,,,,,,
recovery-speed5-day,fresh,12441600,turbo-unchecked,43200,481,3888000,10108800,31,0,3,34,29,5,330,24,18,31,0,266,0,5,34,0,0,0,1711,1501,210,1516,195,1111,1087,566,0,1778,1307,10,29899.60699224472,1064,0,0,0,0,0,,,,,,,,,,,,,
recovery-speed5-day,fresh,12441600,turbo-unchecked,43200,485,3931200,10152000,32,0,2,34,30,4,331,26,19,32,1,339,0,5,34,0,0,0,1725,1513,212,1529,196,1120,1096,571,0,1794,1325,10,30150.803016662598,1072,0,0,0,0,0,,,,,,,,,,,,,
recovery-speed5-day,fresh,12441600,turbo-unchecked,43200,489,3974400,10195200,30,0,4,34,30,4,329,28,15,30,0,192,0,5,34,0,0,0,1744,1528,216,1546,198,1132,1108,578,0,1813,1340,11,30382.436309993267,1084,0,0,0,0,0,,,,,,,,,,,,,
recovery-speed5-day,fresh,12441600,turbo-unchecked,43200,493,4017600,10238400,34,0,1,35,32,3,330,24,15,34,0,6955,0,5,35,0,0,0,1764,1547,217,1565,199,1142,1117,587,0,1834,1354,12,30610.904889523983,1093,0,0,0,0,0,,,,,,,,,,,,,
recovery-speed5-day,fresh,12441600,turbo-unchecked,43200,497,4060800,10281600,33,0,1,34,29,5,330,27,13,33,0,1612,0,5,34,0,0,0,1785,1567,218,1584,201,1156,1131,595,0,1856,1367,12,30990.306264460087,1107,0,0,0,0,0,,,,,,,,,,,,,
recovery-speed5-day,fresh,12441600,turbo-unchecked,43200,501,4104000,10324800,33,0,2,35,30,5,329,31,20,33,0,118,0,5,35,0,0,0,1800,1580,220,1598,202,1164,1139,601,0,1872,1385,12,31319.381571352482,1115,0,0,0,0,0,,,,,,,,,,,,,
recovery-speed5-day,fresh,12441600,turbo-unchecked,43200,505,4147200,10368000,33,0,2,35,30,5,329,26,18,33,0,976,0,5,35,0,0,0,1817,1595,222,1614,203,1175,1150,607,0,1889,1403,12,31608.541760146618,1126,0,0,0,0,0,,,,,,,,,,,,,
recovery-speed5-day,fresh,12441600,turbo-unchecked,43200,509,4190400,10411200,31,0,2,33,28,5,330,21,20,31,0,104,0,5,33,0,0,0,1830,1606,224,1627,203,1185,1160,612,0,1905,1423,12,31882.646605193615,1136,0,0,0,0,0,,,,,,,,,,,,,
recovery-speed5-day,fresh,12441600,turbo-unchecked,43200,513,4233600,10454400,31,0,4,35,30,5,330,20,23,31,0,198,0,5,35,0,0,0,1842,1614,228,1638,204,1191,1166,616,0,1917,1445,13,32030.542267501354,1141,0,0,0,0,0,,,,,,,,,,,,,
recovery-speed5-day,fresh,12441600,turbo-unchecked,43200,517,4276800,10497600,32,0,3,35,29,6,328,22,21,32,0,15174,1,5,35,0,0,0,1856,1625,231,1650,206,1201,1176,620,0,1930,1465,13,32233.79624682665,1151,0,0,0,0,0,,,,,,,,,,,,,
recovery-speed5-day,fresh,12441600,turbo-unchecked,43200,521,4320000,10540800,29,0,3,32,26,6,328,21,19,29,0,1,0,5,32,0,0,0,1869,1635,234,1662,207,1214,1189,623,0,1944,1482,14,32419.744318187237,1163,0,0,0,0,0,,,,,,,,,,,,,
recovery-speed5-day,fresh,12441600,turbo-unchecked,43200,525,4363200,10584000,32,0,3,35,30,5,329,25,18,32,0,1,0,5,35,0,0,0,1885,1649,236,1676,209,1222,1196,628,0,1961,1499,15,32630.50873479247,1170,0,0,0,0,0,,,,,,,,,,,,,
recovery-speed5-day,fresh,12441600,turbo-unchecked,43200,529,4406400,10627200,34,0,1,35,32,3,330,29,18,34,1,1,0,5,35,0,0,0,1901,1664,237,1690,211,1233,1207,633,0,1977,1517,15,32958.503304332495,1179,0,0,0,0,0,,,,,,,,,,,,,
recovery-speed5-day,fresh,12441600,turbo-unchecked,43200,533,4449600,10670400,30,0,3,33,28,5,328,25,22,30,0,136,0,5,33,0,0,0,1912,1672,240,1699,213,1239,1213,640,0,1988,1539,15,33214.15787491202,1185,0,0,0,0,0,,,,,,,,,,,,,
recovery-speed5-day,fresh,12441600,turbo-unchecked,43200,537,4492800,10713600,33,0,1,34,30,4,329,22,16,33,1,1,0,5,34,0,0,0,1929,1688,241,1715,214,1249,1222,646,0,2006,1554,16,33478.08890494704,1194,0,0,0,0,0,,,,,,,,,,,,,
recovery-speed5-day,fresh,12441600,turbo-unchecked,43200,541,4536000,10756800,32,0,2,34,30,4,328,24,20,32,0,6068,0,5,34,0,0,0,1943,1700,243,1728,215,1257,1230,652,0,2021,1573,16,33793.550931572914,1202,0,0,0,0,0,,,,,,,,,,,,,
recovery-speed5-day,fresh,12441600,turbo-unchecked,43200,545,4579200,10800000,34,0,2,36,29,7,327,28,23,34,0,2413,0,5,36,0,0,0,1956,1711,245,1738,218,1262,1235,658,0,2034,1596,16,34217.344625771046,1207,0,0,0,0,0,,,,,,,,,,,,,
recovery-speed5-day,fresh,12441600,turbo-unchecked,43200,549,4622400,10843200,34,0,1,35,28,7,327,23,25,34,1,239,0,5,35,0,0,0,1965,1719,246,1745,220,1269,1242,661,0,2043,1621,17,34632.635478794575,1214,0,0,0,0,0,,,,,,,,,,,,,
recovery-speed5-day,fresh,12441600,turbo-unchecked,43200,553,4665600,10886400,33,0,2,35,28,7,327,27,21,33,0,2259,0,5,35,0,0,0,1979,1731,248,1758,221,1280,1253,664,0,2057,1642,18,34858.39363473654,1225,0,0,0,0,0,,,,,,,,,,,,,
recovery-speed5-day,fresh,12441600,turbo-unchecked,43200,557,4708800,10929600,34,0,1,35,30,5,329,24,20,34,1,314,0,5,35,0,0,0,1993,1744,249,1771,222,1289,1262,669,0,2072,1662,20,35216.89870661497,1233,0,0,0,0,0,,,,,,,,,,,,,
recovery-speed5-day,fresh,12441600,turbo-unchecked,43200,561,4752000,10972800,34,0,1,35,30,5,329,25,21,34,0,8,0,5,35,0,0,0,2007,1757,250,1783,224,1298,1271,674,0,2086,1682,20,35492.80374163389,1241,0,0,0,0,0,,,,,,,,,,,,,
recovery-speed5-day,fresh,12441600,turbo-unchecked,43200,565,4795200,11016000,33,0,2,35,25,10,328,24,21,33,2,224,0,5,35,0,0,0,2019,1767,252,1790,229,1306,1279,678,0,2098,1702,20,35839.15544837713,1249,0,0,0,0,0,,,,,,,,,,,,,
recovery-speed5-day,fresh,12441600,turbo-unchecked,43200,569,4838400,11059200,34,0,0,34,26,8,328,23,23,34,3,1877,0,5,34,0,0,0,2027,1775,252,1797,230,1313,1286,680,0,2108,1724,20,36230.3867418468,1256,0,0,0,0,0,,,,,,,,,,,,,
recovery-speed5-day,fresh,12441600,turbo-unchecked,43200,573,4881600,11102400,32,0,2,34,25,9,328,24,22,32,0,216,0,5,34,0,0,0,2039,1785,254,1807,232,1322,1295,683,0,2121,1746,21,36404.29781636596,1265,0,0,0,0,0,,,,,,,,,,,,,
recovery-speed5-day,fresh,12441600,turbo-unchecked,43200,577,4924800,11145600,33,0,2,35,26,9,328,23,19,33,1,1,0,5,35,0,0,0,2054,1798,256,1821,233,1331,1304,688,0,2137,1765,24,36634.37499591708,1274,0,0,0,0,0,,,,,,,,,,,,,
recovery-speed5-day,fresh,12441600,turbo-unchecked,43200,581,4968000,11188800,26,0,5,31,23,8,330,15,20,26,0,1,0,5,31,0,0,0,2065,1804,261,1831,234,1339,1312,695,0,2149,1783,26,36881.8558537662,1280,0,0,0,0,0,,,,,,,,,,,,,
recovery-speed5-day,fresh,12441600,turbo-unchecked,43200,585,5011200,11232000,31,0,2,33,28,5,328,26,15,31,0,747,0,5,33,0,0,0,2083,1820,263,1848,235,1350,1323,700,0,2167,1798,26,37059.07105347514,1291,0,0,0,0,0,,,,,,,,,,,,,
recovery-speed5-day,fresh,12441600,turbo-unchecked,43200,589,5054400,11275200,34,0,1,35,32,3,328,26,25,34,0,181,0,5,35,0,0,0,2093,1829,264,1858,235,1355,1328,703,0,2178,1823,26,37508.59287324548,1296,0,0,0,0,0,,,,,,,,,,,,,
recovery-speed5-day,fresh,12441600,turbo-unchecked,43200,593,5097600,11318400,33,0,2,35,32,3,329,24,20,33,0,49,0,5,35,0,0,0,2108,1842,266,1873,235,1368,1341,705,0,2194,1843,28,37662.01263216138,1309,0,0,0,0,0,,,,,,,,,,,,,
recovery-speed5-day,fresh,12441600,turbo-unchecked,43200,597,5140800,11361600,33,0,2,35,32,3,329,29,18,33,1,1,0,5,35,0,0,0,2124,1856,268,1889,235,1379,1352,710,0,2210,1861,28,38031.39977136254,1320,0,0,0,0,0,,,,,,,,,,,,,
recovery-speed5-day,fresh,12441600,turbo-unchecked,43200,601,5184000,11404800,31,0,2,33,27,6,330,27,19,31,0,1,0,5,33,0,0,0,2138,1868,270,1900,238,1391,1364,714,0,2225,1880,28,38391.0623139441,1332,0,0,0,0,0,,,,,,,,,,,,,
recovery-speed5-day,fresh,12441600,turbo-unchecked,43200,605,5227200,11448000,32,0,2,34,29,5,332,28,17,32,0,1,0,5,34,0,0,0,2155,1883,272,1915,240,1402,1374,719,0,2244,1897,28,38768.563347011805,1341,0,0,0,0,0,,,,,,,,,,,,,
recovery-speed5-day,fresh,12441600,turbo-unchecked,43200,609,5270400,11491200,29,0,6,35,29,6,330,27,9,29,0,1,0,5,35,0,0,0,2181,1903,278,1936,245,1419,1391,727,0,2270,1906,28,39052.05513969064,1358,0,0,0,0,0,,,,,,,,,,,,,
recovery-speed5-day,fresh,12441600,turbo-unchecked,43200,613,5313600,11534400,33,0,2,35,27,8,330,25,14,33,0,141,0,5,35,0,0,0,2202,1922,280,1954,248,1430,1402,737,0,2292,1920,28,39371.89825287461,1369,0,0,0,0,0,,,,,,,,,,,,,
recovery-speed5-day,fresh,12441600,turbo-unchecked,43200,617,5356800,11577600,31,0,1,32,23,9,329,23,17,31,0,1,0,5,32,0,0,0,2217,1936,281,1967,250,1442,1414,743,0,2308,1937,28,39754.96055403352,1381,0,0,0,0,0,,,,,,,,,,,,,
recovery-speed5-day,fresh,12441600,turbo-unchecked,43200,621,5400000,11620800,33,0,1,34,27,7,329,24,17,33,0,13610,1,5,34,0,0,0,2234,1952,282,1982,252,1452,1424,748,0,2326,1953,28,39981.69431319833,1391,0,0,0,0,0,,,,,,,,,,,,,
recovery-speed5-day,fresh,12441600,turbo-unchecked,43200,625,5443200,11664000,34,0,0,34,26,8,330,26,24,34,0,1,0,5,34,0,0,0,2244,1962,282,1990,254,1459,1431,751,0,2337,1976,28,40526.764174610376,1397,0,0,0,0,0,,,,,,,,,,,,,
recovery-speed5-day,fresh,12441600,turbo-unchecked,43200,629,5486400,11707200,32,0,2,34,30,4,329,25,19,32,0,1,0,5,34,0,0,0,2259,1975,284,2004,255,1470,1442,755,0,2352,1995,28,40736.997106581926,1408,0,0,0,0,0,,,,,,,,,,,,,
recovery-speed5-day,fresh,12441600,turbo-unchecked,43200,633,5529600,11750400,27,0,4,31,27,4,331,25,14,27,0,1,0,5,31,0,0,0,2276,1988,288,2019,257,1482,1453,763,0,2370,2009,28,40974.107916265726,1418,0,0,0,0,0,,,,,,,,,,,,,
recovery-speed5-day,fresh,12441600,turbo-unchecked,43200,637,5572800,11793600,27,0,0,27,23,4,332,25,4,27,0,1,0,5,27,0,0,0,2299,2011,288,2041,258,1501,1472,771,0,2395,2013,28,41138.96331253648,1437,0,0,0,0,0,,,,,,,,,,,,,
recovery-speed5-day,fresh,12441600,turbo-unchecked,43200,641,5616000,11836800,26,0,6,32,29,3,330,25,11,26,0,1,0,5,32,0,0,0,2320,2026,294,2060,260,1509,1480,779,0,2415,2024,28,41445.00592651963,1444,0,0,0,0,0,,,,,,,,,,,,,
recovery-speed5-day,fresh,12441600,turbo-unchecked,43200,645,5659200,11880000,26,0,6,32,27,5,331,23,8,26,0,1,0,5,32,0,0,0,2344,2044,300,2080,264,1521,1491,791,0,2441,2032,28,41606.1770118773,1454,0,0,0,0,0,,,,,,,,,,,,,
recovery-speed5-day,fresh,12441600,turbo-unchecked,43200,649,5702400,11923200,31,0,3,34,27,7,331,25,12,31,0,187,0,5,34,0,0,0,2366,2063,303,2098,268,1534,1504,798,0,2463,2044,28,41870.197615772486,1466,0,0,0,0,0,,,,,,,,,,,,,
recovery-speed5-day,fresh,12441600,turbo-unchecked,43200,653,5745600,11966400,32,0,3,35,28,7,330,28,13,32,0,1,0,5,35,0,0,0,2388,2082,306,2118,270,1550,1520,803,0,2485,2057,28,42238.59149900079,1482,0,0,0,0,0,,,,,,,,,,,,,
recovery-speed5-day,fresh,12441600,turbo-unchecked,43200,657,5788800,12009600,33,0,1,34,29,5,332,25,15,33,0,1099,0,5,34,0,0,0,2407,2100,307,2135,272,1562,1531,811,0,2506,2072,28,42488.17667272687,1492,0,0,0,0,0,,,,,,,,,,,,,
recovery-speed5-day,fresh,12441600,turbo-unchecked,43200,661,5832000,12052800,32,0,2,34,28,6,331,25,20,32,0,399,0,5,34,0,0,0,2421,2112,309,2146,275,1571,1540,816,0,2520,2092,28,42928.63179758191,1501,0,0,0,0,0,,,,,,,,,,,,,
recovery-speed5-day,fresh,12441600,turbo-unchecked,43200,665,5875200,12096000,32,0,2,34,29,5,330,30,13,32,0,79,0,5,34,0,0,0,2442,2131,311,2166,276,1586,1555,822,0,2543,2105,28,43288.78081443906,1516,0,0,0,0,0,,,,,,,,,,,,,
recovery-speed5-day,fresh,12441600,turbo-unchecked,43200,669,5918400,12139200,30,0,3,33,30,3,330,28,12,30,0,1,0,5,33,0,0,0,2463,2149,314,2187,276,1598,1567,832,0,2565,2117,28,43615.209814578295,1528,0,0,0,0,0,,,,,,,,,,,,,
recovery-speed5-day,fresh,12441600,turbo-unchecked,43200,673,5961600,12182400,32,0,1,33,28,5,331,31,12,32,0,6795,0,5,33,0,0,0,2484,2169,315,2206,278,1611,1580,840,0,2587,2129,28,44114.97040513158,1540,0,0,0,0,0,,,,,,,,,,,,,
recovery-speed5-day,fresh,12441600,turbo-unchecked,43200,677,6004800,12225600,33,0,0,33,28,5,331,31,15,33,0,65,0,5,33,0,0,0,2502,2187,315,2223,279,1623,1592,846,0,2607,2144,29,44554.36739984155,1552,0,0,0,0,0,,,,,,,,,,,,,
recovery-speed5-day,fresh,12441600,turbo-unchecked,43200,681,6048000,12268800,31,0,1,32,28,4,332,30,12,31,0,1,0,5,32,0,0,0,2522,2206,316,2242,280,1637,1605,853,0,2628,2156,30,44895.20535212755,1565,0,0,0,0,0,,,,,,,,,,,,,
recovery-speed5-day,fresh,12441600,turbo-unchecked,43200,685,6091200,12312000,33,0,2,35,31,4,332,29,12,33,0,1,0,5,35,0,0,0,2545,2227,318,2262,283,1651,1618,859,0,2651,2168,30,45262.23347264528,1578,0,0,0,0,0,,,,,,,,,,,,,
recovery-speed5-day,fresh,12441600,turbo-unchecked,43200,689,6134400,12355200,32,0,2,34,29,5,332,30,16,32,0,1,0,5,34,0,0,0,2563,2243,320,2278,285,1663,1630,866,0,2670,2184,30,45568.919650256634,1590,0,0,0,0,0,,,,,,,,,,,,,
recovery-speed5-day,fresh,12441600,turbo-unchecked,43200,693,6177600,12398400,32,0,3,35,31,4,333,23,13,32,0,4730,0,5,35,0,0,0,2585,2262,323,2299,286,1679,1646,871,0,2692,2195,30,45876.09707918763,1604,0,0,0,0,0,,,,,,,,,,,,,
recovery-speed5-day,fresh,12441600,turbo-unchecked,43200,697,6220800,12441600,31,0,2,33,28,5,353,26,20,31,0,280,0,5,33,0,0,0,2598,2273,325,2310,288,1687,1654,878,0,2727,2215,30,46164.43516847491,1611,0,0,0,0,0,,,,,,,,,,,,,
recovery-speed5-day,fresh,12441600,turbo-unchecked,43200,701,6264000,12484800,33,0,0,33,29,4,353,26,21,33,0,2479,0,5,33,0,0,0,2610,2285,325,2320,290,1693,1660,884,0,2741,2235,30,46590.08737561107,1617,0,0,0,0,0,,,,,,,,,,,,,
recovery-speed5-day,fresh,12441600,turbo-unchecked,43200,705,6307200,12528000,32,0,3,35,30,5,352,27,18,32,0,1,0,5,35,0,0,0,2627,2299,328,2336,291,1704,1671,888,0,2758,2252,30,46961.40847462416,1628,0,0,0,0,0,,,,,,,,,,,,,
recovery-speed5-day,fresh,12441600,turbo-unchecked,43200,709,6350400,12571200,31,0,3,34,29,5,351,28,22,31,0,1,0,5,34,0,0,0,2639,2308,331,2347,292,1713,1680,892,0,2770,2273,30,47449.123216331005,1637,0,0,0,0,0,,,,,,,,,,,,,
recovery-speed5-day,fresh,12441600,turbo-unchecked,43200,713,6393600,12614400,34,0,0,34,29,5,351,26,17,34,0,404,0,5,34,0,0,0,2656,2325,331,2363,293,1729,1696,893,0,2788,2290,30,47796.042997419834,1652,0,0,0,0,0,,,,,,,,,,,,,
recovery-speed5-day,fresh,12441600,turbo-unchecked,43200,717,6436800,12657600,33,0,1,34,29,5,351,30,17,33,0,96,0,5,34,0,0,0,2673,2341,332,2379,294,1742,1709,897,0,2806,2307,30,48240.93128782511,1665,0,0,0,0,0,,,,,,,,,,,,,
recovery-speed5-day,fresh,12441600,turbo-unchecked,43200,721,6480000,12700800,32,0,2,34,28,6,351,25,16,32,1,6055,0,5,34,0,0,0,2690,2356,334,2394,296,1753,1720,903,0,2824,2323,30,48557.31388360262,1676,0,0,0,0,0,,,,,,,,,,,,,
recovery-speed5-day,fresh,12441600,turbo-unchecked,43200,725,6523200,12744000,33,0,0,33,29,4,351,28,16,33,0,8909,0,5,33,0,0,0,2707,2373,334,2411,296,1762,1729,912,0,2843,2337,30,48760.98308631778,1685,0,0,0,0,0,,,,,,,,,,,,,
recovery-speed5-day,fresh,12441600,turbo-unchecked,43200,729,6566400,12787200,32,0,2,34,28,6,351,21,19,32,0,2196,0,5,34,0,0,0,2722,2386,336,2424,298,1772,1739,916,0,2859,2355,30,49207.06121325493,1695,0,0,0,0,0,,,,,,,,,,,,,
recovery-speed5-day,fresh,12441600,turbo-unchecked,43200,733,6609600,12830400,35,0,0,35,28,7,351,31,25,35,0,1,0,5,35,0,0,0,2732,2396,336,2432,300,1779,1746,918,0,2870,2379,30,49696.51696395874,1702,0,0,0,0,0,,,,,,,,,,,,,
recovery-speed5-day,fresh,12441600,turbo-unchecked,43200,737,6652800,12873600,33,0,1,34,29,5,353,24,13,33,1,177,0,5,34,0,0,0,2752,2415,337,2451,301,1794,1760,924,0,2892,2392,30,49824.031296133995,1715,0,0,0,0,0,,,,,,,,,,,,,
recovery-speed5-day,fresh,12441600,turbo-unchecked,43200,741,6696000,12916800,32,0,1,33,28,5,353,23,18,32,2,23581,1,5,33,0,0,0,2765,2427,338,2461,304,1804,1769,928,0,2905,2408,30,50171.041938483715,1724,0,0,0,0,0,,,,,,,,,,,,,
recovery-speed5-day,fresh,12441600,turbo-unchecked,43200,745,6739200,12960000,33,0,1,34,28,6,351,27,20,33,0,463,0,5,34,0,0,0,2779,2440,339,2472,307,1813,1778,932,0,2919,2428,30,50492.89170092344,1733,0,0,0,0,0,,,,,,,,,,,,,
recovery-speed5-day,fresh,12441600,turbo-unchecked,43200,749,6782400,13003200,32,0,3,35,30,5,352,27,18,32,0,158,0,5,35,0,0,0,2796,2454,342,2489,307,1822,1787,939,0,2938,2446,30,50809.4179263711,1742,0,0,0,0,0,,,,,,,,,,,,,
recovery-speed5-day,fresh,12441600,turbo-unchecked,43200,753,6825600,13046400,31,0,3,34,32,2,353,26,13,31,2,994,0,5,34,0,0,0,2815,2470,345,2508,307,1833,1798,948,0,2958,2459,30,51018.68850427866,1752,0,0,0,0,0,,,,,,,,,,,,,
recovery-speed5-day,fresh,12441600,turbo-unchecked,43200,757,6868800,13089600,32,0,2,34,30,4,353,30,11,32,0,1,0,5,34,0,0,0,2838,2491,347,2528,310,1844,1808,960,0,2981,2470,30,51150.69120746851,1762,0,0,0,0,0,,,,,,,,,,,,,
recovery-speed5-day,fresh,12441600,turbo-unchecked,43200,761,6912000,13132800,34,0,0,34,30,4,352,32,11,34,0,1,0,5,34,0,0,0,2861,2514,347,2548,313,1858,1821,969,0,3004,2481,30,51543.5372415185,1775,0,0,0,0,0,,,,,,,,,,,,,
recovery-speed5-day,fresh,12441600,turbo-unchecked,43200,765,6955200,13176000,30,0,2,32,27,5,352,28,22,30,0,1,0,5,32,0,0,0,2871,2522,349,2556,315,1868,1831,971,0,3016,2502,30,52236.634495168924,1785,0,0,0,0,0,,,,,,,,,,,,,
recovery-speed5-day,fresh,12441600,turbo-unchecked,43200,769,6998400,13219200,31,0,2,33,28,5,352,26,12,31,0,1,0,5,33,0,0,0,2892,2541,351,2576,316,1882,1845,977,0,3038,2514,30,52433.295837432146,1799,0,0,0,0,0,,,,,,,,,,,,,
recovery-speed5-day,fresh,12441600,turbo-unchecked,43200,773,7041600,13262400,35,0,0,35,30,5,352,31,14,35,0,1,0,5,35,0,0,0,2913,2562,351,2595,318,1896,1859,982,0,3060,2528,30,52679.112549334764,1813,0,0,0,0,0,,,,,,,,,,,,,
recovery-speed5-day,fresh,12441600,turbo-unchecked,43200,777,7084800,13305600,32,0,2,34,31,3,354,31,12,32,0,1,0,5,34,0,0,0,2935,2582,353,2616,319,1910,1873,991,0,3083,2540,30,53061.79406026006,1825,0,0,0,0,0,,,,,,,,,,,,,
recovery-speed5-day,fresh,12441600,turbo-unchecked,43200,781,7128000,13348800,30,0,2,32,29,3,352,29,17,30,0,423,0,5,32,0,0,0,2950,2595,355,2629,321,1924,1887,994,0,3100,2557,30,53638.05120137334,1839,0,0,0,0,0,,,,,,,,,,,,,
recovery-speed5-day,fresh,12441600,turbo-unchecked,43200,785,7171200,13392000,26,0,2,28,23,5,351,24,7,26,0,1,0,5,28,0,0,0,2971,2614,357,2647,324,1943,1906,1000,0,3122,2564,30,53855.612165004015,1858,0,0,0,0,0,,,,,,,,,,,,,
recovery-speed5-day,fresh,12441600,turbo-unchecked,43200,789,7214400,13435200,29,0,3,32,27,5,353,26,9,29,0,362,0,5,32,0,0,0,2994,2634,360,2668,326,1953,1915,1009,0,3148,2573,30,54220.40560296178,1867,0,0,0,0,0,,,,,,,,,,,,,
recovery-speed5-day,fresh,12441600,turbo-unchecked,43200,793,7257600,13478400,32,0,2,34,26,8,352,24,15,32,0,28,0,5,34,0,0,0,3013,2651,362,2682,331,1964,1926,1015,0,3167,2588,30,54613.03683322668,1878,0,0,0,0,0,,,,,,,,,,,,,
recovery-speed5-day,fresh,12441600,turbo-unchecked,43200,797,7300800,13521600,28,0,1,29,22,7,352,21,17,28,0,1,0,5,29,0,0,0,3025,2662,363,2693,332,1976,1938,1020,0,3180,2605,30,55065.51580494642,1890,0,0,0,0,0,,,,,,,,,,,,,
recovery-speed5-day,fresh,12441600,turbo-unchecked,43200,801,7344000,13564800,31,0,3,34,27,7,351,22,20,31,1,417,0,5,34,0,0,0,3038,2672,366,2706,332,1980,1942,1024,0,3194,2625,30,55485.217283427715,1894,0,0,0,0,0,,,,,,,,,,,,,
recovery-speed5-day,fresh,12441600,turbo-unchecked,43200,805,7387200,13608000,30,0,3,33,27,6,353,20,22,30,0,356,0,5,33,0,0,0,3049,2680,369,2716,333,1988,1949,1028,0,3206,2647,30,55804.84667676687,1901,0,0,0,0,0,,,,,,,,,,,,,
recovery-speed5-day,fresh,12441600,turbo-unchecked,43200,809,7430400,13651200,33,0,0,33,28,5,352,30,15,33,0,1,0,5,33,0,0,0,3067,2698,369,2733,334,2001,1962,1033,0,3224,2662,31,56060.73708432913,1914,0,0,0,0,0,,,,,,,,,,,,,
recovery-speed5-day,fresh,12441600,turbo-unchecked,43200,813,7473600,13694400,28,0,2,30,26,4,351,22,19,28,0,427,0,5,30,0,0,0,3078,2707,371,2744,334,2007,1968,1041,0,3236,2681,32,56454.34465044737,1920,0,0,0,0,0,,,,,,,,,,,,,
recovery-speed5-day,fresh,12441600,turbo-unchecked,43200,817,7516800,13737600,28,0,4,32,27,5,352,26,15,28,0,1,0,5,32,0,0,0,3095,2720,375,2759,336,2017,1978,1046,0,3255,2696,32,56733.421576201916,1930,0,0,0,0,0,,,,,,,,,,,,,
recovery-speed5-day,fresh,12441600,turbo-unchecked,43200,821,7560000,13780800,19,0,2,21,17,4,355,16,9,19,0,1,0,5,21,0,0,0,3107,2730,377,2770,337,2033,1993,1053,0,3269,2705,32,56924.99222511053,1945,0,0,0,0,0,,,,,,,,,,,,,
recovery-speed5-day,fresh,12441600,turbo-unchecked,43200,825,7603200,13824000,21,0,1,22,19,3,355,17,4,21,0,138,0,5,22,0,0,0,3125,2747,378,2786,339,2045,2005,1058,0,3287,2709,32,57061.88524669409,1956,0,0,0,0,0,,,,,,,,,,,,,
recovery-speed5-day,fresh,12441600,turbo-unchecked,43200,829,7646400,13867200,22,0,0,22,19,3,355,22,6,22,0,0,0,5,22,0,0,0,3141,2763,378,2801,340,2053,2013,1066,0,3305,2715,32,57230.93752425909,1964,0,0,0,0,0,,,,,,,,,,,,,
recovery-speed5-day,fresh,12441600,turbo-unchecked,43200,833,7689600,13910400,21,0,1,22,18,4,355,21,6,21,0,0,0,5,22,0,0,0,3157,2778,379,2814,343,2064,2023,1071,0,3321,2721,32,57501.6951469779,1974,0,0,0,0,0,,,,,,,,,,,,,
recovery-speed5-day,fresh,12441600,turbo-unchecked,43200,837,7732800,13953600,19,0,4,23,21,2,355,19,2,19,0,0,0,5,23,0,0,0,3178,2795,383,2834,344,2075,2033,1080,0,3341,2723,32,57544.62284129858,1983,0,0,0,0,0,,,,,,,,,,,,,
recovery-speed5-day,fresh,12441600,turbo-unchecked,43200,841,7776000,13996800,22,0,1,23,20,3,356,21,8,22,0,1,0,5,23,0,0,0,3193,2809,384,2846,347,2082,2039,1088,0,3355,2731,32,57745.33466142416,1988,0,0,0,0,0,,,,,,,,,,,,,
recovery-speed5-day,fresh,12441600,turbo-unchecked,43200,845,7819200,14040000,21,0,1,22,19,3,356,20,6,21,0,153,0,5,22,0,0,0,3209,2824,385,2861,348,2094,2050,1093,0,3371,2737,32,57875.954654634,1999,0,0,0,0,0,,,,,,,,,,,,,
recovery-speed5-day,fresh,12441600,turbo-unchecked,43200,849,7862400,14083200,20,0,1,21,18,3,356,20,6,20,0,0,0,5,21,0,0,0,3224,2838,386,2874,350,2106,2061,1097,0,3387,2743,32,58174.65667814016,2010,0,0,0,0,0,,,,,,,,,,,,,
recovery-speed5-day,fresh,12441600,turbo-unchecked,43200,853,7905600,14126400,24,0,2,26,20,6,355,22,11,24,0,1,0,5,26,0,0,0,3239,2851,388,2885,354,2112,2067,1101,0,3403,2754,32,58496.94124597311,2016,0,0,0,0,0,,,,,,,,,,,,,
recovery-speed5-day,fresh,12441600,turbo-unchecked,43200,857,7948800,14169600,19,0,3,22,16,6,355,18,5,19,0,1,0,5,22,0,0,0,3256,2865,391,2900,356,2125,2080,1109,0,3422,2759,32,58625.55635255575,2029,0,0,0,0,0,,,,,,,,,,,,,
recovery-speed5-day,fresh,12441600,turbo-unchecked,43200,861,7992000,14212800,24,0,2,26,18,8,356,24,8,24,0,0,0,5,26,0,0,0,3274,2881,393,2914,360,2135,2090,1113,0,3442,2767,32,58890.303076684475,2039,0,0,0,0,0,,,,,,,,,,,,,
recovery-speed5-day,fresh,12441600,turbo-unchecked,43200,865,8035200,14256000,24,0,3,27,18,9,356,22,12,24,1,1,0,5,27,0,0,0,3288,2892,396,2926,362,2145,2100,1116,0,3457,2779,32,59198.97521203756,2049,0,0,0,0,0,,,,,,,,,,,,,
recovery-speed5-day,fresh,12441600,turbo-unchecked,43200,869,8078400,14299200,29,0,3,32,25,7,356,21,12,29,0,10260,0,5,32,0,0,0,3308,2909,399,2944,364,2154,2109,1122,0,3478,2790,32,59453.92961549759,2058,0,0,0,0,0,,,,,,,,,,,,,
recovery-speed5-day,fresh,12441600,turbo-unchecked,43200,873,8121600,14342400,29,0,5,34,27,7,356,18,16,29,1,188,0,5,34,0,0,0,3325,2921,404,2959,366,2164,2119,1127,0,3496,2805,32,59685.08690595627,2068,0,0,0,0,0,,,,,,,,,,,,,
recovery-speed5-day,fresh,12441600,turbo-unchecked,43200,877,8164800,14385600,33,0,0,33,27,6,356,22,20,33,0,24399,2,5,33,0,0,0,3338,2934,404,2971,367,2174,2129,1131,0,3511,2825,33,59871.429960012436,2078,0,0,0,0,0,,,,,,,,,,,,,
recovery-speed5-day,fresh,12441600,turbo-unchecked,43200,881,8208000,14428800,31,0,2,33,27,6,357,21,21,31,1,9623,0,5,33,0,0,0,3349,2943,406,2980,369,2182,2136,1134,0,3524,2846,33,60042.87508094311,2085,0,0,0,0,0,,,,,,,,,,,,,
recovery-speed5-day,fresh,12441600,turbo-unchecked,43200,885,8251200,14472000,30,0,1,31,22,9,356,25,15,30,0,476,0,5,31,0,0,0,3365,2958,407,2991,374,2193,2146,1141,0,3540,2861,34,60174.350499510765,2095,0,0,0,0,0,,,,,,,,,,,,,
recovery-speed5-day,fresh,12441600,turbo-unchecked,43200,889,8294400,14515200,32,0,2,34,24,10,355,20,21,32,1,62,0,5,34,0,0,0,3377,2968,409,3001,376,2197,2150,1146,0,3552,2881,34,60453.08671501279,2099,0,0,0,0,0,,,,,,,,,,,,,
recovery-speed5-day,fresh,12441600,turbo-unchecked,43200,893,8337600,14558400,34,0,0,34,25,9,356,27,22,34,0,332,0,5,34,0,0,0,3389,2980,409,3012,377,2205,2157,1150,0,3566,2903,34,60739.81929281354,2106,0,0,0,0,0,,,,,,,,,,,,,
recovery-speed5-day,fresh,12441600,turbo-unchecked,43200,897,8380800,14601600,28,0,1,29,23,6,357,19,18,28,0,28116,2,5,29,0,0,0,3400,2990,410,3022,378,2217,2169,1154,0,3578,2921,34,60894.150148540735,2117,0,0,0,0,0,,,,,,,,,,,,,
recovery-speed5-day,fresh,12441600,turbo-unchecked,43200,901,8424000,14644800,34,0,2,36,28,8,355,23,25,34,1,1,0,5,36,0,0,0,3410,2998,412,3030,380,2219,2171,1155,0,3587,2944,34,61189.745197206736,2119,0,0,0,0,0,,,,,,,,,,,,,
recovery-speed5-day,fresh,12441600,turbo-unchecked,43200,905,8467200,14688000,33,0,1,34,26,8,356,22,26,33,0,32629,1,5,34,0,0,0,3418,3005,413,3037,381,2227,2179,1157,0,3597,2968,37,61482.387681394815,2127,0,0,0,0,0,,,,,,,,,,,,,
recovery-speed5-day,fresh,12441600,turbo-unchecked,43200,909,8510400,14731200,31,0,2,33,28,5,357,25,21,31,1,454,0,5,33,0,0,0,3429,3014,415,3047,382,2236,2188,1160,0,3608,2987,38,61637.292214006186,2135,0,0,0,0,0,,,,,,,,,,,,,
recovery-speed5-day,fresh,12441600,turbo-unchecked,43200,913,8553600,14774400,33,0,0,33,27,6,357,29,21,33,0,1,0,5,33,0,0,0,3441,3026,415,3057,384,2240,2192,1168,0,3620,3008,39,62000.05112835765,2139,0,0,0,0,0,,,,,,,,,,,,,
recovery-speed5-day,fresh,12441600,turbo-unchecked,43200,917,8596800,14817600,33,0,2,35,29,6,358,24,21,33,0,1,0,5,35,0,0,0,3455,3038,417,3068,387,2249,2201,1171,0,3635,3028,39,62445.32128384709,2147,0,0,0,0,0,,,,,,,,,,,,,
recovery-speed5-day,fresh,12441600,turbo-unchecked,43200,921,8640000,14860800,34,0,1,35,29,6,359,25,25,34,0,4560,0,5,35,0,0,0,3465,3047,418,3077,388,2257,2208,1173,0,3645,3053,39,62840.622529774904,2153,0,0,0,0,0,,,,,,,,,,,,,
recovery-speed5-day,fresh,12441600,turbo-unchecked,43200,925,8683200,14904000,27,0,3,30,24,6,358,21,18,27,0,1,0,5,30,0,0,0,3477,3056,421,3086,391,2268,2219,1179,0,3658,3070,39,63071.113312631845,2164,0,0,0,0,0,,,,,,,,,,,,,
recovery-speed5-day,fresh,12441600,turbo-unchecked,43200,929,8726400,14947200,34,0,1,35,27,8,357,23,21,34,0,423,0,5,35,0,0,0,3491,3069,422,3098,393,2275,2226,1181,0,3672,3091,39,63246.279175668955,2171,0,0,0,0,0,,,,,,,,,,,,,
recovery-speed5-day,fresh,12441600,turbo-unchecked,43200,933,8769600,14990400,27,0,2,29,24,5,358,22,18,27,0,1,0,5,29,0,0,0,3502,3078,424,3108,394,2287,2238,1186,0,3685,3109,40,63382.0959841311,2182,0,0,0,0,0,,,,,,,,,,,,,
recovery-speed5-day,fresh,12441600,turbo-unchecked,43200,937,8812800,15033600,30,0,0,30,24,6,358,26,18,30,0,1,0,5,30,0,0,0,3514,3090,424,3119,395,2297,2248,1187,0,3698,3126,40,63687.25751772523,2191,0,0,0,0,0,,,,,,,,,,,,,
recovery-speed5-day,fresh,12441600,turbo-unchecked,43200,941,8856000,15076800,34,0,1,35,29,6,357,29,20,34,0,264,0,5,35,0,0,0,3529,3104,425,3132,397,2303,2254,1191,0,3714,3146,41,64184.749080091715,2197,0,0,0,0,0,,,,,,,,,,,,,
recovery-speed5-day,fresh,12441600,turbo-unchecked,43200,945,8899200,15120000,31,0,0,31,22,9,357,20,19,31,1,159,0,5,31,0,0,0,3540,3115,425,3138,402,2315,2266,1194,0,3727,3164,42,64421.85330119729,2209,0,0,0,0,0,,,,,,,,,,,,,
recovery-speed5-day,fresh,12441600,turbo-unchecked,43200,949,8942400,15163200,33,0,0,33,27,6,357,22,20,33,0,741,0,5,33,0,0,0,3553,3128,425,3151,402,2323,2274,1197,0,3741,3184,42,64637.52617201209,2217,0,0,0,0,0,,,,,,,,,,,,,
recovery-speed5-day,fresh,12441600,turbo-unchecked,43200,953,8985600,15206400,30,0,1,31,25,6,357,26,20,30,0,331,0,5,31,0,0,0,3564,3138,426,3162,402,2331,2282,1202,0,3753,3204,43,64950.37038812041,2225,0,0,0,0,0,,,,,,,,,,,,,
recovery-speed5-day,fresh,12441600,turbo-unchecked,43200,957,9028800,15249600,33,0,4,37,29,8,356,24,20,33,0,1,0,5,37,0,0,0,3581,3151,430,3176,405,2339,2290,1205,0,3770,3224,43,65281.43111464381,2233,0,0,0,0,0,,,,,,,,,,,,,
recovery-speed5-day,fresh,12441600,turbo-unchecked,43200,961,9072000,15292800,31,0,2,33,29,4,358,25,17,31,1,1,0,5,33,0,0,0,3596,3164,432,3190,406,2352,2302,1211,0,3787,3241,43,65415.88768705726,2244,0,0,0,0,0,,,,,,,,,,,,,
recovery-speed5-day,fresh,12441600,turbo-unchecked,43200,965,9115200,15336000,27,0,2,29,27,2,358,21,15,27,0,1,0,5,29,0,0,0,3610,3176,434,3203,407,2367,2317,1214,0,3803,3256,43,65554.43974289298,2258,0,0,0,0,0,,,,,,,,,,,,,
recovery-speed5-day,fresh,12441600,turbo-unchecked,43200,969,9158400,15379200,29,0,2,31,26,5,358,22,18,29,0,4980,0,5,31,0,0,0,3623,3187,436,3212,411,2375,2325,1217,0,3817,3272,43,65745.1440128982,2265,0,0,0,0,0,,,,,,,,,,,,,
recovery-speed5-day,fresh,12441600,turbo-unchecked,43200,973,9201600,15422400,25,0,1,26,22,4,357,23,8,25,0,1,0,5,26,0,0,0,3641,3204,437,3227,414,2388,2338,1227,0,3834,3280,44,65932.42114135623,2277,0,0,0,0,0,,,,,,,,,,,,,
recovery-speed5-day,fresh,12441600,turbo-unchecked,43200,977,9244800,15465600,15,0,2,17,14,3,357,15,6,15,0,0,0,5,17,0,0,0,3652,3213,439,3238,414,2399,2349,1236,0,3846,3286,44,66142.91379997134,2288,0,0,0,0,0,,,,,,,,,,,,,
recovery-speed5-day,fresh,12441600,turbo-unchecked,43200,981,9288000,15508800,15,0,3,18,15,3,357,15,4,15,0,0,0,5,18,0,0,0,3666,3224,442,3251,415,2406,2356,1242,0,3860,3290,44,66247.13832828403,2295,0,0,0,0,0,,,,,,,,,,,,,
recovery-speed5-day,fresh,12441600,turbo-unchecked,43200,985,9331200,15552000,23,0,2,25,21,4,358,23,8,23,0,0,0,5,25,0,0,0,3683,3239,444,3266,417,2412,2361,1246,0,3879,3298,44,66497.29638692737,2300,0,0,0,0,0,,,,,,,,,,,,,
recovery-speed5-day,fresh,12441600,turbo-unchecked,43200,989,9374400,15595200,22,0,2,24,21,3,358,20,7,22,0,1,0,5,24,0,0,0,3700,3254,446,3281,419,2424,2372,1252,0,3896,3305,44,66642.29531547427,2311,0,0,0,0,0,,,,,,,,,,,,,
recovery-speed5-day,fresh,12441600,turbo-unchecked,43200,993,9417600,15638400,22,0,1,23,21,2,359,22,10,22,0,0,0,5,23,0,0,0,3713,3266,447,3293,420,2434,2382,1256,0,3910,3315,44,66937.42931434512,2320,0,0,0,0,0,,,,,,,,,,,,,
recovery-speed5-day,fresh,12441600,turbo-unchecked,43200,997,9460800,15681600,28,0,3,31,27,4,357,27,7,28,0,1,0,5,31,0,0,0,3737,3287,450,3314,423,2445,2393,1261,0,3933,3322,44,67104.00091144443,2331,0,0,0,0,0,,,,,,,,,,,,,
recovery-speed5-day,fresh,12441600,turbo-unchecked,43200,1001,9504000,15724800,17,0,3,20,18,2,359,14,6,17,0,1,0,5,20,0,0,0,3751,3298,453,3328,423,2461,2409,1270,0,3948,3328,44,67280.64411565661,2345,0,0,0,0,0,,,,,,,,,,,,,
recovery-speed5-day,fresh,12441600,turbo-unchecked,43200,1005,9547200,15768000,21,0,2,23,20,3,357,20,6,21,0,1,0,5,23,0,0,0,3768,3313,455,3343,425,2470,2417,1275,0,3965,3334,44,67402.71641561389,2353,0,0,0,0,0,,,,,,,,,,,,,
recovery-speed5-day,fresh,12441600,turbo-unchecked,43200,1009,9590400,15811200,22,0,3,25,19,6,356,21,8,22,0,1,0,5,25,0,0,0,3785,3327,458,3356,429,2478,2425,1282,0,3981,3342,44,67669.05453702807,2361,0,0,0,0,0,,,,,,,,,,,,,
recovery-speed5-day,fresh,12441600,turbo-unchecked,43200,1013,9633600,15854400,21,0,2,23,16,7,356,20,6,21,0,1,0,5,23,0,0,0,3802,3342,460,3370,432,2489,2436,1290,0,3999,3348,44,67867.09370324016,2372,0,0,0,0,0,,,,,,,,,,,,,
recovery-speed5-day,fresh,12441600,turbo-unchecked,43200,1017,9676800,15897600,22,0,0,22,17,5,358,21,9,22,0,318,0,5,22,0,0,0,3815,3355,460,3380,435,2496,2442,1297,0,4015,3357,44,68096.39280220866,2378,0,0,0,0,0,,,,,,,,,,,,,
recovery-speed5-day,fresh,12441600,turbo-unchecked,43200,1021,9720000,15940800,29,0,3,32,26,6,356,27,11,29,0,1,0,5,32,0,0,0,3836,3373,463,3398,438,2505,2451,1299,0,4035,3368,44,68394.62033197284,2387,0,0,0,0,0,,,,,,,,,,,,,
recovery-speed5-day,fresh,12441600,turbo-unchecked,43200,1025,9763200,15984000,23,0,4,27,23,4,357,22,8,23,0,1,0,5,27,0,0,0,3855,3388,467,3417,438,2521,2467,1307,0,4055,3376,44,68704.40516588092,2403,0,0,0,0,0,,,,,,,,,,,,,
recovery-speed5-day,fresh,12441600,turbo-unchecked,43200,1029,9806400,16027200,20,0,2,22,19,3,359,20,9,20,0,0,0,5,22,0,0,0,3868,3399,469,3429,439,2531,2477,1315,0,4069,3385,44,68942.13221856952,2411,0,0,0,0,0,,,,,,,,,,,,,
recovery-speed5-day,fresh,12441600,turbo-unchecked,43200,1033,9849600,16070400,23,0,0,23,18,5,357,22,5,23,0,1,0,5,23,0,0,0,3886,3417,469,3444,442,2543,2489,1320,0,4087,3390,44,69072.03053972125,2423,0,0,0,0,0,,,,,,,,,,,,,
recovery-speed5-day,fresh,12441600,turbo-unchecked,43200,1037,9892800,16113600,29,0,3,32,28,4,359,28,8,29,0,267,0,5,32,0,0,0,3910,3438,472,3467,443,2554,2499,1324,0,4113,3398,44,69262.40976902843,2433,0,0,0,0,0,,,,,,,,,,,,,
recovery-speed5-day,fresh,12441600,turbo-unchecked,43200,1041,9936000,16156800,31,0,3,34,32,2,359,28,11,31,0,1,0,5,34,0,0,0,3933,3458,475,3488,445,2565,2510,1334,0,4135,3409,44,69554.32952490449,2442,0,0,0,0,0,,,,,,,,,,,,,
recovery-speed5-day,fresh,12441600,turbo-unchecked,43200,1045,9979200,16200000,33,0,2,35,31,4,358,25,8,33,0,1,0,5,35,0,0,0,3960,3483,477,3512,448,2583,2528,1342,0,4161,3417,44,69808.7880204022,2460,0,0,0,0,0,,,,,,,,,,,,,
recovery-speed5-day,fresh,12441600,turbo-unchecked,43200,1049,10022400,16243200,31,0,1,32,27,5,361,31,13,31,0,0,0,5,32,0,0,0,3979,3501,478,3529,450,2594,2538,1353,0,4182,3430,44,70088.94350728393,2470,0,0,0,0,0,,,,,,,,,,,,,
recovery-speed5-day,fresh,12441600,turbo-unchecked,43200,1053,10065600,16286400,30,0,2,32,25,7,359,28,16,30,0,1,0,5,32,0,0,0,3995,3515,480,3543,452,2605,2549,1358,0,4200,3446,44,70561.84520921111,2481,0,0,0,0,0,,,,,,,,,,,,,
recovery-speed5-day,fresh,12441600,turbo-unchecked,43200,1057,10108800,16329600,28,0,4,32,26,6,360,23,12,28,0,713,0,5,32,0,0,0,4015,3531,484,3562,453,2620,2563,1363,0,4221,3458,44,70856.98352822661,2495,0,0,0,0,0,,,,,,,,,,,,,
recovery-speed5-day,fresh,12441600,turbo-unchecked,43200,1061,10152000,16372800,33,0,2,35,32,3,360,26,15,33,1,1,0,5,35,0,0,0,4034,3548,486,3579,455,2632,2574,1367,0,4239,3473,44,71225.26373109221,2506,0,0,0,0,0,,,,,,,,,,,,,
recovery-speed5-day,fresh,12441600,turbo-unchecked,43200,1065,10195200,16416000,34,0,1,35,30,5,359,31,19,34,0,1,0,5,35,0,0,0,4050,3563,487,3592,458,2641,2583,1374,0,4255,3492,44,71574.74931368232,2515,0,0,0,0,0,,,,,,,,,,,,,
recovery-speed5-day,fresh,12441600,turbo-unchecked,43200,1069,10238400,16459200,32,0,3,35,30,5,359,24,16,32,0,2034,0,5,35,0,0,0,4069,3579,490,3608,461,2654,2595,1380,0,4274,3508,44,71817.22724446654,2527,0,0,0,0,0,,,,,,,,,,,,,
recovery-speed5-day,fresh,12441600,turbo-unchecked,43200,1073,10281600,16502400,33,0,1,34,28,6,358,24,20,33,0,15045,1,5,34,0,0,0,4083,3592,491,3620,463,2660,2601,1389,0,4289,3528,44,72201.98846146464,2533,0,0,0,0,0,,,,,,,,,,,,,
recovery-speed5-day,fresh,12441600,turbo-unchecked,43200,1077,10324800,16545600,33,0,2,35,27,8,358,22,20,33,2,1,0,5,35,0,0,0,4096,3603,493,3630,466,2671,2612,1390,0,4303,3548,45,72561.83447811007,2544,0,0,0,0,0,,,,,,,,,,,,,
recovery-speed5-day,fresh,12441600,turbo-unchecked,43200,1081,10368000,16588800,33,0,2,35,27,8,359,27,23,33,0,8788,0,5,35,0,0,0,4108,3613,495,3639,469,2680,2620,1393,0,4316,3571,46,72758.97486975789,2552,0,0,0,0,0,,,,,,,,,,,,,
recovery-speed5-day,fresh,12441600,turbo-unchecked,43200,1085,10411200,16632000,34,0,0,34,29,5,359,22,20,34,1,2418,0,5,34,0,0,0,4121,3626,495,3651,470,2689,2629,1398,0,4330,3591,47,72957.29154160619,2560,0,0,0,0,0,,,,,,,,,,,,,
recovery-speed5-day,fresh,12441600,turbo-unchecked,43200,1089,10454400,16675200,32,0,3,35,29,6,359,24,24,32,0,6380,0,5,35,0,0,0,4132,3634,498,3661,471,2693,2633,1404,0,4342,3613,48,73286.86375299096,2564,0,0,0,0,0,,,,,,,,,,,,,
recovery-speed5-day,fresh,12441600,turbo-unchecked,43200,1093,10497600,16718400,33,0,1,34,28,6,361,25,22,33,1,1,0,5,34,0,0,0,4143,3644,499,3671,472,2702,2642,1407,0,4356,3635,48,73606.65487733483,2573,0,0,0,0,0,,,,,,,,,,,,,
recovery-speed5-day,fresh,12441600,turbo-unchecked,43200,1097,10540800,16761600,34,0,1,35,28,7,358,21,19,34,1,1,0,5,35,0,0,0,4158,3658,500,3684,474,2712,2652,1411,0,4370,3653,48,73805.32320299745,2583,0,0,0,0,0,,,,,,,,,,,,,
recovery-speed5-day,fresh,12441600,turbo-unchecked,43200,1101,10584000,16804800,32,0,3,35,30,5,360,24,21,32,1,2007,0,5,35,0,0,0,4171,3668,503,3697,474,2721,2661,1415,0,4384,3674,48,74021.94962957501,2590,0,0,0,0,0,,,,,,,,,,,,,
recovery-speed5-day,fresh,12441600,turbo-unchecked,43200,1105,10627200,16848000,31,0,3,34,29,5,360,24,19,31,0,5261,0,5,34,0,0,0,4186,3680,506,3709,477,2730,2669,1422,0,4398,3692,48,74306.32166460156,2597,0,0,0,0,0,,,,,,,,,,,,,
recovery-speed5-day,fresh,12441600,turbo-unchecked,43200,1109,10670400,16891200,34,0,3,37,29,8,358,31,17,34,0,2054,0,5,37,0,0,0,4206,3697,509,3723,483,2741,2680,1428,0,4418,3709,49,74673.93492725492,2608,0,0,0,0,0,,,,,,,,,,,,,
recovery-speed5-day,fresh,12441600,turbo-unchecked,43200,1113,10713600,16934400,32,0,3,35,30,5,358,24,15,32,1,244,0,5,35,0,0,0,4225,3713,512,3742,483,2757,2696,1433,0,4437,3724,49,75013.36226966977,2623,0,0,0,0,0,,,,,,,,,,,,,
recovery-speed5-day,fresh,12441600,turbo-unchecked,43200,1117,10756800,16977600,32,0,3,35,31,4,358,30,14,32,0,1,0,5,35,0,0,0,4246,3731,515,3761,485,2774,2712,1437,0,4458,3738,49,75348.54674366117,2639,0,0,0,0,0,,,,,,,,,,,,,
recovery-speed5-day,fresh,12441600,turbo-unchecked,43200,1121,10800000,17020800,33,0,2,35,29,6,358,28,15,33,0,1,0,5,35,0,0,0,4266,3749,517,3778,488,2788,2725,1443,0,4477,3752,49,75649.86954239011,2652,0,0,0,0,0,,,,,,,,,,,,,
recovery-speed5-day,fresh,12441600,turbo-unchecked,43200,1125,10843200,17064000,31,0,2,33,25,8,359,28,18,31,1,1,0,5,33,0,0,0,4280,3761,519,3789,491,2800,2737,1447,0,4493,3770,49,76116.79822066426,2663,0,0,0,0,0,,,,,,,,,,,,,
recovery-speed5-day,fresh,12441600,turbo-unchecked,43200,1129,10886400,17107200,34,0,1,35,26,9,356,30,16,34,0,81,0,5,35,0,0,0,4299,3779,520,3807,492,2812,2749,1452,0,4511,3786,50,76365.00484421849,2675,0,0,0,0,0,,,,,,,,,,,,,
recovery-speed5-day,fresh,12441600,turbo-unchecked,43200,1133,10929600,17150400,33,0,2,35,27,8,357,27,20,33,0,360,0,5,35,0,0,0,4314,3792,522,3820,494,2824,2761,1455,0,4526,3806,50,76757.69418266416,2686,0,0,0,0,0,,,,,,,,,,,,,
recovery-speed5-day,fresh,12441600,turbo-unchecked,43200,1137,10972800,17193600,30,0,2,32,27,5,358,26,16,30,0,1,0,5,32,0,0,0,4330,3806,524,3836,494,2836,2773,1462,0,4543,3822,51,76959.07516744733,2697,0,0,0,0,0,,,,,,,,,,,,,
recovery-speed5-day,fresh,12441600,turbo-unchecked,43200,1141,11016000,17236800,31,0,3,34,28,6,357,28,17,31,0,1,0,5,34,0,0,0,4347,3820,527,3850,497,2846,2783,1467,0,4561,3839,52,77382.2755408585,2707,0,0,0,0,0,,,,,,,,,,,,,
recovery-speed5-day,fresh,12441600,turbo-unchecked,43200,1145,11059200,17280000,30,0,2,32,27,5,358,27,12,30,0,1,0,5,32,0,0,0,4367,3838,529,3869,498,2864,2800,1471,0,4584,3851,52,77759.11514809728,2724,0,0,0,0,0,,,,,,,,,,,,,
recovery-speed5-day,fresh,12441600,turbo-unchecked,43200,1149,11102400,17323200,29,0,5,34,26,8,360,26,9,29,0,1,0,5,34,0,0,0,4392,3858,534,3889,503,2881,2817,1477,0,4611,3860,52,77950.48663070798,2739,0,0,0,0,0,,,,,,,,,,,,,
recovery-speed5-day,fresh,12441600,turbo-unchecked,43200,1153,11145600,17366400,31,0,1,32,29,3,359,29,13,31,0,1,0,5,32,0,0,0,4411,3876,535,3906,505,2896,2831,1483,0,4631,3873,52,78386.286501199,2753,0,0,0,0,0,,,,,,,,,,,,,
recovery-speed5-day,fresh,12441600,turbo-unchecked,43200,1157,11188800,17409600,31,0,1,32,26,6,359,29,15,31,0,1,0,5,32,0,0,0,4428,3892,536,3920,508,2909,2844,1487,0,4650,3888,52,78837.6278450787,2766,0,0,0,0,0,,,,,,,,,,,,,
recovery-speed5-day,fresh,12441600,turbo-unchecked,43200,1161,11232000,17452800,32,0,1,33,29,4,359,29,15,32,0,1,0,5,33,0,0,0,4446,3909,537,3938,508,2920,2855,1493,0,4670,3901,52,79082.17599830031,2777,0,0,0,0,0,,,,,,,,,,,,,
recovery-speed5-day,fresh,12441600,turbo-unchecked,43200,1165,11275200,17496000,30,0,3,33,30,3,359,24,11,30,0,60,0,5,33,0,0,0,4468,3928,540,3959,509,2933,2867,1502,0,4692,3912,52,79286.76986989379,2789,0,0,0,0,0,,,,,,,,,,,,,
recovery-speed5-day,fresh,12441600,turbo-unchecked,43200,1169,11318400,17539200,33,0,2,35,31,4,359,26,18,33,1,1,0,5,35,0,0,0,4484,3942,542,3974,510,2941,2875,1508,0,4708,3930,52,79507.87036260962,2796,0,0,0,0,0,,,,,,,,,,,,,
recovery-speed5-day,fresh,12441600,turbo-unchecked,43200,1173,11361600,17582400,33,0,1,34,30,4,358,27,18,33,0,1,0,5,34,0,0,0,4500,3957,543,3990,510,2954,2888,1512,0,4724,3947,52,79780.90611329675,2808,0,0,0,0,0,,,,,,,,,,,,,
recovery-speed5-day,fresh,12441600,turbo-unchecked,43200,1177,11404800,17625600,31,0,2,33,29,4,359,24,15,31,1,1,0,5,33,0,0,0,4517,3972,545,4005,512,2967,2900,1517,0,4741,3962,52,80159.37080255151,2819,0,0,0,0,0,,,,,,,,,,,,,
recovery-speed5-day,fresh,12441600,turbo-unchecked,43200,1181,11448000,17668800,33,0,2,35,29,6,358,26,16,33,0,475,0,5,35,0,0,0,4536,3989,547,4020,516,2978,2911,1523,0,4760,3977,52,80457.50447562337,2830,0,0,0,0,0,,,,,,,,,,,,,
recovery-speed5-day,fresh,12441600,turbo-unchecked,43200,1185,11491200,17712000,31,0,2,33,28,5,358,23,15,31,0,406,0,5,33,0,0,0,4554,4005,549,4036,518,2989,2922,1532,0,4780,3992,52,80676.99101057649,2841,0,0,0,0,0,,,,,,,,,,,,,
recovery-speed5-day,fresh,12441600,turbo-unchecked,43200,1189,11534400,17755200,28,0,6,34,26,8,357,24,17,28,0,117,0,5,34,0,0,0,4571,4016,555,4049,522,2997,2930,1540,0,4798,4009,52,80916.17483916879,2849,0,0,0,0,0,,,,,,,,,,,,,
recovery-speed5-day,fresh,12441600,turbo-unchecked,43200,1193,11577600,17798400,31,0,4,35,29,6,358,26,12,31,1,1,0,5,35,0,0,0,4593,4034,559,4071,522,3013,2946,1545,0,4821,4021,53,81050.70888605714,2865,0,0,0,0,0,,,,,,,,,,,,,
recovery-speed5-day,fresh,12441600,turbo-unchecked,43200,1197,11620800,17841600,33,0,1,34,27,7,357,28,18,33,0,473,0,5,34,0,0,0,4609,4049,560,4086,523,3019,2952,1556,0,4839,4039,54,81401.42244806886,2871,0,0,0,0,0,,,,,,,,,,,,,
recovery-speed5-day,fresh,12441600,turbo-unchecked,43200,1201,11664000,17884800,33,0,2,35,30,5,357,22,18,33,1,171,0,5,35,0,0,0,4625,4063,562,4101,524,3029,2962,1561,0,4855,4056,54,81749.70647540689,2881,0,0,0,0,0,,,,,,,,,,,,,
recovery-speed5-day,fresh,12441600,turbo-unchecked,43200,1205,11707200,17928000,33,0,2,35,30,5,357,23,24,33,0,260,0,5,35,0,0,0,4636,4072,564,4111,525,3033,2966,1568,0,4867,4079,54,82046.70982709527,2885,0,0,0,0,0,,,,,,,,,,,,,
recovery-speed5-day,fresh,12441600,turbo-unchecked,43200,1209,11750400,17971200,34,0,1,35,32,3,357,26,19,34,1,155,0,5,35,0,0,0,4651,4086,565,4126,525,3043,2976,1573,0,4882,4095,54,82197.67943537235,2894,0,0,0,0,0,,,,,,,,,,,,,
recovery-speed5-day,fresh,12441600,turbo-unchecked,43200,1213,11793600,18014400,33,0,1,34,29,5,357,28,21,33,0,6524,0,5,34,0,0,0,4664,4098,566,4137,527,3052,2985,1578,0,4896,4116,54,82598.01895546913,2903,0,0,0,0,0,,,,,,,,,,,,,
recovery-speed5-day,fresh,12441600,turbo-unchecked,43200,1217,11836800,18057600,34,0,1,35,30,5,356,28,22,34,0,1,0,5,35,0,0,0,4677,4110,567,4149,528,3061,2994,1581,0,4909,4137,55,82919.82582962513,2912,0,0,0,0,0,,,,,,,,,,,,,
recovery-speed5-day,fresh,12441600,turbo-unchecked,43200,1221,11880000,18100800,33,0,2,35,31,4,357,25,21,33,0,2252,0,5,35,0,0,0,4691,4122,569,4162,529,3073,3006,1583,0,4924,4158,58,83268.9253256321,2923,0,0,0,0,0,,,,,,,,,,,,,
recovery-speed5-day,fresh,12441600,turbo-unchecked,43200,1225,11923200,18144000,31,0,2,33,26,7,358,26,14,31,1,135,0,5,33,0,0,0,4709,4138,571,4176,533,3086,3018,1590,0,4944,4172,58,83484.92364394665,2935,0,0,0,0,0,,,,,,,,,,,,,
recovery-speed5-day,fresh,12441600,turbo-unchecked,43200,1229,11966400,18187200,34,0,1,35,28,7,358,32,14,34,0,1,0,5,35,0,0,0,4730,4158,572,4194,536,3098,3030,1597,0,4965,4186,58,83859.52123737335,2946,0,0,0,0,0,,,,,,,,,,,,,
recovery-speed5-day,fresh,12441600,turbo-unchecked,43200,1233,12009600,18230400,31,0,2,33,30,3,357,29,16,31,0,15,0,5,33,0,0,0,4747,4173,574,4211,536,3112,3044,1602,0,4983,4202,58,84239.55115032196,2960,0,0,0,0,0,,,,,,,,,,,,,
recovery-speed5-day,fresh,12441600,turbo-unchecked,43200,1237,12052800,18273600,33,0,2,35,32,3,357,28,7,33,0,39,0,5,35,0,0,0,4775,4199,576,4237,538,3132,3063,1608,0,5010,4209,58,84331.65012025833,2979,0,0,0,0,0,,,,,,,,,,,,,
recovery-speed5-day,fresh,12441600,turbo-unchecked,43200,1241,12096000,18316800,32,0,3,35,29,6,357,28,17,32,0,402,0,5,35,0,0,0,4793,4214,579,4252,541,3138,3069,1620,0,5027,4225,58,84735.76156282425,2984,0,0,0,0,0,,,,,,,,,,,,,
recovery-speed5-day,fresh,12441600,turbo-unchecked,43200,1245,12139200,18360000,31,0,2,33,26,7,359,24,17,31,0,2548,0,5,33,0,0,0,4809,4228,581,4266,543,3149,3080,1627,0,5046,4242,58,84999.77455949783,2995,0,0,0,0,0,,,,,,,,,,,,,
recovery-speed5-day,fresh,12441600,turbo-unchecked,43200,1249,12182400,18403200,35,0,1,36,30,6,358,29,16,35,2,328,0,5,36,0,0,0,4827,4245,582,4283,544,3157,3088,1634,0,5065,4258,58,85237.26850509644,3003,0,0,0,0,0,,,,,,,,,,,,,
recovery-speed5-day,fresh,12441600,turbo-unchecked,43200,1253,12225600,18446400,33,0,1,34,28,6,358,26,22,33,0,1,0,5,34,0,0,0,4839,4256,583,4294,545,3167,3098,1638,0,5078,4279,58,85610.16201284528,3013,0,0,0,0,0,,,,,,,,,,,,,
recovery-speed5-day,fresh,12441600,turbo-unchecked,43200,1257,12268800,18489600,34,0,0,34,30,4,359,26,24,34,0,1582,0,5,34,0,0,0,4849,4266,583,4304,545,3175,3106,1640,0,5089,4303,58,85869.4008641541,3020,0,0,0,0,0,,,,,,,,,,,,,
recovery-speed5-day,fresh,12441600,turbo-unchecked,43200,1261,12312000,18532800,32,0,2,34,28,6,358,24,23,32,0,14932,1,5,34,0,0,0,4860,4275,585,4313,547,3182,3113,1644,0,5100,4326,58,86099.56236866117,3027,0,0,0,0,0,,,,,,,,,,,,,
recovery-speed5-day,fresh,12441600,turbo-unchecked,43200,1265,12355200,18576000,33,0,2,35,30,5,357,28,20,33,0,219,0,5,35,0,0,0,4875,4288,587,4328,547,3195,3126,1645,0,5114,4346,58,86407.90808823705,3039,0,0,0,0,0,,,,,,,,,,,,,
recovery-speed5-day,fresh,12441600,turbo-unchecked,43200,1269,12398400,18619200,31,0,4,35,30,5,360,25,15,31,1,1,0,5,35,0,0,0,4894,4303,591,4344,550,3208,3137,1651,0,5135,4361,58,86667.70288327336,3050,0,0,0,0,0,,,,,,,,,,,,,
recovery-speed5-day,fresh,12441600,turbo-unchecked,43200,1273,12441600,18662400,32,0,3,35,29,6,359,26,14,32,0,1,0,5,35,0,0,0,4915,4321,594,4362,553,3220,3149,1660,0,5156,4375,58,86977.56630089879,3062,0,0,0,0,0,,,,,,,,,,,,,
recovery-bench-sixhours,bench,3110400,update,6,2,0,243907637,147,0,1,148,133,15,486,0,0,147,0,0,0,1,148,0,0,0,0,0,0,0,0,0,0,0,0,0,0,0,0,0,147,0,0,0,0,,,,,,,,,,,,,
recovery-bench-sixhours,bench,3110400,update,6,188,12000,243919637,103,0,3,106,93,13,528,99,99,103,0,91,0,1,106,0,0,0,18,16,2,16,2,59,59,1,0,1,5616,57,5672.347857737448,0,101,147,1,45,0,,,,,,,,,,,,,
recovery-bench-sixhours,bench,3110400,update,6,192,24000,243931637,64,0,1,65,56,9,566,60,60,64,0,85,0,1,65,0,0,0,36,34,2,29,7,115,115,4,0,1,9911,58,10035.017994435504,0,62,147,3,82,0,,,,,,,,,,,,,
recovery-bench-sixhours,bench,3110400,update,6,196,36000,243943637,39,0,0,39,32,7,590,38,38,39,0,7,0,1,39,0,0,0,49,46,3,39,10,152,152,6,0,1,12254,58,12410.139236761723,0,38,147,3,106,0,,,,,,,,,,,,,
recovery-bench-sixhours,bench,3110400,update,6,200,48000,243955637,27,0,6,33,26,7,612,27,27,27,0,0,0,1,33,0,0,0,72,61,11,57,15,179,179,8,0,20,13587,58,13778.34756785212,1,16,147,5,126,0,,,,,,,,,,,,,
recovery-bench-sixhours,bench,3110400,update,6,204,60000,243967637,32,0,1,33,26,7,616,29,29,32,0,151,0,1,33,0,0,0,87,75,12,69,18,193,193,9,0,30,14911,61,15130.495307790581,6,11,147,5,131,0,,,,,,,,,,,,,
recovery-bench-sixhours,bench,3110400,update,6,208,72000,243979637,32,0,1,33,25,8,619,32,32,32,0,0,0,1,33,0,0,0,96,83,13,75,21,202,202,9,0,37,16392,68,16643.236196472775,10,8,147,5,134,0,,,,,,,,,,,,,
recovery-bench-sixhours,bench,3110400,update,6,212,84000,243991637,30,0,1,31,23,8,619,30,30,30,0,0,0,1,31,0,0,0,104,89,15,79,25,211,211,10,0,40,17803,77,18083.40470084222,14,8,147,5,134,0,,,,,,,,,,,,,
recovery-bench-sixhours,bench,3110400,update,6,216,96000,244003637,32,0,2,34,25,9,618,32,32,32,0,0,0,1,34,0,0,0,115,98,17,85,30,218,218,11,0,46,19164,83,19463.97689547809,17,9,147,5,133,0,,,,,,,,,,,,,
recovery-bench-sixhours,bench,3110400,update,6,220,108000,244015637,31,0,4,35,23,12,617,29,29,31,0,343,0,1,35,0,0,0,127,105,22,92,35,229,229,11,0,54,20447,86,20764.592035110574,25,9,147,5,133,0,,,,,,,,,,,,,
recovery-bench-sixhours,bench,3110400,update,6,224,120000,244027637,29,0,1,30,22,8,621,29,29,29,0,0,0,1,30,0,0,0,136,113,23,97,39,241,241,13,0,60,21752,91,22089.465307405684,30,6,147,5,136,0,,,,,,,,,,,,,
recovery-bench-sixhours,bench,3110400,update,6,228,132000,244039637,34,0,1,35,25,10,622,34,34,34,0,0,0,1,35,0,0,0,152,124,28,109,43,252,252,13,0,74,23182,95,23540.13322593132,38,6,147,5,136,0,,,,,,,,,,,,,
recovery-bench-sixhours,bench,3110400,update,6,232,144000,244051637,31,0,2,33,24,9,621,30,30,31,0,325,0,1,33,0,0,0,165,132,33,119,46,267,267,13,0,83,24582,101,24964.039930698927,50,6,147,5,136,0,,,,,,,,,,,,,
recovery-bench-sixhours,bench,3110400,update,6,236,156000,244063637,31,0,3,34,25,9,622,31,31,31,0,0,0,1,34,0,0,0,177,142,35,127,50,276,276,15,0,92,26035,106,26446.39230562048,55,5,147,5,137,0,,,,,,,,,,,,,
recovery-bench-sixhours,bench,3110400,update,6,240,168000,244075637,30,0,2,32,23,9,622,30,30,30,0,0,0,1,32,0,0,0,188,150,38,135,53,289,289,15,0,100,27463,112,27903.423438540194,65,5,147,5,137,0,,,,,,,,,,,,,
recovery-bench-sixhours,bench,3110400,update,6,244,180000,244087637,34,0,0,34,25,9,620,34,34,34,0,0,0,1,34,0,0,0,199,161,38,143,56,297,297,16,0,108,28996,124,29473.92206149781,72,7,147,5,135,0,,,,,,,,,,,,,
recovery-bench-sixhours,bench,3110400,update,6,248,192000,244099637,35,0,0,35,27,8,620,35,35,35,0,0,0,1,35,0,0,0,207,169,38,148,59,304,304,16,0,113,30496,129,30990.235058787744,76,7,147,5,135,0,,,,,,,,,,,,,
recovery-bench-sixhours,bench,3110400,update,6,252,204000,244111637,26,0,2,28,23,5,624,26,26,26,0,0,0,1,28,0,0,0,219,178,41,157,62,323,323,16,0,123,31891,135,32416.58281678753,89,4,147,5,138,0,,,,,,,,,,,,,
recovery-bench-sixhours,bench,3110400,update,6,256,216000,244123637,35,0,2,37,26,11,617,35,35,35,0,0,0,1,37,0,0,0,238,193,45,169,69,332,332,17,0,134,33261,140,33812.360777306836,97,10,147,5,132,0,,,,,,,,,,,,,
recovery-bench-sixhours,bench,3110400,update,6,260,228000,244135637,26,0,2,28,20,8,619,26,26,26,0,0,0,1,28,0,0,0,246,199,47,175,71,349,349,17,0,139,34643,148,35237.3746596952,109,7,147,5,135,0,,,,,,,,,,,,,
recovery-bench-sixhours,bench,3110400,update,6,264,240000,244147637,32,0,2,34,27,7,622,32,32,32,0,0,0,1,34,0,0,0,264,212,52,190,74,360,360,18,0,155,35976,154,36597.74246243527,115,5,147,5,137,0,,,,,,,,,,,,,
recovery-bench-sixhours,bench,3110400,update,6,268,252000,244159637,31,0,3,34,27,7,623,30,30,31,0,43,0,1,34,0,0,0,277,222,55,199,78,373,373,18,0,165,37410,163,38068.999116669875,124,4,147,5,138,0,,,,,,,,,,,,,
recovery-bench-sixhours,bench,3110400,update,6,272,264000,244171637,32,0,4,36,30,6,623,32,32,32,0,0,0,1,36,0,0,0,291,233,58,210,81,384,384,19,0,176,38811,169,39504.905833551195,132,4,147,5,138,0,,,,,,,,,,,,,
recovery-bench-sixhours,bench,3110400,update,6,276,276000,244183637,29,0,1,30,23,7,624,29,29,29,0,0,0,1,30,0,0,0,296,237,59,211,85,395,395,19,0,179,40171,175,40881.419553135056,140,4,147,5,138,0,,,,,,,,,,,,,
recovery-bench-sixhours,bench,3110400,update,6,280,288000,244195637,29,0,1,30,23,7,623,28,28,29,0,103,0,1,30,0,0,0,313,251,62,223,90,411,411,20,0,192,41614,186,42369.07156764483,153,4,147,5,138,0,,,,,,,,,,,,,
recovery-bench-sixhours,bench,3110400,update,6,284,300000,244207637,32,0,3,35,28,7,622,32,32,32,0,0,0,1,35,0,0,0,331,264,67,237,94,424,424,20,0,207,43083,192,43877.72349724127,164,5,147,5,137,0,,,,,,,,,,,,,
recovery-bench-sixhours,bench,3110400,update,6,288,312000,244219637,33,0,2,35,29,6,623,33,33,33,0,0,0,1,35,0,0,0,344,275,69,247,97,437,437,20,0,218,44517,197,45339.86561917886,174,5,147,5,137,0,,,,,,,,,,,,,
recovery-bench-sixhours,bench,3110400,update,6,292,324000,244231637,34,0,1,35,28,7,623,34,34,34,0,0,0,1,35,0,0,0,358,288,70,257,101,451,451,20,0,229,45948,204,46807.25841929857,185,5,147,5,137,0,,,,,,,,,,,,,
recovery-bench-sixhours,bench,3110400,update,6,296,336000,244243637,35,0,0,35,26,9,621,35,35,35,0,0,0,1,35,0,0,0,368,297,71,264,104,458,458,23,0,235,47439,214,48330.746667161584,190,7,147,5,135,0,,,,,,,,,,,,,
recovery-bench-sixhours,bench,3110400,update,6,300,348000,244255637,37,0,3,40,26,14,615,37,37,37,0,0,0,1,40,0,0,0,383,309,74,270,113,468,468,23,0,240,49036,222,49957.88695286494,196,12,147,5,130,0,,,,,,,,,,,,,
recovery-bench-sixhours,bench,3110400,update,6,304,360000,244267637,25,0,3,28,18,10,620,25,25,25,0,0,0,1,28,0,0,0,391,314,77,274,117,487,487,24,0,246,50499,226,51448.23868883308,208,7,147,5,135,0,,,,,,,,,,,,,
recovery-bench-sixhours,bench,3110400,update,6,308,372000,244279637,31,0,2,33,23,10,620,31,31,31,0,0,0,1,33,0,0,0,410,328,82,288,122,500,500,25,0,260,51692,231,52662.85673769843,216,7,147,5,135,0,,,,,,,,,,,,,
recovery-bench-sixhours,bench,3110400,update,6,312,384000,244291637,33,0,2,35,26,9,620,32,32,33,0,19,0,1,35,0,0,0,420,337,83,296,124,508,508,25,0,268,53113,236,54109.08065633336,222,7,147,5,135,0,,,,,,,,,,,,,
recovery-bench-sixhours,bench,3110400,update,6,316,396000,244303637,31,0,2,33,25,8,622,31,31,31,0,0,0,1,33,0,0,0,431,345,86,303,128,521,521,25,0,275,54543,245,55573.38634227496,229,6,147,5,136,0,,,,,,,,,,,,,
recovery-bench-sixhours,bench,3110400,update,6,320,408000,244315637,30,0,2,32,24,8,622,30,30,30,0,0,0,1,32,0,0,0,441,353,88,309,132,532,532,25,0,282,55918,253,56971.86373923905,237,6,147,5,136,0,,,,,,,,,,,,,
recovery-bench-sixhours,bench,3110400,update,6,324,420000,244327637,28,0,5,33,26,7,623,28,28,28,0,0,0,1,33,0,0,0,456,363,93,321,135,546,546,25,0,294,57300,261,58384.15663361829,247,5,147,5,137,0,,,,,,,,,,,,,
recovery-bench-sixhours,bench,3110400,update,6,328,432000,244339637,32,0,3,35,26,9,621,31,31,32,0,97,0,1,35,0,0,0,472,376,96,333,139,559,559,26,0,307,58588,265,59697.87933235988,259,7,147,5,135,0,,,,,,,,,,,,,
recovery-bench-sixhours,bench,3110400,update,6,332,444000,244351637,33,0,2,35,27,8,623,32,32,33,0,151,0,1,35,0,0,0,482,384,98,340,142,569,569,26,0,314,60023,272,61163.52633249946,264,6,147,5,136,0,,,,,,,,,,,,,
recovery-bench-sixhours,bench,3110400,update,6,336,456000,244363637,34,0,1,35,26,9,623,34,34,34,0,0,0,1,35,0,0,0,495,397,98,349,146,582,582,26,0,324,61505,278,62680.3611814389,274,6,147,5,136,0,,,,,,,,,,,,,
recovery-bench-sixhours,bench,3110400,update,6,340,468000,244375637,33,0,0,33,24,9,621,31,31,33,0,73,0,1,33,0,0,0,504,405,99,355,149,589,589,30,0,329,63018,284,64210.82260805508,279,7,147,5,135,0,,,,,,,,,,,,,
recovery-bench-sixhours,bench,3110400,update,6,344,480000,244387637,32,0,3,35,24,11,622,32,32,32,0,0,0,1,35,0,0,0,517,413,104,362,155,600,600,30,0,339,64412,293,65637.39818696259,286,7,147,5,135,0,,,,,,,,,,,,,
recovery-bench-sixhours,bench,3110400,update,6,348,492000,244399637,32,0,1,33,18,15,618,32,32,32,0,0,0,1,33,0,0,0,524,420,104,364,160,609,609,30,0,342,65848,299,67098.08812225796,295,11,147,5,131,0,,,,,,,,,,,,,
recovery-bench-sixhours,bench,3110400,update,6,352,504000,244411637,30,0,2,32,21,11,621,30,30,30,0,0,0,1,32,0,0,0,534,428,106,371,163,620,620,30,0,349,67366,304,68640.49891359732,300,8,147,5,134,0,,,,,,,,,,,,,
recovery-bench-sixhours,bench,3110400,update,6,356,516000,244423637,31,0,2,33,23,10,621,31,31,31,0,0,0,1,33,0,0,0,550,441,109,383,167,633,633,32,0,361,68734,310,70035.13940934557,309,7,147,5,135,0,,,,,,,,,,,,,
recovery-bench-sixhours,bench,3110400,update,6,360,528000,244435637,28,0,2,30,22,8,625,28,28,28,0,0,0,1,30,0,0,0,565,452,113,392,173,651,651,32,0,373,70238,314,71577.48227572627,320,4,147,5,138,0,,,,,,,,,,,,,
recovery-bench-sixhours,bench,3110400,update,6,364,540000,244447637,31,0,4,35,25,10,621,31,31,31,0,0,0,1,35,0,0,0,582,464,118,405,177,663,663,32,0,386,71571,324,72939.54492374137,332,7,147,5,135,0,,,,,,,,,,,,,
recovery-bench-sixhours,bench,3110400,update,6,368,552000,244459637,33,0,2,35,22,13,619,32,32,33,0,85,0,1,35,0,0,0,591,470,121,410,181,671,671,33,0,392,73064,328,74459.55704233237,339,9,147,5,133,0,,,,,,,,,,,,,
recovery-bench-sixhours,bench,3110400,update,6,372,564000,244471637,31,0,1,32,21,11,620,30,30,31,0,7,0,1,32,0,0,0,602,480,122,418,184,684,684,34,0,400,74482,334,75902.66650821548,348,8,147,5,134,0,,,,,,,,,,,,,
recovery-bench-sixhours,bench,3110400,update,6,376,576000,244483637,30,0,2,32,25,7,625,30,30,30,0,0,0,1,32,0,0,0,617,492,125,429,188,699,699,34,0,412,75989,338,77441.39868940506,355,3,147,5,139,0,,,,,,,,,,,,,
recovery-bench-sixhours,bench,3110400,update,6,380,588000,244495637,35,0,0,35,26,9,624,35,35,35,0,0,0,1,35,0,0,0,630,504,126,439,191,708,708,35,0,422,77475,343,78964.47325819731,362,5,147,5,137,0,,,,,,,,,,,,,
recovery-bench-sixhours,bench,3110400,update,6,384,600000,244507637,31,0,1,32,25,7,624,31,31,31,0,0,0,1,32,0,0,0,637,510,127,443,194,718,718,35,0,426,79069,358,80594.80157259665,369,5,147,5,137,0,,,,,,,,,,,,,
recovery-bench-sixhours,bench,3110400,update,6,388,612000,244519637,27,0,2,29,20,9,621,27,27,27,0,0,0,1,29,0,0,0,647,517,130,447,200,731,731,35,0,429,80509,361,82072.5354986526,378,7,147,5,135,0,,,,,,,,,,,,,
recovery-bench-sixhours,bench,3110400,update,6,392,624000,244531637,25,0,7,32,26,6,624,24,24,25,0,55,0,1,32,0,0,0,668,529,139,465,203,748,748,36,0,448,81691,365,83281.15113817621,390,5,147,5,137,0,,,,,,,,,,,,,
recovery-bench-sixhours,bench,3110400,update,6,396,636000,244543637,30,0,5,35,28,7,625,30,30,30,0,0,0,1,35,0,0,0,685,539,146,478,207,761,761,37,0,462,82846,366,84456.60916885082,399,5,147,5,137,0,,,,,,,,,,,,,
recovery-bench-sixhours,bench,3110400,update,6,400,648000,244555637,31,0,3,34,26,8,624,31,31,31,0,0,0,1,34,0,0,0,699,549,150,488,211,776,776,37,0,473,84096,373,85740.46172948088,412,6,147,5,136,0,,,,,,,,,,,,,
recovery-bench-sixhours,bench,3110400,update,6,404,660000,244567637,28,0,4,32,27,5,625,28,28,28,0,0,0,1,32,0,0,0,709,555,154,496,213,787,787,38,0,480,85426,380,87094.92992373277,419,4,147,5,138,0,,,,,,,,,,,,,
recovery-bench-sixhours,bench,3110400,update,6,408,672000,244579637,30,0,2,32,25,7,624,30,30,30,0,0,0,1,32,0,0,0,724,565,159,505,219,801,801,39,0,491,86731,385,88439.73297804501,430,4,147,5,138,0,,,,,,,,,,,,,
recovery-bench-sixhours,bench,3110400,update,6,412,684000,244591637,33,0,2,35,25,10,623,33,33,33,0,0,0,1,35,0,0,0,736,575,161,513,223,810,810,39,0,500,88067,396,89804.07376266271,437,6,147,5,136,0,,,,,,,,,,,,,
recovery-bench-sixhours,bench,3110400,update,6,416,696000,244603637,31,0,4,35,25,10,621,30,30,31,0,55,0,1,35,0,0,0,747,583,164,521,226,821,821,39,0,508,89479,400,91246.82210910833,447,8,147,5,134,0,,,,,,,,,,,,,
recovery-bench-sixhours,bench,3110400,update,6,420,708000,244615637,27,0,1,28,20,8,621,27,27,27,0,0,0,1,28,0,0,0,755,590,165,526,229,836,836,39,0,513,90743,403,92534.87572914409,459,8,147,5,134,0,,,,,,,,,,,,,
recovery-bench-sixhours,bench,3110400,update,6,424,720000,244627637,29,0,3,32,23,9,621,29,29,29,0,0,0,1,32,0,0,0,772,603,169,539,233,848,848,40,0,526,92115,408,93944.84132272052,467,8,147,5,134,0,,,,,,,,,,,,,
recovery-bench-sixhours,bench,3110400,update,6,428,732000,244639637,30,0,1,31,21,10,620,30,30,30,0,0,0,1,31,0,0,0,785,612,173,546,239,862,862,40,0,533,93586,413,95443.11684308155,476,9,147,5,133,0,,,,,,,,,,,,,
recovery-bench-sixhours,bench,3110400,update,6,432,744000,244651637,31,0,4,35,25,10,620,31,31,31,0,0,0,1,35,0,0,0,799,622,177,557,242,872,872,40,0,543,95023,422,96908.98765971744,482,9,147,5,133,0,,,,,,,,,,,,,
recovery-bench-sixhours,bench,3110400,update,6,436,756000,244663637,32,0,3,35,23,12,618,32,32,32,0,0,0,1,35,0,0,0,809,629,180,564,245,881,881,41,0,550,96356,426,98269.25418511825,490,11,147,5,131,0,,,,,,,,,,,,,
recovery-bench-sixhours,bench,3110400,update,6,440,768000,244675637,32,0,3,35,28,7,622,32,32,32,0,0,0,1,35,0,0,0,820,638,182,573,247,892,892,41,0,559,97738,433,99667.30520022241,495,7,147,5,135,0,,,,,,,,,,,,,
recovery-bench-sixhours,bench,3110400,update,6,444,780000,244687637,30,0,3,33,25,8,623,30,30,30,0,0,0,1,33,0,0,0,834,647,187,583,251,908,908,41,0,570,99058,437,101016.8020098987,507,7,147,5,135,0,,,,,,,,,,,,,
recovery-bench-sixhours,bench,3110400,update,6,448,792000,244699637,29,0,4,33,24,9,623,29,29,29,0,0,0,1,33,0,0,0,847,657,190,592,255,921,921,41,0,579,100329,443,102309.68346215924,516,7,147,5,135,0,,,,,,,,,,,,,
recovery-bench-sixhours,bench,3110400,update,6,452,804000,244711637,32,0,2,34,21,13,619,32,32,32,0,0,0,1,34,0,0,0,862,669,193,599,263,934,934,42,0,586,101592,448,103601.35792958504,525,11,147,5,131,0,,,,,,,,,,,,,
recovery-bench-sixhours,bench,3110400,update,6,456,816000,244723637,31,0,2,33,19,14,617,31,31,31,0,0,0,1,33,0,0,0,870,675,195,604,266,943,943,42,0,590,102986,451,105017.71216639224,532,12,147,5,130,0,,,,,,,,,,,,,
recovery-bench-sixhours,bench,3110400,update,6,460,828000,244735637,29,0,1,30,18,12,621,29,29,29,0,0,0,1,30,0,0,0,882,685,197,611,271,956,956,44,0,599,104389,456,106442.3940736195,538,9,147,5,133,0,,,,,,,,,,,,,
recovery-bench-sixhours,bench,3110400,update,6,464,840000,244747637,31,0,1,32,19,13,620,30,30,31,0,439,0,1,32,0,0,0,897,699,198,618,279,969,969,44,0,607,105745,462,107841.66978097055,545,10,147,5,132,0,,,,,,,,,,,,,
recovery-bench-sixhours,bench,3110400,update,6,468,852000,244759637,32,0,2,34,20,14,618,32,32,32,0,0,0,1,34,0,0,0,906,704,202,623,283,976,976,44,0,612,107115,466,109242.01144372579,550,12,147,5,130,0,,,,,,,,,,,,,
recovery-bench-sixhours,bench,3110400,update,6,472,864000,244771637,34,0,1,35,24,11,621,34,34,34,0,0,0,1,35,0,0,0,920,717,203,632,288,988,988,45,0,621,108454,475,110619.7705463618,554,9,147,5,133,0,,,,,,,,,,,,,
recovery-bench-sixhours,bench,3110400,update,6,476,876000,244783637,33,0,0,33,23,10,623,33,32,33,0,0,0,1,33,0,0,0,930,727,203,639,291,1000,1000,45,0,628,109928,483,112134.80679727346,561,8,147,5,134,0,,,,,,,,,,,,,
recovery-bench-sixhours,bench,3110400,update,6,480,888000,244795637,33,0,0,33,26,7,627,33,33,33,0,0,0,1,33,0,0,0,944,741,203,649,295,1014,1014,45,0,639,111423,486,113661.43611840717,568,4,147,5,138,0,,,,,,,,,,,,,
recovery-bench-sixhours,bench,3110400,update,6,484,900000,244807637,31,0,1,32,22,10,624,31,31,31,0,0,0,1,32,0,0,0,953,748,205,654,299,1023,1023,46,0,644,112844,498,115110.77128890902,576,6,147,5,136,0,,,,,,,,,,,,,
recovery-bench-sixhours,bench,3110400,update,6,488,912000,244819637,30,0,2,32,27,5,628,30,30,30,0,0,0,1,32,0,0,0,969,761,208,666,303,1039,1039,46,0,657,114143,504,116447.42097740434,585,3,147,5,139,0,,,,,,,,,,,,,
recovery-bench-sixhours,bench,3110400,update,6,492,924000,244831637,30,0,3,33,25,8,626,29,29,30,0,13,0,1,33,0,0,0,978,768,210,672,306,1047,1047,46,0,664,115505,511,117841.74891907442,593,5,147,5,137,0,,,,,,,,,,,,,
recovery-bench-sixhours,bench,3110400,update,6,496,936000,244843637,29,0,2,31,22,9,623,28,28,29,0,79,0,1,31,0,0,0,993,780,213,683,310,1063,1063,47,0,674,116804,515,119170.07714524679,607,7,147,5,135,0,,,,,,,,,,,,,
recovery-bench-sixhours,bench,3110400,update,6,500,948000,244855637,29,0,1,30,21,9,624,29,29,29,0,0,0,1,30,0,0,0,1003,788,215,689,314,1074,1074,47,0,681,118028,518,120415.52102393284,614,7,147,5,135,0,,,,,,,,,,,,,
recovery-bench-sixhours,bench,3110400,update,6,504,960000,244867637,30,0,2,32,24,8,625,29,29,30,0,55,0,1,32,0,0,0,1013,796,217,696,317,1082,1082,47,0,688,119442,527,121866.20345409587,618,5,147,5,137,0,,,,,,,,,,,,,
recovery-bench-sixhours,bench,3110400,update,6,508,972000,244879637,29,0,1,30,21,9,625,29,29,29,0,0,0,1,30,0,0,0,1022,803,219,701,321,1092,1092,48,0,695,120759,533,123208.02979716286,626,6,147,5,136,0,,,,,,,,,,,,,
recovery-bench-sixhours,bench,3110400,update,6,512,984000,244891637,26,0,5,31,25,6,626,26,26,26,0,0,0,1,31,0,0,0,1035,810,225,711,324,1104,1104,48,0,704,121977,538,124449.20984246489,633,4,147,5,138,0,,,,,,,,,,,,,
recovery-bench-sixhours,bench,3110400,update,6,516,996000,244903637,28,0,0,28,19,9,623,28,28,28,0,0,0,1,28,0,0,0,1049,822,227,719,330,1121,1121,48,0,712,123327,541,125828.38930863049,647,8,147,5,134,0,,,,,,,,,,,,,
recovery-bench-sixhours,bench,3110400,update,6,520,1008000,244915637,29,0,2,31,21,10,624,29,29,29,0,0,0,1,31,0,0,0,1065,835,230,728,337,1134,1134,48,0,723,124592,546,127118.51377089601,654,6,147,5,136,0,,,,,,,,,,,,,
recovery-bench-sixhours,bench,3110400,update,6,524,1020000,244927637,33,0,2,35,23,12,624,33,33,33,0,0,0,1,35,0,0,0,1079,847,232,737,342,1142,1142,50,0,734,125932,549,128492.68655513134,659,6,147,5,136,0,,,,,,,,,,,,,
recovery-bench-sixhours,bench,3110400,update,6,528,1032000,244939637,34,0,0,34,22,12,623,33,33,34,0,25,0,1,34,0,0,0,1084,852,232,740,344,1148,1148,50,0,737,127479,554,130061.28850928275,664,7,147,5,135,0,,,,,,,,,,,,,
recovery-bench-sixhours,bench,3110400,update,6,532,1044000,244951637,31,0,2,33,22,11,622,30,30,31,0,187,0,1,33,0,0,0,1091,857,234,744,347,1155,1155,51,0,740,128924,565,131540.7086664713,668,7,147,5,135,0,,,,,,,,,,,,,
recovery-bench-sixhours,bench,3110400,update,6,536,1056000,244963637,35,0,0,35,24,11,623,34,34,35,0,343,0,1,35,0,0,0,1105,871,234,754,351,1164,1164,54,0,751,130447,571,133100.24837338505,673,7,147,5,135,0,,,,,,,,,,,,,
recovery-bench-sixhours,bench,3110400,update,6,540,1068000,244975637,28,0,2,30,21,9,625,28,28,28,0,0,0,1,30,0,0,0,1115,878,237,761,354,1178,1178,55,0,759,131876,576,134553.5547971544,683,5,147,5,137,0,,,,,,,,,,,,,
recovery-bench-sixhours,bench,3110400,update,6,544,1080000,244987637,32,0,2,34,27,7,625,32,32,32,0,0,0,1,34,0,0,0,1130,890,240,773,357,1189,1189,55,0,770,133093,582,135801.29533327045,690,4,147,5,138,0,,,,,,,,,,,,,
recovery-bench-sixhours,bench,3110400,update,6,548,1092000,244999637,30,0,2,32,27,5,625,30,30,30,0,0,0,1,32,0,0,0,1141,898,243,782,359,1201,1201,56,0,779,134460,587,137203.7860340341,700,4,147,5,138,0,,,,,,,,,,,,,
recovery-bench-sixhours,bench,3110400,update,6,552,1104000,245011637,33,0,2,35,28,7,625,32,32,33,0,25,0,1,35,0,0,0,1155,909,246,792,363,1212,1212,56,0,790,135930,594,138699.547308058,708,5,147,5,137,0,,,,,,,,,,,,,
recovery-bench-sixhours,bench,3110400,update,6,556,1116000,245023637,30,0,2,32,26,6,624,29,29,30,0,7,0,1,32,0,0,0,1162,914,248,796,366,1221,1221,57,0,793,137399,604,140193.53691721382,714,5,147,5,137,0,,,,,,,,,,,,,
recovery-bench-sixhours,bench,3110400,update,6,560,1128000,245035637,33,0,2,35,25,10,620,33,33,33,0,0,0,1,35,0,0,0,1176,925,251,804,372,1232,1232,57,0,801,138778,607,141592.3319271081,723,10,147,5,132,0,,,,,,,,,,,,,
recovery-bench-sixhours,bench,3110400,update,6,564,1140000,245047637,28,0,0,28,19,9,621,28,28,28,0,0,0,1,28,0,0,0,1183,932,251,808,375,1246,1246,57,0,805,140141,613,142985.8858114616,733,9,147,5,133,0,,,,,,,,,,,,,
recovery-bench-sixhours,bench,3110400,update,6,568,1152000,245059637,30,0,2,32,25,7,622,30,30,30,0,0,0,1,32,0,0,0,1196,943,253,817,379,1255,1255,57,0,814,141546,617,144428.9489789526,737,7,147,5,135,0,,,,,,,,,,,,,
recovery-bench-sixhours,bench,3110400,update,6,572,1164000,245071637,32,0,3,35,29,6,623,32,32,32,0,0,0,1,35,0,0,0,1209,953,256,827,382,1264,1264,58,0,824,142988,623,145881.0663566119,742,6,147,5,136,0,,,,,,,,,,,,,
recovery-bench-sixhours,bench,3110400,update,6,576,1176000,245083637,28,0,4,32,26,6,624,28,28,28,0,0,0,1,32,0,0,0,1224,963,261,839,385,1282,1282,58,0,836,144384,631,147316.86774550704,756,6,147,5,136,0,,,,,,,,,,,,,
recovery-bench-sixhours,bench,3110400,update,6,580,1188000,245095637,32,0,3,35,25,10,623,32,32,32,0,0,0,1,35,0,0,0,1243,977,266,851,392,1297,1297,59,0,851,145734,640,148703.8953226027,768,6,147,5,136,0,,,,,,,,,,,,,
recovery-bench-sixhours,bench,3110400,update,6,584,1200000,245107637,24,0,1,25,18,7,625,23,23,24,0,133,0,1,25,0,0,0,1250,982,268,855,395,1313,1313,60,0,856,147094,644,150086.3836636548,780,4,147,5,138,0,,,,,,,,,,,,,
recovery-bench-sixhours,bench,3110400,update,6,588,1212000,245119637,30,0,3,33,23,10,623,29,29,30,0,43,0,1,33,0,0,0,1266,993,273,867,399,1320,1320,61,0,868,148416,652,151427.16313702008,785,6,147,5,136,0,,,,,,,,,,,,,
recovery-bench-sixhours,bench,3110400,update,6,592,1224000,245131637,29,0,5,34,24,10,624,29,29,29,0,0,0,1,34,0,0,0,1280,1002,278,877,403,1333,1333,61,0,879,149732,659,152765.23821636057,794,5,147,5,137,0,,,,,,,,,,,,,
recovery-bench-sixhours,bench,3110400,update,6,596,1236000,245143637,30,0,4,34,23,11,624,30,30,30,0,0,0,1,34,0,0,0,1292,1011,281,883,409,1345,1345,61,0,888,151103,665,154168.42686130898,803,5,147,5,137,0,,,,,,,,,,,,,
recovery-bench-sixhours,bench,3110400,update,6,600,1248000,245155637,28,0,2,30,17,13,620,28,28,28,0,0,0,1,30,0,0,0,1303,1020,283,888,415,1359,1359,62,0,893,152488,673,155585.78450362524,815,8,147,5,134,0,,,,,,,,,,,,,
recovery-bench-sixhours,bench,3110400,update,6,604,1260000,245167637,24,0,1,25,15,10,622,24,24,24,0,0,0,1,25,0,0,0,1316,1030,286,896,420,1377,1377,62,0,902,153833,678,156951.6530434941,827,6,147,5,136,0,,,,,,,,,,,,,
recovery-bench-sixhours,bench,3110400,update,6,608,1272000,245179637,33,0,1,34,22,12,622,32,32,33,0,25,0,1,34,0,0,0,1336,1049,287,911,425,1387,1387,63,0,919,155154,682,158311.8018340324,834,6,147,5,136,0,,,,,,,,,,,,,
recovery-bench-sixhours,bench,3110400,update,6,612,1284000,245191637,35,0,0,35,24,11,623,34,34,35,0,133,0,1,35,0,0,0,1345,1058,287,917,428,1395,1395,63,0,926,156638,688,159820.66049699346,839,6,147,5,136,0,,,,,,,,,,,,,
recovery-bench-sixhours,bench,3110400,update,6,616,1296000,245203637,31,0,2,33,24,9,624,31,31,31,0,0,0,1,33,0,0,0,1354,1065,289,923,431,1406,1406,63,0,932,158085,700,161302.43873403547,846,5,147,5,137,0,,,,,,,,,,,,,
recovery-bench-sixhours,bench,3110400,update,6,620,1308000,245215637,26,0,3,29,22,7,626,26,26,26,0,0,0,1,29,0,0,0,1366,1072,294,932,434,1421,1421,64,0,941,159394,706,162634.58748745965,856,3,147,5,139,0,,,,,,,,,,,,,
recovery-bench-sixhours,bench,3110400,update,6,624,1320000,245227637,22,0,2,24,17,7,626,22,22,22,0,0,0,1,24,0,0,0,1378,1082,296,938,440,1438,1438,64,0,950,160530,712,163796.1983693908,870,3,147,5,139,0,,,,,,,,,,,,,
recovery-bench-sixhours,bench,3110400,update,6,628,1332000,245239637,27,0,1,28,18,10,625,27,27,27,0,0,0,1,28,0,0,0,1392,1093,299,947,445,1448,1448,64,0,961,161694,717,164988.9911854542,878,5,147,5,137,0,,,,,,,,,,,,,
recovery-bench-sixhours,bench,3110400,update,6,632,1344000,245251637,31,0,2,33,24,9,622,31,31,31,0,0,0,1,33,0,0,0,1405,1104,301,957,448,1456,1456,64,0,970,163029,722,166342.75795624545,885,7,147,5,135,0,,,,,,,,,,,,,
recovery-bench-sixhours,bench,3110400,update,6,636,1356000,245263637,33,0,1,34,24,10,622,33,33,33,0,0,0,1,34,0,0,0,1416,1115,301,964,452,1465,1465,65,0,978,164454,725,167793.19138894975,891,7,147,5,135,0,,,,,,,,,,,,,
recovery-bench-sixhours,bench,3110400,update,6,640,1368000,245275637,29,0,1,30,24,6,625,29,29,29,0,0,0,1,30,0,0,0,1423,1120,303,969,454,1476,1476,65,0,983,165919,733,169285.38838167954,897,4,147,5,138,0,,,,,,,,,,,,,
recovery-bench-sixhours,bench,3110400,update,6,644,1380000,245287637,30,0,0,30,20,10,622,30,30,30,0,0,0,1,30,0,0,0,1436,1130,306,974,462,1489,1489,65,0,990,167284,740,170687.1803836422,907,8,147,5,134,0,,,,,,,,,,,,,
recovery-bench-sixhours,bench,3110400,update,6,648,1392000,245299637,34,0,1,35,25,10,620,34,34,34,0,0,0,1,35,0,0,0,1446,1138,308,981,465,1494,1494,65,0,996,168704,747,172134.46522907633,910,9,147,5,133,0,,,,,,,,,,,,,
recovery-bench-sixhours,bench,3110400,update,6,652,1404000,245311637,30,0,1,31,23,8,623,30,30,30,0,0,0,1,31,0,0,0,1457,1148,309,989,468,1508,1508,66,0,1005,170107,752,173580.04677100852,919,6,147,5,136,0,,,,,,,,,,,,,
recovery-bench-sixhours,bench,3110400,update,6,656,1416000,245323637,31,0,2,33,22,11,623,31,30,31,0,0,0,1,33,0,0,0,1470,1158,312,997,473,1519,1519,66,0,1015,171428,756,174933.77642970812,927,7,147,5,135,0,,,,,,,,,,,,,
recovery-bench-sixhours,bench,3110400,update,6,660,1428000,245335637,33,0,1,34,25,9,625,33,33,33,0,0,0,1,34,0,0,0,1482,1170,312,1006,476,1530,1530,66,0,1024,172879,762,176409.39454571623,933,5,147,5,137,0,,,,,,,,,,,,,
recovery-bench-sixhours,bench,3110400,update,6,664,1440000,245347637,26,0,1,27,20,7,626,25,25,26,0,19,0,1,27,0,0,0,1490,1176,314,1010,480,1544,1544,67,0,1029,174323,771,177884.6453099372,943,3,147,5,139,0,,,,,,,,,,,,,
recovery-bench-sixhours,bench,3110400,update,6,668,1452000,245359637,30,0,3,33,26,7,625,30,30,30,0,0,0,1,33,0,0,0,1504,1188,316,1021,483,1551,1551,68,0,1040,175519,778,179108.85740171,948,4,147,5,138,0,,,,,,,,,,,,,
recovery-bench-sixhours,bench,3110400,update,6,672,1464000,245371637,28,0,1,29,24,5,624,28,28,28,0,0,0,1,29,0,0,0,1516,1198,318,1030,486,1567,1567,68,0,1048,176798,785,180418.67070840579,961,5,147,5,137,0,,,,,,,,,,,,,
recovery-bench-sixhours,bench,3110400,update,6,676,1476000,245383637,33,0,2,35,22,13,618,33,33,33,0,0,0,1,35,0,0,0,1529,1209,320,1035,494,1574,1574,68,0,1055,178160,788,181802.9063043855,968,11,147,5,131,0,,,,,,,,,,,,,
recovery-bench-sixhours,bench,3110400,update,6,680,1488000,245395637,27,0,3,30,19,11,620,27,27,27,0,0,0,1,30,0,0,0,1536,1214,322,1039,497,1585,1585,69,0,1059,179497,794,183149.89049796155,974,9,147,5,133,0,,,,,,,,,,,,,
recovery-bench-sixhours,bench,3110400,update,6,684,1500000,245407637,29,0,5,34,25,9,620,28,28,29,0,31,0,1,34,0,0,0,1555,1229,326,1052,503,1598,1598,71,0,1071,180749,798,184438.43417575816,980,8,147,5,134,0,,,,,,,,,,,,,
recovery-bench-sixhours,bench,3110400,update,6,688,1512000,245419637,35,0,0,35,22,13,618,34,34,35,0,19,0,1,35,0,0,0,1562,1236,326,1055,507,1603,1603,72,0,1075,182182,805,185902.77288124617,984,11,147,5,131,0,,,,,,,,,,,,,
recovery-bench-sixhours,bench,3110400,update,6,692,1524000,245431637,29,0,0,29,18,11,620,29,29,29,0,0,0,1,29,0,0,0,1569,1243,326,1058,511,1616,1616,72,0,1078,183727,808,187467.9226493365,991,9,147,5,133,0,,,,,,,,,,,,,
recovery-bench-sixhours,bench,3110400,update,6,696,1536000,245443637,30,0,3,33,24,9,623,29,29,30,0,67,0,1,33,0,0,0,1587,1256,331,1070,517,1630,1630,72,0,1092,185107,813,188872.17355146864,998,5,147,5,137,0,,,,,,,,,,,,,
recovery-bench-sixhours,bench,3110400,update,6,700,1548000,245455637,32,0,1,33,26,7,625,32,32,32,0,0,0,1,33,0,0,0,1598,1265,333,1078,520,1640,1640,73,0,1100,186554,820,190343.59777534148,1003,4,147,5,138,0,,,,,,,,,,,,,
recovery-bench-sixhours,bench,3110400,update,6,704,1560000,245467637,32,0,3,35,27,8,624,32,32,32,0,0,0,1,35,0,0,0,1611,1275,336,1087,524,1651,1651,73,0,1110,187963,827,191773.9650277691,1012,5,147,5,137,0,,,,,,,,,,,,,
recovery-bench-sixhours,bench,3110400,update,6,708,1572000,245479637,31,0,2,33,23,10,622,31,31,31,0,0,0,1,33,0,0,0,1620,1283,337,1092,528,1662,1662,73,0,1116,189429,834,193268.51768866833,1022,7,147,5,135,0,,,,,,,,,,,,,
recovery-bench-sixhours,bench,3110400,update,6,712,1584000,245491637,30,0,2,32,25,7,623,30,30,30,0,0,0,1,32,0,0,0,1635,1293,342,1104,531,1678,1678,73,0,1127,190790,845,194675.20710861683,1033,5,147,5,137,0,,,,,,,,,,,,,
recovery-bench-sixhours,bench,3110400,update,6,716,1596000,245503637,28,0,1,29,22,7,624,27,27,28,0,19,0,1,29,0,0,0,1648,1304,344,1114,534,1693,1693,74,0,1138,192218,850,196115.27399119176,1045,5,147,5,137,0,,,,,,,,,,,,,
recovery-bench-sixhours,bench,3110400,update,6,720,1608000,245515637,28,0,1,29,23,6,624,26,26,28,0,103,0,1,29,0,0,0,1662,1316,346,1125,537,1707,1707,74,0,1149,193528,854,197457.36215656623,1056,5,147,5,137,0,,,,,,,,,,,,,
recovery-bench-sixhours,bench,3110400,update,6,724,1620000,245527637,33,0,0,33,22,11,624,33,33,33,0,0,0,1,33,0,0,0,1674,1328,346,1130,544,1715,1715,74,0,1158,195091,863,199056.90283460077,1061,6,147,5,136,0,,,,,,,,,,,,,
recovery-bench-sixhours,bench,3110400,update,6,728,1632000,245539637,28,0,1,29,20,9,623,28,28,28,0,0,0,1,29,0,0,0,1684,1335,349,1137,547,1727,1727,76,0,1164,196629,871,200631.30354192108,1070,6,147,5,136,0,,,,,,,,,,,,,
recovery-bench-sixhours,bench,3110400,update,6,732,1644000,245551637,30,0,4,34,22,12,621,30,30,30,0,0,0,1,34,0,0,0,1703,1348,355,1149,554,1740,1740,77,0,1177,198022,877,202059.88562753797,1079,8,147,5,134,0,,,,,,,,,,,,,
recovery-bench-sixhours,bench,3110400,update,6,736,1656000,245563637,30,0,1,31,21,10,623,28,28,30,0,73,0,1,31,0,0,0,1715,1360,355,1158,557,1752,1752,80,0,1187,199219,885,203302.23879011068,1087,6,147,5,136,0,,,,,,,,,,,,,
recovery-bench-sixhours,bench,3110400,update,6,740,1668000,245575637,31,0,2,33,21,12,620,31,31,31,0,0,0,1,33,0,0,0,1729,1370,359,1168,561,1764,1764,80,0,1197,200589,889,204685.83205293491,1098,8,147,5,134,0,,,,,,,,,,,,,
recovery-bench-sixhours,bench,3110400,update,6,744,1680000,245587637,29,0,3,32,22,10,624,28,29,29,0,1,0,1,32,0,0,0,1740,1378,362,1174,566,1775,1775,81,0,1205,201905,896,206028.90771132614,1102,5,147,5,137,0,,,,,,,,,,,,,
recovery-bench-sixhours,bench,3110400,update,6,748,1692000,245599637,31,0,2,33,23,10,623,31,31,31,0,0,0,1,33,0,0,0,1755,1391,364,1185,570,1788,1788,82,0,1217,203304,906,207459.97769903205,1113,6,147,5,136,0,,,,,,,,,,,,,
recovery-bench-sixhours,bench,3110400,update,6,752,1704000,245611637,35,0,0,35,23,12,621,35,35,35,0,0,0,1,35,0,0,0,1768,1404,364,1192,576,1799,1799,82,0,1227,204741,914,208934.5309284851,1123,8,147,5,134,0,,,,,,,,,,,,,
recovery-bench-sixhours,bench,3110400,update,6,756,1716000,245623637,31,0,1,32,22,10,622,31,31,31,0,0,0,1,32,0,0,0,1776,1410,366,1197,579,1810,1810,82,0,1232,206235,919,210448.02816088079,1130,6,147,5,136,0,,,,,,,,,,,,,
recovery-bench-sixhours,bench,3110400,update,6,760,1728000,245635637,33,0,1,34,23,11,623,33,33,33,0,0,0,1,34,0,0,0,1792,1423,369,1209,583,1823,1823,83,0,1245,207555,921,211801.83317808202,1139,6,147,5,136,0,,,,,,,,,,,,,
recovery-bench-sixhours,bench,3110400,update,6,764,1740000,245647637,32,0,1,33,21,12,620,32,32,32,0,0,0,1,33,0,0,0,1798,1428,370,1211,587,1830,1830,83,0,1247,208984,932,213262.5171179357,1145,8,147,5,134,0,,,,,,,,,,,,,
recovery-bench-sixhours,bench,3110400,update,6,768,1752000,245659637,34,0,1,35,22,13,621,34,34,34,0,0,0,1,35,0,0,0,1808,1437,371,1217,591,1837,1837,84,0,1255,210481,938,214795.11948728608,1149,7,147,5,135,0,,,,,,,,,,,,,
recovery-bench-sixhours,bench,3110400,update,6,772,1764000,245671637,33,0,2,35,21,14,619,33,33,33,0,0,0,1,35,0,0,0,1818,1445,373,1221,597,1847,1847,84,0,1260,211947,943,216291.25650401833,1156,8,147,5,134,0,,,,,,,,,,,,,
recovery-bench-sixhours,bench,3110400,update,6,776,1776000,245683637,32,0,3,35,20,15,619,32,32,32,0,0,0,1,35,0,0,0,1831,1455,376,1229,602,1859,1859,85,0,1269,213331,950,217712.53930155234,1164,8,147,5,134,0,,,,,,,,,,,,,
recovery-bench-sixhours,bench,3110400,update,6,780,1788000,245695637,32,0,1,33,19,14,619,32,32,32,0,0,0,1,33,0,0,0,1840,1463,377,1234,606,1870,1870,85,0,1275,214671,956,219077.71001405548,1172,9,147,5,133,0,,,,,,,,,,,,,
recovery-bench-sixhours,bench,3110400,update,6,784,1800000,245707637,31,0,3,34,18,16,615,31,31,31,0,0,0,1,34,0,0,0,1849,1468,381,1240,609,1878,1878,85,0,1280,216078,958,220496.90701679979,1180,12,147,5,130,0,,,,,,,,,,,,,
recovery-bench-sixhours,bench,3110400,update,6,788,1812000,245719637,33,0,0,33,21,12,619,32,32,33,0,67,0,1,33,0,0,0,1862,1480,382,1249,613,1891,1891,86,0,1290,217392,964,221845.5614899597,1186,9,147,5,133,0,,,,,,,,,,,,,
recovery-bench-sixhours,bench,3110400,update,6,792,1824000,245731637,32,0,4,36,27,9,622,32,32,32,0,0,0,1,36,0,0,0,1877,1491,386,1260,617,1903,1903,86,0,1302,218798,970,223280.43183294917,1192,6,147,5,136,0,,,,,,,,,,,,,
recovery-bench-sixhours,bench,3110400,update,6,796,1836000,245743637,31,0,4,35,28,7,622,31,31,31,0,0,0,1,35,0,0,0,1889,1501,388,1269,620,1916,1916,86,0,1311,220104,977,224613.31650048913,1202,6,147,5,136,0,,,,,,,,,,,,,
recovery-bench-sixhours,bench,3110400,update,6,800,1848000,245755637,33,0,1,34,28,6,622,33,33,33,0,0,0,1,34,0,0,0,1905,1515,390,1282,623,1933,1933,86,0,1323,221511,981,226052.87530956883,1215,6,147,5,136,0,,,,,,,,,,,,,
recovery-bench-sixhours,bench,3110400,update,6,804,1860000,245767637,33,0,0,33,26,7,621,33,33,33,0,0,0,1,33,0,0,0,1911,1521,390,1286,625,1939,1939,87,0,1327,222983,993,227550.13834991306,1220,7,147,5,135,0,,,,,,,,,,,,,
recovery-bench-sixhours,bench,3110400,update,6,808,1872000,245779637,32,0,2,34,27,7,622,32,32,32,0,0,0,1,34,0,0,0,1922,1529,393,1293,629,1949,1949,87,0,1334,224407,1001,229004.93916280195,1225,6,147,5,136,0,,,,,,,,,,,,,
recovery-bench-sixhours,bench,3110400,update,6,812,1884000,245791637,32,0,2,34,25,9,622,32,32,32,0,0,0,1,34,0,0,0,1937,1542,395,1303,634,1963,1963,88,0,1346,225826,1004,230451.4373024637,1236,6,147,5,136,0,,,,,,,,,,,,,
recovery-bench-sixhours,bench,3110400,update,6,816,1896000,245803637,28,0,1,29,19,10,620,28,28,28,0,0,0,1,29,0,0,0,1950,1551,399,1313,637,1980,1980,89,0,1356,227155,1011,231805.38918912224,1252,7,147,5,135,0,,,,,,,,,,,,,
recovery-bench-sixhours,bench,3110400,update,6,820,1908000,245815637,34,0,1,35,22,13,618,34,34,34,0,0,0,1,35,0,0,0,1964,1564,400,1320,644,1988,1988,89,0,1364,228673,1017,233364.69773782324,1256,10,147,5,132,0,,,,,,,,,,,,,
recovery-bench-sixhours,bench,3110400,update,6,824,1920000,245827637,32,0,1,33,19,14,620,32,32,32,0,0,0,1,33,0,0,0,1974,1571,403,1325,649,2000,2000,89,0,1371,230143,1023,234873.03863872774,1263,9,147,5,133,0,,,,,,,,,,,,,
recovery-bench-sixhours,bench,3110400,update,6,828,1932000,245839637,30,0,4,34,23,11,623,30,30,30,0,0,0,1,34,0,0,0,1990,1583,407,1336,654,2015,2015,89,0,1383,231586,1028,236343.26582441758,1271,5,147,5,137,0,,,,,,,,,,,,,
recovery-bench-sixhours,bench,3110400,update,6,832,1944000,245851637,31,0,4,35,23,12,625,31,31,31,0,0,0,1,35,0,0,0,2002,1591,411,1343,659,2025,2025,90,0,1392,232985,1037,237771.57790003205,1276,4,147,5,138,0,,,,,,,,,,,,,
recovery-bench-sixhours,bench,3110400,update,6,836,1956000,245863637,32,0,1,33,22,11,623,32,32,32,0,0,0,1,33,0,0,0,2013,1600,413,1351,662,2038,2038,90,0,1400,234411,1044,239230.6161310193,1288,6,147,5,136,0,,,,,,,,,,,,,
recovery-bench-sixhours,bench,3110400,update,6,840,1968000,245875637,31,0,2,33,23,10,621,30,30,31,0,103,0,1,33,0,0,0,2025,1610,415,1360,665,2050,2050,90,0,1409,235874,1050,240734.63718414633,1299,8,147,5,134,0,,,,,,,,,,,,,
recovery-bench-sixhours,bench,3110400,update,6,844,1980000,245887637,31,0,5,36,27,9,621,31,31,31,0,0,0,1,36,0,0,0,2044,1622,422,1375,669,2065,2065,91,0,1424,237153,1054,242046.25055037392,1310,7,147,5,135,0,,,,,,,,,,,,,
recovery-bench-sixhours,bench,3110400,update,6,848,1992000,245899637,31,0,2,33,22,11,621,31,31,31,0,0,0,1,33,0,0,0,2056,1633,423,1382,674,2079,2079,92,0,1433,238471,1060,243381.87023352785,1321,8,147,5,134,0,,,,,,,,,,,,,
recovery-bench-sixhours,bench,3110400,update,6,852,2004000,245911637,30,0,2,32,23,9,622,30,30,30,0,0,0,1,32,0,0,0,2067,1642,425,1390,677,2091,2091,92,0,1441,239858,1065,244797.11067681527,1329,7,147,5,135,0,,,,,,,,,,,,,
recovery-bench-sixhours,bench,3110400,update,6,856,2016000,245923637,30,0,3,33,23,10,621,30,30,30,0,0,0,1,33,0,0,0,2074,1646,428,1394,680,2097,2097,92,0,1445,241236,1077,246199.39768597437,1333,8,147,5,134,0,,,,,,,,,,,,,
recovery-bench-sixhours,bench,3110400,update,6,860,2028000,245935637,34,0,2,36,25,11,620,34,34,34,0,0,0,1,36,0,0,0,2089,1658,431,1403,686,2108,2108,93,0,1454,242600,1082,247598.5279550869,1339,9,147,5,133,0,,,,,,,,,,,,,
recovery-bench-sixhours,bench,3110400,update,6,864,2040000,245947637,32,0,2,34,22,12,617,32,32,32,0,0,0,1,34,0,0,0,2101,1668,433,1409,692,2121,2121,94,0,1461,243971,1083,248994.3215367091,1350,10,147,6,131,0,,,,,,,,,,,,,
recovery-bench-sixhours,bench,3110400,update,6,868,2052000,245959637,31,0,4,35,25,10,620,31,31,31,0,0,0,1,35,0,0,0,2116,1677,439,1421,695,2134,2134,95,0,1474,245302,1086,250354.15720886132,1358,9,147,6,132,0,,,,,,,,,,,,,
recovery-bench-sixhours,bench,3110400,update,6,872,2064000,245971637,30,0,3,33,24,9,622,29,29,30,0,25,0,1,33,0,0,0,2124,1684,440,1425,699,2144,2144,95,0,1479,246640,1090,251716.8067881693,1363,7,147,6,134,0,,,,,,,,,,,,,
recovery-bench-sixhours,bench,3110400,update,6,876,2076000,245983637,30,0,4,34,26,8,622,29,29,30,0,55,0,1,34,0,0,0,2135,1691,444,1433,702,2154,2154,95,0,1486,247997,1098,253103.3392041712,1369,6,147,6,135,0,,,,,,,,,,,,,
recovery-bench-sixhours,bench,3110400,update,6,880,2088000,245995637,32,0,2,34,29,5,625,32,32,32,0,0,0,1,34,0,0,0,2149,1702,447,1445,704,2167,2167,96,0,1498,249369,1105,254504.85846803756,1377,4,147,6,137,0,,,,,,,,,,,,,
recovery-bench-sixhours,bench,3110400,update,6,884,2100000,246007637,32,0,2,34,26,8,623,32,32,32,0,0,0,1,34,0,0,0,2161,1712,449,1453,708,2179,2179,96,0,1507,250890,1111,256058.22227958357,1388,6,147,6,135,0,,,,,,,,,,,,,
recovery-bench-sixhours,bench,3110400,update,6,888,2112000,246019637,32,0,0,32,25,7,624,31,32,32,0,1,0,1,32,0,0,0,2169,1720,449,1458,711,2189,2189,96,0,1512,252332,1116,257528.4034482441,1394,5,147,6,136,0,,,,,,,,,,,,,
recovery-bench-sixhours,bench,3110400,update,6,892,2124000,246031637,36,0,2,38,27,11,618,36,36,36,0,0,0,1,38,0,0,0,2182,1731,451,1466,716,2196,2196,96,0,1519,253919,1124,259143.456653452,1401,10,147,6,131,0,,,,,,,,,,,,,
recovery-bench-sixhours,bench,3110400,update,6,896,2136000,246043637,30,0,2,32,19,13,620,30,30,30,0,0,0,1,32,0,0,0,2192,1739,453,1470,722,2211,2211,97,0,1526,255333,1133,260579.32678804314,1411,9,147,6,132,0,,,,,,,,,,,,,
recovery-bench-sixhours,bench,3110400,update,6,900,2148000,246055637,33,0,1,34,19,15,619,33,33,33,0,0,0,1,34,0,0,0,2208,1753,455,1478,730,2225,2225,97,0,1535,256645,1136,261929.63592590345,1419,9,147,6,132,0,,,,,,,,,,,,,
recovery-bench-sixhours,bench,3110400,update,6,904,2160000,246067637,32,0,3,35,22,13,620,32,32,32,0,0,0,1,35,0,0,0,2222,1764,458,1487,735,2237,2237,98,0,1544,258117,1139,263424.56945488416,1425,8,147,6,133,0,,,,,,,,,,,,,
recovery-bench-sixhours,bench,3110400,update,6,908,2172000,246079637,26,0,3,29,18,11,624,26,26,26,0,0,0,1,29,0,0,0,2229,1769,460,1490,739,2250,2250,98,0,1548,259428,1148,264765.50492519885,1431,5,147,6,136,0,,,,,,,,,,,,,
recovery-bench-sixhours,bench,3110400,update,6,912,2184000,246091637,32,0,3,35,25,10,623,31,31,32,0,13,0,1,35,0,0,0,2248,1785,463,1505,743,2263,2263,98,0,1564,260709,1153,266082.24962204415,1442,6,147,6,135,0,,,,,,,,,,,,,
recovery-bench-sixhours,bench,3110400,update,6,916,2196000,246103637,33,0,3,36,27,9,621,33,33,33,0,0,0,1,36,0,0,0,2257,1791,466,1512,745,2271,2271,98,0,1570,262151,1160,267553.8621091079,1449,7,147,6,134,0,,,,,,,,,,,,,
recovery-bench-sixhours,bench,3110400,update,6,920,2208000,246115637,33,0,3,36,26,10,623,33,33,33,0,0,0,1,36,0,0,0,2273,1804,469,1522,751,2286,2286,99,0,1582,263563,1168,268992.23573116586,1458,6,147,6,135,0,,,,,,,,,,,,,
recovery-bench-sixhours,bench,3110400,update,6,924,2220000,246127637,29,0,3,32,23,9,620,29,29,29,0,0,0,1,32,0,0,0,2281,1810,471,1527,754,2297,2297,100,0,1586,264992,1173,270434.3139336826,1468,8,147,6,133,0,,,,,,,,,,,,,
recovery-bench-sixhours,bench,3110400,update,6,928,2232000,246139637,31,0,2,33,27,6,624,31,31,31,0,0,0,1,33,0,0,0,2297,1822,475,1540,757,2311,2311,101,0,1599,266422,1182,271901.5006352458,1475,5,147,6,136,0,,,,,,,,,,,,,
recovery-bench-sixhours,bench,3110400,update,6,932,2244000,246151637,29,0,1,30,25,5,626,29,29,29,0,0,0,1,30,0,0,0,2306,1829,477,1546,760,2323,2323,101,0,1606,267906,1193,273420.8732856754,1483,3,147,6,138,0,,,,,,,,,,,,,
recovery-bench-sixhours,bench,3110400,update,6,936,2256000,246163637,31,0,4,35,28,7,623,31,31,31,0,0,0,1,35,0,0,0,2324,1843,481,1561,763,2336,2336,101,0,1621,269270,1195,274804.89078301564,1496,6,147,6,135,0,,,,,,,,,,,,,
recovery-bench-sixhours,bench,3110400,update,6,940,2268000,246175637,33,0,2,35,29,6,623,33,33,33,0,0,0,1,35,0,0,0,2337,1854,483,1572,765,2349,2349,101,0,1632,270663,1200,276226.3628963451,1507,6,147,6,135,0,,,,,,,,,,,,,
recovery-bench-sixhours,bench,3110400,update,6,944,2280000,246187637,30,0,3,33,28,5,623,30,30,30,0,0,0,1,33,0,0,0,2348,1860,488,1580,768,2360,2360,103,0,1639,272007,1208,277601.2259370242,1514,5,147,6,136,0,,,,,,,,,,,,,
recovery-bench-sixhours,bench,3110400,update,6,948,2292000,246199637,32,0,1,33,23,10,620,32,32,32,0,0,0,1,33,0,0,0,2358,1869,489,1583,775,2369,2369,104,0,1643,273479,1219,279097.64108598186,1520,9,147,6,132,0,,,,,,,,,,,,,
recovery-bench-sixhours,bench,3110400,update,6,952,2304000,246211637,29,0,3,32,23,9,620,28,28,29,0,49,0,1,32,0,0,0,2374,1881,493,1596,778,2385,2385,105,0,1655,274841,1221,280489.65113069443,1532,8,147,6,133,0,,,,,,,,,,,,,
recovery-bench-sixhours,bench,3110400,update,6,956,2316000,246223637,31,0,2,33,23,10,621,31,31,31,0,0,0,1,33,0,0,0,2387,1892,495,1604,783,2396,2396,106,0,1665,276224,1228,281904.05871599773,1539,7,147,6,134,0,,,,,,,,,,,,,
recovery-bench-sixhours,bench,3110400,update,6,960,2328000,246235637,26,0,1,27,21,6,624,26,26,26,0,0,0,1,27,0,0,0,2401,1902,499,1615,786,2415,2415,107,0,1677,277559,1234,283265.29415686196,1553,4,147,6,137,0,,,,,,,,,,,,,
recovery-bench-sixhours,bench,3110400,update,6,964,2340000,246247637,29,0,3,32,22,10,624,29,29,29,0,0,0,1,32,0,0,0,2419,1915,504,1625,794,2428,2428,107,0,1692,278929,1240,284665.24753859406,1563,5,147,6,136,0,,,,,,,,,,,,,
recovery-bench-sixhours,bench,3110400,update,6,968,2352000,246259637,34,0,1,35,27,8,622,34,34,34,0,0,0,1,35,0,0,0,2431,1926,505,1634,797,2437,2437,107,0,1700,280352,1246,286123.9794498221,1570,6,147,6,135,0,,,,,,,,,,,,,
recovery-bench-sixhours,bench,3110400,update,6,972,2364000,246271637,32,0,2,34,25,9,621,32,32,32,0,0,0,1,34,0,0,0,2438,1931,507,1638,800,2444,2444,108,0,1704,281815,1252,287613.1548068975,1575,7,147,6,134,0,,,,,,,,,,,,,
recovery-bench-sixhours,bench,3110400,update,6,976,2376000,246283637,31,0,5,36,28,8,622,31,31,31,0,0,0,1,36,0,0,0,2454,1942,512,1650,804,2457,2457,109,0,1716,283079,1262,288905.2581191049,1583,5,147,6,136,0,,,,,,,,,,,,,
recovery-bench-sixhours,bench,3110400,update,6,980,2388000,246295637,28,0,2,30,23,7,623,28,28,28,0,0,0,1,30,0,0,0,2463,1949,514,1657,806,2471,2471,110,0,1723,284397,1264,290247.9294219692,1594,5,147,6,136,0,,,,,,,,,,,,,
recovery-bench-sixhours,bench,3110400,update,6,984,2400000,246307637,34,0,2,36,27,9,620,34,34,34,0,0,0,1,36,0,0,0,2482,1965,517,1670,812,2484,2484,110,0,1736,285776,1267,291664.7399522499,1604,8,147,6,133,0,,,,,,,,,,,,,
recovery-bench-sixhours,bench,3110400,update,6,988,2412000,246319637,31,0,3,34,23,11,616,31,31,31,0,0,0,1,34,0,0,0,2487,1968,519,1672,815,2491,2491,110,0,1737,287284,1277,293211.12363070855,1611,11,147,6,130,0,,,,,,,,,,,,,
recovery-bench-sixhours,bench,3110400,update,6,992,2424000,246331637,32,0,1,33,21,12,616,32,32,32,0,0,0,1,33,0,0,0,2496,1976,520,1678,818,2500,2500,111,0,1743,288744,1281,294696.89244007366,1617,12,147,6,129,0,,,,,,,,,,,,,
recovery-bench-sixhours,bench,3110400,update,6,996,2436000,246343637,30,0,5,35,26,9,621,30,30,30,0,0,0,1,35,0,0,0,2514,1989,525,1691,823,2516,2516,111,0,1758,289986,1288,295976.12378458073,1625,7,147,6,134,0,,,,,,,,,,,,,
recovery-bench-sixhours,bench,3110400,update,6,1000,2448000,246355637,29,0,2,31,25,6,623,29,29,29,0,0,0,1,31,0,0,0,2523,1995,528,1697,826,2529,2529,111,0,1765,291328,1294,297337.6816922566,1634,5,147,6,136,0,,,,,,,,,,,,,
recovery-bench-sixhours,bench,3110400,update,6,1004,2460000,246367637,33,0,1,34,25,9,620,33,33,33,0,0,0,1,34,0,0,0,2535,2005,530,1706,829,2538,2538,111,0,1773,292901,1301,298947.5144034261,1642,8,147,6,133,0,,,,,,,,,,,,,
recovery-bench-sixhours,bench,3110400,update,6,1008,2472000,246379637,29,0,2,31,23,8,622,29,29,29,0,0,0,1,31,0,0,0,2552,2018,534,1720,832,2556,2556,113,0,1788,294401,1305,300479.6534878602,1656,6,147,6,135,0,,,,,,,,,,,,,
recovery-bench-sixhours,bench,3110400,update,6,1012,2484000,246391637,34,0,1,35,30,5,625,33,33,34,0,37,0,1,35,0,0,0,2571,2035,536,1735,836,2571,2571,113,0,1804,295851,1315,301969.67696503643,1665,3,147,6,138,0,,,,,,,,,,,,,
recovery-bench-sixhours,bench,3110400,update,6,1016,2496000,246403637,30,0,2,32,26,6,623,30,30,30,0,0,0,1,32,0,0,0,2576,2037,539,1737,839,2578,2578,114,0,1806,297292,1325,303436.3659760058,1671,4,147,6,137,0,,,,,,,,,,,,,
recovery-bench-sixhours,bench,3110400,update,6,1020,2508000,246415637,33,0,1,34,30,4,625,33,33,33,0,0,0,1,34,0,0,0,2587,2047,540,1746,841,2587,2587,114,0,1815,298739,1331,304914.3097164924,1676,3,147,6,138,0,,,,,,,,,,,,,
recovery-bench-sixhours,bench,3110400,update,6,1024,2520000,246427637,33,0,2,35,29,6,622,33,33,33,0,0,0,1,35,0,0,0,2600,2058,542,1755,845,2599,2599,114,0,1824,300074,1336,306264.49130165996,1687,5,147,6,136,0,,,,,,,,,,,,,
recovery-bench-sixhours,bench,3110400,update,6,1028,2532000,246439637,32,0,3,35,29,6,622,31,31,32,0,13,0,1,35,0,0,0,2613,2067,546,1765,848,2611,2611,115,0,1835,301425,1345,307654.4172491231,1697,5,147,6,136,0,,,,,,,,,,,,,
recovery-bench-sixhours,bench,3110400,update,6,1032,2544000,246451637,30,0,0,30,19,11,618,30,30,30,0,0,0,1,30,0,0,0,2621,2075,546,1765,856,2624,2624,115,0,1835,302842,1351,309093.9708723803,1706,10,147,6,131,0,,,,,,,,,,,,,
recovery-bench-sixhours,bench,3110400,update,6,1036,2556000,246463637,25,0,4,29,24,5,624,25,25,25,0,0,0,1,29,0,0,0,2635,2084,551,1777,858,2639,2639,115,0,1847,304118,1352,310402.41531705856,1713,4,147,6,137,0,,,,,,,,,,,,,
recovery-bench-sixhours,bench,3110400,update,6,1040,2568000,246475637,32,0,2,34,24,10,621,32,32,32,0,0,0,1,34,0,0,0,2652,2096,556,1789,863,2650,2650,116,0,1860,305363,1360,311678.21913096216,1723,7,147,6,134,0,,,,,,,,,,,,,
recovery-bench-sixhours,bench,3110400,update,6,1044,2580000,246487637,33,0,2,35,24,11,620,33,33,33,0,0,0,1,35,0,0,0,2659,2102,557,1792,867,2656,2656,116,0,1864,306818,1366,313149.89835345186,1727,8,147,6,133,0,,,,,,,,,,,,,
recovery-bench-sixhours,bench,3110400,update,6,1048,2592000,246499637,34,0,1,35,24,11,622,32,32,34,0,175,0,1,35,0,0,0,2673,2115,558,1801,872,2668,2668,118,0,1875,308284,1373,314655.3760227887,1734,7,147,6,134,0,,,,,,,,,,,,,
recovery-bench-sixhours,bench,3110400,update,6,1052,2604000,246511637,30,0,4,34,26,8,623,30,30,30,0,0,0,1,34,0,0,0,2688,2124,564,1812,876,2683,2683,119,0,1886,309602,1380,316000.46158336755,1744,5,147,6,136,0,,,,,,,,,,,,,
recovery-bench-sixhours,bench,3110400,update,6,1056,2616000,246523637,31,0,2,33,26,7,622,31,31,31,0,0,0,1,33,0,0,0,2696,2130,566,1818,878,2691,2691,120,0,1892,311045,1386,317463.1536470549,1751,6,147,6,135,0,,,,,,,,,,,,,
recovery-bench-sixhours,bench,3110400,update,6,1060,2628000,246535637,30,0,4,34,26,8,622,29,29,30,0,31,0,1,34,0,0,0,2711,2142,569,1829,882,2705,2705,120,0,1904,312461,1394,318915.93817601213,1762,6,147,6,135,0,,,,,,,,,,,,,
recovery-bench-sixhours,bench,3110400,update,6,1064,2640000,246547637,32,0,4,36,27,9,623,32,32,32,0,0,0,1,36,0,0,0,2729,2157,572,1842,887,2721,2721,120,0,1919,313873,1399,320357.13950595306,1774,6,147,6,135,0,,,,,,,,,,,,,
recovery-bench-sixhours,bench,3110400,update,6,1068,2652000,246559637,31,0,2,33,21,12,620,30,30,31,0,109,0,1,33,0,0,0,2739,2166,573,1845,894,2734,2734,120,0,1922,315335,1408,321853.8587883287,1783,8,147,6,133,0,,,,,,,,,,,,,
recovery-bench-sixhours,bench,3110400,update,6,1072,2664000,246571637,34,0,0,34,22,12,618,34,34,34,0,0,0,1,34,0,0,0,2754,2181,573,1853,901,2747,2747,121,0,1930,316867,1414,323425.2599040759,1791,10,147,6,131,0,,,,,,,,,,,,,
recovery-bench-sixhours,bench,3110400,update,6,1076,2676000,246583637,33,0,0,33,24,9,621,33,33,33,0,0,0,1,33,0,0,0,2766,2192,574,1862,904,2760,2760,121,0,1939,318245,1418,324833.0830951887,1798,8,147,6,133,0,,,,,,,,,,,,,
recovery-bench-sixhours,bench,3110400,update,6,1080,2688000,246595637,33,0,1,34,24,10,619,32,32,33,0,73,0,1,34,0,0,0,2776,2200,576,1869,907,2768,2768,122,0,1945,319717,1422,326317.32544957893,1804,9,147,6,132,0,,,,,,,,,,,,,
recovery-bench-sixhours,bench,3110400,update,6,1084,2700000,246607637,31,0,3,34,28,6,623,30,30,31,0,103,0,1,34,0,0,0,2789,2210,579,1878,911,2781,2781,122,0,1955,321074,1428,327704.8292460595,1810,5,147,6,136,0,,,,,,,,,,,,,
recovery-bench-sixhours,bench,3110400,update,6,1088,2712000,246619637,31,0,0,31,23,8,620,31,31,31,0,0,0,1,31,0,0,0,2797,2217,580,1882,915,2792,2792,122,0,1959,322518,1441,329181.1782487803,1820,8,147,6,133,0,,,,,,,,,,,,,
recovery-bench-sixhours,bench,3110400,update,6,1092,2724000,246631637,34,0,2,36,24,12,618,34,34,34,0,0,0,1,36,0,0,0,2811,2228,583,1892,919,2801,2801,122,0,1970,324076,1445,330774.1429994004,1828,11,147,6,130,0,,,,,,,,,,,,,
recovery-bench-sixhours,bench,3110400,update,6,1096,2736000,246643637,32,0,3,35,25,10,620,32,32,32,0,0,0,1,35,0,0,0,2824,2240,584,1901,923,2815,2815,122,0,1979,325526,1449,332249.53545937315,1836,8,147,6,133,0,,,,,,,,,,,,,
recovery-bench-sixhours,bench,3110400,update,6,1100,2748000,246655637,33,0,3,36,29,7,622,33,33,33,0,0,0,1,36,0,0,0,2840,2253,587,1914,926,2829,2829,123,0,1992,326986,1453,333740.0673061954,1845,6,147,6,135,0,,,,,,,,,,,,,
recovery-bench-sixhours,bench,3110400,update,6,1104,2760000,246667637,28,0,2,30,24,6,623,27,27,28,0,157,0,1,30,0,0,0,2844,2256,588,1916,928,2839,2839,123,0,1994,328404,1469,335200.3287847927,1852,5,147,6,136,0,,,,,,,,,,,,,
recovery-bench-sixhours,bench,3110400,update,6,1108,2772000,246679637,31,0,4,35,26,9,622,30,30,31,0,37,0,1,35,0,0,0,2858,2264,594,1926,932,2848,2848,123,0,2005,329741,1472,336554.46649981197,1859,7,147,6,134,0,,,,,,,,,,,,,
recovery-bench-sixhours,bench,3110400,update,6,1112,2784000,246691637,26,0,2,28,21,7,624,26,26,26,0,0,0,1,28,0,0,0,2872,2274,598,1937,935,2867,2867,125,0,2016,331052,1477,337889.7804394709,1873,5,147,6,136,0,,,,,,,,,,,,,
recovery-bench-sixhours,bench,3110400,update,6,1116,2796000,246703637,34,0,0,34,27,7,624,34,34,34,0,0,0,1,34,0,0,0,2888,2290,598,1949,939,2877,2877,125,0,2029,332524,1483,339397.9259536732,1880,5,147,6,136,0,,,,,,,,,,,,,
recovery-bench-sixhours,bench,3110400,update,6,1120,2808000,246715637,33,0,1,34,24,10,621,32,32,33,0,79,0,1,34,0,0,0,2900,2300,600,1955,945,2889,2889,125,0,2036,333992,1490,340902.11065069307,1890,8,147,6,133,0,,,,,,,,,,,,,
recovery-bench-sixhours,bench,3110400,update,6,1124,2820000,246727637,30,0,2,32,23,9,620,30,30,30,0,0,0,1,32,0,0,0,2911,2308,603,1963,948,2902,2902,125,0,2044,335382,1495,342311.3061734764,1901,9,147,6,132,0,,,,,,,,,,,,,
recovery-bench-sixhours,bench,3110400,update,6,1128,2832000,246739637,31,0,2,33,25,8,622,31,31,31,0,0,0,1,33,0,0,0,2925,2319,606,1973,952,2915,2915,125,0,2054,336758,1503,343713.95132319257,1908,7,147,6,134,0,,,,,,,,,,,,,
recovery-bench-sixhours,bench,3110400,update,6,1132,2844000,246751637,35,0,1,36,27,9,622,34,34,35,0,85,0,1,36,0,0,0,2936,2329,607,1980,956,2921,2921,127,0,2062,338161,1510,345139.7641241113,1911,7,147,6,134,0,,,,,,,,,,,,,
recovery-bench-sixhours,bench,3110400,update,6,1136,2856000,246763637,33,0,3,36,26,10,621,33,33,33,0,0,0,1,36,0,0,0,2945,2335,610,1986,959,2930,2930,127,0,2068,339587,1518,346595.5257285433,1918,8,147,6,133,0,,,,,,,,,,,,,
recovery-bench-sixhours,bench,3110400,update,6,1140,2868000,246775637,27,0,2,29,20,9,624,27,27,27,0,0,0,1,29,0,0,0,2954,2342,612,1991,963,2946,2946,127,0,2075,340895,1521,347930.3647735934,1929,6,147,6,135,0,,,,,,,,,,,,,
recovery-bench-sixhours,bench,3110400,update,6,1144,2880000,246787637,30,0,4,34,24,10,622,30,30,30,0,0,0,1,34,0,0,0,2976,2358,618,2007,969,2963,2963,127,0,2092,342112,1529,349187.4958096142,1943,7,147,6,134,0,,,,,,,,,,,,,
recovery-bench-sixhours,bench,3110400,update,6,1148,2892000,246799637,33,0,2,35,23,12,620,33,33,33,0,0,0,1,35,0,0,0,2988,2368,620,2016,972,2973,2973,128,0,2101,343480,1536,350588.6515783053,1952,9,147,6,132,0,,,,,,,,,,,,,
recovery-bench-sixhours,bench,3110400,update,6,1152,2904000,246811637,31,0,4,35,29,6,625,30,30,31,0,43,0,1,35,0,0,0,3001,2377,624,2027,974,2986,2986,128,0,2112,344927,1539,352058.1651766915,1958,5,147,6,136,0,,,,,,,,,,,,,
recovery-bench-sixhours,bench,3110400,update,6,1156,2916000,246823637,31,0,4,35,26,9,622,31,31,31,0,0,0,1,35,0,0,0,3014,2387,627,2036,978,2998,2998,129,0,2121,346315,1550,353479.88006561156,1969,7,147,6,134,0,,,,,,,,,,,,,
recovery-bench-sixhours,bench,3110400,update,6,1160,2928000,246835637,30,0,0,30,22,8,624,29,29,30,0,127,0,1,30,0,0,0,3024,2395,629,2041,983,3012,3012,130,0,2128,347690,1554,354867.1181974439,1978,6,147,6,135,0,,,,,,,,,,,,,
recovery-bench-sixhours,bench,3110400,update,6,1164,2940000,246847637,32,0,2,34,21,13,618,32,32,32,0,0,0,1,34,0,0,0,3040,2408,632,2049,991,3024,3024,130,0,2136,349114,1560,356333.4015096277,1988,11,147,6,130,0,,,,,,,,,,,,,
recovery-bench-sixhours,bench,3110400,update,6,1168,2952000,246859637,34,0,2,36,24,12,619,33,33,34,0,271,0,1,36,0,0,0,3055,2420,635,2061,994,3036,3036,131,0,2148,350513,1562,357754.326643507,1996,10,147,6,131,0,,,,,,,,,,,,,
recovery-bench-sixhours,bench,3110400,update,6,1172,2964000,246871637,30,0,4,34,26,8,623,30,30,30,0,0,0,1,34,0,0,0,3066,2427,639,2070,996,3049,3049,131,0,2157,351888,1572,359170.20492952317,2003,6,147,6,135,0,,,,,,,,,,,,,
recovery-bench-sixhours,bench,3110400,update,6,1176,2976000,246883637,29,0,3,32,27,5,625,29,29,29,0,0,0,1,32,0,0,0,3081,2439,642,2081,1000,3066,3066,131,0,2168,353196,1578,360508.40857154364,2014,4,147,6,137,0,,,,,,,,,,,,,
recovery-bench-sixhours,bench,3110400,update,6,1180,2988000,246895637,32,0,3,35,28,7,624,31,31,32,0,31,0,1,35,0,0,0,3098,2452,646,2094,1004,3078,3078,133,0,2182,354506,1581,361851.2123018177,2024,5,147,6,136,0,,,,,,,,,,,,,
recovery-bench-sixhours,bench,3110400,update,6,1184,3000000,246907637,33,0,2,35,25,10,621,33,33,33,0,0,0,1,35,0,0,0,3104,2456,648,2096,1008,3084,3084,133,0,2184,355968,1588,363352.46055174153,2029,7,147,6,134,0,,,,,,,,,,,,,
recovery-bench-sixhours,bench,3110400,update,6,1188,3012000,246919637,30,0,5,35,26,9,621,30,30,30,0,0,0,1,35,0,0,0,3113,2461,652,2102,1011,3092,3092,134,0,2190,357335,1599,364750.5634207763,2034,7,147,6,134,0,,,,,,,,,,,,,
recovery-bench-sixhours,bench,3110400,update,6,1192,3024000,246931637,35,0,1,36,25,11,620,35,35,35,0,0,0,1,36,0,0,0,3129,2476,653,2114,1015,3106,3106,135,0,2203,358619,1603,366068.72713783104,2046,9,147,6,132,0,,,,,,,,,,,,,
recovery-bench-sixhours,bench,3110400,update,6,1196,3036000,246943637,32,0,2,34,25,9,622,32,32,32,0,0,0,1,34,0,0,0,3142,2486,656,2123,1019,3121,3121,135,0,2212,359927,1604,367402.63315642904,2055,6,147,6,135,0,,,,,,,,,,,,,
recovery-bench-sixhours,bench,3110400,update,6,1200,3048000,246955637,33,0,1,34,28,6,624,32,32,33,0,49,0,1,34,0,0,0,3150,2494,656,2129,1021,3128,3128,136,0,2218,361396,1611,368892.2599472981,2058,4,147,6,137,0,,,,,,,,,,,,,
recovery-bench-sixhours,bench,3110400,update,6,1204,3060000,246967637,30,0,3,33,28,5,625,30,30,30,0,0,0,1,33,0,0,0,3161,2501,660,2138,1023,3140,3140,136,0,2227,362848,1623,370390.7333283955,2067,3,147,6,138,0,,,,,,,,,,,,,
recovery-bench-sixhours,bench,3110400,update,6,1208,3072000,246979637,35,0,1,36,28,8,621,33,33,35,0,133,0,1,36,0,0,0,3174,2513,661,2145,1029,3149,3149,137,0,2233,364290,1627,371850.384071528,2073,7,147,6,134,0,,,,,,,,,,,,,
recovery-bench-sixhours,bench,3110400,update,6,1212,3084000,246991637,29,0,1,30,22,8,621,29,29,29,0,0,0,1,30,0,0,0,3182,2520,662,2148,1034,3163,3163,137,0,2237,365762,1633,373359.6762299184,2083,7,147,6,134,0,,,,,,,,,,,,,
recovery-bench-sixhours,bench,3110400,update,6,1216,3096000,247003637,30,0,0,30,21,9,622,30,30,30,0,0,0,1,30,0,0,0,3194,2531,663,2157,1037,3174,3174,138,0,2247,367158,1639,374783.7343775984,2091,7,147,6,134,0,,,,,,,,,,,,,
recovery-bench-sixhours,bench,3110400,update,6,1220,3108000,247015637,31,0,2,33,23,10,622,31,31,31,0,0,0,1,33,0,0,0,3211,2545,666,2169,1042,3187,3187,139,0,2260,368561,1646,376223.5712674642,2100,6,147,6,135,0,,,,,,,,,,,,,
recovery-bench-sixhours,bench,3110400,update,6,1224,3110400,247018037,32,0,3,35,23,12,621,30,30,32,0,61,0,1,35,0,0,0,3215,2547,668,2171,1044,3189,3189,139,0,2263,368825,1646,376498.566321956,2102,7,147,6,134,0,,,,,,,,,,,,,
recovery-old2-sixhours,old2,3110400,update,6,2,0,318314193,157,0,4,161,146,15,504,0,0,157,0,0,0,1,161,0,0,0,0,0,0,0,0,0,0,0,0,0,0,0,0,0,157,0,0,0,0,,,,,,,,,,,,,
recovery-old2-sixhours,old2,3110400,update,6,197,12000,318326193,109,0,0,109,96,13,555,102,102,109,0,55,0,1,109,0,0,0,14,13,1,11,3,65,65,1,0,0,5752,78,5812.0676342993975,0,109,157,0,48,0,,,,,,,,,,,,,
recovery-old2-sixhours,old2,3110400,update,6,201,24000,318338193,76,0,1,77,67,10,587,74,74,76,0,31,0,1,77,0,0,0,41,39,2,36,5,124,124,1,0,0,10044,78,10143.224795288406,0,76,157,0,81,0,,,,,,,,,,,,,
recovery-old2-sixhours,old2,3110400,update,6,205,36000,318350193,37,0,0,37,31,6,627,37,37,37,0,0,0,1,37,0,0,0,54,51,3,46,8,176,176,2,0,1,12670,78,12809.60542245768,0,37,157,0,120,0,,,,,,,,,,,,,
recovery-old2-sixhours,old2,3110400,update,6,209,48000,318362193,29,0,2,31,27,4,645,29,29,29,0,0,0,1,31,0,0,0,71,66,5,58,13,199,199,2,0,13,14076,78,14239.112367409281,0,19,157,0,138,0,,,,,,,,,,,,,
recovery-old2-sixhours,old2,3110400,update,6,213,60000,318374193,30,0,3,33,25,8,653,30,30,30,0,0,0,1,33,0,0,0,87,79,8,69,18,213,213,2,0,25,15463,80,15660.707362051122,2,11,157,0,146,0,,,,,,,,,,,,,
recovery-old2-sixhours,old2,3110400,update,6,217,72000,318386193,31,0,5,36,26,10,656,31,31,31,0,0,0,1,36,0,0,0,99,87,12,78,21,221,221,3,0,34,16859,87,17083.428776196204,4,8,157,0,149,0,,,,,,,,,,,,,
recovery-old2-sixhours,old2,3110400,update,6,221,84000,318398193,30,0,3,33,22,11,659,30,30,30,0,0,0,1,33,0,0,0,109,95,14,84,25,234,234,3,0,42,18214,97,18472.122976552695,12,6,157,0,151,0,,,,,,,,,,,,,
recovery-old2-sixhours,old2,3110400,update,6,225,96000,318410193,34,0,1,35,24,11,661,34,34,34,0,0,0,1,35,0,0,0,124,107,17,93,31,246,246,4,0,53,19555,103,19839.292833960615,18,4,157,0,153,0,,,,,,,,,,,,,
recovery-old2-sixhours,old2,3110400,update,6,229,108000,318422193,33,0,1,34,19,15,658,32,32,33,0,145,0,1,34,0,0,0,135,117,18,98,37,258,258,4,0,59,21007,112,21325.061033234,28,6,157,0,151,0,,,,,,,,,,,,,
recovery-old2-sixhours,old2,3110400,update,6,233,120000,318434193,30,0,1,31,17,14,657,30,30,30,0,0,0,1,31,0,0,0,143,124,19,101,42,268,268,5,0,62,22455,116,22810.588330066763,34,7,157,0,150,0,,,,,,,,,,,,,
recovery-old2-sixhours,old2,3110400,update,6,237,132000,318446193,28,0,4,32,21,11,658,28,28,28,0,0,0,1,32,0,0,0,163,138,25,117,46,286,286,6,0,79,23703,122,24090.59891028423,48,5,157,0,152,0,,,,,,,,,,,,,
recovery-old2-sixhours,old2,3110400,update,6,241,144000,318458193,29,0,4,33,25,8,659,29,29,29,0,0,0,1,33,0,0,0,173,146,27,124,49,295,295,6,0,86,25033,131,25448.63983471226,53,5,157,0,152,0,,,,,,,,,,,,,
recovery-old2-sixhours,old2,3110400,update,6,245,156000,318470193,32,0,3,35,30,5,659,31,31,32,0,79,0,1,35,0,0,0,186,157,29,134,52,306,306,6,0,96,26372,137,26809.071106260642,61,5,157,0,152,0,,,,,,,,,,,,,
recovery-old2-sixhours,old2,3110400,update,6,249,168000,318482193,29,0,6,35,29,6,657,29,29,29,0,0,0,1,35,0,0,0,197,163,34,143,54,317,317,6,0,104,27601,140,28059.76035142131,71,6,157,0,151,0,,,,,,,,,,,,,
recovery-old2-sixhours,old2,3110400,update,6,253,180000,318494193,29,0,3,32,27,5,658,29,29,29,0,0,0,1,32,0,0,0,209,172,37,152,57,331,331,7,0,113,28833,148,29324.439629515633,81,5,157,0,152,0,,,,,,,,,,,,,
recovery-old2-sixhours,old2,3110400,update,6,257,192000,318506193,32,0,2,34,24,10,655,32,32,32,0,0,0,1,34,0,0,0,222,181,41,159,63,342,342,7,0,122,30066,152,30583.149892342743,91,8,157,0,149,0,,,,,,,,,,,,,
recovery-old2-sixhours,old2,3110400,update,6,261,204000,318518193,33,0,2,35,27,8,659,33,33,33,0,0,0,1,35,0,0,0,238,194,44,172,66,356,356,8,0,136,31432,157,31979.115924663376,99,5,157,0,152,0,,,,,,,,,,,,,
recovery-old2-sixhours,old2,3110400,update,6,265,216000,318530193,32,0,2,34,25,9,657,32,32,32,0,0,0,1,34,0,0,0,249,202,47,178,71,367,367,9,0,142,32898,164,33480.514573568944,107,6,157,0,151,0,,,,,,,,,,,,,
recovery-old2-sixhours,old2,3110400,update,6,269,228000,318542193,31,0,1,32,24,8,660,31,31,31,0,0,0,1,32,0,0,0,260,211,49,186,74,380,380,9,0,151,34331,173,34952.21173973428,115,4,157,0,153,0,,,,,,,,,,,,,
recovery-old2-sixhours,old2,3110400,update,6,273,240000,318554193,31,0,1,32,24,8,659,31,30,31,0,0,0,1,32,0,0,0,272,221,51,195,77,392,392,9,0,159,35912,180,36569.480171584524,124,5,157,0,152,0,,,,,,,,,,,,,
recovery-old2-sixhours,old2,3110400,update,6,277,252000,318566193,29,0,6,35,25,10,656,29,29,29,0,0,0,1,35,0,0,0,289,231,58,207,82,405,405,10,0,171,37300,188,37984.312288583256,135,8,157,0,149,0,,,,,,,,,,,,,
recovery-old2-sixhours,old2,3110400,update,6,281,264000,318578193,28,0,2,30,21,9,656,28,28,28,0,0,0,1,30,0,0,0,302,242,60,217,85,423,423,10,0,180,38652,190,39358.19254283141,149,8,157,0,149,0,,,,,,,,,,,,,
recovery-old2-sixhours,old2,3110400,update,6,285,276000,318590193,32,0,2,34,23,11,656,32,31,32,0,0,0,1,34,0,0,0,316,251,65,224,92,432,432,11,0,192,40054,197,40789.12654923042,156,8,157,0,149,0,,,,,,,,,,,,,
recovery-old2-sixhours,old2,3110400,update,6,289,288000,318602193,33,0,2,35,24,11,659,32,32,33,0,127,0,1,35,0,0,0,328,261,67,231,97,443,443,11,0,201,41494,203,42250.986762444954,161,6,157,0,151,0,,,,,,,,,,,,,
recovery-old2-sixhours,old2,3110400,update,6,293,300000,318614193,30,0,3,33,22,11,660,30,30,30,0,0,0,1,33,0,0,0,336,267,69,235,101,453,453,11,0,206,43006,214,43807.751507361885,167,5,157,0,152,0,,,,,,,,,,,,,
recovery-old2-sixhours,old2,3110400,update,6,297,312000,318626193,31,0,4,35,23,12,659,31,31,31,0,0,0,1,35,0,0,0,350,277,73,245,105,465,465,11,0,217,44387,217,45214.7149846321,177,7,157,0,150,0,,,,,,,,,,,,,
recovery-old2-sixhours,old2,3110400,update,6,301,324000,318638193,33,0,0,33,24,9,658,33,33,33,0,0,0,1,33,0,0,0,360,286,74,252,108,476,476,12,0,223,45851,224,46713.734882199205,185,7,157,0,150,0,,,,,,,,,,,,,
recovery-old2-sixhours,old2,3110400,update,6,305,336000,318650193,30,0,1,31,22,9,658,29,29,30,0,25,0,1,31,0,0,0,371,295,76,258,113,489,489,12,0,230,47315,227,48205.729124246165,194,7,157,0,150,0,,,,,,,,,,,,,
recovery-old2-sixhours,old2,3110400,update,6,309,348000,318662193,32,0,1,33,23,10,659,31,31,32,0,43,0,1,33,0,0,0,383,306,77,266,117,498,498,13,0,240,48762,235,49680.95388410147,200,6,157,0,151,0,,,,,,,,,,,,,
recovery-old2-sixhours,old2,3110400,update,6,313,360000,318674193,32,0,2,34,26,8,661,32,32,32,0,0,0,1,34,0,0,0,397,318,79,278,119,511,511,13,0,252,50180,242,51126.25462696515,209,4,157,0,153,0,,,,,,,,,,,,,
recovery-old2-sixhours,old2,3110400,update,6,317,372000,318686193,29,0,1,30,21,9,661,28,28,29,0,97,0,1,30,0,0,0,404,322,82,282,122,522,522,13,0,256,51562,248,52542.03053391306,217,5,157,0,152,0,,,,,,,,,,,,,
recovery-old2-sixhours,old2,3110400,update,6,321,384000,318698193,33,0,2,35,23,12,655,33,33,33,0,0,0,1,35,0,0,0,418,333,85,290,128,531,531,13,0,263,53089,259,54109.51082724752,225,10,157,0,147,0,,,,,,,,,,,,,
recovery-old2-sixhours,old2,3110400,update,6,325,396000,318710193,34,0,1,35,24,11,655,33,33,34,0,97,0,1,35,0,0,0,430,343,87,299,131,542,542,14,0,272,54568,266,55617.4478654447,233,10,157,0,147,0,,,,,,,,,,,,,
recovery-old2-sixhours,old2,3110400,update,6,329,408000,318722193,27,0,7,34,25,9,657,27,27,27,0,0,0,1,34,0,0,0,444,350,94,309,135,557,557,14,0,283,55908,268,56977.347284785006,243,8,157,0,149,0,,,,,,,,,,,,,
recovery-old2-sixhours,old2,3110400,update,6,333,420000,318734193,28,0,7,35,29,6,660,28,28,28,0,0,0,1,35,0,0,0,459,360,99,321,138,571,571,14,0,295,57150,274,58245.51705070445,251,5,157,0,152,0,,,,,,,,,,,,,
recovery-old2-sixhours,old2,3110400,update,6,337,432000,318746193,30,0,0,30,22,8,657,30,30,30,0,0,0,1,30,0,0,0,468,369,99,327,141,584,584,15,0,301,58503,278,59620.82711344818,264,8,157,0,149,0,,,,,,,,,,,,,
recovery-old2-sixhours,old2,3110400,update,6,341,444000,318758193,32,0,1,33,26,7,659,32,32,32,0,0,0,1,33,0,0,0,482,380,102,337,145,594,594,16,0,312,60001,287,61156.054068735335,269,5,157,0,152,0,,,,,,,,,,,,,
recovery-old2-sixhours,old2,3110400,update,6,345,456000,318770193,34,0,1,35,27,8,659,34,34,34,0,0,0,1,35,0,0,0,493,388,105,345,148,603,603,16,0,321,61510,297,62696.860823802184,276,6,157,0,151,0,,,,,,,,,,,,,
recovery-old2-sixhours,old2,3110400,update,6,349,468000,318782193,30,0,3,33,25,8,661,30,29,30,0,0,0,1,33,0,0,0,505,397,108,353,152,617,617,16,0,330,62979,300,64191.019371001516,285,5,157,0,152,0,,,,,,,,,,,,,
recovery-old2-sixhours,old2,3110400,update,6,353,480000,318794193,22,0,3,25,19,6,662,22,22,22,0,0,0,1,25,0,0,0,515,404,111,360,155,635,635,16,0,335,64307,303,65544.88344712881,297,3,157,0,154,0,,,,,,,,,,,,,
recovery-old2-sixhours,old2,3110400,update,6,357,492000,318806193,30,0,3,33,26,7,660,30,30,30,0,0,0,1,33,0,0,0,533,418,115,375,158,644,644,17,0,350,65712,315,66989.93892225204,305,5,157,0,152,0,,,,,,,,,,,,,
recovery-old2-sixhours,old2,3110400,update,6,361,504000,318818193,34,0,3,37,26,11,656,33,33,34,0,55,0,1,37,0,0,0,547,430,117,380,167,654,654,17,0,356,67201,317,68513.68911068188,311,9,157,0,148,0,,,,,,,,,,,,,
recovery-old2-sixhours,old2,3110400,update,6,365,516000,318830193,32,0,2,34,21,13,655,31,31,32,0,19,0,1,34,0,0,0,556,436,120,385,171,665,665,18,0,361,68626,325,69961.70354146464,319,10,157,0,147,0,,,,,,,,,,,,,
recovery-old2-sixhours,old2,3110400,update,6,369,528000,318842193,32,0,3,35,23,12,659,32,32,32,0,0,0,1,35,0,0,0,571,447,124,394,177,679,679,18,0,373,69994,330,71344.7028458449,326,7,157,0,150,0,,,,,,,,,,,,,
recovery-old2-sixhours,old2,3110400,update,6,373,540000,318854193,32,0,1,33,23,10,659,32,32,32,0,0,0,1,33,0,0,0,583,457,126,402,181,693,693,18,0,382,71411,333,72789.77618120937,337,7,157,0,150,0,,,,,,,,,,,,,
recovery-old2-sixhours,old2,3110400,update,6,377,552000,318866193,30,0,2,32,22,10,660,30,30,30,0,0,0,1,32,0,0,0,593,464,129,409,184,704,704,18,0,390,72895,340,74307.71072960133,345,7,157,0,150,0,,,,,,,,,,,,,
recovery-old2-sixhours,old2,3110400,update,6,381,564000,318878193,34,0,1,35,27,8,660,34,34,34,0,0,0,1,35,0,0,0,606,475,131,419,187,714,714,18,0,399,74383,345,75828.0836915872,351,6,157,0,151,0,,,,,,,,,,,,,
recovery-old2-sixhours,old2,3110400,update,6,385,576000,318890193,33,0,1,34,26,8,661,33,33,33,0,0,0,1,34,0,0,0,618,486,132,427,191,726,726,19,0,409,75814,353,77297.33430028474,360,5,157,0,152,0,,,,,,,,,,,,,
recovery-old2-sixhours,old2,3110400,update,6,389,588000,318902193,34,0,1,35,27,8,661,34,34,34,0,0,0,1,35,0,0,0,629,494,135,434,195,736,736,19,0,415,77234,359,78737.50083416374,365,5,157,0,152,0,,,,,,,,,,,,,
recovery-old2-sixhours,old2,3110400,update,6,393,600000,318914193,28,0,4,32,26,6,661,28,28,28,0,0,0,1,32,0,0,0,637,498,139,439,198,746,746,20,0,421,78587,366,80120.9333433262,373,5,157,0,152,0,,,,,,,,,,,,,
recovery-old2-sixhours,old2,3110400,update,6,397,612000,318926193,29,0,4,33,24,9,659,29,29,29,0,0,0,1,33,0,0,0,648,505,143,446,202,756,756,20,0,429,79843,370,81409.76668354357,382,7,157,0,150,0,,,,,,,,,,,,,
recovery-old2-sixhours,old2,3110400,update,6,401,624000,318938193,34,0,1,35,30,5,661,34,34,34,0,0,0,1,35,0,0,0,667,522,145,462,205,772,772,21,0,444,81112,374,82697.16147974925,392,5,157,0,152,0,,,,,,,,,,,,,
recovery-old2-sixhours,old2,3110400,update,6,405,636000,318950193,35,0,0,35,26,9,657,35,35,35,0,0,0,1,35,0,0,0,680,535,145,469,211,785,785,21,0,450,82597,379,84213.35333141079,402,9,157,0,148,0,,,,,,,,,,,,,
recovery-old2-sixhours,old2,3110400,update,6,409,648000,318962193,34,0,1,35,25,10,656,33,33,34,0,73,0,1,35,0,0,0,687,541,146,473,214,792,792,21,0,454,84094,386,85740.16409650771,407,10,157,0,147,0,,,,,,,,,,,,,
recovery-old2-sixhours,old2,3110400,update,6,413,660000,318974193,32,0,1,33,22,11,656,32,32,32,0,0,0,1,33,0,0,0,696,548,148,477,219,803,803,21,0,458,85520,394,87191.83847136563,413,11,157,0,146,0,,,,,,,,,,,,,
recovery-old2-sixhours,old2,3110400,update,6,417,672000,318986193,31,0,3,34,23,11,658,31,31,31,0,0,0,1,34,0,0,0,714,563,151,487,227,820,820,21,0,470,86907,401,88622.40057109343,422,8,157,0,149,0,,,,,,,,,,,,,
recovery-old2-sixhours,old2,3110400,update,6,421,684000,318998193,32,0,3,35,24,11,659,32,32,32,0,0,0,1,35,0,0,0,727,573,154,495,232,831,831,22,0,480,88258,406,89992.31746109063,429,7,157,0,150,0,,,,,,,,,,,,,
recovery-old2-sixhours,old2,3110400,update,6,425,696000,319010193,30,0,3,33,24,9,660,30,30,30,0,0,0,1,33,0,0,0,740,582,158,505,235,846,846,22,0,490,89598,409,91351.92998992419,440,7,157,0,150,0,,,,,,,,,,,,,
recovery-old2-sixhours,old2,3110400,update,6,429,708000,319022193,31,0,3,34,24,10,658,31,31,31,0,0,0,1,34,0,0,0,755,593,162,516,239,859,859,23,0,501,90973,416,92758.17928897729,451,8,157,0,149,0,,,,,,,,,,,,,
recovery-old2-sixhours,old2,3110400,update,6,433,720000,319034193,28,0,4,32,24,8,660,27,27,28,0,55,0,1,32,0,0,0,768,602,166,526,242,873,873,24,0,511,92322,426,94141.43198698526,460,5,157,0,152,0,,,,,,,,,,,,,
recovery-old2-sixhours,old2,3110400,update,6,437,732000,319046193,30,0,3,33,26,7,661,30,30,30,0,0,0,1,33,0,0,0,779,612,167,532,247,883,883,24,0,519,93799,433,95656.57601272268,466,4,157,0,153,0,,,,,,,,,,,,,
recovery-old2-sixhours,old2,3110400,update,6,441,744000,319058193,32,0,3,35,27,8,660,32,32,32,0,0,0,1,35,0,0,0,798,628,170,548,250,900,900,24,0,535,95179,437,97068.93125279201,481,6,157,0,151,0,,,,,,,,,,,,,
recovery-old2-sixhours,old2,3110400,update,6,445,756000,319070193,33,0,1,34,22,12,655,31,31,33,0,115,0,1,34,0,0,0,805,634,171,549,256,907,907,25,0,535,96650,444,98568.67479135981,486,10,157,0,147,0,,,,,,,,,,,,,
recovery-old2-sixhours,old2,3110400,update,6,449,768000,319082193,30,0,1,31,21,10,658,30,30,30,0,0,0,1,31,0,0,0,817,644,173,558,259,922,922,25,0,545,98039,450,99991.99488369515,496,7,157,0,150,0,,,,,,,,,,,,,
recovery-old2-sixhours,old2,3110400,update,6,453,780000,319094193,33,0,1,34,24,10,661,33,33,33,0,0,0,1,34,0,0,0,833,658,175,568,265,935,935,25,0,557,99487,458,101484.51417040499,502,4,157,0,153,0,,,,,,,,,,,,,
recovery-old2-sixhours,old2,3110400,update,6,457,792000,319106193,35,0,0,35,25,10,661,35,35,35,0,0,0,1,35,0,0,0,841,665,176,573,268,941,941,26,0,562,101011,466,103033.56110605923,505,5,157,0,152,0,,,,,,,,,,,,,
recovery-old2-sixhours,old2,3110400,update,6,461,804000,319118193,34,0,1,35,22,13,659,33,33,34,0,109,0,1,35,0,0,0,851,674,177,577,274,951,951,26,0,569,102465,473,104517.60505949194,514,7,157,0,150,0,,,,,,,,,,,,,
recovery-old2-sixhours,old2,3110400,update,6,465,816000,319130193,29,0,3,32,22,10,659,28,28,29,0,85,0,1,32,0,0,0,867,685,182,589,278,970,970,26,0,581,103796,478,105875.856375203,529,6,157,0,151,0,,,,,,,,,,,,,
recovery-old2-sixhours,old2,3110400,update,6,469,828000,319142193,31,0,2,33,21,12,658,31,31,31,0,0,0,1,33,0,0,0,879,697,182,596,283,980,980,27,0,590,105203,484,107316.57342222659,537,7,157,0,150,0,,,,,,,,,,,,,
recovery-old2-sixhours,old2,3110400,update,6,473,840000,319154193,34,0,0,34,24,10,662,34,34,34,0,0,0,1,34,0,0,0,893,710,183,605,288,993,993,27,0,601,106675,491,108824.3435519156,543,4,157,0,153,0,,,,,,,,,,,,,
recovery-old2-sixhours,old2,3110400,update,6,477,852000,319166193,31,0,3,34,26,8,661,31,31,31,0,0,0,1,34,0,0,0,905,718,187,615,290,1004,1004,28,0,610,108192,500,110382.04561617272,552,5,157,0,152,0,,,,,,,,,,,,,
recovery-old2-sixhours,old2,3110400,update,6,481,864000,319178193,29,0,4,33,22,11,657,29,29,29,0,0,0,1,33,0,0,0,919,728,191,623,296,1019,1019,28,0,617,109563,503,111779.75644787261,564,7,157,0,150,0,,,,,,,,,,,,,
recovery-old2-sixhours,old2,3110400,update,6,485,876000,319190193,24,0,2,26,17,9,658,24,24,24,0,0,0,1,26,0,0,0,933,738,195,632,301,1039,1039,29,0,627,110784,510,113031.35677641863,579,7,157,0,150,0,,,,,,,,,,,,,
recovery-old2-sixhours,old2,3110400,update,6,489,888000,319202193,29,0,2,31,21,10,657,29,29,29,0,0,0,1,31,0,0,0,948,749,199,643,305,1049,1049,29,0,639,112041,514,114314.79708705517,587,8,157,0,149,0,,,,,,,,,,,,,
recovery-old2-sixhours,old2,3110400,update,6,493,900000,319214193,31,0,5,36,29,7,657,31,31,31,0,0,0,1,36,0,0,0,965,762,203,656,309,1061,1061,29,0,651,113424,519,115723.43900214834,594,7,157,0,150,0,,,,,,,,,,,,,
recovery-old2-sixhours,old2,3110400,update,6,497,912000,319226193,33,0,2,35,27,8,657,33,33,33,0,0,0,1,35,0,0,0,976,771,205,664,312,1072,1072,30,0,659,114907,524,117241.44558784598,602,8,157,0,149,0,,,,,,,,,,,,,
recovery-old2-sixhours,old2,3110400,update,6,501,924000,319238193,27,0,2,29,23,6,661,27,27,27,0,0,0,1,29,0,0,0,984,777,207,669,315,1086,1086,30,0,665,116246,533,118610.22994096065,610,5,157,0,152,0,,,,,,,,,,,,,
recovery-old2-sixhours,old2,3110400,update,6,505,936000,319250193,31,0,1,32,24,8,661,31,31,31,0,0,0,1,32,0,0,0,998,790,208,678,320,1097,1097,30,0,676,117544,539,119945.21424750751,618,5,157,0,152,0,,,,,,,,,,,,,
recovery-old2-sixhours,old2,3110400,update,6,509,948000,319262193,34,0,1,35,25,10,659,33,33,34,0,31,0,1,35,0,0,0,1008,799,209,684,324,1104,1104,30,0,682,119023,544,121452.6098533892,623,6,157,0,151,0,,,,,,,,,,,,,
recovery-old2-sixhours,old2,3110400,update,6,513,960000,319274193,32,0,3,35,24,11,657,30,30,32,0,85,0,1,35,0,0,0,1016,804,212,689,327,1111,1111,31,0,687,120474,552,122931.16796435183,629,8,157,0,149,0,,,,,,,,,,,,,
recovery-old2-sixhours,old2,3110400,update,6,517,972000,319286193,25,0,2,27,19,8,661,25,25,25,0,0,0,1,27,0,0,0,1023,810,213,694,329,1126,1126,31,0,692,121750,560,124232.72367776511,638,5,157,0,152,0,,,,,,,,,,,,,
recovery-old2-sixhours,old2,3110400,update,6,521,984000,319298193,30,0,4,34,24,10,660,30,30,30,0,0,0,1,34,0,0,0,1039,823,216,706,333,1135,1135,31,0,705,122977,566,125491.3840510496,645,6,157,0,151,0,,,,,,,,,,,,,
recovery-old2-sixhours,old2,3110400,update,6,525,996000,319310193,29,0,5,34,26,8,660,29,29,29,0,0,0,1,34,0,0,0,1053,833,220,716,337,1149,1149,31,0,715,124334,570,126870.2566018193,655,6,157,0,151,0,,,,,,,,,,,,,
recovery-old2-sixhours,old2,3110400,update,6,529,1008000,319322193,34,0,1,35,22,13,655,34,34,34,0,0,0,1,35,0,0,0,1066,845,221,722,344,1160,1160,32,0,722,125849,576,128416.80197796365,665,11,157,0,146,0,,,,,,,,,,,,,
recovery-old2-sixhours,old2,3110400,update,6,533,1020000,319334193,29,0,3,32,21,11,656,29,29,29,0,0,0,1,32,0,0,0,1076,853,223,728,348,1173,1173,32,0,728,127306,584,129902.19039103342,673,9,157,0,148,0,,,,,,,,,,,,,
recovery-old2-sixhours,old2,3110400,update,6,537,1032000,319346193,32,0,2,34,21,13,655,32,32,32,0,0,0,1,34,0,0,0,1087,862,225,736,351,1181,1181,33,0,736,128699,589,131315.83447595453,679,11,157,0,146,0,,,,,,,,,,,,,
recovery-old2-sixhours,old2,3110400,update,6,541,1044000,319358193,29,0,2,31,24,7,660,27,27,29,0,115,0,1,31,0,0,0,1100,873,227,746,354,1197,1197,33,0,745,129996,591,132643.9314033906,686,5,157,0,152,0,,,,,,,,,,,,,
recovery-old2-sixhours,old2,3110400,update,6,545,1056000,319370193,31,0,5,36,28,8,658,31,31,31,0,0,0,1,36,0,0,0,1114,882,232,757,357,1205,1205,34,0,756,131372,598,134045.90798737155,693,7,157,0,150,0,,,,,,,,,,,,,
recovery-old2-sixhours,old2,3110400,update,6,549,1068000,319382193,31,0,4,35,28,7,660,31,31,31,0,0,0,1,35,0,0,0,1126,891,235,766,360,1217,1217,35,0,765,132702,605,135408.33860447677,700,5,157,0,152,0,,,,,,,,,,,,,
recovery-old2-sixhours,old2,3110400,update,6,553,1080000,319394193,30,0,2,32,25,7,661,30,30,30,0,0,0,1,32,0,0,0,1133,897,236,770,363,1227,1227,35,0,770,134094,615,136834.5423484384,707,4,157,0,153,0,,,,,,,,,,,,,
recovery-old2-sixhours,old2,3110400,update,6,557,1092000,319406193,27,0,2,29,22,7,659,27,27,27,0,0,0,1,29,0,0,0,1144,906,238,778,366,1241,1241,35,0,777,135494,618,138265.19347630674,719,5,157,0,152,0,,,,,,,,,,,,,
recovery-old2-sixhours,old2,3110400,update,6,561,1104000,319418193,32,0,3,35,28,7,660,32,32,32,0,0,0,1,35,0,0,0,1160,918,242,791,369,1250,1250,36,0,790,136788,624,139585.38871270465,724,5,157,0,152,0,,,,,,,,,,,,,
recovery-old2-sixhours,old2,3110400,update,6,565,1116000,319430193,32,0,1,33,25,8,657,32,32,32,0,0,0,1,33,0,0,0,1173,928,245,801,372,1264,1264,37,0,799,138038,629,140872.66279842472,737,7,157,0,150,0,,,,,,,,,,,,,
recovery-old2-sixhours,old2,3110400,update,6,569,1128000,319442193,29,0,2,31,22,9,656,28,28,29,0,103,0,1,31,0,0,0,1181,934,247,804,377,1274,1274,37,0,802,139378,636,142239.6945468192,743,9,157,0,148,0,,,,,,,,,,,,,
recovery-old2-sixhours,old2,3110400,update,6,573,1140000,319454193,29,0,3,32,24,8,657,28,28,29,0,253,0,1,32,0,0,0,1192,942,250,812,380,1284,1284,37,0,810,140654,643,143544.16559024667,749,8,157,0,149,0,,,,,,,,,,,,,
recovery-old2-sixhours,old2,3110400,update,6,577,1152000,319466193,31,0,3,34,24,10,657,30,30,31,0,43,0,1,34,0,0,0,1206,953,253,821,385,1296,1296,37,0,821,141962,649,144882.77949091746,758,8,157,0,149,0,,,,,,,,,,,,,
recovery-old2-sixhours,old2,3110400,update,6,581,1164000,319478193,31,0,0,31,21,10,656,31,31,31,0,0,0,1,31,0,0,0,1217,962,255,828,389,1309,1309,38,0,828,143353,650,146294.63779863762,768,8,157,0,149,0,,,,,,,,,,,,,
recovery-old2-sixhours,old2,3110400,update,6,585,1176000,319490193,26,0,0,26,17,9,659,26,26,26,0,0,0,1,26,0,0,0,1228,970,258,836,392,1325,1325,38,0,837,144567,657,147542.76283932244,779,6,157,0,151,0,,,,,,,,,,,,,
recovery-old2-sixhours,old2,3110400,update,6,589,1188000,319502193,22,0,6,28,21,7,659,22,22,22,0,0,0,1,28,0,0,0,1242,978,264,845,397,1337,1337,38,0,846,145710,664,148709.59700093186,786,5,157,0,152,0,,,,,,,,,,,,,
recovery-old2-sixhours,old2,3110400,update,6,593,1200000,319514193,24,0,3,27,19,8,659,24,24,24,0,0,0,1,27,0,0,0,1251,985,266,852,399,1346,1346,39,0,853,146757,669,149778.63298447384,793,6,157,0,151,0,,,,,,,,,,,,,
recovery-old2-sixhours,old2,3110400,update,6,597,1212000,319526193,27,0,2,29,20,9,658,27,27,27,0,0,0,1,29,0,0,0,1262,994,268,860,402,1355,1355,39,0,861,147853,673,150899.297580712,800,7,157,0,150,0,,,,,,,,,,,,,
recovery-old2-sixhours,old2,3110400,update,6,601,1224000,319538193,26,0,5,31,24,7,659,26,26,26,0,0,0,1,31,0,0,0,1277,1004,273,871,406,1368,1368,39,0,872,148986,678,152059.74363849172,808,6,157,0,151,0,,,,,,,,,,,,,
recovery-old2-sixhours,old2,3110400,update,6,605,1236000,319550193,25,0,0,25,18,7,659,25,25,25,0,0,0,1,25,0,0,0,1285,1012,273,875,410,1381,1381,40,0,877,150188,682,153284.55922785122,818,6,157,0,151,0,,,,,,,,,,,,,
recovery-old2-sixhours,old2,3110400,update,6,609,1248000,319562193,31,0,1,32,20,12,657,31,31,31,0,0,0,1,32,0,0,0,1300,1025,275,883,417,1389,1389,40,0,887,151481,690,154613.65557193663,823,9,157,0,148,0,,,,,,,,,,,,,
recovery-old2-sixhours,old2,3110400,update,6,613,1260000,319574193,31,0,2,33,22,11,657,30,30,31,0,61,0,1,33,0,0,0,1310,1032,278,890,420,1398,1398,40,0,894,152826,692,155982.419116077,829,9,157,0,148,0,,,,,,,,,,,,,
recovery-old2-sixhours,old2,3110400,update,6,617,1272000,319586193,30,0,4,34,23,11,657,29,29,30,0,115,0,1,34,0,0,0,1322,1040,282,898,424,1409,1409,40,0,902,154035,698,157208.16880385485,836,8,157,0,149,0,,,,,,,,,,,,,
recovery-old2-sixhours,old2,3110400,update,6,621,1284000,319598193,35,0,2,37,23,14,655,34,34,35,0,103,0,1,37,0,0,0,1328,1046,282,900,428,1411,1411,41,0,904,155383,705,158590.09936868167,836,11,157,0,146,0,,,,,,,,,,,,,
recovery-old2-sixhours,old2,3110400,update,6,625,1296000,319610193,29,0,1,30,26,4,662,29,29,29,0,0,0,1,30,0,0,0,1340,1056,284,910,430,1430,1430,41,0,914,156707,709,159935.9558296618,846,4,157,0,153,0,,,,,,,,,,,,,
recovery-old2-sixhours,old2,3110400,update,6,629,1308000,319622193,31,0,5,36,29,7,659,31,31,31,0,0,0,1,36,0,0,0,1353,1065,288,919,434,1437,1437,41,0,923,158033,714,161282.30883468222,852,6,157,0,151,0,,,,,,,,,,,,,
recovery-old2-sixhours,old2,3110400,update,6,633,1320000,319634193,27,0,5,32,25,7,659,27,27,27,0,0,0,1,32,0,0,0,1366,1073,293,929,437,1453,1453,42,0,933,159284,718,162553.23348338902,865,6,157,0,151,0,,,,,,,,,,,,,
recovery-old2-sixhours,old2,3110400,update,6,637,1332000,319646193,30,0,1,31,23,8,659,30,30,30,0,0,0,1,31,0,0,0,1381,1085,296,940,441,1469,1469,42,0,944,160502,723,163790.13497205172,877,6,157,0,151,0,,,,,,,,,,,,,
recovery-old2-sixhours,old2,3110400,update,6,641,1344000,319658193,30,0,1,31,22,9,660,30,30,30,0,0,0,1,31,0,0,0,1392,1093,299,946,446,1479,1479,43,0,952,161844,728,165156.3228497384,883,6,157,0,151,0,,,,,,,,,,,,,
recovery-old2-sixhours,old2,3110400,update,6,645,1356000,319670193,28,0,2,30,22,8,660,28,28,28,0,0,0,1,30,0,0,0,1404,1103,301,955,449,1492,1492,43,0,961,163227,732,166560.3973520426,893,6,157,0,151,0,,,,,,,,,,,,,
recovery-old2-sixhours,old2,3110400,update,6,649,1368000,319682193,32,0,2,34,23,11,658,32,32,32,0,0,0,1,34,0,0,0,1418,1116,302,963,455,1502,1502,43,0,970,164696,745,168082.32343399338,900,8,157,0,149,0,,,,,,,,,,,,,
recovery-old2-sixhours,old2,3110400,update,6,653,1380000,319694193,31,0,4,35,24,11,657,31,30,31,0,0,0,1,35,0,0,0,1434,1129,305,972,462,1517,1517,43,0,979,166104,748,169520.26131107286,909,8,157,0,149,0,,,,,,,,,,,,,
recovery-old2-sixhours,old2,3110400,update,6,657,1392000,319706193,30,0,3,33,20,13,654,30,30,30,0,0,0,1,33,0,0,0,1446,1139,307,980,466,1530,1530,44,0,987,167590,749,171030.47944248654,921,11,157,0,146,0,,,,,,,,,,,,,
recovery-old2-sixhours,old2,3110400,update,6,661,1404000,319718193,28,0,0,28,18,10,657,28,28,28,0,0,0,1,28,0,0,0,1456,1148,308,985,471,1545,1545,44,0,992,168914,758,172393.29524740763,928,9,157,0,148,0,,,,,,,,,,,,,
recovery-old2-sixhours,old2,3110400,update,6,665,1416000,319730193,31,0,3,34,22,12,656,30,30,31,0,73,0,1,34,0,0,0,1471,1158,313,995,476,1553,1553,45,0,1003,170322,764,173821.49406337366,933,9,157,0,148,0,,,,,,,,,,,,,
recovery-old2-sixhours,old2,3110400,update,6,669,1428000,319742193,30,0,2,32,20,12,658,30,30,30,0,0,0,1,32,0,0,0,1481,1166,315,1001,480,1565,1565,45,0,1010,171725,768,175251.52730836812,940,8,157,0,149,0,,,,,,,,,,,,,
recovery-old2-sixhours,old2,3110400,update,6,673,1440000,319754193,27,0,0,27,17,10,658,26,26,27,0,49,0,1,27,0,0,0,1494,1176,318,1010,484,1583,1583,45,0,1020,173001,772,176552.26651591528,955,8,157,0,149,0,,,,,,,,,,,,,
recovery-old2-sixhours,old2,3110400,update,6,677,1452000,319766193,28,0,2,30,21,9,660,28,28,28,0,0,0,1,30,0,0,0,1505,1185,320,1017,488,1591,1591,45,0,1028,174152,780,177741.38438409753,958,6,157,0,151,0,,,,,,,,,,,,,
recovery-old2-sixhours,old2,3110400,update,6,681,1464000,319778193,28,0,3,31,23,8,661,27,27,28,0,73,0,1,31,0,0,0,1517,1193,324,1026,491,1602,1602,45,0,1037,175520,785,179128.2799243033,965,5,157,0,152,0,,,,,,,,,,,,,
recovery-old2-sixhours,old2,3110400,update,6,685,1476000,319790193,31,0,1,32,22,10,659,31,31,31,0,0,0,1,32,0,0,0,1528,1203,325,1033,495,1611,1611,46,0,1045,176824,788,180457.0683107851,973,7,157,0,150,0,,,,,,,,,,,,,
recovery-old2-sixhours,old2,3110400,update,6,689,1488000,319802193,31,0,3,34,22,12,657,31,31,31,0,0,0,1,34,0,0,0,1539,1211,328,1040,499,1620,1620,46,0,1052,178235,796,181897.92949974257,980,8,157,0,149,0,,,,,,,,,,,,,
recovery-old2-sixhours,old2,3110400,update,6,693,1500000,319814193,33,0,3,36,23,13,656,33,33,33,0,0,0,1,36,0,0,0,1552,1223,329,1046,506,1631,1631,46,0,1058,179524,801,183213.18734708522,985,9,157,0,148,0,,,,,,,,,,,,,
recovery-old2-sixhours,old2,3110400,update,6,697,1512000,319826193,30,0,1,31,22,9,659,30,30,30,0,0,0,1,31,0,0,0,1560,1230,330,1052,508,1643,1643,47,0,1064,180956,807,184666.23600420915,992,6,157,0,151,0,,,,,,,,,,,,,
recovery-old2-sixhours,old2,3110400,update,6,701,1524000,319838193,33,0,1,34,23,11,656,33,33,33,0,0,0,1,34,0,0,0,1572,1241,331,1060,512,1652,1652,47,0,1072,182418,812,186171.24123845343,1000,9,157,0,148,0,,,,,,,,,,,,,
recovery-old2-sixhours,old2,3110400,update,6,705,1536000,319850193,32,0,0,32,25,7,659,31,31,32,0,31,0,1,32,0,0,0,1583,1252,331,1068,515,1664,1664,48,0,1080,183855,819,187632.83106672857,1006,6,157,0,151,0,,,,,,,,,,,,,
recovery-old2-sixhours,old2,3110400,update,6,709,1548000,319862193,31,0,4,35,26,9,659,31,31,31,0,0,0,1,35,0,0,0,1592,1257,335,1072,520,1670,1670,48,0,1086,185290,828,189099.69438771624,1009,6,157,0,151,0,,,,,,,,,,,,,
recovery-old2-sixhours,old2,3110400,update,6,713,1560000,319874193,28,0,2,30,19,11,660,28,28,28,0,0,0,1,30,0,0,0,1601,1266,335,1076,525,1684,1684,48,0,1093,186540,832,190383.27396095823,1020,6,157,0,151,0,,,,,,,,,,,,,
recovery-old2-sixhours,old2,3110400,update,6,717,1572000,319886193,28,0,3,31,21,10,659,28,28,28,0,0,0,1,31,0,0,0,1618,1279,339,1089,529,1700,1700,48,0,1105,187896,837,191776.96306907013,1032,6,157,0,151,0,,,,,,,,,,,,,
recovery-old2-sixhours,old2,3110400,update,6,721,1584000,319898193,33,0,0,33,23,10,660,32,32,33,0,85,0,1,33,0,0,0,1629,1288,341,1098,531,1708,1708,49,0,1114,189243,843,193151.6977221463,1037,6,157,0,151,0,,,,,,,,,,,,,
recovery-old2-sixhours,old2,3110400,update,6,725,1596000,319910193,35,0,0,35,28,7,660,35,35,35,0,0,0,1,35,0,0,0,1640,1299,341,1106,534,1717,1717,49,0,1122,190801,848,194735.76949302945,1043,6,157,0,151,0,,,,,,,,,,,,,
recovery-old2-sixhours,old2,3110400,update,6,729,1608000,319922193,30,0,4,34,27,7,660,29,29,30,0,91,0,1,34,0,0,0,1651,1304,347,1112,539,1728,1728,50,0,1129,192284,853,196237.0832024878,1050,5,157,0,152,0,,,,,,,,,,,,,
recovery-old2-sixhours,old2,3110400,update,6,733,1620000,319934193,32,0,1,33,27,6,662,32,32,32,0,0,0,1,33,0,0,0,1660,1313,347,1118,542,1738,1738,50,0,1136,193727,863,197707.37203739583,1056,4,157,0,153,0,,,,,,,,,,,,,
recovery-old2-sixhours,old2,3110400,update,6,737,1632000,319946193,29,0,1,30,23,7,660,29,29,29,0,0,0,1,30,0,0,0,1670,1321,349,1124,546,1750,1750,51,0,1142,194967,869,198984.6741358554,1066,5,157,0,152,0,,,,,,,,,,,,,
recovery-old2-sixhours,old2,3110400,update,6,741,1644000,319958193,28,0,2,30,23,7,660,28,28,28,0,0,0,1,30,0,0,0,1683,1332,351,1131,552,1763,1763,51,0,1149,196299,871,200337.82150648814,1073,5,157,0,152,0,,,,,,,,,,,,,
recovery-old2-sixhours,old2,3110400,update,6,745,1656000,319970193,30,0,2,32,24,8,660,30,30,30,0,0,0,1,32,0,0,0,1695,1341,354,1141,554,1773,1773,51,0,1159,197740,880,201805.11532886606,1081,6,157,0,151,0,,,,,,,,,,,,,
recovery-old2-sixhours,old2,3110400,update,6,749,1668000,319982193,28,0,4,32,23,9,659,28,28,28,0,0,0,1,32,0,0,0,1704,1347,357,1146,558,1781,1781,52,0,1164,199113,887,203199.14919755608,1086,6,157,0,151,0,,,,,,,,,,,,,
recovery-old2-sixhours,old2,3110400,update,6,753,1680000,319994193,28,0,1,29,22,7,662,27,27,28,0,7,0,1,29,0,0,0,1717,1358,359,1156,561,1797,1797,52,0,1175,200463,891,204572.46201543696,1097,4,157,0,153,0,,,,,,,,,,,,,
recovery-old2-sixhours,old2,3110400,update,6,757,1692000,320006193,28,0,2,30,20,10,660,28,28,28,0,0,0,1,30,0,0,0,1728,1366,362,1163,565,1807,1807,52,0,1183,201791,895,205916.4393186327,1106,6,157,0,151,0,,,,,,,,,,,,,
recovery-old2-sixhours,old2,3110400,update,6,761,1704000,320018193,29,0,3,32,24,8,663,28,29,29,0,1,0,1,32,0,0,0,1744,1379,365,1174,570,1821,1821,52,0,1196,203063,903,207234.66683810204,1114,3,157,0,154,0,,,,,,,,,,,,,
recovery-old2-sixhours,old2,3110400,update,6,765,1716000,320030193,33,0,1,34,23,11,660,33,33,33,0,0,0,1,34,0,0,0,1755,1388,367,1179,576,1830,1830,52,0,1201,204487,909,208687.98022311274,1120,6,157,0,151,0,,,,,,,,,,,,,
recovery-old2-sixhours,old2,3110400,update,6,769,1728000,320042193,31,0,0,31,20,11,659,31,31,31,0,0,0,1,31,0,0,0,1763,1395,368,1184,579,1839,1839,54,0,1205,205925,914,210140.06883721892,1126,6,157,0,151,0,,,,,,,,,,,,,
recovery-old2-sixhours,old2,3110400,update,6,773,1740000,320054193,32,0,0,32,18,14,655,31,32,32,0,1,0,1,32,0,0,0,1775,1407,368,1190,585,1850,1850,54,0,1211,207321,921,211565.67371402495,1135,10,157,0,147,0,,,,,,,,,,,,,
recovery-old2-sixhours,old2,3110400,update,6,777,1752000,320066193,27,0,1,28,20,8,662,27,27,27,0,0,0,1,28,0,0,0,1787,1417,370,1200,587,1866,1866,54,0,1221,208583,924,212853.80750441737,1142,4,157,0,153,0,,,,,,,,,,,,,
recovery-old2-sixhours,old2,3110400,update,6,781,1764000,320078193,33,0,1,34,23,11,658,33,32,33,0,0,0,1,34,0,0,0,1800,1428,372,1207,593,1873,1873,54,0,1227,209967,931,214280.52510458138,1146,7,157,0,150,0,,,,,,,,,,,,,
recovery-old2-sixhours,old2,3110400,update,6,785,1776000,320090193,32,0,1,33,29,4,663,30,30,32,0,43,0,1,33,0,0,0,1811,1438,373,1216,595,1884,1884,55,0,1236,211469,937,215814.331530937,1150,2,157,0,155,0,,,,,,,,,,,,,
recovery-old2-sixhours,old2,3110400,update,6,789,1788000,320102193,31,0,0,31,26,5,662,30,30,31,0,73,0,1,31,0,0,0,1820,1446,374,1221,599,1895,1895,55,0,1242,213027,945,217400.23956417106,1159,4,157,0,153,0,,,,,,,,,,,,,
recovery-old2-sixhours,old2,3110400,update,6,793,1800000,320114193,31,0,4,35,28,7,659,31,31,31,0,0,0,1,35,0,0,0,1834,1456,378,1230,604,1905,1905,55,0,1251,214652,952,219055.6739893444,1167,6,157,0,151,0,,,,,,,,,,,,,
recovery-old2-sixhours,old2,3110400,update,6,797,1812000,320126193,30,0,3,33,26,7,659,29,29,30,0,85,0,1,33,0,0,0,1845,1465,380,1237,608,1917,1917,56,0,1259,216054,958,220474.65057462547,1176,6,157,0,151,0,,,,,,,,,,,,,
recovery-old2-sixhours,old2,3110400,update,6,801,1824000,320138193,30,0,5,35,27,8,659,30,30,30,0,0,0,1,35,0,0,0,1859,1472,387,1246,613,1929,1929,56,0,1269,217299,964,221750.06473017577,1184,6,157,0,151,0,,,,,,,,,,,,,
recovery-old2-sixhours,old2,3110400,update,6,805,1836000,320150193,25,0,1,26,20,6,661,25,25,25,0,0,0,1,26,0,0,0,1865,1478,387,1250,615,1943,1943,57,0,1273,218544,969,223029.28584624175,1194,4,157,0,153,0,,,,,,,,,,,,,
recovery-old2-sixhours,old2,3110400,update,6,809,1848000,320162193,27,0,1,28,19,9,659,27,27,27,0,0,0,1,28,0,0,0,1878,1488,390,1258,620,1954,1954,57,0,1283,219777,973,224294.08053297456,1204,6,157,0,151,0,,,,,,,,,,,,,
recovery-old2-sixhours,old2,3110400,update,6,813,1860000,320174193,28,0,1,29,21,8,660,28,28,28,0,0,0,1,29,0,0,0,1891,1498,393,1268,623,1966,1966,57,0,1293,221037,978,225571.49833679944,1212,6,157,0,151,0,,,,,,,,,,,,,
recovery-old2-sixhours,old2,3110400,update,6,817,1872000,320186193,31,0,5,36,25,11,656,31,31,31,0,0,0,1,36,0,0,0,1913,1514,399,1283,630,1981,1981,57,0,1307,222316,987,226890.71501260623,1223,9,157,0,148,0,,,,,,,,,,,,,
recovery-old2-sixhours,old2,3110400,update,6,821,1884000,320198193,35,0,1,36,23,13,654,33,32,35,0,103,0,1,36,0,0,0,1922,1523,399,1288,634,1989,1989,58,0,1313,223788,989,228385.67489241995,1230,11,157,0,146,0,,,,,,,,,,,,,
recovery-old2-sixhours,old2,3110400,update,6,825,1896000,320210193,33,0,0,33,21,12,656,33,33,33,0,0,0,1,33,0,0,0,1932,1531,401,1296,636,2002,2002,58,0,1321,225230,997,229853.64730987512,1239,10,157,0,147,0,,,,,,,,,,,,,
recovery-old2-sixhours,old2,3110400,update,6,829,1908000,320222193,32,0,1,33,24,9,661,32,32,32,0,0,0,1,33,0,0,0,1943,1540,403,1303,640,2013,2013,58,0,1330,226694,1007,231349.740414612,1243,5,157,0,152,0,,,,,,,,,,,,,
recovery-old2-sixhours,old2,3110400,update,6,833,1920000,320234193,33,0,2,35,24,11,659,31,31,33,0,103,0,1,35,0,0,0,1953,1547,406,1309,644,2021,2021,58,0,1336,228130,1014,232813.81073449645,1249,6,157,0,151,0,,,,,,,,,,,,,
recovery-old2-sixhours,old2,3110400,update,6,837,1932000,320246193,33,0,2,35,22,13,659,33,33,33,0,0,0,1,35,0,0,0,1966,1558,408,1317,649,2033,2033,59,0,1346,229581,1020,234293.2435440505,1258,7,157,0,150,0,,,,,,,,,,,,,
recovery-old2-sixhours,old2,3110400,update,6,841,1944000,320258193,23,0,3,26,18,8,661,23,23,23,0,0,0,1,26,0,0,0,1975,1564,411,1322,653,2051,2051,59,0,1353,230895,1026,235641.28004076146,1272,5,157,0,152,0,,,,,,,,,,,,,
recovery-old2-sixhours,old2,3110400,update,6,845,1956000,320270193,28,0,4,32,23,9,660,27,27,28,0,91,0,1,32,0,0,0,1991,1576,415,1334,657,2061,2061,59,0,1366,232173,1031,236951.32235172484,1280,6,157,0,151,0,,,,,,,,,,,,,
recovery-old2-sixhours,old2,3110400,update,6,849,1968000,320282193,24,0,4,28,21,7,661,23,23,24,0,97,0,1,28,0,0,0,2000,1581,419,1341,659,2073,2073,60,0,1372,233530,1038,238325.99134683143,1288,4,157,0,153,0,,,,,,,,,,,,,
recovery-old2-sixhours,old2,3110400,update,6,853,1980000,320294193,23,0,4,27,21,6,660,22,22,23,0,43,0,1,27,0,0,0,2010,1588,422,1348,662,2084,2084,60,0,1379,234681,1041,239501.72896969225,1297,6,157,0,151,0,,,,,,,,,,,,,
recovery-old2-sixhours,old2,3110400,update,6,857,1992000,320306193,25,0,1,26,18,8,658,25,25,25,0,0,0,1,26,0,0,0,2017,1594,423,1352,665,2092,2092,60,0,1383,235729,1048,240577.2811254738,1304,8,157,0,149,0,,,,,,,,,,,,,
recovery-old2-sixhours,old2,3110400,update,6,861,2004000,320318193,22,0,4,26,19,7,660,22,22,22,0,0,0,1,26,0,0,0,2032,1604,428,1363,669,2107,2107,60,0,1395,236833,1052,241703.08057916164,1314,6,157,0,151,0,,,,,,,,,,,,,
recovery-old2-sixhours,old2,3110400,update,6,865,2016000,320330193,27,0,7,34,22,12,655,26,26,27,0,115,0,1,34,0,0,0,2052,1616,436,1376,676,2119,2119,60,0,1408,237925,1055,242818.58207036275,1324,10,157,0,147,0,,,,,,,,,,,,,
recovery-old2-sixhours,old2,3110400,update,6,869,2028000,320342193,27,0,4,31,20,11,657,27,27,27,0,0,0,1,31,0,0,0,2062,1624,438,1384,678,2131,2131,61,0,1416,239058,1059,243972.62015632307,1332,9,157,0,148,0,,,,,,,,,,,,,
recovery-old2-sixhours,old2,3110400,update,6,873,2040000,320354193,28,0,4,32,25,7,660,28,28,28,0,0,0,1,32,0,0,0,2076,1634,442,1394,682,2144,2144,61,0,1426,240134,1065,245076.57735130517,1338,6,157,0,151,0,,,,,,,,,,,,,
recovery-old2-sixhours,old2,3110400,update,6,877,2052000,320366193,28,0,1,29,20,9,659,28,28,28,0,0,0,1,29,0,0,0,2086,1641,445,1401,685,2157,2157,61,0,1434,241338,1071,246303.34397248412,1350,7,157,0,150,0,,,,,,,,,,,,,
recovery-old2-sixhours,old2,3110400,update,6,881,2064000,320378193,29,0,3,32,23,9,659,28,28,29,0,121,0,1,32,0,0,0,2101,1651,450,1413,688,2168,2168,62,0,1445,242690,1079,247685.4959532828,1357,7,157,0,150,0,,,,,,,,,,,,,
recovery-old2-sixhours,old2,3110400,update,6,885,2076000,320390193,32,0,2,34,23,11,658,32,32,32,0,0,0,1,34,0,0,0,2112,1660,452,1420,692,2177,2177,62,0,1453,244126,1084,249139.95975979744,1364,8,157,0,149,0,,,,,,,,,,,,,
recovery-old2-sixhours,old2,3110400,update,6,889,2088000,320402193,30,0,3,33,26,7,662,30,30,30,0,0,0,1,33,0,0,0,2127,1672,455,1433,694,2193,2193,62,0,1466,245546,1091,250590.67793520493,1374,5,157,0,152,0,,,,,,,,,,,,,
recovery-old2-sixhours,old2,3110400,update,6,893,2100000,320414193,30,0,3,33,24,9,661,29,29,30,0,7,0,1,33,0,0,0,2135,1679,456,1436,699,2201,2201,62,0,1470,246883,1100,251955.10671920935,1379,6,157,0,151,0,,,,,,,,,,,,,
recovery-old2-sixhours,old2,3110400,update,6,897,2112000,320426193,29,0,4,33,24,9,659,29,29,29,0,0,0,1,33,0,0,0,2153,1691,462,1450,703,2219,2219,62,0,1484,248090,1106,253203.6294212765,1395,7,157,0,150,0,,,,,,,,,,,,,
recovery-old2-sixhours,old2,3110400,update,6,901,2124000,320438193,31,0,2,33,24,9,660,30,30,31,0,91,0,1,33,0,0,0,2167,1703,464,1460,707,2232,2232,63,0,1496,249541,1110,254681.99221855728,1405,6,157,0,151,0,,,,,,,,,,,,,
recovery-old2-sixhours,old2,3110400,update,6,905,2136000,320450193,32,0,5,37,27,10,658,32,31,32,0,0,0,1,37,0,0,0,2181,1713,468,1468,713,2242,2242,63,0,1504,250899,1118,256070.82368146116,1411,9,157,0,148,0,,,,,,,,,,,,,
recovery-old2-sixhours,old2,3110400,update,6,909,2148000,320462193,32,0,3,35,23,12,656,32,32,32,0,0,0,1,35,0,0,0,2192,1721,471,1475,717,2255,2255,63,0,1511,252221,1121,257414.58763681585,1422,10,157,0,147,0,,,,,,,,,,,,,
recovery-old2-sixhours,old2,3110400,update,6,913,2160000,320474193,33,0,0,33,20,13,656,33,33,33,0,0,0,1,33,0,0,0,2201,1729,472,1480,721,2265,2265,64,0,1517,253683,1129,258917.17977891443,1429,11,157,0,146,0,,,,,,,,,,,,,
recovery-old2-sixhours,old2,3110400,update,6,917,2172000,320486193,31,0,2,33,20,13,656,31,31,31,0,0,0,1,33,0,0,0,2211,1737,474,1487,724,2275,2275,64,0,1524,255164,1134,260439.30239564786,1436,11,157,0,146,0,,,,,,,,,,,,,
recovery-old2-sixhours,old2,3110400,update,6,921,2184000,320498193,30,0,3,33,29,4,664,30,30,30,0,0,0,1,33,0,0,0,2227,1750,477,1501,726,2291,2291,64,0,1538,256505,1143,261816.9326271331,1442,4,157,0,153,0,,,,,,,,,,,,,
recovery-old2-sixhours,old2,3110400,update,6,925,2196000,320510193,29,0,5,34,28,6,661,29,29,29,0,0,0,1,34,0,0,0,2243,1760,483,1512,731,2304,2304,66,0,1549,257743,1144,263077.9176371163,1453,4,157,1,152,0,,,,,,,,,,,,,
recovery-old2-sixhours,old2,3110400,update,6,929,2208000,320522193,26,0,3,29,23,6,662,26,26,26,0,0,0,1,29,0,0,0,2251,1765,486,1518,733,2317,2317,66,0,1555,258960,1151,264322.1385464901,1463,4,157,1,152,0,,,,,,,,,,,,,
recovery-old2-sixhours,old2,3110400,update,6,933,2220000,320534193,33,0,0,33,26,7,661,33,33,33,0,0,0,1,33,0,0,0,2266,1779,487,1530,736,2328,2328,66,0,1567,260366,1159,265755.20600408874,1472,5,157,1,151,0,,,,,,,,,,,,,
recovery-old2-sixhours,old2,3110400,update,6,937,2232000,320546193,34,0,0,34,27,7,661,34,34,34,0,0,0,1,34,0,0,0,2276,1787,489,1538,738,2336,2336,67,0,1574,261757,1165,267182.6671500355,1477,5,157,1,151,0,,,,,,,,,,,,,
recovery-old2-sixhours,old2,3110400,update,6,941,2244000,320558193,36,0,2,38,24,14,654,36,36,36,0,0,0,1,38,0,0,0,2288,1797,491,1541,747,2344,2344,67,0,1578,263229,1171,268681.8130345596,1484,12,157,1,144,0,,,,,,,,,,,,,
recovery-old2-sixhours,old2,3110400,update,6,945,2256000,320570193,34,0,1,35,20,15,654,34,34,34,0,0,0,1,35,0,0,0,2297,1805,492,1545,752,2356,2356,67,0,1583,264662,1174,270147.6056240862,1492,13,157,1,143,0,,,,,,,,,,,,,
recovery-old2-sixhours,old2,3110400,update,6,949,2268000,320582193,33,0,1,34,22,12,656,33,33,33,0,0,0,1,34,0,0,0,2307,1814,493,1551,756,2367,2367,67,0,1589,266069,1181,271587.7883744966,1497,10,157,1,146,0,,,,,,,,,,,,,
recovery-old2-sixhours,old2,3110400,update,6,953,2280000,320594193,31,0,1,32,18,14,655,30,30,31,0,139,0,1,32,0,0,0,2318,1823,495,1554,764,2379,2379,68,0,1593,267507,1187,273048.94674029294,1503,11,157,1,145,0,,,,,,,,,,,,,
recovery-old2-sixhours,old2,3110400,update,6,957,2292000,320606193,31,0,3,34,18,16,653,31,31,31,0,0,0,1,34,0,0,0,2331,1832,499,1562,769,2389,2389,69,0,1602,268829,1191,274395.39722377853,1511,12,157,1,144,0,,,,,,,,,,,,,
recovery-old2-sixhours,old2,3110400,update,6,961,2304000,320618193,33,0,1,34,21,13,657,32,32,33,0,61,0,1,34,0,0,0,2346,1846,500,1573,773,2404,2404,69,0,1614,270195,1193,275793.1262207213,1519,9,157,1,147,0,,,,,,,,,,,,,
recovery-old2-sixhours,old2,3110400,update,6,965,2316000,320630193,31,0,2,33,23,10,659,31,31,31,0,0,0,1,33,0,0,0,2357,1855,502,1580,777,2416,2416,69,0,1621,271594,1198,277218.9478526651,1525,6,157,1,150,0,,,,,,,,,,,,,
recovery-old2-sixhours,old2,3110400,update,6,969,2328000,320642193,30,0,3,33,25,8,660,30,30,30,0,0,0,1,33,0,0,0,2366,1860,506,1586,780,2424,2424,70,0,1627,273011,1206,278661.60675912956,1529,5,157,1,151,0,,,,,,,,,,,,,
recovery-old2-sixhours,old2,3110400,update,6,973,2340000,320654193,32,0,4,36,27,9,659,32,32,32,0,0,0,1,36,0,0,0,2379,1870,509,1594,785,2434,2434,70,0,1637,274413,1211,280096.5477692499,1537,6,157,1,150,0,,,,,,,,,,,,,
recovery-old2-sixhours,old2,3110400,update,6,977,2352000,320666193,31,0,3,34,26,8,662,30,30,31,0,7,0,1,34,0,0,0,2392,1880,512,1603,789,2449,2449,70,0,1647,275831,1218,281550.536998278,1546,3,157,1,153,0,,,,,,,,,,,,,
recovery-old2-sixhours,old2,3110400,update,6,981,2364000,320678193,34,0,1,35,26,9,660,34,34,34,0,0,0,1,35,0,0,0,2400,1887,513,1607,793,2455,2455,71,0,1652,277253,1224,282992.3773095333,1551,5,157,1,151,0,,,,,,,,,,,,,
recovery-old2-sixhours,old2,3110400,update,6,985,2376000,320690193,35,0,0,35,24,11,659,35,35,35,0,0,0,1,35,0,0,0,2410,1897,513,1612,798,2465,2465,71,0,1657,278740,1233,284503.07635364914,1557,7,157,1,149,0,,,,,,,,,,,,,
recovery-old2-sixhours,old2,3110400,update,6,989,2388000,320702193,32,0,0,32,21,11,656,32,32,32,0,0,0,1,32,0,0,0,2420,1907,513,1619,801,2478,2478,71,0,1664,280202,1236,285990.36605861364,1570,10,157,1,146,0,,,,,,,,,,,,,
recovery-old2-sixhours,old2,3110400,update,6,993,2400000,320714193,31,0,3,34,23,11,656,30,30,31,0,7,0,1,34,0,0,0,2435,1917,518,1631,804,2490,2490,72,0,1676,281612,1242,287423.4296266674,1579,9,157,1,147,0,,,,,,,,,,,,,
recovery-old2-sixhours,old2,3110400,update,6,997,2412000,320726193,30,0,2,32,23,9,659,30,30,30,0,0,0,1,32,0,0,0,2447,1926,521,1639,808,2504,2504,72,0,1685,283019,1250,288869.23549711844,1587,6,157,1,150,0,,,,,,,,,,,,,
recovery-old2-sixhours,old2,3110400,update,6,1001,2424000,320738193,31,0,5,36,28,8,660,31,31,31,0,0,0,1,36,0,0,0,2463,1937,526,1650,813,2516,2516,72,0,1697,284305,1254,290174.6789722531,1594,5,157,1,151,0,,,,,,,,,,,,,
recovery-old2-sixhours,old2,3110400,update,6,1005,2436000,320750193,34,0,0,34,25,9,659,34,34,34,0,0,0,1,34,0,0,0,2472,1946,526,1657,815,2526,2526,73,0,1704,285696,1261,291595.6883689505,1603,6,157,1,150,0,,,,,,,,,,,,,
recovery-old2-sixhours,old2,3110400,update,6,1009,2448000,320762193,35,0,1,36,27,9,661,35,35,35,0,0,0,1,36,0,0,0,2481,1953,528,1662,819,2533,2533,73,0,1710,287196,1268,293129.14456149796,1605,5,157,1,151,0,,,,,,,,,,,,,
recovery-old2-sixhours,old2,3110400,update,6,1013,2460000,320774193,32,0,3,35,30,5,662,32,32,32,0,0,0,1,35,0,0,0,2495,1964,531,1673,822,2548,2548,73,0,1720,288585,1273,294540.56367940595,1615,3,157,1,153,0,,,,,,,,,,,,,
recovery-old2-sixhours,old2,3110400,update,6,1017,2472000,320786193,32,0,3,35,27,8,660,32,32,32,0,0,0,1,35,0,0,0,2508,1974,534,1681,827,2560,2560,74,0,1730,290034,1279,296014.38226519944,1626,5,157,1,151,0,,,,,,,,,,,,,
recovery-old2-sixhours,old2,3110400,update,6,1021,2484000,320798193,27,0,4,31,24,7,660,27,27,27,0,0,0,1,31,0,0,0,2514,1978,536,1685,829,2570,2570,74,0,1734,291432,1289,297436.35634446656,1634,5,157,1,151,0,,,,,,,,,,,,,
recovery-old2-sixhours,old2,3110400,update,6,1025,2496000,320810193,30,0,1,31,24,7,660,30,30,30,0,0,0,1,31,0,0,0,2526,1988,538,1694,832,2582,2582,74,0,1742,292861,1294,298902.0748820207,1642,5,157,1,151,0,,,,,,,,,,,,,
recovery-old2-sixhours,old2,3110400,update,6,1029,2508000,320822193,32,0,3,35,27,8,658,32,32,32,0,0,0,1,35,0,0,0,2543,2000,543,1704,839,2594,2594,75,0,1753,294339,1297,300407.1291145743,1650,7,157,1,149,0,,,,,,,,,,,,,
recovery-old2-sixhours,old2,3110400,update,6,1033,2520000,320834193,29,0,4,33,26,7,659,29,29,29,0,0,0,1,33,0,0,0,2557,2010,547,1714,843,2609,2609,76,0,1763,295754,1299,301843.96344006574,1660,6,157,1,150,0,,,,,,,,,,,,,
recovery-old2-sixhours,old2,3110400,update,6,1037,2532000,320846193,30,0,2,32,25,7,659,30,29,30,0,0,0,1,32,0,0,0,2568,2020,548,1722,846,2621,2621,76,0,1771,297139,1310,303277.5246755411,1669,6,157,1,150,0,,,,,,,,,,,,,
recovery-old2-sixhours,old2,3110400,update,6,1041,2544000,320858193,35,0,1,36,28,8,658,35,35,35,0,0,0,1,36,0,0,0,2578,2029,549,1729,849,2627,2627,76,0,1778,298695,1317,304858.7083055102,1673,7,157,1,149,0,,,,,,,,,,,,,
recovery-old2-sixhours,old2,3110400,update,6,1045,2556000,320870193,29,0,2,31,25,6,662,29,29,29,0,0,0,1,31,0,0,0,2587,2036,551,1735,852,2641,2641,76,0,1785,300225,1324,306422.01115849754,1681,4,157,1,152,0,,,,,,,,,,,,,
recovery-old2-sixhours,old2,3110400,update,6,1049,2568000,320882193,29,0,3,32,22,10,660,29,29,29,0,0,0,1,32,0,0,0,2601,2046,555,1743,858,2654,2654,76,0,1795,301583,1327,307806.8341752277,1692,6,157,1,150,0,,,,,,,,,,,,,
recovery-old2-sixhours,old2,3110400,update,6,1053,2580000,320894193,34,0,1,35,22,13,658,34,34,34,0,0,0,1,35,0,0,0,2609,2053,556,1746,863,2658,2658,77,0,1800,303033,1333,309274.5611961656,1695,8,157,1,148,0,,,,,,,,,,,,,
recovery-old2-sixhours,old2,3110400,update,6,1057,2592000,320906193,31,0,3,34,24,10,660,31,31,31,0,0,0,1,34,0,0,0,2622,2063,559,1756,866,2672,2672,77,0,1810,304545,1339,310818.2343426584,1704,6,157,1,150,0,,,,,,,,,,,,,
recovery-old2-sixhours,old2,3110400,update,6,1061,2604000,320918193,35,0,0,35,26,9,660,35,35,35,0,0,0,1,35,0,0,0,2636,2077,559,1767,869,2685,2685,77,0,1821,306017,1350,312320.4881740953,1714,7,157,1,149,0,,,,,,,,,,,,,
recovery-old2-sixhours,old2,3110400,update,6,1065,2616000,320930193,26,0,6,32,25,7,662,25,25,26,0,157,0,1,32,0,0,0,2650,2083,567,1778,872,2702,2702,77,0,1832,307371,1357,313700.296143129,1726,4,157,1,152,0,,,,,,,,,,,,,
recovery-old2-sixhours,old2,3110400,update,6,1069,2628000,320942193,32,0,3,35,28,7,663,32,32,32,0,0,0,1,35,0,0,0,2669,2099,570,1793,876,2717,2717,78,0,1848,308589,1359,314946.8096905402,1737,4,157,1,152,0,,,,,,,,,,,,,
recovery-old2-sixhours,old2,3110400,update,6,1073,2640000,320954193,34,0,1,35,25,10,658,34,34,34,0,0,0,1,35,0,0,0,2678,2107,571,1797,881,2726,2726,78,0,1852,310024,1370,316421.5845152787,1746,8,157,1,148,0,,,,,,,,,,,,,
recovery-old2-sixhours,old2,3110400,update,6,1077,2652000,320966193,30,0,1,31,21,10,659,30,30,30,0,0,0,1,31,0,0,0,2686,2114,572,1800,886,2737,2737,79,0,1856,311460,1376,317891.44457164267,1752,7,157,1,149,0,,,,,,,,,,,,,
recovery-old2-sixhours,old2,3110400,update,6,1081,2664000,320978193,31,0,1,32,22,10,660,31,31,31,0,0,0,1,32,0,0,0,2698,2125,573,1808,890,2748,2748,79,0,1865,312875,1379,319330.0661839624,1759,7,157,1,149,0,,,,,,,,,,,,,
recovery-old2-sixhours,old2,3110400,update,6,1085,2676000,320990193,33,0,2,35,22,13,657,31,31,33,0,103,0,1,35,0,0,0,2709,2134,575,1815,894,2756,2756,79,0,1872,314346,1388,320832.1637990824,1766,9,157,1,147,0,,,,,,,,,,,,,
recovery-old2-sixhours,old2,3110400,update,6,1089,2688000,321002193,33,0,2,35,23,12,661,33,33,33,0,0,0,1,35,0,0,0,2722,2145,577,1822,900,2768,2768,80,0,1882,315676,1393,322193.06070781266,1771,5,157,1,151,0,,,,,,,,,,,,,
recovery-old2-sixhours,old2,3110400,update,6,1093,2700000,321014193,32,0,3,35,25,10,661,32,32,32,0,0,0,1,35,0,0,0,2735,2154,581,1832,903,2781,2781,80,0,1892,316990,1398,323530.5402053017,1781,5,157,1,151,0,,,,,,,,,,,,,
recovery-old2-sixhours,old2,3110400,update,6,1097,2712000,321026193,33,0,2,35,25,10,660,33,33,33,0,0,0,1,35,0,0,0,2745,2162,583,1839,906,2791,2791,80,0,1898,318416,1407,324990.57057734067,1788,6,157,1,150,0,,,,,,,,,,,,,
recovery-old2-sixhours,old2,3110400,update,6,1101,2724000,321038193,33,0,2,35,24,11,658,33,33,33,0,0,0,1,35,0,0,0,2758,2173,585,1846,912,2803,2803,81,0,1905,319812,1411,326425.8668442131,1796,8,157,1,148,0,,,,,,,,,,,,,
recovery-old2-sixhours,old2,3110400,update,6,1105,2736000,321050193,29,0,3,32,26,6,661,29,29,29,0,0,0,1,32,0,0,0,2776,2186,590,1858,918,2824,2824,81,0,1917,321084,1417,327726.37248673616,1808,5,157,1,151,0,,,,,,,,,,,,,
recovery-old2-sixhours,old2,3110400,update,6,1109,2748000,321062193,31,0,2,33,25,8,660,31,31,31,0,0,0,1,33,0,0,0,2786,2194,592,1863,923,2832,2832,82,0,1923,322381,1421,329049.9711579378,1813,6,157,1,150,0,,,,,,,,,,,,,
recovery-old2-sixhours,old2,3110400,update,6,1113,2760000,321074193,29,0,3,32,23,9,662,29,29,29,0,0,0,1,32,0,0,0,2803,2206,597,1874,929,2850,2850,82,0,1938,323684,1424,330375.39538924256,1827,4,157,1,152,0,,,,,,,,,,,,,
recovery-old2-sixhours,old2,3110400,update,6,1117,2772000,321086193,34,0,1,35,20,15,657,34,34,34,0,0,0,1,35,0,0,0,2817,2217,600,1881,936,2861,2861,82,0,1945,325045,1434,331793.2872884716,1836,10,157,1,146,0,,,,,,,,,,,,,
recovery-old2-sixhours,old2,3110400,update,6,1121,2784000,321098193,32,0,4,36,26,10,661,32,32,32,0,0,0,1,36,0,0,0,2830,2226,604,1890,940,2873,2873,82,0,1954,326426,1441,333197.04716027575,1840,5,157,1,151,0,,,,,,,,,,,,,
recovery-old2-sixhours,old2,3110400,update,6,1125,2796000,321110193,31,0,4,35,26,9,661,30,30,31,0,25,0,1,35,0,0,0,2839,2232,607,1897,942,2882,2882,83,0,1961,327833,1446,334641.33493341645,1847,5,157,1,151,0,,,,,,,,,,,,,
recovery-old2-sixhours,old2,3110400,update,6,1129,2808000,321122193,30,0,4,34,24,10,661,30,30,30,0,0,0,1,34,0,0,0,2855,2243,612,1909,946,2899,2899,83,0,1974,329141,1451,335983.21629198315,1861,6,157,1,150,0,,,,,,,,,,,,,
recovery-old2-sixhours,old2,3110400,update,6,1133,2820000,321134193,30,0,2,32,23,9,662,30,30,30,0,0,0,1,32,0,0,0,2864,2251,613,1913,951,2910,2910,83,0,1980,330413,1456,337289.34150823345,1868,5,157,1,151,0,,,,,,,,,,,,,
recovery-old2-sixhours,old2,3110400,update,6,1137,2832000,321146193,31,0,1,32,23,9,662,31,31,31,0,0,0,1,32,0,0,0,2879,2262,617,1925,954,2924,2924,84,0,1991,331837,1462,338745.1080767042,1878,5,157,1,151,0,,,,,,,,,,,,,
recovery-old2-sixhours,old2,3110400,update,6,1141,2844000,321158193,36,0,0,36,26,10,661,36,36,36,0,0,0,1,36,0,0,0,2886,2269,617,1930,956,2927,2927,84,0,1996,333378,1469,340322.1843471802,1880,6,157,1,150,0,,,,,,,,,,,,,
recovery-old2-sixhours,old2,3110400,update,6,1145,2856000,321170193,30,0,2,32,24,8,661,30,30,30,0,0,0,1,32,0,0,0,2897,2277,620,1938,959,2942,2942,84,0,2004,334852,1479,341826.7980254083,1892,6,157,1,150,0,,,,,,,,,,,,,
recovery-old2-sixhours,old2,3110400,update,6,1149,2868000,321182193,29,0,4,33,25,8,660,29,29,29,0,0,0,1,33,0,0,0,2909,2285,624,1948,961,2953,2953,84,0,2013,336213,1482,343205.5909821647,1901,6,157,1,150,0,,,,,,,,,,,,,
recovery-old2-sixhours,old2,3110400,update,6,1153,2880000,321194193,30,0,3,33,27,6,663,30,30,30,0,0,0,1,33,0,0,0,2924,2296,628,1961,963,2967,2967,85,0,2026,337563,1489,344590.228660651,1910,4,157,1,152,0,,,,,,,,,,,,,
recovery-old2-sixhours,old2,3110400,update,6,1157,2892000,321206193,32,0,1,33,24,9,661,32,32,32,0,0,0,1,33,0,0,0,2936,2307,629,1969,967,2979,2979,85,0,2035,339023,1493,346069.52223800635,1921,6,157,1,150,0,,,,,,,,,,,,,
recovery-old2-sixhours,old2,3110400,update,6,1161,2904000,321218193,34,0,1,35,26,9,661,34,34,34,0,0,0,1,35,0,0,0,2946,2315,631,1975,971,2987,2987,85,0,2042,340497,1502,347579.68709814036,1926,6,157,1,150,0,,,,,,,,,,,,,
recovery-old2-sixhours,old2,3110400,update,6,1165,2916000,321230193,30,0,0,30,21,9,659,30,30,30,0,0,0,1,30,0,0,0,2955,2323,632,1979,976,3000,3000,86,0,2045,341998,1509,349112.39894243935,1935,8,157,1,148,0,,,,,,,,,,,,,
recovery-old2-sixhours,old2,3110400,update,6,1169,2928000,321242193,31,0,2,33,23,10,658,31,31,31,0,0,0,1,33,0,0,0,2969,2334,635,1989,980,3011,3011,86,0,2055,343464,1513,350615.64879916376,1943,8,157,1,148,0,,,,,,,,,,,,,
recovery-old2-sixhours,old2,3110400,update,6,1173,2940000,321254193,31,0,3,34,26,8,659,31,31,31,0,0,0,1,34,0,0,0,2981,2344,637,1997,984,3021,3021,87,0,2063,344909,1521,352088.7058408889,1948,7,157,1,149,0,,,,,,,,,,,,,
recovery-old2-sixhours,old2,3110400,update,6,1177,2952000,321266193,30,0,4,34,28,6,661,30,30,30,0,0,0,1,34,0,0,0,3001,2360,641,2013,988,3041,3041,87,0,2079,346272,1529,353484.74551024614,1962,5,157,1,151,0,,,,,,,,,,,,,
recovery-old2-sixhours,old2,3110400,update,6,1181,2964000,321278193,32,0,1,33,26,7,659,32,32,32,0,0,0,1,33,0,0,0,3011,2369,642,2020,991,3051,3051,88,0,2086,347692,1532,354933.0097195036,1971,7,157,1,149,0,,,,,,,,,,,,,
recovery-old2-sixhours,old2,3110400,update,6,1185,2976000,321290193,30,0,3,33,27,6,661,30,30,30,0,0,0,1,33,0,0,0,3024,2379,645,2029,995,3064,3064,88,0,2096,349106,1540,356376.1894228016,1979,4,157,1,152,0,,,,,,,,,,,,,
recovery-old2-sixhours,old2,3110400,update,6,1189,2988000,321302193,32,0,2,34,26,8,660,32,32,32,0,0,0,1,34,0,0,0,3032,2387,645,2033,999,3070,3070,89,0,2101,350586,1550,357883.78175957175,1983,5,157,1,151,0,,,,,,,,,,,,,
recovery-old2-sixhours,old2,3110400,update,6,1193,3000000,321314193,35,0,1,36,26,10,660,35,35,35,0,0,0,1,36,0,0,0,3043,2396,647,2040,1003,3079,3079,89,0,2109,352011,1554,359333.5587908444,1989,6,157,1,150,0,,,,,,,,,,,,,
recovery-old2-sixhours,old2,3110400,update,6,1197,3012000,321326193,32,0,3,35,24,11,659,32,32,32,0,0,0,1,35,0,0,0,3054,2404,650,2046,1008,3091,3091,89,0,2116,353473,1563,360841.49030205654,1998,6,157,1,150,0,,,,,,,,,,,,,
recovery-old2-sixhours,old2,3110400,update,6,1201,3024000,321338193,31,0,1,32,21,11,659,31,31,31,0,0,0,1,32,0,0,0,3069,2415,654,2057,1012,3108,3108,90,0,2128,354865,1566,362259.42190944543,2012,7,157,1,149,0,,,,,,,,,,,,,
recovery-old2-sixhours,old2,3110400,update,6,1205,3036000,321350193,32,0,0,32,19,13,657,32,32,32,0,0,0,1,32,0,0,0,3080,2424,656,2063,1017,3119,3119,90,0,2134,356341,1574,363771.27545442013,2020,9,157,1,147,0,,,,,,,,,,,,,
recovery-old2-sixhours,old2,3110400,update,6,1209,3048000,321362193,30,0,1,31,20,11,657,29,29,30,0,67,0,1,31,0,0,0,3093,2434,659,2072,1021,3132,3132,91,0,2144,357771,1582,365227.69957671594,2030,8,157,1,148,0,,,,,,,,,,,,,
recovery-old2-sixhours,old2,3110400,update,6,1213,3060000,321374193,32,0,3,35,26,9,659,32,32,32,0,0,0,1,35,0,0,0,3108,2446,662,2083,1025,3143,3143,91,0,2156,359255,1591,366744.85269105295,2036,6,157,1,150,0,,,,,,,,,,,,,
recovery-old2-sixhours,old2,3110400,update,6,1217,3072000,321386193,31,0,3,34,25,9,658,31,31,31,0,0,0,1,34,0,0,0,3121,2456,665,2093,1028,3156,3156,92,0,2165,360737,1596,368247.9605386681,2046,7,157,1,149,0,,,,,,,,,,,,,
recovery-old2-sixhours,old2,3110400,update,6,1221,3084000,321398193,32,0,2,34,25,9,657,30,30,32,0,109,0,1,34,0,0,0,3132,2464,668,2101,1031,3167,3167,92,0,2173,362095,1601,369635.2411445468,2055,8,157,1,148,0,,,,,,,,,,,,,
recovery-old2-sixhours,old2,3110400,update,6,1225,3096000,321410193,29,0,4,33,26,7,657,29,29,29,0,0,0,1,33,0,0,0,3142,2469,673,2109,1033,3177,3177,93,0,2180,363403,1609,370966.02986561647,2062,7,157,1,149,0,,,,,,,,,,,,,
recovery-old2-sixhours,old2,3110400,update,6,1229,3108000,321422193,30,0,5,35,30,5,660,30,30,30,0,0,0,1,35,0,0,0,3159,2480,679,2124,1035,3192,3192,93,0,2195,364676,1617,372273.02252856037,2072,5,157,1,151,0,,,,,,,,,,,,,
recovery-old2-sixhours,old2,3110400,update,6,1233,3110400,321424593,28,0,4,32,27,5,660,28,28,28,0,0,0,1,32,0,0,0,3160,2481,679,2124,1036,3196,3196,93,0,2195,364925,1617,372523.45601107506,2075,5,157,1,151,0,,,,,,,,,,,,,
recovery-fresh-fine-day,fresh,12441600,update,6,2,0,6220800,0,0,0,0,0,0,330,0,0,0,0,0,0,5,0,0,0,0,0,0,0,0,0,0,0,0,0,0,0,0,0,0,0,0,0,0,0,0,,0,,0,0,0,0,0,0,0,0,0
recovery-fresh-fine-day,fresh,12441600,update,6,126,12000,6232800,13,0,0,13,9,4,327,13,13,13,0,0,0,5,13,0,0,0,14,14,0,9,5,1,1,0,0,10,307,0,318.1586781479418,0,0,0,0,0,0,312,VEHICLE_334,312,VEHICLE_334,0,0,0,0,0,0,0,0,0
recovery-fresh-fine-day,fresh,12441600,update,6,131,24000,6244800,19,0,3,22,17,5,329,19,19,19,0,0,0,5,22,0,0,0,29,22,7,21,8,7,7,0,0,24,1107,2,1124.4701742921025,3,0,0,0,0,0,312,VEHICLE_334,312,VEHICLE_334,0,0,0,0,0,0,0,0,0
recovery-fresh-fine-day,fresh,12441600,update,6,136,36000,6256800,24,0,5,29,25,4,327,24,24,24,0,0,0,5,29,0,0,0,44,31,13,33,11,14,14,1,0,36,2069,12,2107.265229267068,9,0,0,0,0,0,396,VEHICLE_347,396,VEHICLE_347,0,0,0,0,0,0,0,0,0
recovery-fresh-fine-day,fresh,12441600,update,6,141,48000,6268800,27,0,6,33,29,4,329,26,26,27,0,73,0,5,33,0,0,0,57,38,19,43,14,23,23,1,0,48,3198,16,3246.459194308147,15,0,0,0,0,0,396,VEHICLE_347,396,VEHICLE_347,72,0,0,0,0,0,0,0,0
recovery-fresh-fine-day,fresh,12441600,update,6,146,60000,6280800,27,0,2,29,27,2,328,25,25,27,0,91,0,5,29,0,0,0,69,47,22,53,16,39,39,1,0,56,4409,24,4474.863332616165,28,0,0,0,0,0,396,VEHICLE_347,396,VEHICLE_347,90,0,0,0,0,0,0,0,0
recovery-fresh-fine-day,fresh,12441600,update,6,151,72000,6292800,24,0,2,26,24,2,328,21,21,24,0,91,0,5,26,0,0,0,81,56,25,62,19,53,53,2,0,66,5775,31,5860.614873632789,40,0,0,0,0,0,468,VEHICLE_386,468,VEHICLE_386,90,0,0,0,0,0,0,0,0
recovery-fresh-fine-day,fresh,12441600,update,6,156,84000,6304800,27,0,1,28,24,4,327,26,26,27,0,31,0,5,28,0,0,0,94,67,27,72,22,64,64,2,0,77,6827,38,6928.652824149467,50,0,0,0,0,0,468,VEHICLE_386,468,VEHICLE_386,30,0,0,0,0,0,0,0,0
recovery-fresh-fine-day,fresh,12441600,update,6,161,96000,6316800,30,0,4,34,31,3,327,30,30,30,0,0,0,5,34,0,0,0,108,75,33,84,24,72,72,2,0,88,8164,45,8278.19254148379,55,0,0,0,0,0,468,VEHICLE_386,468,VEHICLE_386,0,0,0,0,0,0,0,0,0
recovery-fresh-fine-day,fresh,12441600,update,6,166,108000,6328800,33,0,2,35,32,3,327,31,31,33,0,61,0,5,35,0,0,0,120,85,35,95,25,82,82,3,0,99,9639,55,9771.53312839754,64,0,0,0,0,0,468,VEHICLE_386,468,VEHICLE_386,60,0,0,0,0,0,0,0,0
recovery-fresh-fine-day,fresh,12441600,update,6,171,120000,6340800,25,0,4,29,28,1,330,25,25,25,0,0,0,5,29,0,0,0,129,90,39,104,25,97,97,3,0,108,11042,64,11190.317381337285,76,0,0,0,0,0,468,VEHICLE_386,468,VEHICLE_386,0,0,0,0,0,0,0,0,0
recovery-fresh-fine-day,fresh,12441600,update,6,176,132000,6352800,24,0,1,25,21,4,328,23,23,24,0,61,0,5,25,0,0,0,139,99,40,111,28,111,111,3,0,116,12146,69,12306.690372948535,90,0,0,0,0,0,468,VEHICLE_386,468,VEHICLE_386,60,0,0,0,0,0,0,0,0
recovery-fresh-fine-day,fresh,12441600,update,6,181,144000,6364800,23,0,3,26,22,4,328,23,23,23,0,0,0,5,26,0,0,0,154,110,44,123,31,125,125,3,0,127,13077,73,13248.713677112013,100,0,0,0,0,0,468,VEHICLE_386,468,VEHICLE_386,0,0,0,0,0,0,0,0,0
recovery-fresh-fine-day,fresh,12441600,update,6,186,156000,6376800,25,0,2,27,22,5,328,25,25,25,0,0,0,5,27,0,0,0,167,119,48,135,32,136,136,4,0,140,14036,79,14225.700393974781,111,0,0,0,0,0,468,VEHICLE_386,468,VEHICLE_386,0,0,0,0,0,0,0,0,0
recovery-fresh-fine-day,fresh,12441600,update,6,191,168000,6388800,29,0,2,31,28,3,328,28,28,29,0,25,0,5,31,0,0,0,179,127,52,144,35,144,144,4,0,149,15252,85,15452.462898214348,116,0,0,0,0,0,468,VEHICLE_386,468,VEHICLE_386,24,0,0,0,0,0,0,0,0
recovery-fresh-fine-day,fresh,12441600,update,6,196,180000,6400800,30,0,3,33,30,3,328,30,30,30,0,0,0,5,33,0,0,0,190,135,55,154,36,152,152,5,0,159,16586,97,16814.839724381454,123,0,0,0,0,0,468,VEHICLE_386,468,VEHICLE_386,0,0,0,0,0,0,0,0,0
recovery-fresh-fine-day,fresh,12441600,update,6,201,192000,6412800,29,0,3,32,29,3,328,28,28,29,0,31,0,5,32,0,0,0,202,143,59,165,37,165,165,5,0,170,17866,101,18107.501409594435,135,0,0,0,0,0,468,VEHICLE_386,468,VEHICLE_386,30,0,0,0,0,0,0,0,0
recovery-fresh-fine-day,fresh,12441600,update,6,206,204000,6424800,28,0,4,32,28,4,329,28,28,28,0,0,0,5,32,0,0,0,220,156,64,179,41,183,183,5,0,184,18985,110,19247.05380921485,148,0,0,0,0,0,468,VEHICLE_386,468,VEHICLE_386,0,0,0,0,0,0,0,0,0
recovery-fresh-fine-day,fresh,12441600,update,6,211,216000,6436800,34,0,1,35,32,3,329,31,31,34,0,0,0,5,35,0,0,0,234,168,66,193,41,194,194,5,0,198,20265,115,20543.472974111326,159,0,0,0,0,0,468,VEHICLE_386,468,VEHICLE_386,0,0,0,0,0,0,0,0,0
recovery-fresh-fine-day,fresh,12441600,update,6,216,228000,6448800,30,0,2,32,30,2,329,30,30,30,0,0,0,5,32,0,0,0,245,176,69,202,43,207,207,6,0,206,21609,121,21903.142365911044,169,0,0,0,0,0,468,VEHICLE_386,468,VEHICLE_386,0,0,0,0,0,0,0,0,0
recovery-fresh-fine-day,fresh,12441600,update,6,221,240000,6460800,30,0,0,30,29,1,331,28,28,30,0,49,0,5,30,0,0,0,255,186,69,210,45,219,219,6,0,214,23006,133,23322.166944562458,177,0,0,0,0,0,468,VEHICLE_386,468,VEHICLE_386,48,0,0,0,0,0,0,0,0
recovery-fresh-fine-day,fresh,12441600,update,6,226,252000,6472800,32,0,1,33,29,4,330,31,31,32,0,43,0,5,33,0,0,0,269,198,71,221,48,229,229,7,0,226,24318,139,24653.503524215892,186,0,0,0,0,0,468,VEHICLE_386,468,VEHICLE_386,42,0,0,0,0,0,0,0,0
recovery-fresh-fine-day,fresh,12441600,update,6,231,264000,6484800,27,0,1,28,24,4,331,27,27,27,0,0,0,5,28,0,0,0,277,203,74,227,50,242,242,7,0,233,25722,146,26068.70092949923,197,0,0,0,0,0,468,VEHICLE_386,468,VEHICLE_386,0,0,0,0,0,0,0,0,0
recovery-fresh-fine-day,fresh,12441600,update,6,236,276000,6496800,26,0,2,28,23,5,329,25,25,26,0,37,0,5,28,0,0,0,289,210,79,237,52,253,253,8,0,242,26877,153,27239.206628101878,207,0,0,0,0,0,480,VEHICLE_551,480,VEHICLE_551,36,0,0,0,0,0,0,0,0
recovery-fresh-fine-day,fresh,12441600,update,6,241,288000,6508800,27,0,4,31,26,5,330,27,27,27,0,0,0,5,31,0,0,0,307,222,85,252,55,268,268,8,0,257,28039,161,28425.351066117175,218,0,0,0,0,0,480,VEHICLE_551,480,VEHICLE_551,0,0,0,0,0,0,0,0,0
recovery-fresh-fine-day,fresh,12441600,update,6,246,300000,6520800,33,0,2,35,28,7,329,33,33,33,0,0,0,5,35,0,0,0,322,235,87,264,58,278,278,9,0,270,29303,168,29707.747656024992,227,0,0,0,0,0,480,VEHICLE_551,480,VEHICLE_551,0,0,0,0,0,0,0,0,0
recovery-fresh-fine-day,fresh,12441600,update,6,251,312000,6532800,29,0,1,30,22,8,329,29,29,29,0,0,0,5,30,0,0,0,334,245,89,271,63,295,295,9,0,280,30652,181,31077.47375157941,242,0,0,0,0,0,480,VEHICLE_551,480,VEHICLE_551,0,0,0,0,0,0,0,0,0
recovery-fresh-fine-day,fresh,12441600,update,6,256,324000,6544800,27,0,3,30,24,6,330,26,26,27,0,0,0,5,30,0,0,0,346,254,92,281,65,307,307,9,0,290,31863,184,32305.148913840763,251,0,0,0,0,0,480,VEHICLE_551,480,VEHICLE_551,0,0,0,0,0,0,0,0,0
recovery-fresh-fine-day,fresh,12441600,update,6,261,336000,6556800,23,0,3,26,18,8,329,23,23,23,0,0,0,5,26,0,0,0,355,260,95,287,68,319,319,10,0,297,32976,191,33426.13662201166,262,0,0,0,0,0,480,VEHICLE_551,480,VEHICLE_551,0,0,0,0,0,0,0,0,0
recovery-fresh-fine-day,fresh,12441600,update,6,266,348000,6568800,24,0,2,26,20,6,329,24,24,24,0,0,0,5,26,0,0,0,366,269,97,296,70,330,330,10,0,307,34010,196,34473.39319816977,272,0,0,0,0,0,480,VEHICLE_551,480,VEHICLE_551,0,0,0,0,0,0,0,0,0
recovery-fresh-fine-day,fresh,12441600,update,6,271,360000,6580800,30,0,3,33,30,3,330,30,30,30,0,0,0,5,33,0,0,0,382,282,100,310,72,339,339,10,0,321,35208,200,35688.055541046895,278,0,0,0,0,0,480,VEHICLE_551,480,VEHICLE_551,0,0,0,0,0,0,0,0,0
recovery-fresh-fine-day,fresh,12441600,update,6,276,372000,6592800,32,0,2,34,31,3,330,32,32,32,0,0,0,5,34,0,0,0,395,291,104,321,74,350,350,11,0,332,36425,212,36928.576737421565,287,0,0,0,0,0,480,VEHICLE_551,480,VEHICLE_551,0,0,0,0,0,0,0,0,0
recovery-fresh-fine-day,fresh,12441600,update,6,281,384000,6604800,30,0,4,34,30,4,329,30,30,30,0,0,0,5,34,0,0,0,408,299,109,331,77,362,362,12,0,343,37669,217,38188.70515281288,298,0,0,0,0,0,480,VEHICLE_551,480,VEHICLE_551,0,0,0,0,0,0,0,0,0
recovery-fresh-fine-day,fresh,12441600,update,6,286,396000,6616800,31,0,1,32,26,6,329,31,31,31,0,0,0,5,32,0,0,0,425,313,112,344,81,381,381,12,0,357,38927,223,39468.98482039012,314,0,0,0,0,0,480,VEHICLE_551,480,VEHICLE_551,0,0,0,0,0,0,0,0,0
recovery-fresh-fine-day,fresh,12441600,update,6,291,408000,6628800,33,0,0,33,27,6,330,33,33,33,0,0,0,5,33,0,0,0,430,317,113,348,82,384,384,13,0,362,40329,235,40888.54055577237,316,0,0,0,0,0,480,VEHICLE_551,480,VEHICLE_551,0,0,0,0,0,0,0,0,0
recovery-fresh-fine-day,fresh,12441600,update,6,296,420000,6640800,29,0,5,34,26,8,329,28,28,29,0,151,0,5,34,0,0,0,446,327,119,360,86,399,399,13,0,374,41688,244,42272.51131644705,328,0,0,0,0,0,480,VEHICLE_551,480,VEHICLE_551,150,0,0,0,0,0,0,0,0
recovery-fresh-fine-day,fresh,12441600,update,6,301,432000,6652800,26,0,9,35,31,4,330,25,25,26,0,0,0,5,35,0,0,0,463,335,128,375,88,414,414,14,0,390,42810,249,43405.289471213706,341,0,0,0,0,0,480,VEHICLE_551,480,VEHICLE_551,0,0,0,0,0,0,0,0,0
recovery-fresh-fine-day,fresh,12441600,update,6,306,444000,6664800,20,0,3,23,20,3,329,20,20,20,0,0,0,5,23,0,0,0,475,342,133,386,89,438,438,14,0,401,43850,255,44461.29028117843,365,0,0,0,0,0,480,VEHICLE_551,480,VEHICLE_551,0,0,0,0,0,0,0,0,0
recovery-fresh-fine-day,fresh,12441600,update,6,311,456000,6676800,24,0,3,27,24,3,328,24,24,24,0,0,0,5,27,0,0,0,488,350,138,396,92,446,446,15,0,411,44847,262,45471.968270446174,371,0,0,0,0,0,480,VEHICLE_551,480,VEHICLE_551,0,0,0,0,0,0,0,0,0
recovery-fresh-fine-day,fresh,12441600,update,6,316,468000,6688800,24,0,3,27,23,4,329,24,24,24,0,0,0,5,27,0,0,0,503,362,141,408,95,461,461,15,0,424,45922,268,46561.47294103168,383,0,0,0,0,0,480,VEHICLE_551,480,VEHICLE_551,0,0,0,0,0,0,0,0,0
recovery-fresh-fine-day,fresh,12441600,update,6,321,480000,6700800,29,0,2,31,25,6,329,28,28,29,0,73,0,5,31,0,0,0,518,374,144,420,98,472,472,15,0,437,46979,273,47633.836970126256,392,0,0,0,0,0,480,VEHICLE_551,480,VEHICLE_551,72,0,0,0,0,0,0,0,0
recovery-fresh-fine-day,fresh,12441600,update,6,326,492000,6712800,27,0,5,32,24,8,329,27,27,27,0,0,0,5,32,0,0,0,530,381,149,428,102,482,482,16,0,447,48331,284,49004.193010249175,400,0,0,0,0,0,480,VEHICLE_551,480,VEHICLE_551,0,0,0,0,0,0,0,0,0
recovery-fresh-fine-day,fresh,12441600,update,6,331,504000,6724800,27,0,0,27,23,4,329,27,27,27,0,0,0,5,27,0,0,0,542,393,149,438,104,498,498,17,0,457,49578,292,50265.822406385094,414,0,0,0,0,0,480,VEHICLE_551,480,VEHICLE_551,0,0,0,0,0,0,0,0,0
recovery-fresh-fine-day,fresh,12441600,update,6,336,516000,6736800,25,0,2,27,24,3,329,25,25,25,0,0,0,5,27,0,0,0,554,401,153,449,105,509,509,18,0,467,50710,300,51418.151487872005,423,0,0,0,0,0,480,VEHICLE_551,480,VEHICLE_551,0,0,0,0,0,0,0,0,0
recovery-fresh-fine-day,fresh,12441600,update,6,341,528000,6748800,31,0,2,33,28,5,329,30,30,31,0,7,0,5,33,0,0,0,571,415,156,462,109,520,520,18,0,482,51881,309,52611.393637791276,432,0,0,0,0,0,480,VEHICLE_551,480,VEHICLE_551,6,0,0,0,0,0,0,0,0
recovery-fresh-fine-day,fresh,12441600,update,6,346,540000,6760800,30,0,5,35,32,3,330,27,27,30,0,73,0,5,35,0,0,0,586,425,161,475,111,533,533,18,0,495,53154,317,53906.385828051716,442,0,0,0,0,0,564,VEHICLE_805,564,VEHICLE_805,72,0,0,0,0,0,0,0,0
recovery-fresh-fine-day,fresh,12441600,update,6,351,552000,6772800,28,0,2,30,26,4,330,28,28,28,0,0,0,5,30,0,0,0,591,428,163,479,112,543,543,18,0,499,54467,325,55228.55968456436,451,0,0,0,0,0,564,VEHICLE_805,564,VEHICLE_805,0,0,0,0,0,0,0,0,0
recovery-fresh-fine-day,fresh,12441600,update,6,356,564000,6784800,29,0,3,32,28,4,329,29,29,29,0,0,0,5,32,0,0,0,611,443,168,496,115,560,560,19,0,515,55774,335,56560.1132721575,465,0,0,0,0,0,564,VEHICLE_805,564,VEHICLE_805,0,0,0,0,0,0,0,0,0
recovery-fresh-fine-day,fresh,12441600,update,6,361,576000,6796800,30,0,2,32,29,3,331,30,30,30,0,0,0,5,32,0,0,0,627,456,171,510,117,576,576,19,0,531,57175,342,57990.059646507725,479,0,0,0,0,0,564,VEHICLE_805,564,VEHICLE_805,0,0,0,0,0,0,0,0,0
recovery-fresh-fine-day,fresh,12441600,update,6,366,588000,6808800,30,0,5,35,31,4,329,30,30,30,0,0,0,5,35,0,0,0,640,464,176,520,120,586,586,19,0,540,58751,352,59580.131654967554,487,0,0,0,0,0,564,VEHICLE_805,564,VEHICLE_805,0,0,0,0,0,0,0,0,0
recovery-fresh-fine-day,fresh,12441600,update,6,371,600000,6820800,26,0,3,29,25,4,329,26,26,26,0,0,0,5,29,0,0,0,654,474,180,533,121,605,605,20,0,553,60064,363,60916.55664241221,505,0,0,0,0,0,564,VEHICLE_805,564,VEHICLE_805,0,0,0,0,0,0,0,0,0
recovery-fresh-fine-day,fresh,12441600,update,6,376,612000,6832800,27,0,4,31,29,2,330,26,26,27,0,91,0,5,31,0,0,0,672,486,186,550,122,621,621,20,0,570,61431,367,62298.80111212935,519,0,0,0,0,0,564,VEHICLE_805,564,VEHICLE_805,90,0,0,0,0,0,0,0,0
recovery-fresh-fine-day,fresh,12441600,update,6,381,624000,6844800,31,0,2,33,29,4,330,31,31,31,0,0,0,5,33,0,0,0,690,500,190,565,125,637,637,20,0,586,62639,378,63531.63876974024,533,0,0,0,0,0,564,VEHICLE_805,564,VEHICLE_805,0,0,0,0,0,0,0,0,0
recovery-fresh-fine-day,fresh,12441600,update,6,386,636000,6856800,31,0,4,35,31,4,330,30,30,31,0,25,0,5,35,0,0,0,700,506,194,573,127,644,644,21,0,594,63952,386,64860.8826084733,538,0,0,0,0,0,564,VEHICLE_805,564,VEHICLE_805,24,0,0,0,0,0,0,0,0
recovery-fresh-fine-day,fresh,12441600,update,6,391,648000,6868800,33,0,2,35,27,8,329,29,29,33,0,103,0,5,35,0,0,0,722,523,199,589,133,665,665,22,0,613,65242,395,66169.90992759913,557,0,0,0,0,0,564,VEHICLE_805,564,VEHICLE_805,102,0,0,0,0,0,0,0,0
recovery-fresh-fine-day,fresh,12441600,update,6,396,660000,6880800,33,0,1,34,29,5,330,33,33,33,0,0,0,5,34,0,0,0,736,534,202,601,135,680,680,22,0,625,66673,404,67624.87563188095,569,0,0,0,0,0,564,VEHICLE_805,564,VEHICLE_805,0,0,0,0,0,0,0,0,0
recovery-fresh-fine-day,fresh,12441600,update,6,401,672000,6892800,31,0,3,34,29,5,330,31,31,31,0,0,0,5,34,0,0,0,749,542,207,612,137,693,693,22,0,637,68061,413,69035.006515163,581,0,0,0,0,0,564,VEHICLE_805,564,VEHICLE_805,0,0,0,0,0,0,0,0,0
recovery-fresh-fine-day,fresh,12441600,update,6,406,684000,6904800,32,0,1,33,28,5,330,32,32,32,0,0,0,5,33,0,0,0,768,558,210,627,141,711,711,24,0,653,69359,422,70361.55525959842,596,0,0,0,0,0,564,VEHICLE_805,564,VEHICLE_805,0,0,0,0,0,0,0,0,0
recovery-fresh-fine-day,fresh,12441600,update,6,411,696000,6916800,33,0,2,35,28,7,330,33,33,33,0,0,0,5,35,0,0,0,778,565,213,635,143,718,718,25,0,662,70792,430,71807.48114636447,602,0,0,0,0,0,564,VEHICLE_805,564,VEHICLE_805,0,0,0,0,0,0,0,0,0
recovery-fresh-fine-day,fresh,12441600,update,6,416,708000,6928800,26,0,3,29,22,7,330,26,26,26,0,0,0,5,29,0,0,0,790,574,216,644,146,735,735,26,0,671,72050,440,73083.99012201931,616,0,0,0,0,0,564,VEHICLE_805,564,VEHICLE_805,0,0,0,0,0,0,0,0,0
recovery-fresh-fine-day,fresh,12441600,update,6,421,720000,6940800,27,0,1,28,23,5,331,27,27,27,0,0,0,5,28,0,0,0,808,589,219,659,149,754,754,26,0,687,73463,448,74518.00321585126,632,0,0,0,0,0,564,VEHICLE_805,564,VEHICLE_805,0,0,0,0,0,0,0,0,0
recovery-fresh-fine-day,fresh,12441600,update,6,426,732000,6952800,31,0,2,33,27,6,329,31,31,31,0,0,0,5,33,0,0,0,824,601,223,672,152,764,764,27,0,700,74840,453,75911.76314645167,641,0,0,0,0,0,564,VEHICLE_805,564,VEHICLE_805,0,0,0,0,0,0,0,0,0
recovery-fresh-fine-day,fresh,12441600,update,6,431,744000,6964800,31,0,1,32,27,5,330,30,30,31,0,91,0,5,32,0,0,0,837,612,225,684,153,778,778,27,0,713,76221,460,77302.98043456208,654,0,0,0,0,0,564,VEHICLE_805,564,VEHICLE_805,90,0,0,0,0,0,0,0,0
recovery-fresh-fine-day,fresh,12441600,update,6,436,756000,6976800,34,0,1,35,30,5,329,33,33,34,0,0,0,5,35,0,0,0,846,620,226,690,156,784,784,27,0,719,77803,477,78912.97887557931,658,0,0,0,0,0,564,VEHICLE_805,564,VEHICLE_805,0,0,0,0,0,0,0,0,0
recovery-fresh-fine-day,fresh,12441600,update,6,441,768000,6988800,26,0,3,29,25,4,330,26,26,26,0,0,0,5,29,0,0,0,855,625,230,698,157,799,799,27,0,726,79219,488,80349.3578319326,670,0,0,0,0,0,564,VEHICLE_805,564,VEHICLE_805,0,0,0,0,0,0,0,0,0
recovery-fresh-fine-day,fresh,12441600,update,6,446,780000,7000800,32,0,2,34,28,6,330,32,32,32,0,0,0,5,34,0,0,0,874,642,232,713,161,812,812,28,0,743,80604,491,81747.21163272858,681,0,0,0,0,0,564,VEHICLE_805,564,VEHICLE_805,0,0,0,0,0,0,0,0,0
recovery-fresh-fine-day,fresh,12441600,update,6,451,792000,7012800,32,0,3,35,29,6,331,32,32,32,0,0,0,5,35,0,0,0,889,653,236,725,164,826,826,28,0,756,82023,502,83188.72885171557,692,0,0,0,0,0,564,VEHICLE_805,564,VEHICLE_805,0,0,0,0,0,0,0,0,0
recovery-fresh-fine-day,fresh,12441600,update,6,456,804000,7024800,32,0,3,35,29,6,330,31,31,32,0,7,0,5,35,0,0,0,903,663,240,735,168,840,840,28,0,768,83400,512,84582.27768413583,705,0,0,0,0,0,564,VEHICLE_805,564,VEHICLE_805,6,0,0,0,0,0,0,0,0
recovery-fresh-fine-day,fresh,12441600,update,6,461,816000,7036800,23,0,4,27,22,5,330,23,23,23,0,0,0,5,27,0,0,0,914,669,245,744,170,858,858,29,0,777,84724,521,85929.24487439403,721,0,0,0,0,0,564,VEHICLE_805,564,VEHICLE_805,0,0,0,0,0,0,0,0,0
recovery-fresh-fine-day,fresh,12441600,update,6,466,828000,7048800,25,0,3,28,25,3,330,24,24,25,0,55,0,5,28,0,0,0,936,684,252,763,173,878,878,30,0,796,86004,531,87239.62906984286,738,0,0,0,0,0,564,VEHICLE_805,564,VEHICLE_805,54,0,0,0,0,0,0,0,0
recovery-fresh-fine-day,fresh,12441600,update,6,471,840000,7060800,32,0,2,34,28,6,329,31,31,32,0,61,0,5,34,0,0,0,952,698,254,775,177,887,887,31,0,810,87391,536,88643.71867815359,746,0,0,0,0,0,564,VEHICLE_805,564,VEHICLE_805,60,0,0,0,0,0,0,0,0
recovery-fresh-fine-day,fresh,12441600,update,6,476,852000,7072800,29,0,4,33,29,4,329,29,29,29,0,0,0,5,33,0,0,0,964,706,258,785,179,900,900,31,0,820,88682,545,89954.58805778855,757,0,0,0,0,0,564,VEHICLE_805,564,VEHICLE_805,0,0,0,0,0,0,0,0,0
recovery-fresh-fine-day,fresh,12441600,update,6,481,864000,7084800,31,0,4,35,30,5,328,30,30,31,0,0,0,5,35,0,0,0,977,715,262,795,182,910,910,32,0,831,90089,553,91378.50293711713,766,0,0,0,0,0,564,VEHICLE_805,564,VEHICLE_805,0,0,0,0,0,0,0,0,0
recovery-fresh-fine-day,fresh,12441600,update,6,486,876000,7096800,26,0,2,28,24,4,331,26,26,26,0,0,0,5,28,0,0,0,988,724,264,804,184,928,928,32,0,842,91461,561,92769.37219998892,781,0,0,0,0,0,564,VEHICLE_805,564,VEHICLE_805,0,0,0,0,0,0,0,0,0
recovery-fresh-fine-day,fresh,12441600,update,6,491,888000,7108800,28,0,5,33,26,7,328,28,28,28,0,0,0,5,33,0,0,0,1012,740,272,820,192,946,946,33,0,861,92752,569,94084.93990726583,797,0,0,0,0,0,564,VEHICLE_805,564,VEHICLE_805,0,0,0,0,0,0,0,0,0
recovery-fresh-fine-day,fresh,12441600,update,6,496,900000,7120800,28,0,3,31,23,8,330,28,28,28,0,0,0,5,31,0,0,0,1026,750,276,831,195,961,961,34,0,874,94055,577,95402.78654200677,809,0,0,0,0,0,564,VEHICLE_805,564,VEHICLE_805,0,0,0,0,0,0,0,0,0
recovery-fresh-fine-day,fresh,12441600,update,6,501,912000,7132800,29,0,6,35,27,8,329,29,29,29,0,0,0,5,35,0,0,0,1037,755,282,840,197,968,968,34,0,884,95361,585,96722.3662289856,816,0,0,0,0,0,564,VEHICLE_805,564,VEHICLE_805,0,0,0,0,0,0,0,0,0
recovery-fresh-fine-day,fresh,12441600,update,6,506,924000,7144800,26,0,7,33,29,4,329,26,26,26,0,0,0,5,33,0,0,0,1053,764,289,853,200,986,986,34,0,897,96541,591,97918.62323416304,831,0,0,0,0,0,564,VEHICLE_805,564,VEHICLE_805,0,0,0,0,0,0,0,0,0
recovery-fresh-fine-day,fresh,12441600,update,6,511,936000,7156800,28,0,5,33,29,4,329,28,28,28,0,0,0,5,33,0,0,0,1074,778,296,871,203,1006,1006,35,0,916,97665,598,99070.20842643082,849,0,0,0,0,0,564,VEHICLE_805,564,VEHICLE_805,0,0,0,0,0,0,0,0,0
recovery-fresh-fine-day,fresh,12441600,update,6,516,948000,7168800,28,0,3,31,26,5,329,27,27,28,0,109,0,5,31,0,0,0,1083,784,299,878,205,1017,1017,35,0,924,99012,607,100435.47085928824,859,0,0,0,0,0,564,VEHICLE_805,564,VEHICLE_805,108,0,0,0,0,0,0,0,0
recovery-fresh-fine-day,fresh,12441600,update,6,521,960000,7180800,34,0,0,34,31,3,330,34,34,34,0,0,0,5,34,0,0,0,1102,800,302,895,207,1032,1032,36,0,940,100333,618,101782.58641185611,870,0,0,0,0,0,564,VEHICLE_805,564,VEHICLE_805,0,0,0,0,0,0,0,0,0
recovery-fresh-fine-day,fresh,12441600,update,6,526,972000,7192800,34,0,1,35,29,6,329,30,30,34,0,0,0,5,35,0,0,0,1117,814,303,906,211,1046,1046,36,0,953,101755,626,103226.59849773534,883,0,0,0,0,0,564,VEHICLE_805,564,VEHICLE_805,0,0,0,0,0,0,0,0,0
recovery-fresh-fine-day,fresh,12441600,update,6,531,984000,7204800,30,0,1,31,25,6,330,29,29,30,0,67,0,5,31,0,0,0,1127,821,306,913,214,1059,1059,37,0,962,103202,637,104693.4905967582,894,0,0,0,0,0,564,VEHICLE_805,564,VEHICLE_805,66,0,0,0,0,0,0,0,0
recovery-fresh-fine-day,fresh,12441600,update,6,536,996000,7216800,27,0,3,30,26,4,330,27,27,27,0,0,0,5,30,0,0,0,1142,831,311,926,216,1075,1075,37,0,975,104490,644,105997.66726736352,908,0,0,0,0,0,564,VEHICLE_805,564,VEHICLE_805,0,0,0,0,0,0,0,0,0
recovery-fresh-fine-day,fresh,12441600,update,6,541,1008000,7228800,31,0,3,34,28,6,330,30,30,31,0,61,0,5,34,0,0,0,1163,845,318,942,221,1091,1091,38,0,993,105763,653,107292.76450872421,921,0,0,0,0,0,564,VEHICLE_805,564,VEHICLE_805,60,0,0,0,0,0,0,0,0
recovery-fresh-fine-day,fresh,12441600,update,6,546,1020000,7240800,32,0,3,35,28,7,328,31,32,32,0,1,0,5,35,0,0,0,1174,853,321,950,224,1101,1101,38,0,1001,107150,663,108698.1497471286,930,0,0,0,0,0,564,VEHICLE_805,564,VEHICLE_805,0,0,0,0,0,0,0,0,0
recovery-fresh-fine-day,fresh,12441600,update,6,551,1032000,7252800,26,0,2,28,21,7,330,26,26,26,0,0,0,5,28,0,0,0,1187,863,324,960,227,1120,1120,39,0,1012,108522,672,110086.93607361615,945,0,0,0,0,0,564,VEHICLE_805,564,VEHICLE_805,0,0,0,0,0,0,0,0,0
recovery-fresh-fine-day,fresh,12441600,update,6,556,1044000,7264800,31,0,0,31,25,6,329,31,31,31,0,0,0,5,31,0,0,0,1200,874,326,971,229,1129,1129,40,0,1024,109936,679,111522.08665963449,954,0,0,0,0,0,564,VEHICLE_805,564,VEHICLE_805,0,0,0,0,0,0,0,0,0
recovery-fresh-fine-day,fresh,12441600,update,6,561,1056000,7276800,31,0,4,35,31,4,329,30,30,31,0,55,0,5,35,0,0,0,1221,890,331,990,231,1146,1146,40,0,1042,111374,692,112990.83268800285,968,0,0,0,0,0,564,VEHICLE_805,564,VEHICLE_805,54,0,0,0,0,0,0,0,0
recovery-fresh-fine-day,fresh,12441600,update,6,566,1068000,7288800,35,0,0,35,31,4,329,35,35,35,0,0,0,5,35,0,0,0,1228,897,331,996,232,1152,1152,41,0,1048,112867,699,114504.07254810166,973,0,0,0,0,0,564,VEHICLE_805,564,VEHICLE_805,0,0,0,0,0,0,0,0,0
recovery-fresh-fine-day,fresh,12441600,update,6,571,1080000,7300800,35,0,0,35,30,5,331,31,31,35,0,43,0,5,35,0,0,0,1247,915,332,1010,237,1171,1171,41,0,1065,114302,708,115959.20282120071,988,0,0,0,0,0,564,VEHICLE_805,564,VEHICLE_805,42,0,0,0,0,0,0,0,0
recovery-fresh-fine-day,fresh,12441600,update,6,576,1092000,7312800,33,0,0,33,26,7,329,33,33,33,0,0,0,5,33,0,0,0,1255,922,333,1014,241,1180,1180,42,0,1070,115798,719,117475.665679181,996,0,0,0,0,0,564,VEHICLE_805,564,VEHICLE_805,0,0,0,0,0,0,0,0,0
recovery-fresh-fine-day,fresh,12441600,update,6,581,1104000,7324800,30,0,2,32,23,9,329,28,28,30,0,109,0,5,32,0,0,0,1271,933,338,1027,244,1197,1197,42,0,1085,117195,732,118897.45468775649,1012,0,0,0,0,0,564,VEHICLE_805,564,VEHICLE_805,108,0,0,0,0,0,0,0,0
recovery-fresh-fine-day,fresh,12441600,update,6,586,1116000,7336800,31,0,2,33,28,5,330,31,31,31,0,0,0,5,33,0,0,0,1287,947,340,1041,246,1212,1212,42,0,1099,118637,740,120353.88289272692,1024,0,0,0,0,0,564,VEHICLE_805,564,VEHICLE_805,0,0,0,0,0,0,0,0,0
recovery-fresh-fine-day,fresh,12441600,update,6,591,1128000,7348800,32,0,4,36,29,7,329,32,32,32,0,0,0,5,36,0,0,0,1305,960,345,1055,250,1227,1227,42,0,1114,120076,750,121817.32033210061,1037,0,0,0,0,0,564,VEHICLE_805,564,VEHICLE_805,0,0,0,0,0,0,0,0,0
recovery-fresh-fine-day,fresh,12441600,update,6,596,1140000,7360800,28,0,2,30,25,5,330,28,28,28,0,0,0,5,30,0,0,0,1312,965,347,1062,250,1239,1239,43,0,1121,121410,752,123161.21432456002,1048,0,0,0,0,0,564,VEHICLE_805,564,VEHICLE_805,0,0,0,0,0,0,0,0,0
recovery-fresh-fine-day,fresh,12441600,update,6,601,1152000,7372800,34,0,2,36,31,5,329,33,33,34,0,109,0,5,36,0,0,0,1327,977,350,1074,253,1248,1248,43,0,1133,122766,767,124549.16620265972,1055,0,0,0,0,0,564,VEHICLE_805,564,VEHICLE_805,108,0,0,0,0,0,0,0,0
recovery-fresh-fine-day,fresh,12441600,update,6,606,1164000,7384800,30,0,2,32,29,3,331,30,30,30,0,0,0,5,32,0,0,0,1337,984,353,1083,254,1261,1261,44,0,1142,124108,777,125900.44819379412,1065,0,0,0,0,0,564,VEHICLE_805,564,VEHICLE_805,0,0,0,0,0,0,0,0,0
recovery-fresh-fine-day,fresh,12441600,update,6,611,1176000,7396800,23,0,6,29,26,3,330,23,23,23,0,0,0,5,29,0,0,0,1353,993,360,1096,257,1280,1280,44,0,1156,125261,783,127069.77436478902,1083,0,0,0,0,0,564,VEHICLE_805,564,VEHICLE_805,0,0,0,0,0,0,0,0,0
recovery-fresh-fine-day,fresh,12441600,update,6,616,1188000,7408800,30,0,5,35,30,5,330,28,28,30,0,0,0,5,35,0,0,0,1369,1005,364,1109,260,1290,1290,44,0,1170,126439,791,128268.32683772035,1091,0,0,0,0,0,564,VEHICLE_805,564,VEHICLE_805,0,0,0,0,0,0,0,0,0
recovery-fresh-fine-day,fresh,12441600,update,6,621,1200000,7420800,30,0,2,32,28,4,330,30,30,30,0,0,0,5,32,0,0,0,1383,1016,367,1121,262,1306,1306,45,0,1181,127697,798,129546.18536466733,1104,0,0,0,0,0,564,VEHICLE_805,564,VEHICLE_805,0,0,0,0,0,0,0,0,0
recovery-fresh-fine-day,fresh,12441600,update,6,626,1212000,7432800,28,0,2,30,26,4,330,27,27,28,0,61,0,5,30,0,0,0,1397,1024,373,1134,263,1319,1319,48,0,1194,129123,811,130992.79256987851,1116,0,0,0,0,0,564,VEHICLE_805,564,VEHICLE_805,60,0,0,0,0,0,0,0,0
recovery-fresh-fine-day,fresh,12441600,update,6,631,1224000,7444800,30,0,1,31,28,3,330,28,28,30,0,109,0,5,31,0,0,0,1416,1040,376,1150,266,1336,1336,49,0,1210,130409,818,132305.2504541222,1130,0,0,0,0,0,564,VEHICLE_805,564,VEHICLE_805,108,0,0,0,0,0,0,0,0
recovery-fresh-fine-day,fresh,12441600,update,6,636,1236000,7456800,32,0,3,35,31,4,330,31,31,32,0,25,0,5,35,0,0,0,1430,1050,380,1162,268,1345,1345,50,0,1222,131857,831,133781.3159561674,1137,0,0,0,0,0,564,VEHICLE_805,564,VEHICLE_805,24,0,0,0,0,0,0,0,0
recovery-fresh-fine-day,fresh,12441600,update,6,641,1248000,7468800,28,0,1,29,24,5,330,28,28,28,0,0,0,5,29,0,0,0,1440,1060,380,1169,271,1360,1360,51,0,1231,133256,840,135196.37582585728,1151,0,0,0,0,0,564,VEHICLE_805,564,VEHICLE_805,0,0,0,0,0,0,0,0,0
recovery-fresh-fine-day,fresh,12441600,update,6,646,1260000,7480800,28,0,4,32,26,6,329,28,28,28,0,0,0,5,32,0,0,0,1455,1070,385,1181,274,1372,1372,51,0,1243,134513,844,136472.58831603685,1161,0,0,0,0,0,564,VEHICLE_805,564,VEHICLE_805,0,0,0,0,0,0,0,0,0
recovery-fresh-fine-day,fresh,12441600,update,6,651,1272000,7492800,29,0,5,34,28,6,331,29,29,29,0,0,0,5,34,0,0,0,1476,1084,392,1199,277,1390,1390,52,0,1263,135746,858,137731.85085874284,1176,0,0,0,0,0,564,VEHICLE_805,564,VEHICLE_805,0,0,0,0,0,0,0,0,0
recovery-fresh-fine-day,fresh,12441600,update,6,656,1284000,7504800,32,0,3,35,31,4,331,32,32,32,0,0,0,5,35,0,0,0,1490,1096,394,1211,279,1403,1403,52,0,1276,137141,862,139141.883516951,1188,0,0,0,0,0,564,VEHICLE_805,564,VEHICLE_805,0,0,0,0,0,0,0,0,0
recovery-fresh-fine-day,fresh,12441600,update,6,661,1296000,7516800,32,0,3,35,32,3,331,30,30,32,0,0,0,5,35,0,0,0,1501,1104,397,1220,281,1414,1414,52,0,1284,138455,873,140474.43425467098,1196,0,0,0,0,0,564,VEHICLE_805,564,VEHICLE_805,0,0,0,0,0,0,0,0,0
recovery-fresh-fine-day,fresh,12441600,update,6,666,1308000,7528800,30,0,2,32,27,5,331,30,30,30,0,0,0,5,32,0,0,0,1512,1112,400,1228,284,1427,1427,53,0,1293,139732,879,141767.83124516392,1207,0,0,0,0,0,564,VEHICLE_805,564,VEHICLE_805,0,0,0,0,0,0,0,0,0
recovery-fresh-fine-day,fresh,12441600,update,6,671,1320000,7540800,33,0,0,33,27,6,331,33,33,33,0,0,0,5,33,0,0,0,1526,1126,400,1238,288,1440,1440,53,0,1305,141176,887,143236.4009166602,1218,0,0,0,0,0,564,VEHICLE_805,564,VEHICLE_805,0,0,0,0,0,0,0,0,0
recovery-fresh-fine-day,fresh,12441600,update,6,676,1332000,7552800,29,0,6,35,28,7,331,29,29,29,0,0,0,5,35,0,0,0,1541,1134,407,1250,291,1452,1452,54,0,1317,142555,898,144635.5841564089,1227,0,0,0,0,0,564,VEHICLE_805,564,VEHICLE_805,0,0,0,0,0,0,0,0,0
recovery-fresh-fine-day,fresh,12441600,update,6,681,1344000,7564800,31,0,4,35,30,5,332,29,29,31,0,103,0,5,35,0,0,0,1553,1143,410,1261,292,1463,1463,55,0,1328,143813,903,145907.83796108793,1236,0,0,0,0,0,564,VEHICLE_805,564,VEHICLE_805,102,0,0,0,0,0,0,0,0
recovery-fresh-fine-day,fresh,12441600,update,6,686,1356000,7576800,27,0,4,31,25,6,330,26,26,27,0,91,0,5,31,0,0,0,1569,1155,414,1273,296,1482,1482,56,0,1340,145044,909,147158.87624959275,1253,0,0,0,0,0,564,VEHICLE_805,564,VEHICLE_805,90,0,0,0,0,0,0,0,0
recovery-fresh-fine-day,fresh,12441600,update,6,691,1368000,7588800,31,0,1,32,30,2,332,30,30,31,0,19,0,5,32,0,0,0,1584,1166,418,1287,297,1495,1495,57,0,1354,146316,915,148448.96449553315,1263,0,0,0,0,0,564,VEHICLE_805,564,VEHICLE_805,18,0,0,0,0,0,0,0,0
recovery-fresh-fine-day,fresh,12441600,update,6,696,1380000,7600800,32,0,3,35,31,4,330,32,32,32,0,0,0,5,35,0,0,0,1596,1174,422,1297,299,1504,1504,57,0,1364,147733,928,149886.57793579716,1272,0,0,0,0,0,564,VEHICLE_805,564,VEHICLE_805,0,0,0,0,0,0,0,0,0
recovery-fresh-fine-day,fresh,12441600,update,6,701,1392000,7612800,28,0,4,32,27,5,330,28,28,28,0,0,0,5,32,0,0,0,1612,1186,426,1310,302,1522,1522,58,0,1378,148984,936,151157.30867447425,1288,0,0,0,0,0,564,VEHICLE_805,564,VEHICLE_805,0,0,0,0,0,0,0,0,0
recovery-fresh-fine-day,fresh,12441600,update,6,706,1404000,7624800,33,0,3,36,32,4,331,33,33,33,0,0,0,5,36,0,0,0,1628,1199,429,1324,304,1534,1534,58,0,1393,150215,941,152405.4710032288,1298,0,0,0,0,0,564,VEHICLE_805,564,VEHICLE_805,0,0,0,0,0,0,0,0,0
recovery-fresh-fine-day,fresh,12441600,update,6,711,1416000,7636800,32,0,0,32,28,4,331,32,32,32,0,0,0,5,32,0,0,0,1635,1206,429,1329,306,1545,1545,58,0,1398,151649,954,153858.4936639564,1307,0,0,0,0,0,564,VEHICLE_805,564,VEHICLE_805,0,0,0,0,0,0,0,0,0
recovery-fresh-fine-day,fresh,12441600,update,6,716,1428000,7648800,30,0,6,36,32,4,331,28,28,30,0,73,0,5,36,0,0,0,1654,1217,437,1347,307,1560,1560,58,0,1416,152967,961,155199.22961474722,1321,0,0,0,0,0,564,VEHICLE_805,564,VEHICLE_805,72,0,0,0,0,0,0,0,0
recovery-fresh-fine-day,fresh,12441600,update,6,721,1440000,7660800,35,0,1,36,32,4,331,35,35,35,0,0,0,5,36,0,0,0,1671,1232,439,1361,310,1576,1576,59,0,1430,154225,972,156482.4830797552,1334,0,0,0,0,0,564,VEHICLE_805,564,VEHICLE_805,0,0,0,0,0,0,0,0,0
recovery-fresh-fine-day,fresh,12441600,update,6,726,1452000,7672800,34,0,0,34,30,4,332,34,34,34,0,0,0,5,34,0,0,0,1684,1245,439,1372,312,1591,1591,59,0,1442,155621,978,157907.44702100055,1347,0,0,0,0,0,564,VEHICLE_805,564,VEHICLE_805,0,0,0,0,0,0,0,0,0
recovery-fresh-fine-day,fresh,12441600,update,6,731,1464000,7684800,31,0,1,32,26,6,330,31,31,31,0,0,0,5,32,0,0,0,1691,1251,440,1375,316,1600,1600,59,0,1445,157109,990,159414.12529543368,1354,0,0,0,0,0,564,VEHICLE_805,564,VEHICLE_805,0,0,0,0,0,0,0,0,0
recovery-fresh-fine-day,fresh,12441600,update,6,736,1476000,7696800,30,0,5,35,29,6,330,30,30,30,0,0,0,5,35,0,0,0,1708,1260,448,1389,319,1613,1613,60,0,1462,158504,996,160821.89286101284,1367,0,0,0,0,0,564,VEHICLE_805,564,VEHICLE_805,0,0,0,0,0,0,0,0,0
recovery-fresh-fine-day,fresh,12441600,update,6,741,1488000,7708800,30,0,4,34,30,4,331,30,30,30,0,0,0,5,34,0,0,0,1724,1271,453,1402,322,1630,1630,60,0,1476,159757,1005,162095.147815187,1381,0,0,0,0,0,564,VEHICLE_805,564,VEHICLE_805,0,0,0,0,0,0,0,0,0
recovery-fresh-fine-day,fresh,12441600,update,6,746,1500000,7720800,33,0,2,35,29,6,330,32,32,33,0,13,0,5,35,0,0,0,1740,1284,456,1413,327,1643,1643,62,0,1488,161055,1011,163413.94725466566,1391,0,0,0,0,0,564,VEHICLE_805,564,VEHICLE_805,12,0,0,0,0,0,0,0,0
recovery-fresh-fine-day,fresh,12441600,update,6,751,1512000,7732800,33,0,2,35,27,8,331,29,29,33,0,0,0,5,35,0,0,0,1753,1295,458,1423,330,1654,1654,64,0,1500,162406,1023,164785.51155395294,1400,0,0,0,0,0,564,VEHICLE_805,564,VEHICLE_805,0,0,0,0,0,0,0,0,0
recovery-fresh-fine-day,fresh,12441600,update,6,756,1524000,7744800,30,0,3,33,30,3,331,30,30,30,0,0,0,5,33,0,0,0,1764,1303,461,1433,331,1667,1667,64,0,1509,163841,1029,166242.64347415464,1411,0,0,0,0,0,564,VEHICLE_805,564,VEHICLE_805,0,0,0,0,0,0,0,0,0
recovery-fresh-fine-day,fresh,12441600,update,6,761,1536000,7756800,31,0,3,34,30,4,330,31,31,31,0,0,0,5,34,0,0,0,1779,1314,465,1444,335,1680,1680,65,0,1522,165146,1040,167573.37683698395,1423,0,0,0,0,0,564,VEHICLE_805,564,VEHICLE_805,0,0,0,0,0,0,0,0,0
recovery-fresh-fine-day,fresh,12441600,update,6,766,1548000,7768800,29,0,4,33,28,5,330,29,29,29,0,0,0,5,33,0,0,0,1793,1322,471,1456,337,1695,1695,65,0,1534,166476,1048,168923.287331359,1436,0,0,0,0,0,564,VEHICLE_805,564,VEHICLE_805,0,0,0,0,0,0,0,0,0
recovery-fresh-fine-day,fresh,12441600,update,6,771,1560000,7780800,33,0,0,33,28,5,330,33,33,33,0,0,0,5,33,0,0,0,1809,1335,474,1468,341,1710,1710,66,0,1547,167774,1057,170238.73684999952,1448,0,0,0,0,0,564,VEHICLE_805,564,VEHICLE_805,0,0,0,0,0,0,0,0,0
recovery-fresh-fine-day,fresh,12441600,update,6,776,1572000,7792800,28,0,0,28,24,4,330,27,27,28,0,13,0,5,28,0,0,0,1821,1345,476,1478,343,1726,1726,67,0,1556,169118,1064,171593.80047214264,1461,0,0,0,0,0,564,VEHICLE_805,564,VEHICLE_805,12,0,0,0,0,0,0,0,0
recovery-fresh-fine-day,fresh,12441600,update,6,781,1584000,7804800,26,0,3,29,23,6,330,26,26,26,0,0,0,5,29,0,0,0,1835,1355,480,1488,347,1738,1738,68,0,1569,170450,1072,172948.3548448584,1472,0,0,0,0,0,564,VEHICLE_805,564,VEHICLE_805,0,0,0,0,0,0,0,0,0
recovery-fresh-fine-day,fresh,12441600,update,6,786,1596000,7816800,27,0,2,29,22,7,331,27,27,27,0,0,0,5,29,0,0,0,1855,1369,486,1502,353,1757,1757,69,0,1586,171564,1080,174082.6434764308,1487,0,0,0,0,0,564,VEHICLE_805,564,VEHICLE_805,0,0,0,0,0,0,0,0,0
recovery-fresh-fine-day,fresh,12441600,update,6,791,1608000,7828800,32,0,2,34,28,6,331,31,31,32,0,139,0,5,34,0,0,0,1868,1379,489,1514,354,1764,1764,70,0,1598,172813,1091,175351.2886116719,1493,0,0,0,0,0,564,VEHICLE_805,564,VEHICLE_805,138,0,0,0,0,0,0,0,0
recovery-fresh-fine-day,fresh,12441600,update,6,796,1620000,7840800,30,0,3,33,27,6,331,29,29,30,0,0,0,5,33,0,0,0,1880,1388,492,1524,356,1777,1777,70,0,1609,174102,1099,176661.0248525394,1505,0,0,0,0,0,564,VEHICLE_805,564,VEHICLE_805,0,0,0,0,0,0,0,0,0
recovery-fresh-fine-day,fresh,12441600,update,6,801,1632000,7852800,27,0,0,27,20,7,330,26,26,27,0,115,0,5,27,0,0,0,1892,1397,495,1532,360,1794,1794,71,0,1617,175360,1103,177929.9501826195,1519,0,0,0,0,0,564,VEHICLE_805,564,VEHICLE_805,114,0,0,0,0,0,0,0,0
recovery-fresh-fine-day,fresh,12441600,update,6,806,1644000,7864800,29,0,2,31,26,5,331,29,29,29,0,0,0,5,31,0,0,0,1908,1410,498,1546,362,1805,1805,72,0,1632,176653,1111,179245.75574226305,1528,0,0,0,0,0,564,VEHICLE_805,564,VEHICLE_805,0,0,0,0,0,0,0,0,0
recovery-fresh-fine-day,fresh,12441600,update,6,811,1656000,7876800,30,0,4,34,28,6,329,30,30,30,0,0,0,5,34,0,0,0,1924,1419,505,1558,366,1818,1818,72,0,1644,178011,1121,180621.6961966036,1539,0,0,0,0,0,564,VEHICLE_805,564,VEHICLE_805,0,0,0,0,0,0,0,0,0
recovery-fresh-fine-day,fresh,12441600,update,6,816,1668000,7888800,31,0,4,35,31,4,330,31,31,31,0,0,0,5,35,0,0,0,1937,1427,510,1570,367,1829,1829,73,0,1656,179354,1127,181980.1847546911,1548,0,0,0,0,0,564,VEHICLE_805,564,VEHICLE_805,0,0,0,0,0,0,0,0,0
recovery-fresh-fine-day,fresh,12441600,update,6,821,1680000,7900800,29,0,5,34,29,5,330,28,28,29,0,91,0,5,34,0,0,0,1949,1436,513,1579,370,1842,1842,73,0,1666,180621,1137,183269.72704743873,1559,0,0,0,0,0,564,VEHICLE_805,564,VEHICLE_805,90,0,0,0,0,0,0,0,0
recovery-fresh-fine-day,fresh,12441600,update,6,826,1692000,7912800,29,0,5,34,31,3,331,29,29,29,0,0,0,5,34,0,0,0,1967,1449,518,1594,373,1860,1860,73,0,1682,181973,1142,184638.41476293188,1574,0,0,0,0,0,564,VEHICLE_805,564,VEHICLE_805,0,0,0,0,0,0,0,0,0
recovery-fresh-fine-day,fresh,12441600,update,6,831,1704000,7924800,28,0,2,30,26,4,330,28,28,28,0,0,0,5,30,0,0,0,1982,1460,522,1606,376,1878,1878,74,0,1694,183255,1151,185941.643350075,1590,0,0,0,0,0,564,VEHICLE_805,564,VEHICLE_805,0,0,0,0,0,0,0,0,0
recovery-fresh-fine-day,fresh,12441600,update,6,836,1716000,7936800,27,0,1,28,26,2,331,27,27,27,0,0,0,5,28,0,0,0,1995,1472,523,1618,377,1892,1892,75,0,1706,184482,1158,187186.63293606043,1602,0,0,0,0,0,564,VEHICLE_805,564,VEHICLE_805,0,0,0,0,0,0,0,0,0
recovery-fresh-fine-day,fresh,12441600,update,6,841,1728000,7948800,34,0,0,34,30,4,330,27,26,34,0,109,0,5,34,0,0,0,2013,1486,527,1632,381,1903,1903,76,0,1720,185835,1167,188561.3071611235,1610,0,0,0,0,0,564,VEHICLE_805,564,VEHICLE_805,108,0,0,0,0,0,0,0,0
recovery-fresh-fine-day,fresh,12441600,update,6,846,1740000,7960800,29,0,3,32,28,4,330,29,29,29,0,0,0,5,32,0,0,0,2020,1490,530,1639,381,1912,1912,76,0,1727,187267,1176,190011.3513534339,1619,0,0,0,0,0,564,VEHICLE_805,564,VEHICLE_805,0,0,0,0,0,0,0,0,0
recovery-fresh-fine-day,fresh,12441600,update,6,851,1752000,7972800,31,0,1,32,28,4,330,31,31,31,0,0,0,5,32,0,0,0,2036,1504,532,1652,384,1928,1928,76,0,1740,188594,1185,191355.59524550196,1632,0,0,0,0,0,564,VEHICLE_805,564,VEHICLE_805,0,0,0,0,0,0,0,0,0
recovery-fresh-fine-day,fresh,12441600,update,6,856,1764000,7984800,34,0,0,34,29,5,331,34,34,34,0,0,0,5,34,0,0,0,2052,1518,534,1666,386,1942,1942,76,0,1755,189919,1194,192707.00258725602,1644,0,0,0,0,0,564,VEHICLE_805,564,VEHICLE_805,0,0,0,0,0,0,0,0,0
recovery-fresh-fine-day,fresh,12441600,update,6,861,1776000,7996800,30,0,4,34,31,3,331,30,30,30,0,0,0,5,34,0,0,0,2067,1526,541,1679,388,1956,1956,77,0,1768,191279,1203,194083.89125843905,1656,0,0,0,0,0,564,VEHICLE_805,564,VEHICLE_805,0,0,0,0,0,0,0,0,0
recovery-fresh-fine-day,fresh,12441600,update,6,866,1788000,8008800,24,0,1,25,21,4,331,23,23,24,0,115,0,5,25,0,0,0,2078,1536,542,1687,391,1976,1976,77,0,1777,192509,1209,195330.591099767,1674,0,0,0,0,0,564,VEHICLE_805,564,VEHICLE_805,114,0,0,0,0,0,0,0,0
recovery-fresh-fine-day,fresh,12441600,update,6,871,1800000,8020800,32,0,1,33,26,7,330,31,31,32,0,109,0,5,33,0,0,0,2098,1551,547,1701,397,1988,1988,77,0,1795,193786,1218,196633.76055794302,1685,0,0,0,0,0,564,VEHICLE_805,564,VEHICLE_805,108,0,0,0,0,0,0,0,0
recovery-fresh-fine-day,fresh,12441600,update,6,876,1812000,8032800,32,0,3,35,27,8,331,32,32,32,0,0,0,5,35,0,0,0,2109,1557,552,1709,400,1997,1997,77,0,1804,195206,1229,198070.91530423518,1691,0,0,0,0,0,564,VEHICLE_805,564,VEHICLE_805,0,0,0,0,0,0,0,0,0
recovery-fresh-fine-day,fresh,12441600,update,6,881,1824000,8044800,32,0,1,33,27,6,331,31,31,32,0,31,0,5,33,0,0,0,2124,1570,554,1722,402,2013,2013,78,0,1817,196521,1238,199411.9825177407,1705,0,0,0,0,0,564,VEHICLE_805,564,VEHICLE_805,30,0,0,0,0,0,0,0,0
recovery-fresh-fine-day,fresh,12441600,update,6,886,1836000,8056800,30,0,2,32,28,4,330,27,27,30,0,0,0,5,32,0,0,0,2138,1580,558,1733,405,2028,2028,78,0,1830,197917,1246,200822.25325299334,1720,0,0,0,0,0,564,VEHICLE_805,564,VEHICLE_805,0,0,0,0,0,0,0,0,0
recovery-fresh-fine-day,fresh,12441600,update,6,891,1848000,8068800,29,0,3,32,27,5,330,28,27,29,0,7,0,5,32,0,0,0,2151,1588,563,1742,409,2040,2040,79,0,1839,199228,1255,202158.65731844073,1728,0,0,0,0,0,564,VEHICLE_805,564,VEHICLE_805,252,0,0,0,0,0,0,0,0
recovery-fresh-fine-day,fresh,12441600,update,6,896,1860000,8080800,23,0,3,26,22,4,331,23,22,23,0,0,0,5,26,0,0,0,2165,1596,569,1754,411,2060,2060,79,0,1852,200429,1265,203380.74781940551,1746,0,0,0,0,0,564,VEHICLE_805,564,VEHICLE_805,120,0,0,0,0,0,0,0,0
recovery-fresh-fine-day,fresh,12441600,update,6,901,1872000,8092800,25,0,5,30,28,2,330,24,24,25,0,67,0,5,30,0,0,0,2182,1608,574,1769,413,2073,2073,79,0,1866,201503,1269,204469.00385278137,1757,0,0,0,0,0,564,VEHICLE_805,564,VEHICLE_805,66,0,0,0,0,0,0,0,0
recovery-fresh-fine-day,fresh,12441600,update,6,906,1884000,8104800,33,0,2,35,30,5,330,33,33,33,0,0,0,5,35,0,0,0,2200,1622,578,1784,416,2085,2085,80,0,1883,202746,1278,205732.22568989778,1768,0,0,0,0,0,564,VEHICLE_805,564,VEHICLE_805,0,0,0,0,0,0,0,0,0
recovery-fresh-fine-day,fresh,12441600,update,6,911,1896000,8116800,29,0,3,32,28,4,331,28,28,29,0,25,0,5,32,0,0,0,2215,1633,582,1796,419,2103,2103,80,0,1895,204233,1288,207241.21921002725,1782,0,0,0,0,0,564,VEHICLE_805,564,VEHICLE_805,24,0,0,0,0,0,0,0,0
recovery-fresh-fine-day,fresh,12441600,update,6,916,1908000,8128800,30,0,2,32,27,5,331,30,29,30,0,0,0,5,32,0,0,0,2224,1641,583,1803,421,2112,2112,80,0,1903,205746,1294,208766.1440314348,1790,0,0,0,0,0,564,VEHICLE_805,564,VEHICLE_805,156,0,0,0,0,0,0,0,0
recovery-fresh-fine-day,fresh,12441600,update,6,921,1920000,8140800,30,0,0,30,25,5,330,30,30,30,0,0,0,5,30,0,0,0,2240,1656,584,1815,425,2129,2129,81,0,1916,207147,1303,210194.2800438446,1805,0,0,0,0,0,564,VEHICLE_805,564,VEHICLE_805,0,0,0,0,0,0,0,0,0
recovery-fresh-fine-day,fresh,12441600,update,6,926,1932000,8152800,33,0,1,34,28,6,330,33,33,33,0,0,0,5,34,0,0,0,2252,1666,586,1825,427,2137,2137,81,0,1926,208600,1312,211660.10609923396,1811,0,0,0,0,0,564,VEHICLE_805,564,VEHICLE_805,0,0,0,0,0,0,0,0,0
recovery-fresh-fine-day,fresh,12441600,update,6,931,1944000,8164800,32,0,2,34,27,7,331,29,29,32,0,0,0,5,34,0,0,0,2265,1676,589,1834,431,2150,2150,81,0,1938,210033,1324,213123.05416203476,1822,0,0,0,0,0,564,VEHICLE_805,564,VEHICLE_805,0,0,0,0,0,0,0,0,0
recovery-fresh-fine-day,fresh,12441600,update,6,936,1956000,8176800,32,0,0,32,25,7,329,31,31,32,0,13,0,5,32,0,0,0,2278,1688,590,1844,434,2164,2164,82,0,1947,211377,1331,214494.65683209337,1834,0,0,0,0,0,564,VEHICLE_805,564,VEHICLE_805,12,0,0,0,0,0,0,0,0
recovery-fresh-fine-day,fresh,12441600,update,6,941,1968000,8188800,32,0,1,33,27,6,331,31,31,32,0,67,0,5,33,0,0,0,2290,1699,591,1853,437,2175,2175,82,0,1958,212763,1342,215898.00274765026,1842,0,0,0,0,0,564,VEHICLE_805,564,VEHICLE_805,66,0,0,0,0,0,0,0,0
recovery-fresh-fine-day,fresh,12441600,update,6,946,1980000,8200800,32,0,3,35,28,7,329,29,29,32,0,97,0,5,35,0,0,0,2304,1709,595,1862,442,2187,2187,82,0,1969,214069,1346,217219.12689637858,1853,0,0,0,0,0,564,VEHICLE_805,564,VEHICLE_805,96,0,0,0,0,0,0,0,0
recovery-fresh-fine-day,fresh,12441600,update,6,951,1992000,8212800,31,0,3,34,27,7,330,30,30,31,0,229,0,5,34,0,0,0,2318,1720,598,1873,445,2202,2202,82,0,1981,215500,1353,218665.1510006627,1865,0,0,0,0,0,564,VEHICLE_805,564,VEHICLE_805,228,0,0,0,0,0,0,0,0
recovery-fresh-fine-day,fresh,12441600,update,6,956,2004000,8224800,28,0,2,30,24,6,330,27,27,28,0,115,0,5,30,0,0,0,2324,1724,600,1878,446,2211,2211,83,0,1986,216939,1365,220118.4517734144,1873,0,0,0,0,0,564,VEHICLE_805,564,VEHICLE_805,114,0,0,0,0,0,0,0,0
recovery-fresh-fine-day,fresh,12441600,update,6,961,2016000,8236800,33,0,1,34,23,11,328,32,32,33,0,61,0,5,34,0,0,0,2339,1737,602,1886,453,2221,2221,84,0,1997,218385,1373,221588.24579684855,1881,0,0,0,0,0,564,VEHICLE_805,564,VEHICLE_805,60,0,0,0,0,0,0,0,0
recovery-fresh-fine-day,fresh,12441600,update,6,966,2028000,8248800,32,0,3,35,26,9,327,28,28,32,0,115,0,5,35,0,0,0,2352,1747,605,1896,456,2233,2233,84,0,2008,219861,1381,223081.60908679897,1892,0,0,0,0,0,564,VEHICLE_805,564,VEHICLE_805,114,0,0,0,0,0,0,0,0
recovery-fresh-fine-day,fresh,12441600,update,6,971,2040000,8260800,34,0,1,35,27,8,328,34,34,34,0,0,0,5,35,0,0,0,2368,1761,607,1909,459,2248,2248,85,0,2021,221256,1388,224491.11427939078,1903,0,0,0,0,0,564,VEHICLE_805,564,VEHICLE_805,0,0,0,0,0,0,0,0,0
recovery-fresh-fine-day,fresh,12441600,update,6,976,2052000,8272800,31,0,1,32,27,5,328,27,27,31,0,43,0,5,32,0,0,0,2376,1767,609,1915,461,2258,2258,86,0,2028,222680,1398,225930.3382059564,1912,0,0,0,0,0,564,VEHICLE_805,564,VEHICLE_805,42,0,0,0,0,0,0,0,0
recovery-fresh-fine-day,fresh,12441600,update,6,981,2064000,8284800,31,0,1,32,26,6,328,30,30,31,0,115,0,5,32,0,0,0,2390,1780,610,1925,465,2272,2272,86,0,2040,224083,1405,227355.15696982061,1924,0,0,0,0,0,564,VEHICLE_805,564,VEHICLE_805,114,0,0,0,0,0,0,0,0
recovery-fresh-fine-day,fresh,12441600,update,6,986,2076000,8296800,30,0,3,33,27,6,327,29,29,30,0,49,0,5,33,0,0,0,2406,1792,614,1938,468,2287,2287,86,0,2053,225508,1415,228799.88728526002,1937,0,0,0,0,0,564,VEHICLE_805,564,VEHICLE_805,48,0,0,0,0,0,0,0,0
recovery-fresh-fine-day,fresh,12441600,update,6,991,2088000,8308800,27,0,5,32,26,6,328,27,27,27,0,0,0,5,32,0,0,0,2422,1800,622,1951,471,2303,2303,87,0,2068,226726,1422,230039.28784189606,1951,0,0,0,0,0,564,VEHICLE_805,564,VEHICLE_805,0,0,0,0,0,0,0,0,0
recovery-fresh-fine-day,fresh,12441600,update,6,996,2100000,8320800,29,0,2,31,24,7,329,29,29,29,0,0,0,5,31,0,0,0,2433,1808,625,1959,474,2315,2315,87,0,2077,227991,1432,231320.39853825746,1960,0,0,0,0,0,564,VEHICLE_805,564,VEHICLE_805,0,0,0,0,0,0,0,0,0
recovery-fresh-fine-day,fresh,12441600,update,6,1001,2112000,8332800,24,0,1,25,20,5,328,24,24,24,0,0,0,5,25,0,0,0,2446,1818,628,1971,475,2333,2333,88,0,2088,229206,1435,232547.08126381645,1977,0,0,0,0,0,564,VEHICLE_805,564,VEHICLE_805,0,0,0,0,0,0,0,0,0
recovery-fresh-fine-day,fresh,12441600,update,6,1006,2124000,8344800,30,0,1,31,26,5,328,30,30,30,0,0,0,5,31,0,0,0,2460,1831,629,1983,477,2341,2341,88,0,2100,230432,1444,233795.38436248293,1983,0,0,0,0,0,564,VEHICLE_805,564,VEHICLE_805,0,0,0,0,0,0,0,0,0
recovery-fresh-fine-day,fresh,12441600,update,6,1011,2136000,8356800,29,0,3,32,27,5,329,29,29,29,0,0,0,5,32,0,0,0,2473,1841,632,1994,479,2353,2353,88,0,2111,231762,1452,235143.156771285,1992,0,0,0,0,0,564,VEHICLE_805,564,VEHICLE_805,0,0,0,0,0,0,0,0,0
recovery-fresh-fine-day,fresh,12441600,update,6,1016,2148000,8368800,25,0,3,28,25,3,330,25,25,25,0,0,0,5,28,0,0,0,2482,1845,637,2002,480,2365,2365,89,0,2118,233042,1464,236438.87912670104,2001,0,0,0,0,0,564,VEHICLE_805,564,VEHICLE_805,0,0,0,0,0,0,0,0,0
recovery-fresh-fine-day,fresh,12441600,update,6,1021,2160000,8380800,28,0,2,30,24,6,329,22,22,28,0,55,0,5,30,0,0,0,2496,1857,639,2012,484,2377,2377,89,0,2130,234211,1467,237620.07770152157,2012,0,0,0,0,0,564,VEHICLE_805,564,VEHICLE_805,54,0,0,0,0,0,0,0,0
recovery-fresh-fine-day,fresh,12441600,update,6,1026,2172000,8392800,25,0,1,26,22,4,330,24,24,25,0,109,0,5,26,0,0,0,2506,1866,640,2020,486,2391,2391,89,0,2138,235539,1475,238969.99063538434,2023,0,0,0,0,0,564,VEHICLE_805,564,VEHICLE_805,108,0,0,0,0,0,0,0,0
recovery-fresh-fine-day,fresh,12441600,update,6,1031,2184000,8404800,28,0,3,31,22,9,329,26,26,28,0,361,0,5,31,0,0,0,2518,1875,643,2026,492,2398,2398,89,0,2148,236770,1484,240217.33073170716,2029,0,0,0,0,0,564,VEHICLE_805,564,VEHICLE_805,360,0,0,0,0,0,0,0,0
recovery-fresh-fine-day,fresh,12441600,update,6,1036,2196000,8416800,26,0,3,29,22,7,328,26,26,26,0,0,0,5,29,0,0,0,2534,1887,647,2040,494,2416,2416,89,0,2161,238055,1493,241518.1799931922,2045,0,0,0,0,0,564,VEHICLE_805,564,VEHICLE_805,0,0,0,0,0,0,0,0,0
recovery-fresh-fine-day,fresh,12441600,update,6,1041,2208000,8428800,29,0,2,31,25,6,330,28,28,29,0,49,0,5,31,0,0,0,2549,1900,649,2052,497,2428,2428,90,0,2174,239297,1500,242782.29474520823,2053,0,0,0,0,0,564,VEHICLE_805,564,VEHICLE_805,48,0,0,0,0,0,0,0,0
recovery-fresh-fine-day,fresh,12441600,update,6,1046,2220000,8440800,28,0,1,29,23,6,328,27,27,28,0,19,0,5,29,0,0,0,2560,1910,650,2058,502,2440,2440,91,0,2181,240589,1505,244083.5472408603,2063,0,0,0,0,0,564,VEHICLE_805,564,VEHICLE_805,18,0,0,0,0,0,0,0,0
recovery-fresh-fine-day,fresh,12441600,update,6,1051,2232000,8452800,29,0,1,30,24,6,329,29,29,29,0,0,0,5,30,0,0,0,2572,1920,652,2068,504,2451,2451,91,0,2192,241913,1513,245428.11426299252,2072,0,0,0,0,0,564,VEHICLE_805,564,VEHICLE_805,0,0,0,0,0,0,0,0,0
recovery-fresh-fine-day,fresh,12441600,update,6,1056,2244000,8464800,30,0,3,33,27,6,328,29,29,30,0,43,0,5,33,0,0,0,2587,1929,658,2081,506,2462,2462,92,0,2203,243252,1522,246786.31385273393,2080,0,0,0,0,0,564,VEHICLE_805,564,VEHICLE_805,42,0,0,0,0,0,0,0,0
recovery-fresh-fine-day,fresh,12441600,update,6,1061,2256000,8476800,29,0,3,32,28,4,329,29,29,29,0,0,0,5,32,0,0,0,2601,1939,662,2094,507,2476,2476,93,0,2216,244501,1531,248049.00859415764,2092,0,0,0,0,0,564,VEHICLE_805,564,VEHICLE_805,0,0,0,0,0,0,0,0,0
recovery-fresh-fine-day,fresh,12441600,update,6,1066,2268000,8488800,29,0,2,31,24,7,329,27,27,29,0,0,0,5,31,0,0,0,2617,1952,665,2103,514,2493,2493,93,0,2229,245789,1537,249353.37918019434,2106,0,0,0,0,0,564,VEHICLE_805,564,VEHICLE_805,0,0,0,0,0,0,0,0,0
recovery-fresh-fine-day,fresh,12441600,update,6,1071,2280000,8500800,26,0,0,26,23,3,329,25,25,26,0,43,0,5,26,0,0,0,2627,1959,668,2113,514,2507,2507,94,0,2238,246969,1547,250551.28176662186,2119,0,0,0,0,0,564,VEHICLE_805,564,VEHICLE_805,42,0,0,0,0,0,0,0,0
recovery-fresh-fine-day,fresh,12441600,update,6,1076,2292000,8512800,29,0,1,30,26,4,330,29,29,29,0,0,0,5,30,0,0,0,2645,1974,671,2128,517,2520,2520,95,0,2255,248226,1553,251829.05185315246,2130,0,0,0,0,0,564,VEHICLE_805,564,VEHICLE_805,0,0,0,0,0,0,0,0,0
recovery-fresh-fine-day,fresh,12441600,update,6,1081,2304000,8524800,31,0,3,34,29,5,328,31,31,31,0,0,0,5,34,0,0,0,2662,1984,678,2142,520,2532,2532,96,0,2268,249474,1567,253101.60533224,2140,0,0,0,0,0,564,VEHICLE_805,564,VEHICLE_805,0,0,0,0,0,0,0,0,0
recovery-fresh-fine-day,fresh,12441600,update,6,1086,2316000,8536800,25,0,4,29,24,5,329,25,25,25,0,0,0,5,29,0,0,0,2676,1992,684,2154,522,2550,2550,97,0,2281,250614,1574,254259.83600752475,2156,0,0,0,0,0,564,VEHICLE_805,564,VEHICLE_805,0,0,0,0,0,0,0,0,0
recovery-fresh-fine-day,fresh,12441600,update,6,1091,2328000,8548800,26,0,2,28,24,4,328,26,26,26,0,0,0,5,28,0,0,0,2687,1999,688,2163,524,2562,2562,97,0,2289,251678,1581,255333.2759953686,2166,0,0,0,0,0,564,VEHICLE_805,564,VEHICLE_805,0,0,0,0,0,0,0,0,0
recovery-fresh-fine-day,fresh,12441600,update,6,1096,2340000,8560800,22,0,4,26,19,7,329,22,22,22,0,0,0,5,26,0,0,0,2700,2007,693,2170,530,2576,2576,98,0,2300,252793,1586,256464.92283944832,2177,0,0,0,0,0,564,VEHICLE_805,564,VEHICLE_805,0,0,0,0,0,0,0,0,0
recovery-fresh-fine-day,fresh,12441600,update,6,1101,2352000,8572800,19,0,7,26,22,4,329,19,19,19,0,0,0,5,26,0,0,0,2717,2017,700,2184,533,2593,2593,98,0,2314,253726,1592,257413.64007932274,2191,0,0,0,0,0,564,VEHICLE_805,564,VEHICLE_805,0,0,0,0,0,0,0,0,0
recovery-fresh-fine-day,fresh,12441600,update,6,1106,2364000,8584800,25,0,1,26,20,6,329,25,25,25,0,0,0,5,26,0,0,0,2732,2029,703,2194,538,2607,2607,99,0,2327,254603,1597,258304.58665387565,2203,0,0,0,0,0,564,VEHICLE_805,564,VEHICLE_805,0,0,0,0,0,0,0,0,0
recovery-fresh-fine-day,fresh,12441600,update,6,1111,2376000,8596800,25,0,4,29,25,4,329,23,23,25,0,0,0,5,29,0,0,0,2745,2038,707,2204,541,2617,2617,99,0,2337,255593,1603,259310.20260475716,2210,0,0,0,0,0,564,VEHICLE_805,564,VEHICLE_805,0,0,0,0,0,0,0,0,0
recovery-fresh-fine-day,fresh,12441600,update,6,1116,2388000,8608800,25,0,2,27,23,4,328,25,24,25,0,0,0,5,27,0,0,0,2755,2044,711,2213,542,2629,2629,99,0,2345,256693,1612,260427.7483775043,2221,0,0,0,0,0,564,VEHICLE_805,564,VEHICLE_805,120,0,0,0,0,0,0,0,0
recovery-fresh-fine-day,fresh,12441600,update,6,1121,2400000,8620800,25,0,2,27,24,3,329,25,25,25,0,0,0,5,27,0,0,0,2772,2059,713,2228,544,2645,2645,100,0,2360,258015,1625,261784.29530822346,2234,0,0,0,0,0,564,VEHICLE_805,564,VEHICLE_805,0,0,0,0,0,0,0,0,0
recovery-fresh-fine-day,fresh,12441600,update,6,1126,2412000,8632800,27,0,1,28,23,5,329,27,27,27,0,0,0,5,28,0,0,0,2787,2071,716,2240,547,2659,2659,100,0,2373,259132,1628,262915.76878361544,2246,0,0,0,0,0,564,VEHICLE_805,564,VEHICLE_805,0,0,0,0,0,0,0,0,0
recovery-fresh-fine-day,fresh,12441600,update,6,1131,2424000,8644800,31,0,2,33,28,5,328,30,30,31,0,97,0,5,33,0,0,0,2801,2081,720,2252,549,2667,2667,101,0,2385,260313,1637,264118.8338725469,2253,0,0,0,0,0,564,VEHICLE_805,564,VEHICLE_805,96,0,0,0,0,0,0,0,0
recovery-fresh-fine-day,fresh,12441600,update,6,1136,2436000,8656800,32,0,2,34,30,4,328,31,31,32,0,7,0,5,34,0,0,0,2808,2087,721,2257,551,2673,2673,101,0,2390,261655,1646,265482.7472145292,2257,0,0,0,0,0,564,VEHICLE_805,564,VEHICLE_805,6,0,0,0,0,0,0,0,0
recovery-fresh-fine-day,fresh,12441600,update,6,1141,2448000,8668800,26,0,2,28,25,3,328,26,26,26,0,0,0,5,28,0,0,0,2821,2097,724,2269,552,2692,2692,101,0,2401,262853,1654,266698.29466723325,2274,0,0,0,0,0,564,VEHICLE_805,564,VEHICLE_805,0,0,0,0,0,0,0,0,0
recovery-fresh-fine-day,fresh,12441600,update,6,1146,2460000,8680800,30,0,1,31,27,4,329,29,29,30,0,49,0,5,31,0,0,0,2836,2110,726,2281,555,2703,2703,102,0,2414,264152,1663,268015.8838431188,2282,0,0,0,0,0,564,VEHICLE_805,564,VEHICLE_805,48,0,0,0,0,0,0,0,0
recovery-fresh-fine-day,fresh,12441600,update,6,1151,2472000,8692800,31,0,1,32,27,5,329,28,28,31,0,43,0,5,32,0,0,0,2848,2119,729,2291,557,2714,2714,102,0,2425,265551,1669,269428.1019583051,2292,0,0,0,0,0,564,VEHICLE_805,564,VEHICLE_805,42,0,0,0,0,0,0,0,0
recovery-fresh-fine-day,fresh,12441600,update,6,1156,2484000,8704800,32,0,3,35,30,5,329,28,28,32,0,103,0,5,35,0,0,0,2865,2132,733,2305,560,2727,2727,103,0,2438,267006,1680,270899.9638056881,2301,0,0,0,0,0,564,VEHICLE_805,564,VEHICLE_805,102,0,0,0,0,0,0,0,0
recovery-fresh-fine-day,fresh,12441600,update,6,1161,2496000,8716800,23,0,4,27,25,2,330,22,22,23,0,43,0,5,27,0,0,0,2874,2137,737,2312,562,2744,2744,103,0,2445,268295,1686,272207.051408296,2315,0,0,0,0,0,564,VEHICLE_805,564,VEHICLE_805,42,0,0,0,0,0,0,0,0
recovery-fresh-fine-day,fresh,12441600,update,6,1166,2508000,8728800,26,0,3,29,26,3,328,26,26,26,0,0,0,5,29,0,0,0,2886,2145,741,2322,564,2753,2753,104,0,2455,269446,1695,273374.815812632,2324,0,0,0,0,0,564,VEHICLE_805,564,VEHICLE_805,0,0,0,0,0,0,0,0,0
recovery-fresh-fine-day,fresh,12441600,update,6,1171,2520000,8740800,29,0,3,32,29,3,328,28,28,29,0,25,0,5,32,0,0,0,2905,2161,744,2338,567,2769,2769,104,0,2471,270722,1701,274670.8615501174,2337,0,0,0,0,0,564,VEHICLE_805,564,VEHICLE_805,24,0,0,0,0,0,0,0,0
recovery-fresh-fine-day,fresh,12441600,update,6,1176,2532000,8752800,30,0,3,33,29,4,328,28,29,30,0,157,0,5,33,0,0,0,2917,2170,747,2348,569,2780,2780,104,0,2481,271925,1708,275894.18324347446,2346,0,0,0,0,0,564,VEHICLE_805,564,VEHICLE_805,156,0,0,0,0,0,0,0,0
recovery-fresh-fine-day,fresh,12441600,update,6,1181,2544000,8764800,26,0,0,26,22,4,328,26,26,26,0,0,0,5,26,0,0,0,2925,2177,748,2353,572,2793,2793,106,0,2487,273171,1716,277159.60749153746,2357,0,0,0,0,0,564,VEHICLE_805,564,VEHICLE_805,0,0,0,0,0,0,0,0,0
recovery-fresh-fine-day,fresh,12441600,update,6,1186,2556000,8776800,28,0,0,28,23,5,328,28,28,28,0,0,0,5,28,0,0,0,2937,2188,749,2362,575,2803,2803,106,0,2497,274375,1720,278378.37468568934,2365,0,0,0,0,0,564,VEHICLE_805,564,VEHICLE_805,0,0,0,0,0,0,0,0,0
recovery-fresh-fine-day,fresh,12441600,update,6,1191,2568000,8788800,26,0,6,32,28,4,328,26,26,26,0,0,0,5,32,0,0,0,2951,2196,755,2374,577,2813,2813,106,0,2509,275584,1727,279601.06950731715,2373,0,0,0,0,0,564,VEHICLE_805,564,VEHICLE_805,0,0,0,0,0,0,0,0,0
recovery-fresh-fine-day,fresh,12441600,update,6,1196,2580000,8800800,26,0,4,30,26,4,329,26,26,26,0,0,0,5,30,0,0,0,2963,2204,759,2385,578,2826,2826,107,0,2520,276716,1735,280749.3193325284,2384,0,0,0,0,0,564,VEHICLE_805,564,VEHICLE_805,0,0,0,0,0,0,0,0,0
recovery-fresh-fine-day,fresh,12441600,update,6,1201,2592000,8812800,27,0,1,28,23,5,328,25,25,27,0,0,0,5,28,0,0,0,2976,2213,763,2394,582,2840,2840,108,0,2530,277887,1744,281936.140679169,2396,0,0,0,0,0,564,VEHICLE_805,564,VEHICLE_805,0,0,0,0,0,0,0,0,0
recovery-fresh-fine-day,fresh,12441600,update,6,1206,2604000,8824800,21,0,2,23,20,3,329,21,21,21,0,0,0,5,23,0,0,0,2984,2219,765,2401,583,2853,2853,108,0,2537,279047,1748,283110.87903748965,2407,0,0,0,0,0,564,VEHICLE_805,564,VEHICLE_805,0,0,0,0,0,0,0,0,0
recovery-fresh-fine-day,fresh,12441600,update,6,1211,2616000,8836800,19,0,3,22,18,4,328,19,19,19,0,0,0,5,22,0,0,0,2997,2226,771,2412,585,2867,2867,108,0,2548,280019,1756,284095.68335628463,2420,0,0,0,0,0,564,VEHICLE_805,564,VEHICLE_805,0,0,0,0,0,0,0,0,0
recovery-fresh-fine-day,fresh,12441600,update,6,1216,2628000,8848800,23,0,1,24,20,4,331,23,23,23,0,0,0,5,24,0,0,0,3011,2238,773,2424,587,2879,2879,108,0,2562,281067,1761,285159.20580585813,2429,0,0,0,0,0,564,VEHICLE_805,564,VEHICLE_805,0,0,0,0,0,0,0,0,0
recovery-fresh-fine-day,fresh,12441600,update,6,1221,2640000,8860800,24,0,5,29,24,5,328,24,24,24,0,0,0,5,29,0,0,0,3027,2249,778,2435,592,2889,2889,109,0,2574,282213,1769,286327.4232687135,2438,0,0,0,0,0,564,VEHICLE_805,564,VEHICLE_805,0,0,0,0,0,0,0,0,0
recovery-fresh-fine-day,fresh,12441600,update,6,1226,2652000,8872800,20,0,1,21,16,5,329,20,20,20,0,0,0,5,21,0,0,0,3035,2255,780,2441,594,2905,2905,109,0,2581,283351,1779,287481.37446879176,2452,0,0,0,0,0,564,VEHICLE_805,564,VEHICLE_805,0,0,0,0,0,0,0,0,0
recovery-fresh-fine-day,fresh,12441600,update,6,1231,2664000,8884800,19,0,3,22,17,5,329,18,18,19,0,19,0,5,22,0,0,0,3046,2262,784,2449,597,2915,2915,109,0,2590,284299,1781,288447.7491405825,2460,0,0,0,0,0,564,VEHICLE_805,564,VEHICLE_805,18,0,0,0,0,0,0,0,0
recovery-fresh-fine-day,fresh,12441600,update,6,1236,2676000,8896800,26,0,2,28,23,5,328,26,26,26,0,0,0,5,28,0,0,0,3065,2278,787,2465,600,2928,2928,109,0,2606,285279,1788,289445.39497512067,2471,0,0,0,0,0,564,VEHICLE_805,564,VEHICLE_805,0,0,0,0,0,0,0,0,0
recovery-fresh-fine-day,fresh,12441600,update,6,1241,2688000,8908800,31,0,4,35,29,6,328,31,31,31,0,0,0,5,35,0,0,0,3078,2287,791,2476,602,2933,2933,110,0,2618,286540,1796,290725.4552375232,2475,0,0,0,0,0,564,VEHICLE_805,564,VEHICLE_805,0,0,0,0,0,0,0,0,0
recovery-fresh-fine-day,fresh,12441600,update,6,1246,2700000,8920800,32,0,1,33,27,6,328,25,25,32,0,115,0,5,33,0,0,0,3091,2298,793,2486,605,2947,2947,111,0,2628,287839,1803,292037.400983782,2486,0,0,0,0,0,564,VEHICLE_805,564,VEHICLE_805,114,0,0,0,0,0,0,0,0
recovery-fresh-fine-day,fresh,12441600,update,6,1251,2712000,8932800,26,0,0,26,20,6,328,26,26,26,0,0,0,5,26,0,0,0,3098,2304,794,2491,607,2958,2958,114,0,2634,289136,1812,293358.4946842161,2496,0,0,0,0,0,564,VEHICLE_805,564,VEHICLE_805,0,0,0,0,0,0,0,0,0
recovery-fresh-fine-day,fresh,12441600,update,6,1256,2724000,8944800,33,0,0,33,26,7,329,31,31,33,0,115,0,5,33,0,0,0,3114,2319,795,2503,611,2967,2967,114,0,2648,290559,1818,294803.55888378713,2502,0,0,0,0,0,564,VEHICLE_805,564,VEHICLE_805,114,0,0,0,0,0,0,0,0
recovery-fresh-fine-day,fresh,12441600,update,6,1261,2736000,8956800,27,0,1,28,22,6,329,26,26,27,0,43,0,5,28,0,0,0,3124,2326,798,2512,612,2982,2982,114,0,2657,291912,1828,296177.44360669097,2516,0,0,0,0,0,564,VEHICLE_805,564,VEHICLE_805,42,0,0,0,0,0,0,0,0
recovery-fresh-fine-day,fresh,12441600,update,6,1266,2748000,8968800,26,0,6,32,27,5,329,25,25,26,0,25,0,5,32,0,0,0,3140,2335,805,2526,614,2994,2994,114,0,2671,293182,1836,297467.14785026526,2526,0,0,0,0,0,564,VEHICLE_805,564,VEHICLE_805,24,0,0,0,0,0,0,0,0
recovery-fresh-fine-day,fresh,12441600,update,6,1271,2760000,8980800,26,0,0,26,20,6,329,26,26,26,0,0,0,5,26,0,0,0,3149,2344,805,2532,617,3007,3007,116,0,2678,294367,1844,298667.71041703736,2537,0,0,0,0,0,564,VEHICLE_805,564,VEHICLE_805,0,0,0,0,0,0,0,0,0
recovery-fresh-fine-day,fresh,12441600,update,6,1276,2772000,8992800,29,0,1,30,24,6,330,29,29,29,0,0,0,5,30,0,0,0,3167,2358,809,2546,621,3019,3019,118,0,2694,295608,1852,299928.8436837611,2546,0,0,0,0,0,564,VEHICLE_805,564,VEHICLE_805,0,0,0,0,0,0,0,0,0
recovery-fresh-fine-day,fresh,12441600,update,6,1281,2784000,9004800,31,0,1,32,25,7,330,30,30,31,0,115,0,5,32,0,0,0,3179,2367,812,2557,622,3029,3029,118,0,2705,296932,1859,301272.58589536557,2555,0,0,0,0,0,564,VEHICLE_805,564,VEHICLE_805,114,0,0,0,0,0,0,0,0
recovery-fresh-fine-day,fresh,12441600,update,6,1286,2796000,9016800,30,0,2,32,27,5,329,28,28,30,0,73,0,5,32,0,0,0,3197,2382,815,2571,626,3046,3046,119,0,2719,298232,1869,302597.2898770673,2569,0,0,0,0,0,564,VEHICLE_805,564,VEHICLE_805,72,0,0,0,0,0,0,0,0
recovery-fresh-fine-day,fresh,12441600,update,6,1291,2808000,9028800,32,0,3,35,31,4,329,28,28,32,0,0,0,5,35,0,0,0,3212,2393,819,2583,629,3057,3057,120,0,2732,299553,1875,303931.36236587353,2578,0,0,0,0,0,564,VEHICLE_805,564,VEHICLE_805,0,0,0,0,0,0,0,0,0
recovery-fresh-fine-day,fresh,12441600,update,6,1296,2820000,9040800,26,0,1,27,23,4,330,25,25,26,0,133,0,5,27,0,0,0,3220,2398,822,2591,629,3073,3073,120,0,2740,300901,1881,305293.600014627,2593,0,0,0,0,0,564,VEHICLE_805,564,VEHICLE_805,132,0,0,0,0,0,0,0,0
recovery-fresh-fine-day,fresh,12441600,update,6,1301,2832000,9052800,28,0,2,30,25,5,330,28,28,28,0,0,0,5,30,0,0,0,3234,2409,825,2601,633,3083,3083,121,0,2751,301972,1892,306389.31776953395,2600,0,0,0,0,0,564,VEHICLE_805,564,VEHICLE_805,0,0,0,0,0,0,0,0,0
recovery-fresh-fine-day,fresh,12441600,update,6,1306,2844000,9064800,32,0,3,35,29,6,328,32,32,32,0,0,0,5,35,0,0,0,3249,2421,828,2613,636,3093,3093,121,0,2763,303328,1901,307764.68863214925,2609,0,0,0,0,0,564,VEHICLE_805,564,VEHICLE_805,0,0,0,0,0,0,0,0,0
recovery-fresh-fine-day,fresh,12441600,update,6,1311,2856000,9076800,30,0,2,32,25,7,328,30,30,30,0,0,0,5,32,0,0,0,3262,2431,831,2623,639,3108,3108,122,0,2774,304673,1908,309132.0586754922,2622,0,0,0,0,0,564,VEHICLE_805,564,VEHICLE_805,0,0,0,0,0,0,0,0,0
recovery-fresh-fine-day,fresh,12441600,update,6,1316,2868000,9088800,22,0,3,25,19,6,328,22,22,22,0,0,0,5,25,0,0,0,3268,2433,835,2628,640,3121,3121,122,0,2778,305877,1918,310349.3418461019,2633,0,0,0,0,0,564,VEHICLE_805,564,VEHICLE_805,0,0,0,0,0,0,0,0,0
recovery-fresh-fine-day,fresh,12441600,update,6,1321,2880000,9100800,22,0,2,24,19,5,328,22,22,22,0,0,0,5,24,0,0,0,3283,2444,839,2641,642,3136,3136,123,0,2792,306795,1921,311275.9200998964,2647,0,0,0,0,0,564,VEHICLE_805,564,VEHICLE_805,0,0,0,0,0,0,0,0,0
recovery-fresh-fine-day,fresh,12441600,update,6,1326,2892000,9112800,27,0,2,29,23,6,329,27,27,27,0,0,0,5,29,0,0,0,3301,2458,843,2655,646,3149,3149,123,0,2807,307834,1923,312332.73574109375,2656,0,0,0,0,0,564,VEHICLE_805,564,VEHICLE_805,0,0,0,0,0,0,0,0,0
recovery-fresh-fine-day,fresh,12441600,update,6,1331,2904000,9124800,31,0,2,33,26,7,329,31,31,31,0,0,0,5,33,0,0,0,3311,2465,846,2662,649,3155,3155,123,0,2817,309076,1932,313590.48051341437,2662,0,0,0,0,0,564,VEHICLE_805,564,VEHICLE_805,0,0,0,0,0,0,0,0,0
recovery-fresh-fine-day,fresh,12441600,update,6,1336,2916000,9136800,29,0,4,33,27,6,329,27,27,29,0,0,0,5,33,0,0,0,3327,2476,851,2676,651,3171,3171,123,0,2830,310324,1943,314854.98964845436,2675,0,0,0,0,0,564,VEHICLE_805,564,VEHICLE_805,0,0,0,0,0,0,0,0,0
recovery-fresh-fine-day,fresh,12441600,update,6,1341,2928000,9148800,27,0,2,29,23,6,330,27,27,27,0,0,0,5,29,0,0,0,3336,2483,853,2681,655,3183,3183,124,0,2837,311593,1950,316132.6564686028,2684,0,0,0,0,0,564,VEHICLE_805,564,VEHICLE_805,0,0,0,0,0,0,0,0,0
recovery-fresh-fine-day,fresh,12441600,update,6,1346,2940000,9160800,30,0,1,31,26,5,329,30,30,30,0,0,0,5,31,0,0,0,3348,2492,856,2692,656,3193,3193,124,0,2848,312841,1960,317398.5620192848,2694,0,0,0,0,0,564,VEHICLE_805,564,VEHICLE_805,0,0,0,0,0,0,0,0,0
recovery-fresh-fine-day,fresh,12441600,update,6,1351,2952000,9172800,31,0,0,31,28,3,330,31,31,31,0,0,0,5,31,0,0,0,3361,2502,859,2702,659,3205,3205,125,0,2858,314263,1969,318842.19948469894,2702,0,0,0,0,0,564,VEHICLE_805,564,VEHICLE_805,0,0,0,0,0,0,0,0,0
recovery-fresh-fine-day,fresh,12441600,update,6,1356,2964000,9184800,28,0,3,31,27,4,329,28,28,28,0,0,0,5,31,0,0,0,3375,2512,863,2714,661,3219,3219,125,0,2870,315442,1978,320042.7195266946,2715,0,0,0,0,0,564,VEHICLE_805,564,VEHICLE_805,0,0,0,0,0,0,0,0,0
recovery-fresh-fine-day,fresh,12441600,update,6,1361,2976000,9196800,27,0,2,29,26,3,329,27,27,27,0,0,0,5,29,0,0,0,3382,2517,865,2720,662,3228,3228,125,0,2876,316699,1985,321311.1714564129,2723,0,0,0,0,0,564,VEHICLE_805,564,VEHICLE_805,0,0,0,0,0,0,0,0,0
recovery-fresh-fine-day,fresh,12441600,update,6,1366,2988000,9208800,28,0,1,29,25,4,331,27,28,28,0,1,0,5,29,0,0,0,3395,2529,866,2730,665,3241,3241,125,0,2888,317921,1993,322555.0017141118,2733,0,0,0,0,0,564,VEHICLE_805,564,VEHICLE_805,0,0,0,0,0,0,0,0,0
recovery-fresh-fine-day,fresh,12441600,update,6,1371,3000000,9220800,28,0,2,30,25,5,331,28,28,28,0,0,0,5,30,0,0,0,3413,2542,871,2745,668,3257,3257,126,0,2903,319226,1998,323880.49472120544,2746,0,0,0,0,0,564,VEHICLE_805,564,VEHICLE_805,0,0,0,0,0,0,0,0,0
recovery-fresh-fine-day,fresh,12441600,update,6,1376,3012000,9232800,31,0,2,33,29,4,330,31,31,31,0,0,0,5,33,0,0,0,3427,2554,873,2758,669,3268,3268,126,0,2916,320541,2012,325215.33439057367,2757,0,0,0,0,0,564,VEHICLE_805,564,VEHICLE_805,0,0,0,0,0,0,0,0,0
recovery-fresh-fine-day,fresh,12441600,update,6,1381,3024000,9244800,31,0,3,34,31,3,331,27,27,31,0,73,0,5,34,0,0,0,3440,2564,876,2769,671,3280,3280,126,0,2927,321995,2019,326688.6408283976,2766,0,0,0,0,0,564,VEHICLE_805,564,VEHICLE_805,72,0,0,0,0,0,0,0,0
recovery-fresh-fine-day,fresh,12441600,update,6,1386,3036000,9256800,27,0,2,29,25,4,330,26,26,27,0,43,0,5,29,0,0,0,3449,2571,878,2775,674,3294,3294,126,0,2934,323188,2028,327897.95838321885,2779,0,0,0,0,0,564,VEHICLE_805,564,VEHICLE_805,42,0,0,0,0,0,0,0,0
recovery-fresh-fine-day,fresh,12441600,update,6,1391,3048000,9268800,21,0,1,22,20,2,331,21,21,21,0,0,0,5,22,0,0,0,3461,2578,883,2785,676,3312,3312,127,0,2943,324171,2034,328897.0279901824,2793,0,0,0,0,0,564,VEHICLE_805,564,VEHICLE_805,0,0,0,0,0,0,0,0,0
recovery-fresh-fine-day,fresh,12441600,update,6,1396,3060000,9280800,29,0,1,30,25,5,329,28,28,29,0,79,0,5,30,0,0,0,3482,2595,887,2802,680,3325,3325,127,0,2961,325372,2043,330120.2830907847,2805,0,0,0,0,0,564,VEHICLE_805,564,VEHICLE_805,78,0,0,0,0,0,0,0,0
recovery-fresh-fine-day,fresh,12441600,update,6,1401,3072000,9292800,27,0,5,32,30,2,331,26,26,27,0,73,0,5,32,0,0,0,3497,2604,893,2816,681,3337,3337,128,0,2975,326723,2052,331490.42651819764,2814,0,0,0,0,0,564,VEHICLE_805,564,VEHICLE_805,72,0,0,0,0,0,0,0,0
recovery-fresh-fine-day,fresh,12441600,update,6,1406,3084000,9304800,25,0,2,27,23,4,330,25,25,25,0,0,0,5,27,0,0,0,3508,2612,896,2825,683,3353,3353,128,0,2984,328045,2060,332828.7305775103,2829,0,0,0,0,0,564,VEHICLE_805,564,VEHICLE_805,0,0,0,0,0,0,0,0,0
recovery-fresh-fine-day,fresh,12441600,update,6,1411,3096000,9316800,27,0,3,30,27,3,331,26,26,27,0,55,0,5,30,0,0,0,3525,2622,903,2838,687,3366,3366,129,0,2998,329314,2067,334117.90046405373,2838,0,0,0,0,0,564,VEHICLE_805,564,VEHICLE_805,54,0,0,0,0,0,0,0,0
recovery-fresh-fine-day,fresh,12441600,update,6,1416,3108000,9328800,28,0,2,30,24,6,329,28,28,28,0,0,0,5,30,0,0,0,3538,2633,905,2847,691,3379,3379,129,0,3009,330654,2078,335475.64179635467,2851,0,0,0,0,0,564,VEHICLE_805,564,VEHICLE_805,0,0,0,0,0,0,0,0,0
recovery-fresh-fine-day,fresh,12441600,update,6,1421,3120000,9340800,31,0,4,35,30,5,330,30,30,31,0,61,0,5,35,0,0,0,3557,2647,910,2864,693,3392,3392,130,0,3025,331925,2087,336768.2872151495,2860,0,0,0,0,0,564,VEHICLE_805,564,VEHICLE_805,60,0,0,0,0,0,0,0,0
recovery-fresh-fine-day,fresh,12441600,update,6,1426,3132000,9352800,32,0,3,35,30,5,330,28,28,32,0,0,0,5,35,0,0,0,3572,2659,913,2875,697,3407,3407,130,0,3038,333240,2093,338095.977942043,2873,0,0,0,0,0,564,VEHICLE_805,564,VEHICLE_805,0,0,0,0,0,0,0,0,0
recovery-fresh-fine-day,fresh,12441600,update,6,1431,3144000,9364800,31,0,4,35,31,4,329,31,31,31,0,0,0,5,35,0,0,0,3585,2668,917,2886,699,3420,3420,130,0,3048,334580,2104,339456.39114760235,2884,0,0,0,0,0,564,VEHICLE_805,564,VEHICLE_805,0,0,0,0,0,0,0,0,0
recovery-fresh-fine-day,fresh,12441600,update,6,1436,3156000,9376800,31,0,1,32,28,4,331,30,30,31,0,91,0,5,32,0,0,0,3598,2679,919,2897,701,3435,3435,131,0,3060,335901,2110,340796.42799109034,2896,0,0,0,0,0,564,VEHICLE_805,564,VEHICLE_805,90,0,0,0,0,0,0,0,0
recovery-fresh-fine-day,fresh,12441600,update,6,1441,3168000,9388800,29,0,3,32,26,6,330,29,29,29,0,0,0,5,32,0,0,0,3611,2688,923,2905,706,3446,3446,133,0,3070,337278,2124,342197.6221909737,2905,0,0,0,0,0,564,VEHICLE_805,564,VEHICLE_805,0,0,0,0,0,0,0,0,0
recovery-fresh-fine-day,fresh,12441600,update,6,1446,3180000,9400800,30,0,5,35,30,5,331,29,29,30,0,61,0,5,35,0,0,0,3631,2700,931,2923,708,3461,3461,135,0,3088,338573,2132,343510.5737558603,2917,0,0,0,0,0,564,VEHICLE_805,564,VEHICLE_805,60,0,0,0,0,0,0,0,0
recovery-fresh-fine-day,fresh,12441600,update,6,1451,3192000,9412800,27,0,2,29,25,4,331,27,27,27,0,0,0,5,29,0,0,0,3642,2708,934,2932,710,3478,3478,135,0,3097,339929,2141,344881.8378789127,2932,0,0,0,0,0,564,VEHICLE_805,564,VEHICLE_805,0,0,0,0,0,0,0,0,0
recovery-fresh-fine-day,fresh,12441600,update,6,1456,3204000,9424800,31,0,2,33,28,5,332,31,31,31,0,0,0,5,33,0,0,0,3660,2723,937,2946,714,3492,3492,135,0,3113,341355,2152,346333.20894603943,2943,0,0,0,0,0,564,VEHICLE_805,564,VEHICLE_805,0,0,0,0,0,0,0,0,0
recovery-fresh-fine-day,fresh,12441600,update,6,1461,3216000,9436800,31,0,3,34,29,5,330,31,31,31,0,0,0,5,34,0,0,0,3670,2731,939,2955,715,3501,3501,135,0,3121,342744,2156,347737.25863584457,2952,0,0,0,0,0,564,VEHICLE_805,564,VEHICLE_805,0,0,0,0,0,0,0,0,0
recovery-fresh-fine-day,fresh,12441600,update,6,1466,3228000,9448800,29,0,4,33,28,5,331,29,29,29,0,0,0,5,33,0,0,0,3687,2743,944,2968,719,3518,3518,136,0,3136,344117,2169,349131.7037221021,2966,0,0,0,0,0,564,VEHICLE_805,564,VEHICLE_805,0,0,0,0,0,0,0,0,0
recovery-fresh-fine-day,fresh,12441600,update,6,1471,3240000,9460800,30,0,5,35,30,5,332,25,25,30,0,97,0,5,35,0,0,0,3701,2753,948,2980,721,3530,3530,136,0,3148,345467,2177,350500.9457493597,2975,0,0,0,0,0,564,VEHICLE_805,564,VEHICLE_805,96,0,0,0,0,0,0,0,0
recovery-fresh-fine-day,fresh,12441600,update,6,1476,3252000,9472800,32,0,1,33,26,7,331,31,31,32,0,31,0,5,33,0,0,0,3714,2765,949,2989,725,3545,3545,136,0,3159,346882,2183,351937.30801821826,2989,0,0,0,0,0,564,VEHICLE_805,564,VEHICLE_805,30,0,0,0,0,0,0,0,0
recovery-fresh-fine-day,fresh,12441600,update,6,1481,3264000,9484800,31,0,0,31,26,5,331,31,31,31,0,0,0,5,31,0,0,0,3730,2779,951,3001,729,3562,3562,137,0,3172,348327,2197,353408.90765879955,3003,0,0,0,0,0,564,VEHICLE_805,564,VEHICLE_805,0,0,0,0,0,0,0,0,0
recovery-fresh-fine-day,fresh,12441600,update,6,1486,3276000,9496800,30,0,3,33,26,7,331,30,30,30,0,0,0,5,33,0,0,0,3741,2787,954,3009,732,3571,3571,137,0,3182,349810,2202,354906.1963030533,3011,0,0,0,0,0,564,VEHICLE_805,564,VEHICLE_805,0,0,0,0,0,0,0,0,0
recovery-fresh-fine-day,fresh,12441600,update,6,1491,3288000,9508800,32,0,2,34,27,7,331,31,31,32,0,37,0,5,34,0,0,0,3762,2804,958,3025,737,3591,3591,137,0,3200,351222,2211,356345.6143767475,3028,0,0,0,0,0,564,VEHICLE_805,564,VEHICLE_805,36,0,0,0,0,0,0,0,0
recovery-fresh-fine-day,fresh,12441600,update,6,1496,3300000,9520800,30,0,4,34,28,6,331,30,30,30,0,0,0,5,34,0,0,0,3776,2814,962,3036,740,3605,3605,137,0,3212,352712,2217,357849.6649321043,3040,0,0,0,0,0,564,VEHICLE_805,564,VEHICLE_805,0,0,0,0,0,0,0,0,0
recovery-fresh-fine-day,fresh,12441600,update,6,1501,3312000,9532800,27,0,2,29,22,7,330,27,27,27,0,0,0,5,29,0,0,0,3787,2820,967,3044,743,3620,3620,138,0,3220,354103,2229,359261.45619988674,3053,0,0,0,0,0,564,VEHICLE_805,564,VEHICLE_805,0,0,0,0,0,0,0,0,0
recovery-fresh-fine-day,fresh,12441600,update,6,1506,3324000,9544800,33,0,2,35,28,7,332,33,33,33,0,0,0,5,35,0,0,0,3809,2840,969,3061,748,3636,3636,138,0,3240,355455,2238,360644.3425935623,3065,0,0,0,0,0,564,VEHICLE_805,564,VEHICLE_805,0,0,0,0,0,0,0,0,0
recovery-fresh-fine-day,fresh,12441600,update,6,1511,3336000,9556800,32,0,3,35,27,8,331,31,31,32,0,25,0,5,35,0,0,0,3825,2851,974,3073,752,3650,3650,140,0,3253,356798,2246,362005.8409132622,3077,0,0,0,0,0,564,VEHICLE_805,564,VEHICLE_805,24,0,0,0,0,0,0,0,0
recovery-fresh-fine-day,fresh,12441600,update,6,1516,3348000,9568800,32,0,3,35,27,8,331,31,31,32,0,0,0,5,35,0,0,0,3837,2861,976,3083,754,3661,3661,141,0,3264,358123,2252,363347.29150971817,3087,0,0,0,0,0,564,VEHICLE_805,564,VEHICLE_805,0,0,0,0,0,0,0,0,0
recovery-fresh-fine-day,fresh,12441600,update,6,1521,3360000,9580800,29,0,2,31,25,6,334,27,27,29,0,31,0,5,31,0,0,0,3847,2869,978,3090,757,3675,3675,141,0,3273,359502,2265,364754.6602806882,3097,0,0,0,0,0,564,VEHICLE_805,564,VEHICLE_805,30,0,0,0,0,0,0,0,0
recovery-fresh-fine-day,fresh,12441600,update,6,1526,3372000,9592800,26,0,5,31,23,8,331,26,26,26,0,0,0,5,31,0,0,0,3861,2877,984,3101,760,3689,3689,141,0,3284,360862,2277,366143.2787798629,3111,0,0,0,0,0,564,VEHICLE_805,564,VEHICLE_805,0,0,0,0,0,0,0,0,0
recovery-fresh-fine-day,fresh,12441600,update,6,1531,3384000,9604800,28,0,5,33,27,6,331,27,27,28,0,97,0,5,33,0,0,0,3882,2891,991,3120,762,3706,3706,143,0,3304,362077,2280,367375.091120454,3127,0,0,0,0,0,564,VEHICLE_805,564,VEHICLE_805,96,0,0,0,0,0,0,0,0
recovery-fresh-fine-day,fresh,12441600,update,6,1536,3396000,9616800,30,0,6,36,31,5,333,30,30,30,0,0,0,5,36,0,0,0,3908,2908,1000,3142,766,3729,3729,143,0,3328,363304,2289,368626.82898712484,3146,0,0,0,0,0,564,VEHICLE_805,564,VEHICLE_805,0,0,0,0,0,0,0,0,0
recovery-fresh-fine-day,fresh,12441600,update,6,1541,3408000,9628800,30,0,3,33,28,5,331,30,30,30,0,0,0,5,33,0,0,0,3917,2913,1004,3149,768,3740,3740,144,0,3334,364647,2296,369982.57859900035,3156,0,0,0,0,0,564,VEHICLE_805,564,VEHICLE_805,0,0,0,0,0,0,0,0,0
recovery-fresh-fine-day,fresh,12441600,update,6,1546,3420000,9640800,31,0,3,34,30,4,333,31,31,31,0,0,0,5,34,0,0,0,3931,2924,1007,3162,769,3753,3753,144,0,3347,365922,2306,371277.24395099375,3166,0,0,0,0,0,564,VEHICLE_805,564,VEHICLE_805,0,0,0,0,0,0,0,0,0
recovery-fresh-fine-day,fresh,12441600,update,6,1551,3432000,9652800,32,0,3,35,31,4,333,32,32,32,0,0,0,5,35,0,0,0,3941,2929,1012,3169,772,3762,3762,144,0,3355,367221,2314,372589.15885195136,3173,0,0,0,0,0,564,VEHICLE_805,564,VEHICLE_805,0,0,0,0,0,0,0,0,0
recovery-fresh-fine-day,fresh,12441600,update,6,1556,3444000,9664800,33,0,3,36,31,5,332,32,32,33,0,49,0,5,36,0,0,0,3958,2942,1016,3183,775,3778,3778,144,0,3369,368526,2319,373916.5191710219,3187,0,0,0,0,0,564,VEHICLE_805,564,VEHICLE_805,48,0,0,0,0,0,0,0,0
recovery-fresh-fine-day,fresh,12441600,update,6,1561,3456000,9676800,31,0,2,33,28,5,332,24,24,31,0,0,0,5,33,0,0,0,3970,2952,1018,3194,776,3790,3790,147,0,3381,369843,2324,375241.6965599414,3199,0,0,0,0,0,564,VEHICLE_805,564,VEHICLE_805,0,0,0,0,0,0,0,0,0
recovery-fresh-fine-day,fresh,12441600,update,6,1566,3468000,9688800,29,0,2,31,25,6,332,28,28,29,0,205,0,5,31,0,0,0,3981,2961,1020,3201,780,3803,3803,147,0,3387,371146,2331,376568.26937877666,3207,0,0,0,0,0,564,VEHICLE_805,564,VEHICLE_805,204,0,0,0,0,0,0,0,0
recovery-fresh-fine-day,fresh,12441600,update,6,1571,3480000,9700800,29,0,2,31,26,5,332,28,28,29,0,73,0,5,31,0,0,0,3990,2966,1024,3209,781,3812,3812,147,0,3395,372548,2342,377984.87617795635,3215,0,0,0,0,0,564,VEHICLE_805,564,VEHICLE_805,72,0,0,0,0,0,0,0,0
recovery-fresh-fine-day,fresh,12441600,update,6,1576,3492000,9712800,31,0,1,32,27,5,333,31,31,31,0,0,0,5,32,0,0,0,4009,2983,1026,3224,785,3829,3829,148,0,3412,373888,2350,379348.8514619125,3229,0,0,0,0,0,564,VEHICLE_805,564,VEHICLE_805,0,0,0,0,0,0,0,0,0
recovery-fresh-fine-day,fresh,12441600,update,6,1581,3504000,9724800,29,0,4,33,29,4,332,28,28,29,0,49,0,5,33,0,0,0,4024,2993,1031,3237,787,3842,3842,149,0,3424,375383,2361,380865.3725397978,3240,0,0,0,0,0,564,VEHICLE_805,564,VEHICLE_805,48,0,0,0,0,0,0,0,0
recovery-fresh-fine-day,fresh,12441600,update,6,1586,3516000,9736800,28,0,4,32,28,4,331,28,28,28,0,0,0,5,32,0,0,0,4037,3003,1034,3247,790,3856,3856,149,0,3434,376732,2367,382227.71094234195,3252,0,0,0,0,0,564,VEHICLE_805,564,VEHICLE_805,0,0,0,0,0,0,0,0,0
recovery-fresh-fine-day,fresh,12441600,update,6,1591,3528000,9748800,29,0,2,31,27,4,331,29,29,29,0,0,0,5,31,0,0,0,4048,3011,1037,3258,790,3868,3868,149,0,3445,378127,2376,383639.63908403367,3264,0,0,0,0,0,564,VEHICLE_805,564,VEHICLE_805,0,0,0,0,0,0,0,0,0
recovery-fresh-fine-day,fresh,12441600,update,6,1596,3540000,9760800,27,0,4,31,28,3,331,27,27,27,0,0,0,5,31,0,0,0,4063,3022,1041,3270,793,3882,3882,150,0,3456,379532,2385,385069.40192849236,3274,0,0,0,0,0,564,VEHICLE_805,564,VEHICLE_805,0,0,0,0,0,0,0,0,0
recovery-fresh-fine-day,fresh,12441600,update,6,1601,3552000,9772800,31,0,3,34,27,7,331,31,31,31,0,0,0,5,34,0,0,0,4083,3038,1045,3284,799,3898,3898,151,0,3474,380857,2392,386417.5831860057,3288,0,0,0,0,0,564,VEHICLE_805,564,VEHICLE_805,0,0,0,0,0,0,0,0,0
recovery-fresh-fine-day,fresh,12441600,update,6,1606,3564000,9784800,30,0,4,34,27,7,333,26,26,30,0,97,0,5,34,0,0,0,4097,3045,1052,3298,799,3912,3912,151,0,3489,382086,2402,387662.5547144837,3301,0,0,0,0,0,564,VEHICLE_805,564,VEHICLE_805,96,0,0,0,0,0,0,0,0
recovery-fresh-fine-day,fresh,12441600,update,6,1611,3576000,9796800,32,0,4,36,27,9,331,32,32,32,0,0,0,5,36,0,0,0,4112,3055,1057,3308,804,3925,3925,151,0,3499,383424,2413,389020.64980132086,3311,0,0,0,0,0,564,VEHICLE_805,564,VEHICLE_805,0,0,0,0,0,0,0,0,0
recovery-fresh-fine-day,fresh,12441600,update,6,1616,3588000,9808800,30,0,2,32,24,8,332,28,28,30,0,151,0,5,32,0,0,0,4119,3061,1058,3313,806,3935,3935,152,0,3505,384805,2417,390412.85381903173,3319,0,0,0,0,0,564,VEHICLE_805,564,VEHICLE_805,150,0,0,0,0,0,0,0,0
recovery-fresh-fine-day,fresh,12441600,update,6,1621,3600000,9820800,32,0,2,34,31,3,334,32,32,32,0,0,0,5,34,0,0,0,4141,3080,1061,3333,808,3955,3955,152,0,3525,386039,2422,391674.4367556949,3335,0,0,0,0,0,564,VEHICLE_805,564,VEHICLE_805,0,0,0,0,0,0,0,0,0
recovery-fresh-fine-day,fresh,12441600,update,6,1626,3612000,9832800,33,0,2,35,31,4,332,33,33,33,0,0,0,5,35,0,0,0,4148,3085,1063,3338,810,3961,3961,152,0,3530,387367,2432,393018.54224147694,3341,0,0,0,0,0,564,VEHICLE_805,564,VEHICLE_805,0,0,0,0,0,0,0,0,0
recovery-fresh-fine-day,fresh,12441600,update,6,1631,3624000,9844800,31,0,1,32,28,4,332,31,31,31,0,0,0,5,32,0,0,0,4154,3090,1064,3341,813,3969,3969,153,0,3534,388733,2443,394401.68804947706,3347,0,0,0,0,0,564,VEHICLE_805,564,VEHICLE_805,0,0,0,0,0,0,0,0,0
recovery-fresh-fine-day,fresh,12441600,update,6,1636,3636000,9856800,31,0,1,32,30,2,333,31,31,31,0,0,0,5,32,0,0,0,4169,3102,1067,3354,815,3984,3984,153,0,3547,390053,2450,395743.7573735961,3359,0,0,0,0,0,564,VEHICLE_805,564,VEHICLE_805,0,0,0,0,0,0,0,0,0
recovery-fresh-fine-day,fresh,12441600,update,6,1641,3648000,9868800,26,0,2,28,25,3,334,25,25,26,0,85,0,5,28,0,0,0,4182,3111,1071,3364,818,4000,4000,154,0,3558,391358,2456,397063.0157724605,3372,0,0,0,0,0,564,VEHICLE_805,564,VEHICLE_805,84,0,0,0,0,0,0,0,0
recovery-fresh-fine-day,fresh,12441600,update,6,1646,3660000,9880800,31,0,4,35,30,5,332,31,31,31,0,0,0,5,35,0,0,0,4202,3124,1078,3380,822,4013,4013,154,0,3575,392536,2462,398257.0662182658,3384,0,0,0,0,0,564,VEHICLE_805,564,VEHICLE_805,0,0,0,0,0,0,0,0,0
recovery-fresh-fine-day,fresh,12441600,update,6,1651,3672000,9892800,32,0,3,35,31,4,332,28,28,32,0,0,0,5,35,0,0,0,4217,3136,1081,3392,825,4027,4027,155,0,3588,393898,2473,399644.8757265541,3396,0,0,0,0,0,564,VEHICLE_805,564,VEHICLE_805,0,0,0,0,0,0,0,0,0
recovery-fresh-fine-day,fresh,12441600,update,6,1656,3684000,9904800,32,0,2,34,30,4,332,32,32,32,0,0,0,5,34,0,0,0,4226,3143,1083,3399,827,4037,4037,155,0,3595,395341,2480,401104.70791607304,3404,0,0,0,0,0,564,VEHICLE_805,564,VEHICLE_805,0,0,0,0,0,0,0,0,0
recovery-fresh-fine-day,fresh,12441600,update,6,1661,3696000,9916800,29,0,4,33,29,4,333,29,29,29,0,0,0,5,33,0,0,0,4240,3152,1088,3410,830,4052,4052,155,0,3607,396685,2490,402471.915275468,3416,0,0,0,0,0,564,VEHICLE_805,564,VEHICLE_805,0,0,0,0,0,0,0,0,0
recovery-fresh-fine-day,fresh,12441600,update,6,1666,3708000,9928800,33,0,1,34,28,6,332,33,33,33,0,0,0,5,34,0,0,0,4259,3169,1090,3425,834,4069,4069,156,0,3624,398108,2496,403916.5314542297,3432,0,0,0,0,0,564,VEHICLE_805,564,VEHICLE_805,0,0,0,0,0,0,0,0,0
recovery-fresh-fine-day,fresh,12441600,update,6,1671,3720000,9940800,34,0,1,35,28,7,333,33,33,34,0,43,0,5,35,0,0,0,4272,3180,1092,3436,836,4081,4081,156,0,3636,399673,2506,405504.81098684017,3442,0,0,0,0,0,564,VEHICLE_805,564,VEHICLE_805,42,0,0,0,0,0,0,0,0
recovery-fresh-fine-day,fresh,12441600,update,6,1676,3732000,9952800,27,0,2,29,23,6,333,26,26,27,0,67,0,5,29,0,0,0,4285,3188,1097,3447,838,4099,4099,157,0,3647,401055,2515,406901.3979143556,3458,0,0,0,0,0,564,VEHICLE_805,564,VEHICLE_805,66,0,0,0,0,0,0,0,0
recovery-fresh-fine-day,fresh,12441600,update,6,1681,3744000,9964800,30,0,3,33,28,5,332,30,30,30,0,0,0,5,33,0,0,0,4304,3202,1102,3463,841,4114,4114,157,0,3664,402307,2523,408172.55957298353,3472,0,0,0,0,0,564,VEHICLE_805,564,VEHICLE_805,0,0,0,0,0,0,0,0,0
recovery-fresh-fine-day,fresh,12441600,update,6,1686,3756000,9976800,31,0,0,31,27,4,334,31,31,31,0,0,0,5,31,0,0,0,4314,3210,1104,3472,842,4124,4124,159,0,3673,403637,2527,409515.26030609617,3479,0,0,0,0,0,564,VEHICLE_805,564,VEHICLE_805,0,0,0,0,0,0,0,0,0
recovery-fresh-fine-day,fresh,12441600,update,6,1691,3768000,9988800,32,0,4,36,30,6,332,30,30,32,0,55,0,5,36,0,0,0,4329,3221,1108,3482,847,4134,4134,159,0,3684,404974,2541,410877.3230955624,3487,0,0,0,0,0,564,VEHICLE_805,564,VEHICLE_805,54,0,0,0,0,0,0,0,0
recovery-fresh-fine-day,fresh,12441600,update,6,1696,3780000,10000800,34,0,1,35,30,5,334,29,29,34,0,0,0,5,35,0,0,0,4341,3232,1109,3492,849,4146,4146,160,0,3695,406343,2549,412263.2915950804,3496,0,0,0,0,0,564,VEHICLE_805,564,VEHICLE_805,0,0,0,0,0,0,0,0,0
recovery-fresh-fine-day,fresh,12441600,update,6,1701,3792000,10012800,29,0,3,32,28,4,333,29,29,29,0,0,0,5,32,0,0,0,4353,3240,1113,3502,851,4161,4161,160,0,3705,407716,2553,413650.24516620813,3510,0,0,0,0,0,564,VEHICLE_805,564,VEHICLE_805,0,0,0,0,0,0,0,0,0
recovery-fresh-fine-day,fresh,12441600,update,6,1706,3804000,10024800,32,0,3,35,28,7,333,32,32,32,0,0,0,5,35,0,0,0,4369,3252,1117,3513,856,4174,4174,160,0,3718,408986,2563,414941.143074092,3520,0,0,0,0,0,564,VEHICLE_805,564,VEHICLE_805,0,0,0,0,0,0,0,0,0
recovery-fresh-fine-day,fresh,12441600,update,6,1711,3816000,10036800,32,0,3,35,29,6,333,32,32,32,0,0,0,5,35,0,0,0,4380,3260,1120,3521,859,4185,4185,160,0,3727,410396,2570,416364.8561929031,3529,0,0,0,0,0,564,VEHICLE_805,564,VEHICLE_805,0,0,0,0,0,0,0,0,0
recovery-fresh-fine-day,fresh,12441600,update,6,1716,3828000,10048800,30,0,4,34,29,5,334,30,30,30,0,0,0,5,34,0,0,0,4391,3267,1124,3531,860,4196,4196,161,0,3736,411740,2580,417725.1262538028,3537,0,0,0,0,0,564,VEHICLE_805,564,VEHICLE_805,0,0,0,0,0,0,0,0,0
recovery-fresh-fine-day,fresh,12441600,update,6,1721,3840000,10060800,25,0,3,28,25,3,334,25,25,25,0,0,0,5,28,0,0,0,4408,3279,1129,3546,862,4219,4219,161,0,3750,413008,2586,419004.4095940138,3557,0,0,0,0,0,564,VEHICLE_805,564,VEHICLE_805,0,0,0,0,0,0,0,0,0
recovery-fresh-fine-day,fresh,12441600,update,6,1726,3852000,10072800,29,0,5,34,30,4,333,29,29,29,0,0,0,5,34,0,0,0,4429,3294,1135,3563,866,4234,4234,161,0,3767,414244,2594,420264.0155847906,3569,0,0,0,0,0,564,VEHICLE_805,564,VEHICLE_805,0,0,0,0,0,0,0,0,0
recovery-fresh-fine-day,fresh,12441600,update,6,1731,3864000,10084800,28,0,2,30,29,1,335,28,28,28,0,0,0,5,30,0,0,0,4440,3303,1137,3573,867,4248,4248,162,0,3777,415564,2602,421602.0895291646,3580,0,0,0,0,0,564,VEHICLE_805,564,VEHICLE_805,0,0,0,0,0,0,0,0,0
recovery-fresh-fine-day,fresh,12441600,update,6,1736,3876000,10096800,33,0,2,35,32,3,333,31,31,33,0,157,0,5,35,0,0,0,4456,3316,1140,3587,869,4259,4259,162,0,3791,416922,2611,422984.2077915403,3591,0,0,0,0,0,564,VEHICLE_805,564,VEHICLE_805,156,0,0,0,0,0,0,0,0
recovery-fresh-fine-day,fresh,12441600,update,6,1741,3888000,10108800,33,0,2,35,32,3,335,26,26,33,0,61,0,5,35,0,0,0,4470,3328,1142,3599,871,4273,4273,162,0,3804,418266,2620,424349.0517630442,3602,0,0,0,0,0,564,VEHICLE_805,564,VEHICLE_805,60,0,0,0,0,0,0,0,0
recovery-fresh-fine-day,fresh,12441600,update,6,1746,3900000,10120800,32,0,1,33,28,5,334,32,32,32,0,0,0,5,33,0,0,0,4483,3339,1144,3608,875,4288,4288,162,0,3813,419644,2628,425752.98597197095,3614,0,0,0,0,0,564,VEHICLE_805,564,VEHICLE_805,0,0,0,0,0,0,0,0,0
recovery-fresh-fine-day,fresh,12441600,update,6,1751,3912000,10132800,30,0,3,33,29,4,335,30,30,30,0,0,0,5,33,0,0,0,4496,3349,1147,3620,876,4300,4300,163,0,3825,421105,2638,427233.85231899424,3624,0,0,0,0,0,564,VEHICLE_805,564,VEHICLE_805,0,0,0,0,0,0,0,0,0
recovery-fresh-fine-day,fresh,12441600,update,6,1756,3924000,10144800,31,0,3,34,28,6,335,31,31,31,0,0,0,5,34,0,0,0,4513,3360,1153,3631,882,4315,4315,164,0,3840,422481,2647,428628.3266278845,3637,0,0,0,0,0,564,VEHICLE_805,564,VEHICLE_805,0,0,0,0,0,0,0,0,0
recovery-fresh-fine-day,fresh,12441600,update,6,1761,3936000,10156800,33,0,2,35,29,6,336,33,33,33,0,0,0,5,35,0,0,0,4528,3374,1154,3642,886,4329,4329,164,0,3853,423889,2654,430060.55299804965,3648,0,0,0,0,0,564,VEHICLE_805,564,VEHICLE_805,0,0,0,0,0,0,0,0,0
recovery-fresh-fine-day,fresh,12441600,update,6,1766,3948000,10168800,31,0,1,32,26,6,334,30,30,31,0,73,0,5,32,0,0,0,4538,3383,1155,3651,887,4342,4342,164,0,3860,425337,2661,431523.8838153514,3660,0,0,0,0,0,564,VEHICLE_805,564,VEHICLE_805,72,0,0,0,0,0,0,0,0
recovery-fresh-fine-day,fresh,12441600,update,6,1771,3960000,10180800,32,0,0,32,26,6,336,30,31,32,0,67,0,5,32,0,0,0,4551,3394,1157,3661,890,4354,4354,165,0,3871,426852,2672,433060.2264652555,3668,0,0,0,0,0,564,VEHICLE_805,564,VEHICLE_805,66,0,0,0,0,0,0,0,0
recovery-fresh-fine-day,fresh,12441600,update,6,1776,3972000,10192800,30,0,2,32,24,8,335,29,29,30,0,13,0,5,32,0,0,0,4563,3404,1159,3670,893,4366,4366,165,0,3881,428397,2686,434623.0842282225,3679,0,0,0,0,0,564,VEHICLE_805,564,VEHICLE_805,12,0,0,0,0,0,0,0,0
recovery-fresh-fine-day,fresh,12441600,update,6,1781,3984000,10204800,33,0,1,34,26,8,335,31,32,33,0,79,0,5,34,0,0,0,4578,3417,1161,3681,897,4379,4379,165,0,3894,429764,2692,436006.3238841079,3690,0,0,0,0,0,564,VEHICLE_805,564,VEHICLE_805,78,0,0,0,0,0,0,0,0
recovery-fresh-fine-day,fresh,12441600,update,6,1786,3996000,10216800,32,0,3,35,30,5,335,30,29,32,0,73,0,5,35,0,0,0,4589,3424,1165,3690,899,4388,4388,166,0,3903,431190,2703,437452.4660184381,3697,0,0,0,0,0,564,VEHICLE_805,564,VEHICLE_805,120,0,0,0,0,0,0,0,0
recovery-fresh-fine-day,fresh,12441600,update,6,1791,4008000,10228800,26,0,4,30,22,8,335,25,25,26,0,97,0,5,30,0,0,0,4601,3432,1169,3698,903,4405,4405,166,0,3914,432580,2710,438861.62751573673,3713,0,0,0,0,0,564,VEHICLE_805,564,VEHICLE_805,96,0,0,0,0,0,0,0,0
recovery-fresh-fine-day,fresh,12441600,update,6,1796,4020000,10240800,28,0,5,33,25,8,335,28,28,28,0,0,0,5,33,0,0,0,4623,3447,1176,3716,907,4423,4423,167,0,3933,433821,2719,440126.3519867237,3728,0,0,0,0,0,564,VEHICLE_805,564,VEHICLE_805,0,0,0,0,0,0,0,0,0
recovery-fresh-fine-day,fresh,12441600,update,6,1801,4032000,10252800,28,0,6,34,24,10,334,28,28,28,0,0,0,5,34,0,0,0,4637,3456,1181,3725,912,4436,4436,167,0,3945,435143,2727,441467.1994151564,3740,0,0,0,0,0,564,VEHICLE_805,564,VEHICLE_805,0,0,0,0,0,0,0,0,0
recovery-fresh-fine-day,fresh,12441600,update,6,1806,4044000,10264800,31,0,4,35,26,9,335,28,28,31,0,295,0,5,35,0,0,0,4651,3466,1185,3737,914,4448,4448,168,0,3958,436479,2741,442827.85277382354,3750,0,0,0,0,0,564,VEHICLE_805,564,VEHICLE_805,294,0,0,0,0,0,0,0,0
recovery-fresh-fine-day,fresh,12441600,update,6,1811,4056000,10276800,29,0,2,31,24,7,335,28,28,29,0,7,0,5,31,0,0,0,4662,3476,1186,3745,917,4462,4462,169,0,3967,437881,2746,444248.37443567044,3762,0,0,0,0,0,564,VEHICLE_805,564,VEHICLE_805,6,0,0,0,0,0,0,0,0
recovery-fresh-fine-day,fresh,12441600,update,6,1816,4068000,10288800,28,0,2,30,27,3,335,26,26,28,0,73,0,5,30,0,0,0,4678,3487,1191,3759,919,4478,4478,170,0,3980,439236,2753,445622.875627768,3775,0,0,0,0,0,564,VEHICLE_805,564,VEHICLE_805,72,0,0,0,0,0,0,0,0
recovery-fresh-fine-day,fresh,12441600,update,6,1821,4080000,10300800,30,0,2,32,28,4,335,29,29,30,0,67,0,5,32,0,0,0,4692,3498,1194,3769,923,4490,4490,170,0,3993,440599,2764,447005.2563359083,3786,0,0,0,0,0,564,VEHICLE_805,564,VEHICLE_805,66,0,0,0,0,0,0,0,0
recovery-fresh-fine-day,fresh,12441600,update,6,1826,4092000,10312800,33,0,3,36,30,6,333,33,33,33,0,0,0,5,36,0,0,0,4709,3511,1198,3781,928,4503,4503,170,0,4006,442023,2772,448452.17062899075,3797,0,0,0,0,0,564,VEHICLE_805,564,VEHICLE_805,0,0,0,0,0,0,0,0,0
recovery-fresh-fine-day,fresh,12441600,update,6,1831,4104000,10324800,33,0,2,35,30,5,335,31,31,33,0,0,0,5,35,0,0,0,4723,3523,1200,3793,930,4517,4517,171,0,4019,443385,2780,449835.85916861123,3808,0,0,0,0,0,564,VEHICLE_805,564,VEHICLE_805,0,0,0,0,0,0,0,0,0
recovery-fresh-fine-day,fresh,12441600,update,6,1836,4116000,10336800,33,0,0,33,26,7,333,32,32,33,0,49,0,5,33,0,0,0,4729,3528,1201,3796,933,4524,4524,172,0,4022,444786,2792,451263.4463012123,3814,0,0,0,0,0,564,VEHICLE_805,564,VEHICLE_805,48,0,0,0,0,0,0,0,0
recovery-fresh-fine-day,fresh,12441600,update,6,1841,4128000,10348800,30,0,1,31,24,7,333,29,29,30,0,97,0,5,31,0,0,0,4743,3539,1204,3807,936,4540,4540,172,0,4033,446134,2797,452630.945454343,3827,0,0,0,0,0,564,VEHICLE_805,564,VEHICLE_805,96,0,0,0,0,0,0,0,0
recovery-fresh-fine-day,fresh,12441600,update,6,1846,4140000,10360800,27,0,6,33,28,5,334,26,26,27,0,67,0,5,33,0,0,0,4763,3552,1211,3825,938,4558,4558,172,0,4053,447454,2804,453975.4762761181,3844,0,0,0,0,0,564,VEHICLE_805,564,VEHICLE_805,66,0,0,0,0,0,0,0,0
recovery-fresh-fine-day,fresh,12441600,update,6,1851,4152000,10372800,31,0,3,34,27,7,334,31,31,31,0,0,0,5,34,0,0,0,4780,3565,1215,3838,942,4574,4574,172,0,4068,448733,2813,455280.45721837017,3858,0,0,0,0,0,564,VEHICLE_805,564,VEHICLE_805,0,0,0,0,0,0,0,0,0
recovery-fresh-fine-day,fresh,12441600,update,6,1856,4164000,10384800,28,0,3,31,26,5,334,28,28,28,0,0,0,5,31,0,0,0,4788,3570,1218,3845,943,4584,4584,173,0,4074,450093,2823,456650.0932319786,3866,0,0,0,0,0,564,VEHICLE_805,564,VEHICLE_805,0,0,0,0,0,0,0,0,0
recovery-fresh-fine-day,fresh,12441600,update,6,1861,4176000,10396800,31,0,1,32,27,5,333,31,31,31,0,0,0,5,32,0,0,0,4802,3581,1221,3856,946,4597,4597,173,0,4087,451469,2837,458051.9705330625,3879,0,0,0,0,0,564,VEHICLE_805,564,VEHICLE_805,0,0,0,0,0,0,0,0,0
recovery-fresh-fine-day,fresh,12441600,update,6,1866,4188000,10408800,32,0,3,35,29,6,332,32,32,32,0,0,0,5,35,0,0,0,4813,3588,1225,3864,949,4605,4605,173,0,4095,452843,2845,459443.8817850079,3885,0,0,0,0,0,564,VEHICLE_805,564,VEHICLE_805,0,0,0,0,0,0,0,0,0
recovery-fresh-fine-day,fresh,12441600,update,6,1871,4200000,10420800,32,0,2,34,29,5,333,32,32,32,0,0,0,5,34,0,0,0,4833,3604,1229,3882,951,4625,4625,174,0,4113,454123,2850,460739.2205340483,3902,0,0,0,0,0,564,VEHICLE_805,564,VEHICLE_805,0,0,0,0,0,0,0,0,0
recovery-fresh-fine-day,fresh,12441600,update,6,1876,4212000,10432800,34,0,1,35,29,6,334,30,30,34,0,25,0,5,35,0,0,0,4847,3616,1231,3893,954,4638,4638,174,0,4126,455469,2857,462097.91522465716,3913,0,0,0,0,0,564,VEHICLE_805,564,VEHICLE_805,24,0,0,0,0,0,0,0,0
recovery-fresh-fine-day,fresh,12441600,update,6,1881,4224000,10444800,32,0,1,33,28,5,334,32,32,32,0,0,0,5,33,0,0,0,4853,3620,1233,3896,957,4646,4646,174,0,4130,456907,2872,463564.3864967057,3919,0,0,0,0,0,840,VEHICLE_4455,840,VEHICLE_4455,0,0,0,0,0,0,0,0,0
recovery-fresh-fine-day,fresh,12441600,update,6,1886,4236000,10456800,32,0,1,33,29,4,333,32,32,32,0,0,0,5,33,0,0,0,4862,3628,1234,3904,958,4654,4654,175,0,4137,458395,2880,465066.0525059409,3926,0,0,0,0,0,840,VEHICLE_4455,840,VEHICLE_4455,0,0,0,0,0,0,0,0,0
recovery-fresh-fine-day,fresh,12441600,update,6,1891,4248000,10468800,30,0,3,33,28,5,334,29,29,30,0,31,0,5,33,0,0,0,4882,3643,1239,3920,962,4673,4673,176,0,4155,459786,2887,466481.7848764842,3942,0,0,0,0,0,840,VEHICLE_4455,840,VEHICLE_4455,30,0,0,0,0,0,0,0,0
recovery-fresh-fine-day,fresh,12441600,update,6,1896,4260000,10480800,32,0,3,35,29,6,335,31,31,32,0,193,0,5,35,0,0,0,4899,3657,1242,3932,967,4688,4688,176,0,4171,461071,2894,467789.19309811085,3955,0,0,0,0,0,840,VEHICLE_4455,840,VEHICLE_4455,192,0,0,0,0,0,0,0,0
recovery-fresh-fine-day,fresh,12441600,update,6,1901,4272000,10492800,30,0,1,31,26,5,335,29,29,30,0,253,0,5,31,0,0,0,4909,3665,1244,3939,970,4702,4702,176,0,4178,462450,2902,469185.85873233364,3966,0,0,0,0,0,840,VEHICLE_4455,840,VEHICLE_4455,252,0,0,0,0,0,0,0,0
recovery-fresh-fine-day,fresh,12441600,update,6,1906,4284000,10504800,34,0,0,34,31,3,335,34,34,34,0,0,0,5,34,0,0,0,4925,3679,1246,3954,971,4713,4713,178,0,4192,463884,2916,470652.53704312094,3975,0,0,0,0,0,840,VEHICLE_4455,840,VEHICLE_4455,0,0,0,0,0,0,0,0,0
recovery-fresh-fine-day,fresh,12441600,update,6,1911,4296000,10516800,35,0,0,35,29,6,334,34,34,35,0,67,0,5,35,0,0,0,4934,3688,1246,3958,976,4721,4721,178,0,4198,465442,2923,472226.773122282,3981,0,0,0,0,0,840,VEHICLE_4455,840,VEHICLE_4455,66,0,0,0,0,0,0,0,0
recovery-fresh-fine-day,fresh,12441600,update,6,1916,4308000,10528800,32,0,0,32,27,5,335,32,32,32,0,0,0,5,32,0,0,0,4946,3700,1246,3968,978,4736,4736,178,0,4209,466856,2935,473665.8570638404,3994,0,0,0,0,0,840,VEHICLE_4455,840,VEHICLE_4455,0,0,0,0,0,0,0,0,0
recovery-fresh-fine-day,fresh,12441600,update,6,1921,4320000,10540800,33,0,2,35,29,6,334,29,29,33,0,0,0,5,35,0,0,0,4961,3711,1250,3981,980,4747,4747,179,0,4221,468206,2940,475031.94331624475,4003,0,0,0,0,0,840,VEHICLE_4455,840,VEHICLE_4455,0,0,0,0,0,0,0,0,0
recovery-fresh-fine-day,fresh,12441600,update,6,1926,4332000,10552800,31,0,2,33,26,7,335,31,31,31,0,0,0,5,33,0,0,0,4971,3720,1251,3987,984,4759,4759,179,0,4230,469615,2951,476468.094524537,4013,0,0,0,0,0,840,VEHICLE_4455,840,VEHICLE_4455,0,0,0,0,0,0,0,0,0
recovery-fresh-fine-day,fresh,12441600,update,6,1931,4344000,10564800,33,0,3,36,28,8,334,33,33,33,0,0,0,5,36,0,0,0,4988,3734,1254,3999,989,4773,4773,179,0,4244,471055,2959,477925.6341873442,4025,0,0,0,0,0,840,VEHICLE_4455,840,VEHICLE_4455,0,0,0,0,0,0,0,0,0
recovery-fresh-fine-day,fresh,12441600,update,6,1936,4356000,10576800,33,0,2,35,27,8,334,32,32,33,0,109,0,5,35,0,0,0,5000,3744,1256,4007,993,4786,4786,179,0,4253,472475,2973,479371.1645399218,4035,0,0,0,0,0,840,VEHICLE_4455,840,VEHICLE_4455,108,0,0,0,0,0,0,0,0
recovery-fresh-fine-day,fresh,12441600,update,6,1941,4368000,10588800,28,0,5,33,27,6,335,28,28,28,0,0,0,5,33,0,0,0,5014,3753,1261,4018,996,4801,4801,180,0,4266,473854,2981,480773.0020279654,4048,0,0,0,0,0,840,VEHICLE_4455,840,VEHICLE_4455,0,0,0,0,0,0,0,0,0
recovery-fresh-fine-day,fresh,12441600,update,6,1946,4380000,10600800,28,0,2,30,24,6,334,27,28,28,0,1,0,5,30,0,0,0,5025,3763,1262,4026,999,4815,4815,180,0,4275,475108,2989,482045.0824146888,4061,0,0,0,0,0,840,VEHICLE_4455,840,VEHICLE_4455,0,0,0,0,0,0,0,0,0
recovery-fresh-fine-day,fresh,12441600,update,6,1951,4392000,10612800,26,0,1,27,22,5,335,26,26,26,0,0,0,5,27,0,0,0,5041,3773,1268,4040,1001,4833,4833,181,0,4288,476325,2994,483272.82453114283,4075,0,0,0,0,0,840,VEHICLE_4455,840,VEHICLE_4455,0,0,0,0,0,0,0,0,0
recovery-fresh-fine-day,fresh,12441600,update,6,1956,4404000,10624800,30,0,3,33,27,6,334,28,28,30,0,37,0,5,33,0,0,0,5058,3785,1273,4054,1004,4843,4843,182,0,4304,477615,3003,484594.4457715696,4085,0,0,0,0,0,840,VEHICLE_4455,840,VEHICLE_4455,36,0,0,0,0,0,0,0,0
recovery-fresh-fine-day,fresh,12441600,update,6,1961,4416000,10636800,36,0,0,36,29,7,333,35,35,36,0,97,0,5,36,0,0,0,5077,3801,1276,4068,1009,4858,4858,183,0,4319,478975,3014,485974.6147276859,4097,0,0,0,0,0,840,VEHICLE_4455,840,VEHICLE_4455,96,0,0,0,0,0,0,0,0
recovery-fresh-fine-day,fresh,12441600,update,6,1966,4428000,10648800,33,0,2,35,30,5,333,30,30,33,0,91,0,5,35,0,0,0,5092,3813,1279,4081,1011,4873,4873,184,0,4333,480438,3021,487458.87217542133,4111,0,0,0,0,0,840,VEHICLE_4455,840,VEHICLE_4455,90,0,0,0,0,0,0,0,0
recovery-fresh-fine-day,fresh,12441600,update,6,1971,4440000,10660800,29,0,4,33,28,5,335,28,28,29,0,79,0,5,33,0,0,0,5102,3820,1282,4088,1014,4885,4885,184,0,4341,481780,3031,488823.1535317607,4119,0,0,0,0,0,840,VEHICLE_4455,840,VEHICLE_4455,78,0,0,0,0,0,0,0,0
recovery-fresh-fine-day,fresh,12441600,update,6,1976,4452000,10672800,28,0,4,32,25,7,333,28,28,28,0,0,0,5,32,0,0,0,5114,3827,1287,4098,1016,4898,4898,184,0,4351,483028,3042,490093.7043039098,4132,0,0,0,0,0,840,VEHICLE_4455,840,VEHICLE_4455,0,0,0,0,0,0,0,0,0
recovery-fresh-fine-day,fresh,12441600,update,6,1981,4464000,10684800,29,0,6,35,28,7,334,29,29,29,0,0,0,5,35,0,0,0,5137,3842,1295,4116,1021,4917,4917,185,0,4371,484314,3047,491397.20035015955,4147,0,0,0,0,0,840,VEHICLE_4455,840,VEHICLE_4455,0,0,0,0,0,0,0,0,0
recovery-fresh-fine-day,fresh,12441600,update,6,1986,4476000,10696800,30,0,4,34,28,6,334,30,30,30,0,0,0,5,34,0,0,0,5153,3854,1299,4130,1023,4934,4934,185,0,4385,485741,3057,492844.672412561,4162,0,0,0,0,0,840,VEHICLE_4455,840,VEHICLE_4455,0,0,0,0,0,0,0,0,0
recovery-fresh-fine-day,fresh,12441600,update,6,1991,4488000,10708800,26,0,4,30,26,4,333,25,24,26,0,31,0,5,30,0,0,0,5167,3863,1304,4142,1025,4951,4951,186,0,4396,487102,3067,494226.9182723246,4177,0,0,0,0,0,840,VEHICLE_4455,840,VEHICLE_4455,108,0,0,0,0,0,0,0,0
recovery-fresh-fine-day,fresh,12441600,update,6,1996,4500000,10720800,26,0,3,29,26,3,334,26,26,26,0,0,0,5,29,0,0,0,5183,3872,1311,4157,1026,4968,4968,186,0,4411,488375,3073,495517.731065999,4192,0,0,0,0,0,840,VEHICLE_4455,840,VEHICLE_4455,0,0,0,0,0,0,0,0,0
recovery-fresh-fine-day,fresh,12441600,update,6,2001,4512000,10732800,29,0,3,32,29,3,335,29,29,29,0,0,0,5,32,0,0,0,5200,3885,1315,4170,1030,4982,4982,186,0,4427,489662,3079,496827.2327336513,4204,0,0,0,0,0,840,VEHICLE_4455,840,VEHICLE_4455,0,0,0,0,0,0,0,0,0
recovery-fresh-fine-day,fresh,12441600,update,6,2006,4524000,10744800,28,0,4,32,28,4,334,26,26,28,0,115,0,5,32,0,0,0,5213,3891,1322,4181,1032,4995,4995,186,0,4437,490935,3088,498113.4893890165,4215,0,0,0,0,0,840,VEHICLE_4455,840,VEHICLE_4455,114,0,0,0,0,0,0,0,0
recovery-fresh-fine-day,fresh,12441600,update,6,2011,4536000,10756800,35,0,0,35,30,5,334,34,34,35,0,0,0,5,35,0,0,0,5228,3906,1322,4194,1034,5006,5006,187,0,4451,492325,3097,499533.97548309737,4225,0,0,0,0,0,840,VEHICLE_4455,840,VEHICLE_4455,0,0,0,0,0,0,0,0,0
recovery-fresh-fine-day,fresh,12441600,update,6,2016,4548000,10768800,34,0,1,35,31,4,333,33,33,34,0,7,0,5,35,0,0,0,5234,3911,1323,4198,1036,5012,5012,187,0,4454,493823,3103,501049.263311255,4229,0,0,0,0,0,840,VEHICLE_4455,840,VEHICLE_4455,6,0,0,0,0,0,0,0,0
recovery-fresh-fine-day,fresh,12441600,update,6,2021,4560000,10780800,31,0,2,33,28,5,333,31,31,31,0,0,0,5,33,0,0,0,5247,3922,1325,4207,1040,5026,5026,188,0,4464,495242,3115,502488.3292078993,4240,0,0,0,0,0,840,VEHICLE_4455,840,VEHICLE_4455,0,0,0,0,0,0,0,0,0
recovery-fresh-fine-day,fresh,12441600,update,6,2026,4572000,10792800,30,0,2,32,29,3,334,30,30,30,0,0,0,5,32,0,0,0,5263,3931,1332,4222,1041,5042,5042,189,0,4478,496547,3125,503814.93720621546,4253,0,0,0,0,0,840,VEHICLE_4455,840,VEHICLE_4455,0,0,0,0,0,0,0,0,0
recovery-fresh-fine-day,fresh,12441600,update,6,2031,4584000,10804800,33,0,2,35,31,4,333,33,33,33,0,0,0,5,35,0,0,0,5281,3947,1334,4236,1045,5056,5056,190,0,4493,497808,3128,505094.14156007045,4265,0,0,0,0,0,840,VEHICLE_4455,840,VEHICLE_4455,0,0,0,0,0,0,0,0,0
recovery-fresh-fine-day,fresh,12441600,update,6,2036,4596000,10816800,25,0,2,27,24,3,334,25,25,25,0,0,0,5,27,0,0,0,5287,3949,1338,4241,1046,5069,5069,191,0,4497,499118,3139,506414.7056292065,4275,0,0,0,0,0,840,VEHICLE_4455,840,VEHICLE_4455,0,0,0,0,0,0,0,0,0
recovery-fresh-fine-day,fresh,12441600,update,6,2041,4608000,10828800,29,0,3,32,27,5,333,29,29,29,0,0,0,5,32,0,0,0,5302,3961,1341,4253,1049,5079,5079,191,0,4511,500345,3151,507667.0010860462,4285,0,0,0,0,0,840,VEHICLE_4455,840,VEHICLE_4455,0,0,0,0,0,0,0,0,0
recovery-fresh-fine-day,fresh,12441600,update,6,2046,4620000,10840800,31,0,1,32,27,5,334,30,30,31,0,49,0,5,32,0,0,0,5321,3978,1343,4268,1053,5098,5098,191,0,4527,501663,3157,509007.34545729146,4300,0,0,0,0,0,840,VEHICLE_4455,840,VEHICLE_4455,48,0,0,0,0,0,0,0,0
recovery-fresh-fine-day,fresh,12441600,update,6,2051,4632000,10852800,32,0,2,34,27,7,334,32,32,32,0,0,0,5,34,0,0,0,5336,3990,1346,4281,1055,5111,5111,191,0,4541,503122,3169,510485.0433773289,4312,0,0,0,0,0,840,VEHICLE_4455,840,VEHICLE_4455,0,0,0,0,0,0,0,0,0
recovery-fresh-fine-day,fresh,12441600,update,6,2056,4644000,10864800,33,0,2,35,29,6,335,31,31,33,0,0,0,5,35,0,0,0,5353,4003,1350,4295,1058,5125,5125,193,0,4556,504476,3179,511864.6277076921,4323,0,0,0,0,0,840,VEHICLE_4455,840,VEHICLE_4455,0,0,0,0,0,0,0,0,0
recovery-fresh-fine-day,fresh,12441600,update,6,2061,4656000,10876800,30,0,1,31,25,6,334,30,30,30,0,0,0,5,31,0,0,0,5362,4010,1352,4302,1060,5138,5138,193,0,4563,505891,3188,513304.0685833127,4335,0,0,0,0,0,840,VEHICLE_4455,840,VEHICLE_4455,0,0,0,0,0,0,0,0,0
recovery-fresh-fine-day,fresh,12441600,update,6,2066,4668000,10888800,32,0,2,34,29,5,334,31,31,32,0,121,0,5,34,0,0,0,5381,4025,1356,4318,1063,5154,5154,193,0,4579,507258,3196,514694.00207224605,4348,0,0,0,0,0,840,VEHICLE_4455,840,VEHICLE_4455,120,0,0,0,0,0,0,0,0
recovery-fresh-fine-day,fresh,12441600,update,6,2071,4680000,10900800,31,0,1,32,27,5,334,30,30,31,0,349,0,5,32,0,0,0,5393,4034,1359,4328,1065,5167,5167,194,0,4589,508565,3205,516018.4756370897,4359,0,0,0,0,0,840,VEHICLE_4455,840,VEHICLE_4455,348,0,0,0,0,0,0,0,0
recovery-fresh-fine-day,fresh,12441600,update,6,2076,4692000,10912800,30,0,3,33,31,2,335,29,29,30,0,79,0,5,33,0,0,0,5410,4046,1364,4343,1067,5183,5183,194,0,4605,509800,3212,517276.2600504013,4373,0,0,0,0,0,840,VEHICLE_4455,840,VEHICLE_4455,78,0,0,0,0,0,0,0,0
recovery-fresh-fine-day,fresh,12441600,update,6,2081,4704000,10924800,27,0,2,29,26,3,335,27,27,27,0,0,0,5,29,0,0,0,5418,4051,1367,4349,1069,5195,5195,194,0,4611,511096,3220,518583.27440257766,4383,0,0,0,0,0,840,VEHICLE_4455,840,VEHICLE_4455,0,0,0,0,0,0,0,0,0
recovery-fresh-fine-day,fresh,12441600,update,6,2086,4716000,10936800,27,0,4,31,28,3,335,27,27,27,0,0,0,5,31,0,0,0,5434,4060,1374,4362,1072,5208,5208,195,0,4624,512236,3228,519739.0788363388,4393,0,0,0,0,0,840,VEHICLE_4455,840,VEHICLE_4455,0,0,0,0,0,0,0,0,0
recovery-fresh-fine-day,fresh,12441600,update,6,2091,4728000,10948800,30,0,2,32,28,4,334,30,30,30,0,0,0,5,32,0,0,0,5448,4071,1377,4373,1075,5221,5221,195,0,4636,513392,3233,520918.4379116411,4405,0,0,0,0,0,840,VEHICLE_4455,840,VEHICLE_4455,0,0,0,0,0,0,0,0,0
recovery-fresh-fine-day,fresh,12441600,update,6,2096,4740000,10960800,29,0,2,31,24,7,337,28,28,29,0,55,0,5,31,0,0,0,5461,4081,1380,4380,1081,5235,5235,195,0,4648,514647,3239,522186.3253475318,4415,0,0,0,0,0,840,VEHICLE_4455,840,VEHICLE_4455,54,0,0,0,0,0,0,0,0
recovery-fresh-fine-day,fresh,12441600,update,6,2101,4752000,10972800,31,0,3,34,28,6,334,28,28,31,0,0,0,5,34,0,0,0,5477,4093,1384,4393,1084,5248,5248,195,0,4661,515933,3248,523489.8620252984,4428,0,0,0,0,0,840,VEHICLE_4455,840,VEHICLE_4455,0,0,0,0,0,0,0,0,0
recovery-fresh-fine-day,fresh,12441600,update,6,2106,4764000,10984800,29,0,1,30,27,3,337,29,29,29,0,0,0,5,30,0,0,0,5488,4103,1385,4403,1085,5262,5262,196,0,4671,517260,3257,524841.8216048556,4438,0,0,0,0,0,840,VEHICLE_4455,840,VEHICLE_4455,0,0,0,0,0,0,0,0,0
recovery-fresh-fine-day,fresh,12441600,update,6,2111,4776000,10996800,26,0,2,28,21,7,335,25,26,26,0,1,0,5,28,0,0,0,5496,4109,1387,4407,1089,5271,5271,197,0,4677,518441,3264,526032.826412013,4447,0,0,0,0,0,840,VEHICLE_4455,840,VEHICLE_4455,0,0,0,0,0,0,0,0,0
recovery-fresh-fine-day,fresh,12441600,update,6,2116,4788000,11008800,31,0,2,33,28,5,335,31,31,31,0,0,0,5,33,0,0,0,5511,4120,1391,4421,1090,5281,5281,197,0,4690,519695,3273,527307.0519628294,4455,0,0,0,0,0,840,VEHICLE_4455,840,VEHICLE_4455,0,0,0,0,0,0,0,0,0
recovery-fresh-fine-day,fresh,12441600,update,6,2121,4800000,11020800,31,0,2,33,26,7,335,31,31,31,0,0,0,5,33,0,0,0,5525,4131,1394,4428,1097,5294,5294,198,0,4701,520971,3280,528601.5488204525,4465,0,0,0,0,0,840,VEHICLE_4455,840,VEHICLE_4455,0,0,0,0,0,0,0,0,0
recovery-fresh-fine-day,fresh,12441600,update,6,2126,4812000,11032800,23,0,2,25,23,2,335,23,23,23,0,0,0,5,25,0,0,0,5533,4137,1396,4436,1097,5310,5310,198,0,4708,522227,3289,529878.4524412078,4480,0,0,0,0,0,840,VEHICLE_4455,840,VEHICLE_4455,0,0,0,0,0,0,0,0,0
recovery-fresh-fine-day,fresh,12441600,update,6,2131,4824000,11044800,28,0,2,30,26,4,335,28,28,28,0,0,0,5,30,0,0,0,5551,4151,1400,4450,1101,5322,5322,199,0,4723,523377,3294,531043.3330494768,4489,0,0,0,0,0,840,VEHICLE_4455,840,VEHICLE_4455,0,0,0,0,0,0,0,0,0
recovery-fresh-fine-day,fresh,12441600,update,6,2136,4836000,11056800,30,0,3,33,29,4,334,30,30,30,0,0,0,5,33,0,0,0,5565,4160,1405,4464,1101,5332,5332,200,0,4736,524640,3301,532328.10180213,4499,0,0,0,0,0,840,VEHICLE_4455,840,VEHICLE_4455,0,0,0,0,0,0,0,0,0
recovery-fresh-fine-day,fresh,12441600,update,6,2141,4848000,11068800,30,0,5,35,31,4,334,29,30,30,0,1,0,5,35,0,0,0,5579,4169,1410,4475,1104,5344,5344,200,0,4747,525888,3309,533589.0967924239,4508,0,0,0,0,0,840,VEHICLE_4455,840,VEHICLE_4455,0,0,0,0,0,0,0,0,0
recovery-fresh-fine-day,fresh,12441600,update,6,2146,4860000,11080800,26,0,3,29,25,4,335,26,26,26,0,0,0,5,29,0,0,0,5590,4175,1415,4484,1106,5360,5360,201,0,4756,527171,3318,534888.670218555,4521,0,0,0,0,0,840,VEHICLE_4455,840,VEHICLE_4455,0,0,0,0,0,0,0,0,0
recovery-fresh-fine-day,fresh,12441600,update,6,2151,4872000,11092800,31,0,2,33,29,4,334,30,30,31,0,49,0,5,33,0,0,0,5603,4187,1416,4495,1108,5369,5369,201,0,4767,528481,3326,536217.2741704003,4529,0,0,0,0,0,840,VEHICLE_4455,840,VEHICLE_4455,48,0,0,0,0,0,0,0,0
recovery-fresh-fine-day,fresh,12441600,update,6,2156,4884000,11104800,32,0,1,33,27,6,334,31,31,32,0,25,0,5,33,0,0,0,5617,4199,1418,4505,1112,5383,5383,201,0,4779,529973,3335,537726.5580455621,4541,0,0,0,0,0,840,VEHICLE_4455,840,VEHICLE_4455,24,0,0,0,0,0,0,0,0
recovery-fresh-fine-day,fresh,12441600,update,6,2161,4896000,11116800,29,0,4,33,28,5,333,28,28,29,0,55,0,5,33,0,0,0,5632,4209,1423,4516,1116,5398,5398,201,0,4790,531380,3346,539158.4533159866,4553,0,0,0,0,0,840,VEHICLE_4455,840,VEHICLE_4455,54,0,0,0,0,0,0,0,0
recovery-fresh-fine-day,fresh,12441600,update,6,2166,4908000,11128800,24,0,1,25,22,3,335,24,24,24,0,0,0,5,25,0,0,0,5642,4217,1425,4523,1119,5415,5415,202,0,4798,532568,3353,540366.3133679631,4566,0,0,0,0,0,840,VEHICLE_4455,840,VEHICLE_4455,0,0,0,0,0,0,0,0,0
recovery-fresh-fine-day,fresh,12441600,update,6,2171,4920000,11140800,19,0,2,21,17,4,333,18,18,19,0,79,0,5,21,0,0,0,5653,4226,1427,4532,1121,5430,5430,202,0,4806,533583,3361,541400.6398605958,4580,0,0,0,0,0,840,VEHICLE_4455,840,VEHICLE_4455,78,0,0,0,0,0,0,0,0
recovery-fresh-fine-day,fresh,12441600,update,6,2176,4932000,11152800,23,0,1,24,18,6,333,22,22,23,0,7,0,5,24,0,0,0,5664,4235,1429,4540,1124,5437,5437,203,0,4816,534495,3364,542326.1303814969,4586,0,0,0,0,0,840,VEHICLE_4455,840,VEHICLE_4455,6,0,0,0,0,0,0,0,0
recovery-fresh-fine-day,fresh,12441600,update,6,2181,4944000,11164800,22,0,6,28,23,5,333,21,21,22,0,61,0,5,28,0,0,0,5679,4244,1435,4551,1128,5448,5448,203,0,4828,535508,3372,543353.9953757871,4594,0,0,0,0,0,840,VEHICLE_4455,840,VEHICLE_4455,60,0,0,0,0,0,0,0,0
recovery-fresh-fine-day,fresh,12441600,update,6,2186,4956000,11176800,31,0,2,33,27,6,333,31,31,31,0,0,0,5,33,0,0,0,5696,4259,1437,4566,1130,5459,5459,204,0,4844,536693,3381,544560.0956120396,4604,0,0,0,0,0,840,VEHICLE_4455,840,VEHICLE_4455,0,0,0,0,0,0,0,0,0
recovery-fresh-fine-day,fresh,12441600,update,6,2191,4968000,11188800,31,0,4,35,29,6,333,28,28,31,0,0,0,5,35,0,0,0,5711,4268,1443,4578,1133,5472,5472,204,0,4855,537985,3392,545873.8215560184,4613,0,0,0,0,0,840,VEHICLE_4455,840,VEHICLE_4455,0,0,0,0,0,0,0,0,0
recovery-fresh-fine-day,fresh,12441600,update,6,2196,4980000,11200800,28,0,2,30,26,4,334,27,27,28,0,163,0,5,30,0,0,0,5718,4272,1446,4585,1133,5483,5483,205,0,4862,539326,3399,547228.4415780862,4623,0,0,0,0,0,840,VEHICLE_4455,840,VEHICLE_4455,162,0,0,0,0,0,0,0,0
recovery-fresh-fine-day,fresh,12441600,update,6,2201,4992000,11212800,27,0,1,28,27,1,335,27,27,27,0,0,0,5,28,0,0,0,5731,4282,1449,4597,1134,5498,5498,205,0,4874,540529,3407,548447.6178852532,4636,0,0,0,0,0,840,VEHICLE_4455,840,VEHICLE_4455,0,0,0,0,0,0,0,0,0
recovery-fresh-fine-day,fresh,12441600,update,6,2206,5004000,11224800,23,0,5,28,26,2,333,22,22,23,0,67,0,5,28,0,0,0,5746,4291,1455,4610,1136,5512,5512,206,0,4886,541678,3414,549614.9040434423,4649,0,0,0,0,0,840,VEHICLE_4455,840,VEHICLE_4455,66,0,0,0,0,0,0,0,0
recovery-fresh-fine-day,fresh,12441600,update,6,2211,5016000,11236800,21,0,6,27,24,3,333,21,21,21,0,0,0,5,27,0,0,0,5757,4297,1460,4619,1138,5524,5524,206,0,4896,542732,3422,550689.9728871628,4660,0,0,0,0,0,840,VEHICLE_4455,840,VEHICLE_4455,0,0,0,0,0,0,0,0,0
recovery-fresh-fine-day,fresh,12441600,update,6,2216,5028000,11248800,21,0,1,22,19,3,333,21,21,21,0,0,0,5,22,0,0,0,5769,4306,1463,4627,1142,5541,5541,206,0,4905,543616,3426,551591.3512536872,4674,0,0,0,0,0,840,VEHICLE_4455,840,VEHICLE_4455,0,0,0,0,0,0,0,0,0
recovery-fresh-fine-day,fresh,12441600,update,6,2221,5040000,11260800,20,0,6,26,22,4,332,20,20,20,0,0,0,5,26,0,0,0,5780,4311,1469,4637,1143,5548,5548,206,0,4915,544471,3431,552451.8415131306,4681,0,0,0,0,0,840,VEHICLE_4455,840,VEHICLE_4455,0,0,0,0,0,0,0,0,0
recovery-fresh-fine-day,fresh,12441600,update,6,2226,5052000,11272800,25,0,2,27,23,4,333,25,25,25,0,0,0,5,27,0,0,0,5795,4322,1473,4648,1147,5561,5561,207,0,4928,545519,3437,553515.4849472975,4691,0,0,0,0,0,840,VEHICLE_4455,840,VEHICLE_4455,0,0,0,0,0,0,0,0,0
recovery-fresh-fine-day,fresh,12441600,update,6,2231,5064000,11284800,26,0,3,29,23,6,333,26,26,26,0,0,0,5,29,0,0,0,5810,4332,1478,4660,1150,5574,5574,207,0,4942,546602,3441,554611.8952264942,4703,0,0,0,0,0,840,VEHICLE_4455,840,VEHICLE_4455,0,0,0,0,0,0,0,0,0
recovery-fresh-fine-day,fresh,12441600,update,6,2236,5076000,11296800,31,0,2,33,29,4,334,25,25,31,0,61,0,5,33,0,0,0,5824,4344,1480,4671,1153,5584,5584,207,0,4954,547895,3451,555924.9069251481,4710,0,0,0,0,0,840,VEHICLE_4455,840,VEHICLE_4455,60,0,0,0,0,0,0,0,0
recovery-fresh-fine-day,fresh,12441600,update,6,2241,5088000,11308800,32,0,3,35,30,5,332,31,31,32,0,73,0,5,35,0,0,0,5835,4352,1483,4679,1156,5593,5593,207,0,4962,549313,3460,557364.1314262103,4718,0,0,0,0,0,840,VEHICLE_4455,840,VEHICLE_4455,72,0,0,0,0,0,0,0,0
recovery-fresh-fine-day,fresh,12441600,update,6,2246,5100000,11320800,28,0,4,32,27,5,332,27,27,28,0,73,0,5,32,0,0,0,5847,4359,1488,4689,1158,5607,5607,208,0,4973,550620,3467,558687.2541916331,4731,0,0,0,0,0,840,VEHICLE_4455,840,VEHICLE_4455,72,0,0,0,0,0,0,0,0
recovery-fresh-fine-day,fresh,12441600,update,6,2251,5112000,11332800,32,0,1,33,29,4,334,32,32,32,0,0,0,5,33,0,0,0,5864,4374,1490,4704,1160,5623,5623,208,0,4989,551954,3475,560045.3451227576,4744,0,0,0,0,0,840,VEHICLE_4455,840,VEHICLE_4455,0,0,0,0,0,0,0,0,0
recovery-fresh-fine-day,fresh,12441600,update,6,2256,5124000,11344800,31,0,2,33,29,4,332,28,28,31,0,85,0,5,33,0,0,0,5874,4382,1492,4712,1162,5633,5633,208,0,4996,553393,3484,561505.2740747735,4753,0,0,0,0,0,840,VEHICLE_4455,840,VEHICLE_4455,84,0,0,0,0,0,0,0,0
recovery-fresh-fine-day,fresh,12441600,update,6,2261,5136000,11356800,30,0,1,31,29,2,333,29,28,30,0,61,0,5,31,0,0,0,5885,4392,1493,4722,1163,5645,5645,209,0,5006,554868,3498,563000.181152778,4763,0,0,0,0,0,840,VEHICLE_4455,840,VEHICLE_4455,120,0,0,0,0,0,0,0,0
recovery-fresh-fine-day,fresh,12441600,update,6,2266,5148000,11368800,30,0,3,33,30,3,331,30,30,30,0,0,0,5,33,0,0,0,5899,4402,1497,4735,1164,5657,5657,209,0,5018,556269,3504,564420.12274717,4775,0,0,0,0,0,840,VEHICLE_4455,840,VEHICLE_4455,0,0,0,0,0,0,0,0,0
recovery-fresh-fine-day,fresh,12441600,update,6,2271,5160000,11380800,33,0,1,34,29,5,332,31,31,33,0,115,0,5,34,0,0,0,5915,4416,1499,4747,1168,5671,5671,210,0,5032,557697,3512,565870.7749615985,4786,0,0,0,0,0,840,VEHICLE_4455,840,VEHICLE_4455,114,0,0,0,0,0,0,0,0
recovery-fresh-fine-day,fresh,12441600,update,6,2276,5172000,11392800,33,0,1,34,29,5,332,31,30,33,0,49,0,5,34,0,0,0,5926,4426,1500,4757,1169,5681,5681,211,0,5040,559146,3519,567333.3220696601,4793,0,0,0,0,0,840,VEHICLE_4455,840,VEHICLE_4455,120,0,0,0,0,0,0,0,0
recovery-fresh-fine-day,fresh,12441600,update,6,2281,5184000,11404800,31,0,1,32,28,4,333,28,28,31,0,0,0,5,32,0,0,0,5934,4433,1501,4763,1171,5691,5691,211,0,5046,560507,3527,568713.3130001707,4800,0,0,0,0,0,840,VEHICLE_4455,840,VEHICLE_4455,0,0,0,0,0,0,0,0,0
recovery-fresh-fine-day,fresh,12441600,update,6,2286,5196000,11416800,26,0,3,29,26,3,332,26,26,26,0,0,0,5,29,0,0,0,5942,4437,1505,4770,1172,5701,5701,212,0,5052,561702,3537,569933.1450831743,4809,0,0,0,0,0,840,VEHICLE_4455,840,VEHICLE_4455,0,0,0,0,0,0,0,0,0
recovery-fresh-fine-day,fresh,12441600,update,6,2291,5208000,11428800,28,0,3,31,26,5,331,28,28,28,0,0,0,5,31,0,0,0,5959,4451,1508,4784,1175,5715,5715,213,0,5067,562933,3541,571180.0311941488,4822,0,0,0,0,0,840,VEHICLE_4455,840,VEHICLE_4455,0,0,0,0,0,0,0,0,0
recovery-fresh-fine-day,fresh,12441600,update,6,2296,5220000,11440800,23,0,1,24,20,4,333,23,22,23,0,0,0,5,24,0,0,0,5969,4459,1510,4792,1177,5731,5731,214,0,5075,564020,3549,572281.8299516935,4834,0,0,0,0,0,840,VEHICLE_4455,840,VEHICLE_4455,120,0,0,0,0,0,0,0,0
recovery-fresh-fine-day,fresh,12441600,update,6,2301,5232000,11452800,27,0,5,32,28,4,332,27,27,27,0,0,0,5,32,0,0,0,5984,4469,1515,4806,1178,5738,5738,214,0,5088,565083,3555,573363.4332330024,4840,0,0,0,0,0,840,VEHICLE_4455,840,VEHICLE_4455,0,0,0,0,0,0,0,0,0
recovery-fresh-fine-day,fresh,12441600,update,6,2306,5244000,11464800,24,0,2,26,22,4,331,24,24,24,0,0,0,5,26,0,0,0,5991,4473,1518,4811,1180,5750,5750,215,0,5093,566296,3567,574589.4781787929,4851,0,0,0,0,0,840,VEHICLE_4455,840,VEHICLE_4455,0,0,0,0,0,0,0,0,0
recovery-fresh-fine-day,fresh,12441600,update,6,2311,5256000,11476800,24,0,2,26,22,4,333,24,24,24,0,0,0,5,26,0,0,0,6002,4482,1520,4820,1182,5761,5761,215,0,5103,567459,3574,575769.7685303551,4859,0,0,0,0,0,840,VEHICLE_4455,840,VEHICLE_4455,0,0,0,0,0,0,0,0,0
recovery-fresh-fine-day,fresh,12441600,update,6,2316,5268000,11488800,25,0,2,27,23,4,333,25,25,25,0,0,0,5,27,0,0,0,6014,4493,1521,4830,1184,5772,5772,215,0,5113,568665,3580,576991.1440078684,4868,0,0,0,0,0,840,VEHICLE_4455,840,VEHICLE_4455,0,0,0,0,0,0,0,0,0
recovery-fresh-fine-day,fresh,12441600,update,6,2321,5280000,11500800,22,0,2,24,21,3,331,22,22,22,0,0,0,5,24,0,0,0,6027,4503,1524,4840,1187,5787,5787,216,0,5122,569824,3586,578167.0585021724,4881,0,0,0,0,0,840,VEHICLE_4455,840,VEHICLE_4455,0,0,0,0,0,0,0,0,0
recovery-fresh-fine-day,fresh,12441600,update,6,2326,5292000,11512800,28,0,2,30,26,4,332,23,23,28,0,0,0,5,30,0,0,0,6040,4514,1526,4851,1189,5794,5794,216,0,5134,570784,3591,579139.2918003586,4886,0,0,0,0,0,840,VEHICLE_4455,840,VEHICLE_4455,0,0,0,0,0,0,0,0,0
recovery-fresh-fine-day,fresh,12441600,update,6,2331,5304000,11524800,31,0,2,33,27,6,332,31,31,31,0,0,0,5,33,0,0,0,6051,4523,1528,4858,1193,5802,5802,216,0,5143,572064,3597,580440.8156552895,4892,0,0,0,0,0,840,VEHICLE_4455,840,VEHICLE_4455,0,0,0,0,0,0,0,0,0
recovery-fresh-fine-day,fresh,12441600,update,6,2336,5316000,11536800,29,0,2,31,25,6,332,27,27,29,0,73,0,5,31,0,0,0,6061,4530,1531,4865,1196,5814,5814,216,0,5151,573524,3610,581923.5118448643,4902,0,0,0,0,0,840,VEHICLE_4455,840,VEHICLE_4455,72,0,0,0,0,0,0,0,0
recovery-fresh-fine-day,fresh,12441600,update,6,2341,5328000,11548800,23,0,2,25,19,6,333,23,23,23,0,0,0,5,25,0,0,0,6071,4535,1536,4872,1199,5829,5829,217,0,5159,574758,3616,583171.4650332055,4914,0,0,0,0,0,840,VEHICLE_4455,840,VEHICLE_4455,0,0,0,0,0,0,0,0,0
recovery-fresh-fine-day,fresh,12441600,update,6,2346,5340000,11560800,25,0,2,27,22,5,333,25,25,25,0,0,0,5,27,0,0,0,6086,4548,1538,4885,1201,5842,5842,217,0,5172,575823,3619,584250.1720444618,4925,0,0,0,0,0,840,VEHICLE_4455,840,VEHICLE_4455,0,0,0,0,0,0,0,0,0
recovery-fresh-fine-day,fresh,12441600,update,6,2351,5352000,11572800,27,0,3,30,26,4,331,27,27,27,0,0,0,5,30,0,0,0,6099,4558,1541,4896,1203,5852,5852,217,0,5182,577015,3626,585457.993765482,4934,0,0,0,0,0,840,VEHICLE_4455,840,VEHICLE_4455,0,0,0,0,0,0,0,0,0
recovery-fresh-fine-day,fresh,12441600,update,6,2356,5364000,11584800,31,0,2,33,29,4,332,31,31,31,0,0,0,5,33,0,0,0,6113,4569,1544,4908,1205,5862,5862,218,0,5195,578263,3634,586723.2929343714,4942,0,0,0,0,0,840,VEHICLE_4455,840,VEHICLE_4455,0,0,0,0,0,0,0,0,0
recovery-fresh-fine-day,fresh,12441600,update,6,2361,5376000,11596800,30,0,2,32,27,5,331,30,30,30,0,0,0,5,32,0,0,0,6123,4576,1547,4916,1207,5873,5873,218,0,5203,579599,3649,588087.301255082,4952,0,0,0,0,0,840,VEHICLE_4455,840,VEHICLE_4455,0,0,0,0,0,0,0,0,0
recovery-fresh-fine-day,fresh,12441600,update,6,2366,5388000,11608800,22,0,4,26,22,4,332,21,21,22,0,67,0,5,26,0,0,0,6136,4583,1553,4926,1210,5891,5891,219,0,5214,580654,3655,589154.8661556311,4967,0,0,0,0,0,840,VEHICLE_4455,840,VEHICLE_4455,66,0,0,0,0,0,0,0,0
recovery-fresh-fine-day,fresh,12441600,update,6,2371,5400000,11620800,28,0,2,30,25,5,332,23,23,28,0,0,0,5,30,0,0,0,6150,4595,1555,4938,1212,5901,5901,219,0,5227,581592,3657,590100.1984141285,4976,0,0,0,0,0,840,VEHICLE_4455,840,VEHICLE_4455,0,0,0,0,0,0,0,0,0
recovery-fresh-fine-day,fresh,12441600,update,6,2376,5412000,11632800,26,0,3,29,24,5,333,26,26,26,0,0,0,5,29,0,0,0,6161,4603,1558,4945,1216,5913,5913,219,0,5236,582721,3669,591256.4789521659,4985,0,0,0,0,0,840,VEHICLE_4455,840,VEHICLE_4455,0,0,0,0,0,0,0,0,0
recovery-fresh-fine-day,fresh,12441600,update,6,2381,5424000,11644800,25,0,5,30,27,3,332,25,25,25,0,0,0,5,30,0,0,0,6177,4613,1564,4960,1217,5928,5928,219,0,5250,583847,3672,592394.0884060969,4999,0,0,0,0,0,840,VEHICLE_4455,840,VEHICLE_4455,0,0,0,0,0,0,0,0,0
recovery-fresh-fine-day,fresh,12441600,update,6,2386,5436000,11656800,25,0,2,27,24,3,333,25,25,25,0,0,0,5,27,0,0,0,6190,4623,1567,4969,1221,5942,5942,221,0,5261,585076,3681,593640.8842105183,5010,0,0,0,0,0,840,VEHICLE_4455,840,VEHICLE_4455,0,0,0,0,0,0,0,0,0
recovery-fresh-fine-day,fresh,12441600,update,6,2391,5448000,11668800,28,0,1,29,25,4,332,27,27,28,0,43,0,5,29,0,0,0,6201,4633,1568,4979,1222,5951,5951,221,0,5271,586288,3689,594880.7364910494,5019,0,0,0,0,0,840,VEHICLE_4455,840,VEHICLE_4455,42,0,0,0,0,0,0,0,0
recovery-fresh-fine-day,fresh,12441600,update,6,2396,5460000,11680800,24,0,3,27,23,4,333,23,23,24,0,55,0,5,27,0,0,0,6214,4642,1572,4988,1226,5965,5965,222,0,5281,587455,3697,596065.4919847937,5029,0,0,0,0,0,840,VEHICLE_4455,840,VEHICLE_4455,54,0,0,0,0,0,0,0,0
recovery-fresh-fine-day,fresh,12441600,update,6,2401,5472000,11692800,26,0,1,27,23,4,332,26,26,26,0,0,0,5,27,0,0,0,6228,4652,1576,5001,1227,5978,5978,223,0,5294,588623,3705,597246.4552884826,5042,0,0,0,0,0,840,VEHICLE_4455,840,VEHICLE_4455,0,0,0,0,0,0,0,0,0
recovery-fresh-fine-day,fresh,12441600,update,6,2406,5484000,11704800,26,0,4,30,26,4,334,26,26,26,0,0,0,5,30,0,0,0,6242,4661,1581,5012,1230,5989,5989,223,0,5306,589810,3714,598456.34345814,5049,0,0,0,0,0,840,VEHICLE_4455,840,VEHICLE_4455,0,0,0,0,0,0,0,0,0
recovery-fresh-fine-day,fresh,12441600,update,6,2411,5496000,11716800,28,0,3,31,27,4,333,28,28,28,0,0,0,5,31,0,0,0,6253,4670,1583,5022,1231,5999,5999,223,0,5316,591025,3721,599684.9108124811,5059,0,0,0,0,0,840,VEHICLE_4455,840,VEHICLE_4455,0,0,0,0,0,0,0,0,0
recovery-fresh-fine-day,fresh,12441600,update,6,2416,5508000,11728800,32,0,1,33,29,4,333,30,30,32,0,0,0,5,33,0,0,0,6265,4681,1584,5031,1234,6009,6009,223,0,5325,592349,3727,601022.8587176318,5066,0,0,0,0,0,840,VEHICLE_4455,840,VEHICLE_4455,0,0,0,0,0,0,0,0,0
recovery-fresh-fine-day,fresh,12441600,update,6,2421,5520000,11740800,28,0,0,28,25,3,333,28,28,28,0,0,0,5,28,0,0,0,6274,4690,1584,5039,1235,6021,6021,225,0,5332,593806,3737,602500.223737844,5076,0,0,0,0,0,840,VEHICLE_4455,840,VEHICLE_4455,0,0,0,0,0,0,0,0,0
recovery-fresh-fine-day,fresh,12441600,update,6,2426,5532000,11752800,31,0,2,33,29,4,333,30,30,31,0,97,0,5,33,0,0,0,6287,4699,1588,5050,1237,6029,6029,225,0,5343,595146,3744,603858.1842849858,5082,0,0,0,0,0,840,VEHICLE_4455,840,VEHICLE_4455,96,0,0,0,0,0,0,0,0
recovery-fresh-fine-day,fresh,12441600,update,6,2431,5544000,11764800,28,0,2,30,23,7,333,28,28,28,0,0,0,5,30,0,0,0,6300,4710,1590,5058,1242,6045,6045,225,0,5354,596477,3751,605208.777579189,5096,0,0,0,0,0,840,VEHICLE_4455,840,VEHICLE_4455,0,0,0,0,0,0,0,0,0
recovery-fresh-fine-day,fresh,12441600,update,6,2436,5556000,11776800,28,0,2,30,26,4,332,27,27,28,0,25,0,5,30,0,0,0,6311,4718,1593,5067,1244,6055,6055,226,0,5363,597777,3760,606526.0591614868,5105,0,0,0,0,0,840,VEHICLE_4455,840,VEHICLE_4455,24,0,0,0,0,0,0,0,0
recovery-fresh-fine-day,fresh,12441600,update,6,2441,5568000,11788800,21,0,3,24,21,3,334,21,21,21,0,0,0,5,24,0,0,0,6322,4726,1596,5076,1246,6071,6071,227,0,5372,598816,3766,607579.072236289,5117,0,0,0,0,0,840,VEHICLE_4455,840,VEHICLE_4455,0,0,0,0,0,0,0,0,0
recovery-fresh-fine-day,fresh,12441600,update,6,2446,5580000,11800800,25,0,3,28,24,4,333,25,25,25,0,0,0,5,28,0,0,0,6337,4736,1601,5089,1248,6082,6082,227,0,5385,599882,3773,608659.6267175821,5127,0,0,0,0,0,840,VEHICLE_4455,840,VEHICLE_4455,0,0,0,0,0,0,0,0,0
recovery-fresh-fine-day,fresh,12441600,update,6,2451,5592000,11812800,30,0,1,31,26,5,332,28,28,30,0,19,0,5,31,0,0,0,6355,4751,1604,5102,1253,6095,6095,229,0,5400,601116,3782,609919.7108216386,5138,0,0,0,0,0,840,VEHICLE_4455,840,VEHICLE_4455,18,0,0,0,0,0,0,0,0
recovery-fresh-fine-day,fresh,12441600,update,6,2456,5604000,11824800,31,0,2,33,29,4,334,31,31,31,0,0,0,5,33,0,0,0,6368,4760,1608,5114,1254,6106,6106,229,0,5412,602465,3789,611284.3745468098,5146,0,0,0,0,0,840,VEHICLE_4455,840,VEHICLE_4455,0,0,0,0,0,0,0,0,0
recovery-fresh-fine-day,fresh,12441600,update,6,2461,5616000,11836800,32,0,1,33,28,5,333,29,29,32,0,55,0,5,33,0,0,0,6377,4768,1609,5120,1257,6115,6115,229,0,5418,603883,3800,612719.2210441807,5153,0,0,0,0,0,840,VEHICLE_4455,840,VEHICLE_4455,54,0,0,0,0,0,0,0,0
recovery-fresh-fine-day,fresh,12441600,update,6,2466,5628000,11848800,25,0,3,28,25,3,333,25,25,25,0,0,0,5,28,0,0,0,6386,4773,1613,5128,1258,6129,6129,229,0,5425,605113,3805,613964.7553595442,5165,0,0,0,0,0,840,VEHICLE_4455,840,VEHICLE_4455,0,0,0,0,0,0,0,0,0
recovery-fresh-fine-day,fresh,12441600,update,6,2471,5640000,11860800,24,0,6,30,25,5,332,24,24,24,0,0,0,5,30,0,0,0,6405,4784,1621,5142,1263,6144,6144,231,0,5442,606215,3812,615077.6644069895,5179,0,0,0,0,0,840,VEHICLE_4455,840,VEHICLE_4455,0,0,0,0,0,0,0,0,0
recovery-fresh-fine-day,fresh,12441600,update,6,2476,5652000,11872800,28,0,3,31,27,4,332,28,28,28,0,0,0,5,31,0,0,0,6420,4796,1624,5155,1265,6158,6158,231,0,5455,607327,3820,616210.555286668,5191,0,0,0,0,0,840,VEHICLE_4455,840,VEHICLE_4455,0,0,0,0,0,0,0,0,0
recovery-fresh-fine-day,fresh,12441600,update,6,2481,5664000,11884800,29,0,3,32,25,7,332,29,29,29,0,0,0,5,32,0,0,0,6435,4808,1627,5165,1270,6170,6170,233,0,5468,608538,3825,617432.5952748263,5201,0,0,0,0,0,840,VEHICLE_4455,840,VEHICLE_4455,0,0,0,0,0,0,0,0,0
recovery-fresh-fine-day,fresh,12441600,update,6,2486,5676000,11896800,28,0,2,30,25,5,333,28,28,28,0,0,0,5,30,0,0,0,6447,4817,1630,5176,1271,6184,6184,233,0,5479,609767,3831,618679.7625509149,5213,0,0,0,0,0,840,VEHICLE_4455,840,VEHICLE_4455,0,0,0,0,0,0,0,0,0
recovery-fresh-fine-day,fresh,12441600,update,6,2491,5688000,11908800,29,0,3,32,27,5,332,29,29,29,0,0,0,5,32,0,0,0,6462,4828,1634,5188,1274,6197,6197,233,0,5489,611060,3839,619988.2071107163,5222,0,0,0,0,0,840,VEHICLE_4455,840,VEHICLE_4455,0,0,0,0,0,0,0,0,0
recovery-fresh-fine-day,fresh,12441600,update,6,2496,5700000,11920800,31,0,1,32,28,4,332,31,31,31,0,0,0,5,32,0,0,0,6471,4836,1635,5196,1275,6205,6205,234,0,5497,612442,3845,621384.2426564416,5229,0,0,0,0,0,840,VEHICLE_4455,840,VEHICLE_4455,0,0,0,0,0,0,0,0,0
recovery-fresh-fine-day,fresh,12441600,update,6,2501,5712000,11932800,30,0,2,32,28,4,333,29,29,30,0,31,0,5,32,0,0,0,6483,4845,1638,5205,1278,6217,6217,234,0,5507,613750,3851,622712.4468875558,5238,0,0,0,0,0,840,VEHICLE_4455,840,VEHICLE_4455,30,0,0,0,0,0,0,0,0
recovery-fresh-fine-day,fresh,12441600,update,6,2506,5724000,11944800,31,0,4,35,31,4,332,29,29,31,0,13,0,5,35,0,0,0,6493,4852,1641,5213,1280,6224,6224,234,0,5514,615049,3862,624022.7955721507,5243,0,0,0,0,0,840,VEHICLE_4455,840,VEHICLE_4455,12,0,0,0,0,0,0,0,0
recovery-fresh-fine-day,fresh,12441600,update,6,2511,5736000,11956800,27,0,2,29,25,4,332,26,27,27,0,1,0,5,29,0,0,0,6503,4859,1644,5222,1281,6239,6239,235,0,5523,616236,3868,625219.567874863,5257,0,0,0,0,0,840,VEHICLE_4455,840,VEHICLE_4455,0,0,0,0,0,0,0,0,0
recovery-fresh-fine-day,fresh,12441600,update,6,2516,5748000,11968800,25,0,4,29,25,4,332,25,25,25,0,0,0,5,29,0,0,0,6518,4868,1650,5234,1284,6254,6254,235,0,5535,617337,3874,626337.1075450706,5269,0,0,0,0,0,840,VEHICLE_4455,840,VEHICLE_4455,0,0,0,0,0,0,0,0,0
recovery-fresh-fine-day,fresh,12441600,update,6,2521,5760000,11980800,25,0,0,25,21,4,333,25,25,25,0,0,0,5,25,0,0,0,6528,4876,1652,5241,1287,6267,6267,236,0,5544,618415,3880,627432.1113220567,5280,0,0,0,0,0,840,VEHICLE_4455,840,VEHICLE_4455,0,0,0,0,0,0,0,0,0
recovery-fresh-fine-day,fresh,12441600,update,6,2526,5772000,11992800,31,0,4,35,30,5,332,30,30,31,0,79,0,5,35,0,0,0,6545,4889,1656,5254,1291,6274,6274,236,0,5558,619577,3887,628613.4207491942,5285,0,0,0,0,0,840,VEHICLE_4455,840,VEHICLE_4455,78,0,0,0,0,0,0,0,0
recovery-fresh-fine-day,fresh,12441600,update,6,2531,5784000,12004800,27,0,5,32,26,6,332,27,27,27,0,0,0,5,32,0,0,0,6555,4895,1660,5263,1292,6287,6287,236,0,5567,620870,3898,629931.2673307799,5297,0,0,0,0,0,840,VEHICLE_4455,840,VEHICLE_4455,0,0,0,0,0,0,0,0,0
recovery-fresh-fine-day,fresh,12441600,update,6,2536,5796000,12016800,23,0,1,24,21,3,333,23,23,23,0,0,0,5,24,0,0,0,6564,4903,1661,5270,1294,6303,6303,237,0,5574,621979,3906,631046.3597761395,5310,0,0,0,0,0,840,VEHICLE_4455,840,VEHICLE_4455,0,0,0,0,0,0,0,0,0
recovery-fresh-fine-day,fresh,12441600,update,6,2541,5808000,12028800,22,0,3,25,18,7,331,22,22,22,0,0,0,5,25,0,0,0,6578,4913,1665,5279,1299,6316,6316,237,0,5585,622922,3910,632005.7839103772,5322,0,0,0,0,0,840,VEHICLE_4455,840,VEHICLE_4455,0,0,0,0,0,0,0,0,0
recovery-fresh-fine-day,fresh,12441600,update,6,2546,5820000,12040800,26,0,5,31,24,7,331,26,25,26,0,0,0,5,31,0,0,0,6594,4923,1671,5292,1302,6325,6325,238,0,5599,623949,3917,633048.558576315,5329,0,0,0,0,0,840,VEHICLE_4455,840,VEHICLE_4455,84,0,0,0,0,0,0,0,0
recovery-fresh-fine-day,fresh,12441600,update,6,2551,5832000,12052800,26,0,5,31,25,6,331,23,23,26,0,0,0,5,31,0,0,0,6611,4932,1679,5307,1304,6342,6342,238,0,5614,625110,3925,634223.8151114008,5344,0,0,0,0,0,840,VEHICLE_4455,840,VEHICLE_4455,0,0,0,0,0,0,0,0,0
recovery-fresh-fine-day,fresh,12441600,update,6,2556,5844000,12064800,25,0,3,28,25,3,332,25,25,25,0,0,0,5,28,0,0,0,6622,4941,1681,5317,1305,6355,6355,239,0,5624,626364,3931,635492.7589974694,5355,0,0,0,0,0,840,VEHICLE_4455,840,VEHICLE_4455,0,0,0,0,0,0,0,0,0
recovery-fresh-fine-day,fresh,12441600,update,6,2561,5856000,12076800,25,0,0,25,20,5,332,25,25,25,0,0,0,5,25,0,0,0,6635,4951,1684,5327,1308,6371,6371,239,0,5635,627494,3942,636641.0044820395,5369,0,0,0,0,0,840,VEHICLE_4455,840,VEHICLE_4455,0,0,0,0,0,0,0,0,0
recovery-fresh-fine-day,fresh,12441600,update,6,2566,5868000,12088800,26,0,2,28,24,4,332,26,26,26,0,0,0,5,28,0,0,0,6652,4964,1688,5341,1311,6384,6384,240,0,5649,628752,3948,637918.4781610568,5379,0,0,0,0,0,840,VEHICLE_4455,840,VEHICLE_4455,0,0,0,0,0,0,0,0,0
recovery-fresh-fine-day,fresh,12441600,update,6,2571,5880000,12100800,33,0,2,35,30,5,331,33,33,33,0,0,0,5,35,0,0,0,6665,4976,1689,5352,1313,6390,6390,240,0,5660,630061,3959,639251.9100350405,5384,0,0,0,0,0,840,VEHICLE_4455,840,VEHICLE_4455,0,0,0,0,0,0,0,0,0
recovery-fresh-fine-day,fresh,12441600,update,6,2576,5892000,12112800,24,0,1,25,20,5,330,23,23,24,0,85,0,5,25,0,0,0,6674,4984,1690,5358,1316,6408,6408,241,0,5666,631352,3965,640561.528567903,5400,0,0,0,0,0,840,VEHICLE_4455,840,VEHICLE_4455,84,0,0,0,0,0,0,0,0
recovery-fresh-fine-day,fresh,12441600,update,6,2581,5904000,12124800,28,0,2,30,25,5,332,28,28,28,0,0,0,5,30,0,0,0,6692,4995,1697,5373,1319,6420,6420,242,0,5683,632529,3975,641759.9893168334,5409,0,0,0,0,0,840,VEHICLE_4455,840,VEHICLE_4455,0,0,0,0,0,0,0,0,0
recovery-fresh-fine-day,fresh,12441600,update,6,2586,5916000,12136800,30,0,2,32,28,4,331,30,30,30,0,0,0,5,32,0,0,0,6708,5007,1701,5387,1321,6434,6434,242,0,5696,633841,3981,643096.8738430932,5421,0,0,0,0,0,840,VEHICLE_4455,840,VEHICLE_4455,0,0,0,0,0,0,0,0,0
recovery-fresh-fine-day,fresh,12441600,update,6,2591,5928000,12148800,29,0,1,30,26,4,330,29,29,29,0,0,0,5,30,0,0,0,6721,5018,1703,5398,1323,6447,6447,244,0,5706,635110,3989,644380.2758473612,5432,0,0,0,0,0,840,VEHICLE_4455,840,VEHICLE_4455,0,0,0,0,0,0,0,0,0
recovery-fresh-fine-day,fresh,12441600,update,6,2596,5940000,12160800,31,0,1,32,27,5,330,27,27,31,0,0,0,5,32,0,0,0,6736,5030,1706,5410,1326,6460,6460,244,0,5720,636302,3995,645586.4443324998,5444,0,0,0,0,0,840,VEHICLE_4455,840,VEHICLE_4455,0,0,0,0,0,0,0,0,0
recovery-fresh-fine-day,fresh,12441600,update,6,2601,5952000,12172800,31,0,1,32,28,4,332,30,30,31,0,109,0,5,32,0,0,0,6748,5039,1709,5420,1328,6472,6472,244,0,5730,637711,4004,647025.3074653128,5452,0,0,0,0,0,840,VEHICLE_4455,840,VEHICLE_4455,108,0,0,0,0,0,0,0,0
recovery-fresh-fine-day,fresh,12441600,update,6,2606,5964000,12184800,29,0,4,33,27,6,330,29,29,29,0,0,0,5,33,0,0,0,6760,5047,1713,5430,1330,6483,6483,244,0,5740,639179,4015,648513.4212239038,5463,0,0,0,0,0,840,VEHICLE_4455,840,VEHICLE_4455,0,0,0,0,0,0,0,0,0
recovery-fresh-fine-day,fresh,12441600,update,6,2611,5976000,12196800,32,0,3,35,29,6,331,32,32,32,0,0,0,5,35,0,0,0,6774,5058,1716,5441,1333,6494,6494,245,0,5752,640415,4023,649771.8029107598,5471,0,0,0,0,0,840,VEHICLE_4455,840,VEHICLE_4455,0,0,0,0,0,0,0,0,0
recovery-fresh-fine-day,fresh,12441600,update,6,2616,5988000,12208800,33,0,2,35,30,5,331,32,32,33,0,43,0,5,35,0,0,0,6788,5070,1718,5453,1335,6508,6508,245,0,5764,641727,4032,651105.3287758927,5483,0,0,0,0,0,840,VEHICLE_4455,840,VEHICLE_4455,42,0,0,0,0,0,0,0,0
recovery-fresh-fine-day,fresh,12441600,update,6,2621,6000000,12220800,31,0,0,31,27,4,330,31,31,31,0,0,0,5,31,0,0,0,6797,5078,1719,5460,1337,6520,6520,246,0,5770,643088,4041,652482.9924328288,5493,0,0,0,0,0,840,VEHICLE_4455,840,VEHICLE_4455,0,0,0,0,0,0,0,0,0
recovery-fresh-fine-day,fresh,12441600,update,6,2626,6012000,12232800,25,0,4,29,25,4,330,25,25,25,0,0,0,5,29,0,0,0,6810,5084,1726,5471,1339,6535,6535,246,0,5780,644294,4048,653704.5477891599,5505,0,0,0,0,0,840,VEHICLE_4455,840,VEHICLE_4455,0,0,0,0,0,0,0,0,0
recovery-fresh-fine-day,fresh,12441600,update,6,2631,6024000,12244800,22,0,2,24,21,3,330,22,22,22,0,0,0,5,24,0,0,0,6819,5092,1727,5479,1340,6548,6548,247,0,5788,645309,4055,654734.1113521743,5517,0,0,0,0,0,840,VEHICLE_4455,840,VEHICLE_4455,0,0,0,0,0,0,0,0,0
recovery-fresh-fine-day,fresh,12441600,update,6,2636,6036000,12256800,28,0,3,31,25,6,330,28,28,28,0,0,0,5,31,0,0,0,6836,5106,1730,5490,1346,6558,6558,247,0,5802,646395,4063,655845.431631157,5524,0,0,0,0,0,840,VEHICLE_4455,840,VEHICLE_4455,0,0,0,0,0,0,0,0,0
recovery-fresh-fine-day,fresh,12441600,update,6,2641,6048000,12268800,25,0,3,28,23,5,330,21,21,25,0,0,0,5,28,0,0,0,6850,5117,1733,5501,1349,6575,6575,247,0,5813,647573,4067,657038.705580808,5538,0,0,0,0,0,840,VEHICLE_4455,840,VEHICLE_4455,0,0,0,0,0,0,0,0,0
recovery-fresh-fine-day,fresh,12441600,update,6,2646,6060000,12280800,26,0,2,28,23,5,330,26,26,26,0,0,0,5,28,0,0,0,6863,5127,1736,5512,1351,6586,6586,249,0,5824,648805,4075,658292.029023581,5547,0,0,0,0,0,840,VEHICLE_4455,840,VEHICLE_4455,0,0,0,0,0,0,0,0,0
recovery-fresh-fine-day,fresh,12441600,update,6,2651,6072000,12292800,26,0,4,30,24,6,330,26,26,26,0,0,0,5,30,0,0,0,6876,5136,1740,5521,1355,6597,6597,249,0,5835,650094,4085,659600.5760937554,5556,0,0,0,0,0,840,VEHICLE_4455,840,VEHICLE_4455,0,0,0,0,0,0,0,0,0
recovery-fresh-fine-day,fresh,12441600,update,6,2656,6084000,12304800,25,0,3,28,21,7,330,25,25,25,0,0,0,5,28,0,0,0,6889,5146,1743,5531,1358,6612,6612,249,0,5847,651189,4092,660711.3852405173,5570,0,0,0,0,0,840,VEHICLE_4455,840,VEHICLE_4455,0,0,0,0,0,0,0,0,0
recovery-fresh-fine-day,fresh,12441600,update,6,2661,6096000,12316800,28,0,3,31,24,7,331,27,27,28,0,49,0,5,31,0,0,0,6902,5155,1747,5540,1362,6620,6620,251,0,5858,652256,4094,661789.3538395462,5575,0,0,0,0,0,840,VEHICLE_4455,840,VEHICLE_4455,48,0,0,0,0,0,0,0,0
recovery-fresh-fine-day,fresh,12441600,update,6,2666,6108000,12328800,31,0,1,32,23,9,330,31,31,31,0,0,0,5,32,0,0,0,6912,5163,1749,5547,1365,6629,6629,251,0,5866,653678,4103,663230.5392098695,5583,0,0,0,0,0,840,VEHICLE_4455,840,VEHICLE_4455,0,0,0,0,0,0,0,0,0
recovery-fresh-fine-day,fresh,12441600,update,6,2671,6120000,12340800,33,0,2,35,28,7,331,33,33,33,0,0,0,5,35,0,0,0,6925,5174,1751,5557,1368,6639,6639,251,0,5877,655198,4119,664769.0290588571,5590,0,0,0,0,0,840,VEHICLE_4455,840,VEHICLE_4455,0,0,0,0,0,0,0,0,0
recovery-fresh-fine-day,fresh,12441600,update,6,2676,6132000,12352800,30,0,2,32,25,7,329,30,30,30,0,0,0,5,32,0,0,0,6935,5181,1754,5564,1371,6651,6651,252,0,5884,656697,4125,666284.0754411893,5601,0,0,0,0,0,840,VEHICLE_4455,840,VEHICLE_4455,0,0,0,0,0,0,0,0,0
recovery-fresh-fine-day,fresh,12441600,update,6,2681,6144000,12364800,23,0,4,27,19,8,329,22,22,23,0,109,0,5,27,0,0,0,6949,5189,1760,5576,1373,6669,6669,253,0,5896,657960,4135,667556.6070255267,5617,0,0,0,0,0,840,VEHICLE_4455,840,VEHICLE_4455,108,0,0,0,0,0,0,0,0
recovery-fresh-fine-day,fresh,12441600,update,6,2686,6156000,12376800,29,0,1,30,24,6,329,25,26,29,0,1,0,5,30,0,0,0,6964,5202,1762,5589,1375,6680,6680,254,0,5909,659078,4137,668683.5689061594,5626,0,0,0,0,0,840,VEHICLE_4455,840,VEHICLE_4455,0,0,0,0,0,0,0,0,0
recovery-fresh-fine-day,fresh,12441600,update,6,2691,6168000,12388800,24,0,2,26,22,4,330,24,24,24,0,0,0,5,26,0,0,0,6973,5209,1764,5597,1376,6693,6693,254,0,5917,660247,4144,669870.8181595134,5637,0,0,0,0,0,840,VEHICLE_4455,840,VEHICLE_4455,0,0,0,0,0,0,0,0,0
recovery-fresh-fine-day,fresh,12441600,update,6,2696,6180000,12400800,29,0,2,31,27,4,330,29,29,29,0,0,0,5,31,0,0,0,6986,5219,1767,5608,1378,6701,6701,254,0,5929,661448,4153,671095.6393189796,5644,0,0,0,0,0,840,VEHICLE_4455,840,VEHICLE_4455,0,0,0,0,0,0,0,0,0
recovery-fresh-fine-day,fresh,12441600,update,6,2701,6192000,12412800,28,0,0,28,25,3,331,28,28,28,0,0,0,5,28,0,0,0,6997,5229,1768,5616,1381,6715,6715,254,0,5938,662573,4163,672239.0639679201,5655,0,0,0,0,0,840,VEHICLE_4455,840,VEHICLE_4455,0,0,0,0,0,0,0,0,0
recovery-fresh-fine-day,fresh,12441600,update,6,2706,6204000,12424800,29,0,2,31,26,5,331,29,29,29,0,0,0,5,31,0,0,0,7014,5242,1772,5630,1384,6728,6728,255,0,5953,663801,4170,673486.3259066402,5666,0,0,0,0,0,840,VEHICLE_4455,840,VEHICLE_4455,0,0,0,0,0,0,0,0,0
recovery-fresh-fine-day,fresh,12441600,update,6,2711,6216000,12436800,29,0,1,30,24,6,330,29,29,29,0,0,0,5,30,0,0,0,7026,5251,1775,5638,1388,6741,6741,255,0,5962,665031,4176,674734.2073498212,5677,0,0,0,0,0,840,VEHICLE_4455,840,VEHICLE_4455,0,0,0,0,0,0,0,0,0
recovery-fresh-fine-day,fresh,12441600,update,6,2716,6228000,12448800,30,0,2,32,25,7,355,29,29,30,0,61,0,5,32,0,0,0,7041,5260,1781,5651,1390,6753,6753,256,0,6003,666284,4187,676007.066096674,5687,0,0,0,0,0,840,VEHICLE_4455,840,VEHICLE_4455,60,0,0,0,0,0,0,0,0
recovery-fresh-fine-day,fresh,12441600,update,6,2721,6240000,12460800,32,0,2,34,25,9,352,32,32,32,0,0,0,5,34,0,0,0,7054,5272,1782,5659,1395,6764,6764,256,0,6011,667615,4194,677359.1978885143,5696,0,0,0,0,0,840,VEHICLE_4455,840,VEHICLE_4455,0,0,0,0,0,0,0,0,0
recovery-fresh-fine-day,fresh,12441600,update,6,2726,6252000,12472800,33,0,0,33,22,11,351,33,33,33,0,0,0,5,33,0,0,0,7065,5282,1783,5666,1399,6775,6775,257,0,6020,669014,4203,678774.1831583933,5706,0,0,0,0,0,840,VEHICLE_4455,840,VEHICLE_4455,0,0,0,0,0,0,0,0,0
recovery-fresh-fine-day,fresh,12441600,update,6,2731,6264000,12484800,30,0,2,32,23,9,354,28,28,30,0,0,0,5,32,0,0,0,7079,5292,1787,5676,1403,6790,6790,257,0,6031,670414,4210,680192.720634186,5715,0,0,0,0,0,840,VEHICLE_4455,840,VEHICLE_4455,0,0,0,0,0,0,0,0,0
recovery-fresh-fine-day,fresh,12441600,update,6,2736,6276000,12496800,21,0,2,23,15,8,353,21,21,21,0,0,0,5,23,0,0,0,7088,5298,1790,5683,1405,6808,6808,257,0,6037,671571,4218,681364.2668592355,5731,0,0,0,0,0,840,VEHICLE_4455,840,VEHICLE_4455,0,0,0,0,0,0,0,0,0
recovery-fresh-fine-day,fresh,12441600,update,6,2741,6288000,12508800,22,0,1,23,16,7,353,22,22,22,0,0,0,5,23,0,0,0,7100,5306,1794,5691,1409,6819,6819,258,0,6046,672492,4222,682295.4906836294,5739,0,0,0,0,0,840,VEHICLE_4455,840,VEHICLE_4455,0,0,0,0,0,0,0,0,0
recovery-fresh-fine-day,fresh,12441600,update,6,2746,6300000,12520800,29,0,1,30,19,11,349,29,29,29,0,0,0,5,30,0,0,0,7115,5319,1796,5699,1416,6827,6827,258,0,6056,673585,4226,683411.8079446785,5746,0,0,0,0,0,840,VEHICLE_4455,840,VEHICLE_4455,0,0,0,0,0,0,0,0,0
recovery-fresh-fine-day,fresh,12441600,update,6,2751,6312000,12532800,30,0,2,32,23,9,350,29,29,30,0,37,0,5,32,0,0,0,7130,5331,1799,5710,1420,6840,6840,258,0,6067,674825,4235,684673.5012909498,5754,0,0,0,0,0,840,VEHICLE_4455,840,VEHICLE_4455,36,0,0,0,0,0,0,0,0
recovery-fresh-fine-day,fresh,12441600,update,6,2756,6324000,12544800,30,0,1,31,22,9,349,30,30,30,0,0,0,5,31,0,0,0,7137,5336,1801,5714,1423,6847,6847,259,0,6071,676158,4242,686018.2863884156,5759,0,0,0,0,0,840,VEHICLE_4455,840,VEHICLE_4455,0,0,0,0,0,0,0,0,0
recovery-fresh-fine-day,fresh,12441600,update,6,2761,6336000,12556800,30,0,3,33,23,10,347,30,30,30,0,0,0,5,33,0,0,0,7152,5347,1805,5723,1429,6859,6859,260,0,6080,677487,4248,687362.0381592202,5767,0,0,0,0,0,840,VEHICLE_4455,840,VEHICLE_4455,0,0,0,0,0,0,0,0,0
recovery-fresh-fine-day,fresh,12441600,update,6,2766,6348000,12568800,27,0,1,28,19,9,349,27,27,27,0,0,0,5,28,0,0,0,7162,5355,1807,5731,1431,6874,6874,260,0,6088,678729,4253,688617.1788845656,5778,0,0,0,0,0,840,VEHICLE_4455,840,VEHICLE_4455,0,0,0,0,0,0,0,0,0
recovery-fresh-fine-day,fresh,12441600,update,6,2771,6360000,12580800,24,0,2,26,17,9,349,24,24,24,0,0,0,5,26,0,0,0,7174,5365,1809,5739,1435,6887,6887,261,0,6097,679711,4257,689612.6465104537,5788,0,0,0,0,0,840,VEHICLE_4455,840,VEHICLE_4455,0,0,0,0,0,0,0,0,0
recovery-fresh-fine-day,fresh,12441600,update,6,2776,6372000,12592800,25,0,5,30,19,11,349,25,25,25,0,0,0,5,30,0,0,0,7191,5377,1814,5748,1443,6900,6900,261,0,6108,680800,4264,690720.1901494002,5795,0,0,0,0,0,840,VEHICLE_4455,840,VEHICLE_4455,0,0,0,0,0,0,0,0,0
recovery-fresh-fine-day,fresh,12441600,update,6,2781,6384000,12604800,25,0,1,26,16,10,348,24,24,25,0,25,0,5,26,0,0,0,7201,5385,1816,5754,1447,6913,6913,262,0,6115,681871,4270,691802.7230598179,5806,0,0,0,0,0,840,VEHICLE_4455,840,VEHICLE_4455,24,0,0,0,0,0,0,0,0
recovery-fresh-fine-day,fresh,12441600,update,6,2786,6396000,12616800,31,0,1,32,21,11,350,30,30,31,0,37,0,5,32,0,0,0,7216,5398,1818,5765,1451,6922,6922,262,0,6128,683161,4278,693111.5410545224,5811,0,0,0,0,0,840,VEHICLE_4455,840,VEHICLE_4455,36,0,0,0,0,0,0,0,0
recovery-fresh-fine-day,fresh,12441600,update,6,2791,6408000,12628800,30,0,1,31,22,9,354,30,30,30,0,0,0,5,31,0,0,0,7229,5410,1819,5773,1456,6936,6936,262,0,6138,684550,4285,694521.4206427995,5818,0,0,0,0,0,840,VEHICLE_4455,840,VEHICLE_4455,0,0,0,0,0,0,0,0,0
recovery-fresh-fine-day,fresh,12441600,update,6,2796,6420000,12640800,27,0,3,30,22,8,352,27,27,27,0,0,0,5,30,0,0,0,7243,5418,1825,5785,1458,6950,6950,263,0,6149,685737,4292,695727.9122946353,5831,0,0,0,0,0,840,VEHICLE_4455,840,VEHICLE_4455,0,0,0,0,0,0,0,0,0
recovery-fresh-fine-day,fresh,12441600,update,6,2801,6432000,12652800,26,0,3,29,17,12,350,26,26,26,0,0,0,5,29,0,0,0,7260,5431,1829,5793,1467,6967,6967,264,0,6160,686862,4300,696871.7425857994,5844,0,0,0,0,0,840,VEHICLE_4455,840,VEHICLE_4455,0,0,0,0,0,0,0,0,0
recovery-fresh-fine-day,fresh,12441600,update,6,2806,6444000,12664800,30,0,3,33,24,9,350,29,29,30,0,259,0,5,33,0,0,0,7276,5444,1832,5807,1469,6979,6979,264,0,6173,688064,4307,698096.5860845044,5853,0,0,0,0,0,840,VEHICLE_4455,840,VEHICLE_4455,258,0,0,0,0,0,0,0,0
recovery-fresh-fine-day,fresh,12441600,update,6,2811,6456000,12676800,29,0,6,35,27,8,350,28,28,29,0,97,0,5,35,0,0,0,7293,5453,1840,5821,1472,6993,6993,265,0,6188,689308,4312,699349.9723411219,5865,0,0,0,0,0,840,VEHICLE_4455,840,VEHICLE_4455,96,0,0,0,0,0,0,0,0
recovery-fresh-fine-day,fresh,12441600,update,6,2816,6468000,12688800,20,0,3,23,19,4,354,19,19,20,0,49,0,5,23,0,0,0,7303,5460,1843,5827,1476,7015,7015,265,0,6195,690476,4322,700542.0432259885,5880,0,0,0,0,0,840,VEHICLE_4455,840,VEHICLE_4455,48,0,0,0,0,0,0,0,0
recovery-fresh-fine-day,fresh,12441600,update,6,2821,6480000,12700800,21,0,1,22,16,6,352,20,20,21,0,0,0,5,22,0,0,0,7315,5469,1846,5834,1481,7028,7028,265,0,6204,691478,4328,701559.1144587516,5892,0,0,0,0,0,840,VEHICLE_4455,840,VEHICLE_4455,0,0,0,0,0,0,0,0,0
recovery-fresh-fine-day,fresh,12441600,update,6,2826,6492000,12712800,22,0,0,22,16,6,351,22,22,22,0,0,0,5,22,0,0,0,7325,5477,1848,5840,1485,7037,7037,266,0,6210,692456,4331,702545.8748284921,5898,0,0,0,0,0,840,VEHICLE_4455,840,VEHICLE_4455,0,0,0,0,0,0,0,0,0
recovery-fresh-fine-day,fresh,12441600,update,6,2831,6504000,12724800,26,0,2,28,20,8,350,25,25,26,0,73,0,5,28,0,0,0,7340,5489,1851,5851,1489,7046,7046,266,0,6222,693523,4336,703627.5664979399,5905,0,0,0,0,0,840,VEHICLE_4455,840,VEHICLE_4455,72,0,0,0,0,0,0,0,0
recovery-fresh-fine-day,fresh,12441600,update,6,2836,6516000,12736800,25,0,4,29,23,6,353,25,25,25,0,0,0,5,29,0,0,0,7353,5497,1856,5862,1491,7058,7058,266,0,6233,694599,4343,704721.1944697446,5912,0,0,0,0,0,840,VEHICLE_4455,840,VEHICLE_4455,0,0,0,0,0,0,0,0,0
recovery-fresh-fine-day,fresh,12441600,update,6,2841,6528000,12748800,29,0,4,33,25,8,352,29,29,29,0,0,0,5,33,0,0,0,7373,5512,1861,5877,1496,7074,7074,266,0,6249,695815,4353,705967.8723101246,5925,0,0,0,0,0,840,VEHICLE_4455,840,VEHICLE_4455,0,0,0,0,0,0,0,0,0
recovery-fresh-fine-day,fresh,12441600,update,6,2846,6540000,12760800,25,0,1,26,19,7,351,25,25,25,0,0,0,5,26,0,0,0,7381,5519,1862,5880,1501,7088,7088,267,0,6254,697075,4361,707245.5093299311,5937,0,0,0,0,0,840,VEHICLE_4455,840,VEHICLE_4455,0,0,0,0,0,0,0,0,0
recovery-fresh-fine-day,fresh,12441600,update,6,2851,6552000,12772800,22,0,1,23,16,7,352,22,22,22,0,0,0,5,23,0,0,0,7392,5528,1864,5888,1504,7102,7102,267,0,6262,698141,4367,708334.2927390861,5947,0,0,0,0,0,840,VEHICLE_4455,840,VEHICLE_4455,0,0,0,0,0,0,0,0,0
recovery-fresh-fine-day,fresh,12441600,update,6,2856,6564000,12784800,27,0,2,29,22,7,352,27,27,27,0,0,0,5,29,0,0,0,7408,5542,1866,5900,1508,7112,7112,267,0,6274,699234,4372,709444.3501877089,5953,0,0,0,0,0,840,VEHICLE_4455,840,VEHICLE_4455,0,0,0,0,0,0,0,0,0
recovery-fresh-fine-day,fresh,12441600,update,6,2861,6576000,12796800,31,0,3,34,24,10,349,31,31,31,0,0,0,5,34,0,0,0,7420,5551,1869,5909,1511,7118,7118,268,0,6283,700464,4380,710691.8504454533,5959,0,0,0,0,0,840,VEHICLE_4455,840,VEHICLE_4455,0,0,0,0,0,0,0,0,0
recovery-fresh-fine-day,fresh,12441600,update,6,2866,6588000,12808800,27,0,2,29,23,6,352,24,24,27,0,0,0,5,29,0,0,0,7434,5562,1872,5919,1515,7136,7136,269,0,6294,701642,4388,711885.9259918642,5971,0,0,0,0,0,840,VEHICLE_4455,840,VEHICLE_4455,0,0,0,0,0,0,0,0,0
recovery-fresh-fine-day,fresh,12441600,update,6,2871,6600000,12820800,33,0,0,33,26,7,352,32,32,33,0,79,0,5,33,0,0,0,7447,5574,1873,5929,1518,7145,7145,269,0,6305,702957,4396,713225.2997047624,5978,0,0,0,0,0,840,VEHICLE_4455,840,VEHICLE_4455,78,0,0,0,0,0,0,0,0
recovery-fresh-fine-day,fresh,12441600,update,6,2876,6612000,12832800,31,0,1,32,26,6,351,31,31,31,0,0,0,5,32,0,0,0,7459,5584,1875,5938,1521,7157,7157,270,0,6313,704378,4406,714666.096155836,5987,0,0,0,0,0,840,VEHICLE_4455,840,VEHICLE_4455,0,0,0,0,0,0,0,0,0
recovery-fresh-fine-day,fresh,12441600,update,6,2881,6624000,12844800,26,0,0,26,22,4,354,26,26,26,0,0,0,5,26,0,0,0,7469,5591,1878,5945,1524,7173,7173,270,0,6320,705686,4411,715989.052135634,5997,0,0,0,0,0,840,VEHICLE_4455,840,VEHICLE_4455,0,0,0,0,0,0,0,0,0
recovery-fresh-fine-day,fresh,12441600,update,6,2886,6636000,12856800,32,0,1,33,27,6,353,32,32,32,0,0,0,5,33,0,0,0,7489,5609,1880,5960,1529,7186,7186,270,0,6337,706885,4419,717214.9830138774,6008,0,0,0,0,0,840,VEHICLE_4455,840,VEHICLE_4455,0,0,0,0,0,0,0,0,0
recovery-fresh-fine-day,fresh,12441600,update,6,2891,6648000,12868800,30,0,2,32,25,7,353,30,29,30,0,0,0,5,32,0,0,0,7500,5618,1882,5968,1532,7197,7197,271,0,6346,708271,4425,718621.0942535417,6017,0,0,0,0,0,840,VEHICLE_4455,840,VEHICLE_4455,120,0,0,0,0,0,0,0,0
recovery-fresh-fine-day,fresh,12441600,update,6,2896,6660000,12880800,24,0,3,27,21,6,353,24,24,24,0,0,0,5,27,0,0,0,7512,5625,1887,5976,1536,7212,7212,273,0,6354,709503,4434,719871.9562295338,6028,0,0,0,0,0,840,VEHICLE_4455,840,VEHICLE_4455,0,0,0,0,0,0,0,0,0
recovery-fresh-fine-day,fresh,12441600,update,6,2901,6672000,12892800,28,0,5,33,25,8,351,27,27,28,0,37,0,5,33,0,0,0,7528,5635,1893,5988,1540,7222,7222,273,0,6367,710682,4441,721067.6645582791,6037,0,0,0,0,0,840,VEHICLE_4455,840,VEHICLE_4455,36,0,0,0,0,0,0,0,0
recovery-fresh-fine-day,fresh,12441600,update,6,2906,6684000,12904800,31,0,1,32,25,7,351,30,30,31,0,199,0,5,32,0,0,0,7544,5648,1896,6002,1542,7238,7238,274,0,6380,711854,4446,722252.0276491388,6050,0,0,0,0,0,840,VEHICLE_4455,840,VEHICLE_4455,198,0,0,0,0,0,0,0,0
recovery-fresh-fine-day,fresh,12441600,update,6,2911,6696000,12916800,33,0,2,35,29,6,351,29,30,33,0,1,0,5,35,0,0,0,7557,5659,1898,6011,1546,7247,7247,275,0,6389,713269,4452,723678.4936106487,6055,0,0,0,0,0,840,VEHICLE_4455,840,VEHICLE_4455,0,0,0,0,0,0,0,0,0
recovery-fresh-fine-day,fresh,12441600,update,6,2916,6708000,12928800,28,0,2,30,24,6,352,28,28,28,0,0,0,5,30,0,0,0,7566,5666,1900,6017,1549,7260,7260,276,0,6396,714669,4463,725098.8168496985,6065,0,0,0,0,0,840,VEHICLE_4455,840,VEHICLE_4455,0,0,0,0,0,0,0,0,0
recovery-fresh-fine-day,fresh,12441600,update,6,2921,6720000,12940800,30,0,1,31,24,7,351,30,30,30,0,0,0,5,31,0,0,0,7581,5680,1901,6027,1554,7274,7274,276,0,6406,716083,4472,726537.113558688,6075,0,0,0,0,0,840,VEHICLE_4455,840,VEHICLE_4455,0,0,0,0,0,0,0,0,0
recovery-fresh-fine-day,fresh,12441600,update,6,2926,6732000,12952800,25,0,3,28,23,5,351,25,25,25,0,0,0,5,28,0,0,0,7594,5689,1905,6037,1557,7290,7290,276,0,6415,717484,4480,727952.5795731659,6087,0,0,0,0,0,840,VEHICLE_4455,840,VEHICLE_4455,0,0,0,0,0,0,0,0,0
recovery-fresh-fine-day,fresh,12441600,update,6,2931,6744000,12964800,32,0,3,35,28,7,349,32,32,32,0,0,0,5,35,0,0,0,7611,5703,1908,6051,1560,7299,7299,277,0,6428,718696,4486,729185.1790337453,6094,0,0,0,0,0,840,VEHICLE_4455,840,VEHICLE_4455,0,0,0,0,0,0,0,0,0
recovery-fresh-fine-day,fresh,12441600,update,6,2936,6756000,12976800,30,0,1,31,25,6,351,29,29,30,0,169,0,5,31,0,0,0,7623,5714,1909,6059,1564,7315,7315,277,0,6438,720068,4493,730577.320804931,6106,0,0,0,0,0,840,VEHICLE_4455,840,VEHICLE_4455,168,0,0,0,0,0,0,0,0
recovery-fresh-fine-day,fresh,12441600,update,6,2941,6768000,12988800,32,0,2,34,26,8,350,32,32,32,0,0,0,5,34,0,0,0,7637,5726,1911,6069,1568,7326,7326,277,0,6448,721477,4499,731994.3431874726,6114,0,0,0,0,0,840,VEHICLE_4455,840,VEHICLE_4455,0,0,0,0,0,0,0,0,0
recovery-fresh-fine-day,fresh,12441600,update,6,2946,6780000,13000800,33,0,1,34,27,7,351,33,33,33,0,0,0,5,34,0,0,0,7648,5735,1913,6077,1571,7336,7336,278,0,6456,722881,4509,733417.9124722069,6120,0,0,0,0,0,840,VEHICLE_4455,840,VEHICLE_4455,0,0,0,0,0,0,0,0,0
recovery-fresh-fine-day,fresh,12441600,update,6,2951,6792000,13012800,26,0,4,30,26,4,352,24,24,26,0,7,0,5,30,0,0,0,7662,5745,1917,6088,1574,7353,7353,279,0,6466,724148,4518,734708.5078970983,6132,0,0,0,0,0,840,VEHICLE_4455,840,VEHICLE_4455,6,0,0,0,0,0,0,0,0
recovery-fresh-fine-day,fresh,12441600,update,6,2956,6804000,13024800,23,0,3,26,23,3,352,21,21,23,0,0,0,5,26,0,0,0,7671,5751,1920,6095,1576,7365,7365,280,0,6473,725193,4525,735760.5174012778,6142,0,0,0,0,0,840,VEHICLE_4455,840,VEHICLE_4455,0,0,0,0,0,0,0,0,0
recovery-fresh-fine-day,fresh,12441600,update,6,2961,6816000,13036800,27,0,2,29,22,7,351,27,27,27,0,0,0,5,29,0,0,0,7684,5762,1922,6102,1582,7375,7375,280,0,6483,726295,4530,736878.0901777849,6150,0,0,0,0,0,840,VEHICLE_4455,840,VEHICLE_4455,0,0,0,0,0,0,0,0,0
recovery-fresh-fine-day,fresh,12441600,update,6,2966,6828000,13048800,30,0,2,32,21,11,350,30,30,30,0,0,0,5,32,0,0,0,7700,5776,1924,6112,1588,7386,7386,282,0,6495,727692,4539,738299.472199783,6158,0,0,0,0,0,840,VEHICLE_4455,840,VEHICLE_4455,0,0,0,0,0,0,0,0,0
recovery-fresh-fine-day,fresh,12441600,update,6,2971,6840000,13060800,34,0,0,34,24,10,350,33,32,34,0,79,0,5,34,0,0,0,7713,5789,1924,6122,1591,7397,7397,282,0,6505,729083,4549,739709.1432591116,6166,0,0,0,0,0,840,VEHICLE_4455,840,VEHICLE_4455,108,0,0,0,0,0,0,0,0
recovery-fresh-fine-day,fresh,12441600,update,6,2976,6852000,13072800,29,0,1,30,23,7,352,29,29,29,0,0,0,5,30,0,0,0,7725,5799,1926,6132,1593,7413,7413,282,0,6515,730364,4554,741010.5430301826,6178,0,0,0,0,0,840,VEHICLE_4455,840,VEHICLE_4455,0,0,0,0,0,0,0,0,0
recovery-fresh-fine-day,fresh,12441600,update,6,2981,6864000,13084800,28,0,2,30,24,6,350,25,25,28,0,145,0,5,30,0,0,0,7740,5810,1930,6144,1596,7427,7427,283,0,6526,731622,4562,742286.459354134,6190,0,0,0,0,0,840,VEHICLE_4455,840,VEHICLE_4455,144,0,0,0,0,0,0,0,0
recovery-fresh-fine-day,fresh,12441600,update,6,2986,6876000,13096800,33,0,2,35,29,6,350,32,32,33,0,37,0,5,35,0,0,0,7753,5819,1934,6154,1599,7435,7435,283,0,6536,732953,4567,743635.2252506337,6195,0,0,0,0,0,840,VEHICLE_4455,840,VEHICLE_4455,36,0,0,0,0,0,0,0,0
recovery-fresh-fine-day,fresh,12441600,update,6,2991,6888000,13108800,29,0,1,30,23,7,352,28,28,29,0,49,0,5,30,0,0,0,7766,5829,1937,6162,1604,7451,7451,285,0,6546,734387,4577,745097.2976415178,6206,0,0,0,0,0,840,VEHICLE_4455,840,VEHICLE_4455,48,0,0,0,0,0,0,0,0
recovery-fresh-fine-day,fresh,12441600,update,6,2996,6900000,13120800,26,0,3,29,24,5,353,26,26,26,0,0,0,5,29,0,0,0,7779,5839,1940,6173,1606,7465,7465,285,0,6557,735593,4583,746315.520339004,6217,0,0,0,0,0,840,VEHICLE_4455,840,VEHICLE_4455,0,0,0,0,0,0,0,0,0
recovery-fresh-fine-day,fresh,12441600,update,6,3001,6912000,13132800,30,0,3,33,24,9,351,26,26,30,0,0,0,5,33,0,0,0,7798,5854,1944,6186,1612,7479,7479,286,0,6572,736749,4589,747486.7025657233,6229,0,0,0,0,0,840,VEHICLE_4455,840,VEHICLE_4455,0,0,0,0,0,0,0,0,0
recovery-fresh-fine-day,fresh,12441600,update,6,3006,6924000,13144800,31,0,2,33,23,10,351,31,31,31,0,0,0,5,33,0,0,0,7809,5864,1945,6192,1617,7489,7489,287,0,6580,738099,4600,748864.7958416019,6236,0,0,0,0,0,840,VEHICLE_4455,840,VEHICLE_4455,0,0,0,0,0,0,0,0,0
recovery-fresh-fine-day,fresh,12441600,update,6,3011,6936000,13156800,25,0,4,29,20,9,352,25,25,25,0,0,0,5,29,0,0,0,7823,5872,1951,6201,1622,7507,7507,287,0,6592,739334,4605,750106.4209194167,6251,0,0,0,0,0,840,VEHICLE_4455,840,VEHICLE_4455,0,0,0,0,0,0,0,0,0
recovery-fresh-fine-day,fresh,12441600,update,6,3016,6948000,13168800,30,0,1,31,23,8,352,30,30,30,0,0,0,5,31,0,0,0,7840,5886,1954,6214,1626,7522,7522,287,0,6606,740605,4613,751402.8659571803,6263,0,0,0,0,0,840,VEHICLE_4455,840,VEHICLE_4455,0,0,0,0,0,0,0,0,0
recovery-fresh-fine-day,fresh,12441600,update,6,3021,6960000,13180800,33,0,2,35,26,9,350,32,32,33,0,97,0,5,35,0,0,0,7854,5898,1956,6223,1631,7532,7532,287,0,6616,741980,4620,752796.2106145027,6271,0,0,0,0,0,840,VEHICLE_4455,840,VEHICLE_4455,96,0,0,0,0,0,0,0,0
recovery-fresh-fine-day,fresh,12441600,update,6,3026,6972000,13192800,27,0,1,28,20,8,349,26,26,27,0,79,0,5,28,0,0,0,7862,5905,1957,6228,1634,7546,7546,288,0,6621,743361,4630,754190.1087219028,6283,0,0,0,0,0,840,VEHICLE_4455,840,VEHICLE_4455,78,0,0,0,0,0,0,0,0
recovery-fresh-fine-day,fresh,12441600,update,6,3031,6984000,13204800,25,0,2,27,18,9,348,24,24,25,0,61,0,5,27,0,0,0,7878,5917,1961,6238,1640,7562,7562,289,0,6633,744624,4639,755472.2629102843,6296,0,0,0,0,0,840,VEHICLE_4455,840,VEHICLE_4455,60,0,0,0,0,0,0,0,0
recovery-fresh-fine-day,fresh,12441600,update,6,3036,6996000,13216800,27,0,4,31,24,7,351,27,27,27,0,0,0,5,31,0,0,0,7897,5932,1965,6254,1643,7577,7577,289,0,6650,745765,4644,756633.6918891205,6306,0,0,0,0,0,840,VEHICLE_4455,840,VEHICLE_4455,0,0,0,0,0,0,0,0,0
recovery-fresh-fine-day,fresh,12441600,update,6,3041,7008000,13228800,29,0,2,31,24,7,351,29,29,29,0,0,0,5,31,0,0,0,7909,5942,1967,6263,1646,7589,7589,289,0,6659,747054,4652,757942.2140858409,6315,0,0,0,0,0,840,VEHICLE_4455,840,VEHICLE_4455,0,0,0,0,0,0,0,0,0
recovery-fresh-fine-day,fresh,12441600,update,6,3046,7020000,13240800,29,0,3,32,27,5,352,24,24,29,0,115,0,5,32,0,0,0,7925,5952,1973,6276,1649,7601,7601,292,0,6671,748267,4660,759180.5556205197,6322,0,0,0,0,0,840,VEHICLE_4455,840,VEHICLE_4455,114,0,0,0,0,0,0,0,0
recovery-fresh-fine-day,fresh,12441600,update,6,3051,7032000,13252800,28,0,2,30,20,10,348,27,27,28,0,73,0,5,30,0,0,0,7936,5961,1975,6280,1656,7614,7614,292,0,6676,749423,4668,760350.4637023753,6333,0,0,0,0,0,840,VEHICLE_4455,840,VEHICLE_4455,72,0,0,0,0,0,0,0,0
recovery-fresh-fine-day,fresh,12441600,update,6,3056,7044000,13264800,30,0,1,31,21,10,348,30,29,30,0,0,0,5,31,0,0,0,7950,5973,1977,6290,1660,7626,7626,293,0,6686,750652,4672,761591.1765054197,6341,0,0,0,0,0,840,VEHICLE_4455,840,VEHICLE_4455,96,0,0,0,0,0,0,0,0
recovery-fresh-fine-day,fresh,12441600,update,6,3061,7056000,13276800,25,0,2,27,16,11,349,24,24,25,0,7,0,5,27,0,0,0,7964,5983,1981,6300,1664,7644,7644,293,0,6696,751909,4678,762865.8837744386,6354,0,0,0,0,0,840,VEHICLE_4455,840,VEHICLE_4455,6,0,0,0,0,0,0,0,0
recovery-fresh-fine-day,fresh,12441600,update,6,3066,7068000,13288800,29,0,0,29,20,9,350,29,29,29,0,0,0,5,29,0,0,0,7982,6001,1981,6312,1670,7660,7660,293,0,6709,753044,4682,764016.7670180413,6364,0,0,0,0,0,840,VEHICLE_4455,840,VEHICLE_4455,0,0,0,0,0,0,0,0,0
recovery-fresh-fine-day,fresh,12441600,update,6,3071,7080000,13300800,30,0,3,33,23,10,349,30,30,30,0,0,0,5,33,0,0,0,7992,6008,1984,6318,1674,7666,7666,293,0,6715,754325,4691,765312.5407660042,6367,0,0,0,0,0,840,VEHICLE_4455,840,VEHICLE_4455,0,0,0,0,0,0,0,0,0
recovery-fresh-fine-day,fresh,12441600,update,6,3076,7092000,13312800,29,0,2,31,24,7,353,28,29,29,0,1,0,5,31,0,0,0,8004,6017,1987,6327,1677,7679,7679,294,0,6724,755693,4701,766708.1449540497,6373,0,0,0,0,0,840,VEHICLE_4455,840,VEHICLE_4455,0,0,0,0,0,0,0,0,0
recovery-fresh-fine-day,fresh,12441600,update,6,3081,7104000,13324800,27,0,4,31,25,6,352,27,27,27,0,0,0,5,31,0,0,0,8019,6028,1991,6339,1680,7694,7694,294,0,6736,756876,4707,767904.4999939536,6386,0,0,0,0,0,840,VEHICLE_4455,840,VEHICLE_4455,0,0,0,0,0,0,0,0,0
recovery-fresh-fine-day,fresh,12441600,update,6,3086,7116000,13336800,27,0,2,29,24,5,353,26,26,27,0,175,0,5,29,0,0,0,8033,6039,1994,6350,1683,7710,7710,294,0,6747,758062,4713,769102.8398686086,6398,0,0,0,0,0,840,VEHICLE_4455,840,VEHICLE_4455,174,0,0,0,0,0,0,0,0
recovery-fresh-fine-day,fresh,12441600,update,6,3091,7128000,13348800,28,0,3,31,27,4,352,26,26,28,0,37,0,5,31,0,0,0,8045,6048,1997,6360,1685,7719,7719,295,0,6756,759383,4719,770439.5288795789,6405,0,0,0,0,0,840,VEHICLE_4455,840,VEHICLE_4455,36,0,0,0,0,0,0,0,0
recovery-fresh-fine-day,fresh,12441600,update,6,3096,7140000,13360800,24,0,4,28,25,3,353,24,24,24,0,0,0,5,28,0,0,0,8055,6056,1999,6367,1688,7732,7732,295,0,6763,760749,4730,771825.2838927803,6414,0,0,0,0,0,840,VEHICLE_4455,840,VEHICLE_4455,0,0,0,0,0,0,0,0,0
recovery-fresh-fine-day,fresh,12441600,update,6,3101,7152000,13372800,28,0,1,29,25,4,353,28,28,28,0,0,0,5,29,0,0,0,8071,6070,2001,6381,1690,7746,7746,296,0,6777,762052,4735,773143.6299185369,6426,0,0,0,0,0,840,VEHICLE_4455,840,VEHICLE_4455,0,0,0,0,0,0,0,0,0
recovery-fresh-fine-day,fresh,12441600,update,6,3106,7164000,13384800,33,0,1,34,28,6,352,33,33,33,0,0,0,5,34,0,0,0,8086,6084,2002,6391,1695,7756,7756,296,0,6788,763552,4745,774672.0798398827,6433,0,0,0,0,0,840,VEHICLE_4455,840,VEHICLE_4455,0,0,0,0,0,0,0,0,0
recovery-fresh-fine-day,fresh,12441600,update,6,3111,7176000,13396800,32,0,3,35,27,8,351,31,31,32,0,79,0,5,35,0,0,0,8102,6095,2007,6403,1699,7770,7770,297,0,6800,764865,4754,776009.2332458936,6444,0,0,0,0,0,840,VEHICLE_4455,840,VEHICLE_4455,78,0,0,0,0,0,0,0,0
recovery-fresh-fine-day,fresh,12441600,update,6,3116,7188000,13408800,27,0,2,29,24,5,353,26,26,27,0,175,0,5,29,0,0,0,8111,6104,2007,6410,1701,7785,7785,297,0,6807,766196,4761,777354.7127939567,6455,0,0,0,0,0,840,VEHICLE_4455,840,VEHICLE_4455,174,0,0,0,0,0,0,0,0
recovery-fresh-fine-day,fresh,12441600,update,6,3121,7200000,13420800,30,0,3,33,29,4,353,30,30,30,0,0,0,5,33,0,0,0,8131,6120,2011,6427,1704,7801,7801,297,0,6823,767555,4769,778739.8233138949,6467,0,0,0,0,0,840,VEHICLE_4455,840,VEHICLE_4455,0,0,0,0,0,0,0,0,0
recovery-fresh-fine-day,fresh,12441600,update,6,3126,7212000,13432800,31,0,2,33,27,6,351,31,31,31,0,0,0,5,33,0,0,0,8141,6129,2012,6432,1709,7810,7810,298,0,6828,769140,4780,780345.0815878904,6473,0,0,0,0,0,840,VEHICLE_4455,840,VEHICLE_4455,0,0,0,0,0,0,0,0,0
recovery-fresh-fine-day,fresh,12441600,update,6,3131,7224000,13444800,29,0,3,32,25,7,351,29,29,29,0,0,0,5,32,0,0,0,8154,6138,2016,6442,1712,7824,7824,298,0,6838,770499,4789,781719.877686294,6484,0,0,0,0,0,840,VEHICLE_4455,840,VEHICLE_4455,0,0,0,0,0,0,0,0,0
recovery-fresh-fine-day,fresh,12441600,update,6,3136,7236000,13456800,29,0,3,32,28,4,353,24,24,29,0,0,0,5,32,0,0,0,8173,6152,2021,6458,1715,7842,7842,299,0,6853,771683,4793,782922.0046569325,6496,0,0,0,0,0,840,VEHICLE_4455,840,VEHICLE_4455,0,0,0,0,0,0,0,0,0
recovery-fresh-fine-day,fresh,12441600,update,6,3141,7248000,13468800,26,0,3,29,24,5,352,25,25,26,0,43,0,5,29,0,0,0,8188,6163,2025,6469,1719,7860,7860,299,0,6864,773017,4802,784276.9336141788,6511,0,0,0,0,0,840,VEHICLE_4455,840,VEHICLE_4455,42,0,0,0,0,0,0,0,0
recovery-fresh-fine-day,fresh,12441600,update,6,3146,7260000,13480800,31,0,3,34,28,6,352,31,31,31,0,0,0,5,34,0,0,0,8203,6174,2029,6480,1723,7869,7869,300,0,6876,774219,4811,785500.000265863,6517,0,0,0,0,0,840,VEHICLE_4455,840,VEHICLE_4455,0,0,0,0,0,0,0,0,0
recovery-fresh-fine-day,fresh,12441600,update,6,3151,7272000,13492800,25,0,1,26,22,4,353,24,24,25,0,43,0,5,26,0,0,0,8211,6181,2030,6484,1727,7885,7885,300,0,6880,775467,4820,786767.0742129118,6528,0,0,0,0,0,840,VEHICLE_4455,840,VEHICLE_4455,42,0,0,0,0,0,0,0,0
recovery-fresh-fine-day,fresh,12441600,update,6,3156,7284000,13504800,18,0,1,19,14,5,352,18,18,18,0,0,0,5,19,0,0,0,8219,6186,2033,6489,1730,7899,7899,301,0,6884,776392,4825,787698.3051908494,6539,0,0,0,0,0,840,VEHICLE_4455,840,VEHICLE_4455,0,0,0,0,0,0,0,0,0
recovery-fresh-fine-day,fresh,12441600,update,6,3161,7296000,13516800,20,0,1,21,16,5,352,20,20,20,0,0,0,5,21,0,0,0,8229,6195,2034,6496,1733,7907,7907,301,0,6891,777166,4828,788483.0623221279,6544,0,0,0,0,0,840,VEHICLE_4455,840,VEHICLE_4455,0,0,0,0,0,0,0,0,0
recovery-fresh-fine-day,fresh,12441600,update,6,3166,7308000,13528800,19,0,1,20,15,5,353,19,19,19,0,0,0,5,20,0,0,0,8239,6203,2036,6503,1736,7918,7918,301,0,6898,778041,4830,789367.5202685057,6551,0,0,0,0,0,840,VEHICLE_4455,840,VEHICLE_4455,0,0,0,0,0,0,0,0,0
recovery-fresh-fine-day,fresh,12441600,update,6,3171,7320000,13540800,22,0,1,23,19,4,355,21,21,22,0,73,0,5,23,0,0,0,8248,6210,2038,6510,1738,7924,7924,301,0,6905,778867,4833,790206.7748211625,6553,0,0,0,0,0,840,VEHICLE_4455,840,VEHICLE_4455,72,0,0,0,0,0,0,0,0
recovery-fresh-fine-day,fresh,12441600,update,6,3176,7332000,13552800,23,0,2,25,19,6,353,23,23,23,0,0,0,5,25,0,0,0,8259,6218,2041,6516,1743,7932,7932,302,0,6911,779747,4843,791106.486667244,6558,0,0,0,0,0,840,VEHICLE_4455,840,VEHICLE_4455,0,0,0,0,0,0,0,0,0
recovery-fresh-fine-day,fresh,12441600,update,6,3181,7344000,13564800,22,0,1,23,18,5,353,21,21,22,0,0,0,5,23,0,0,0,8267,6225,2042,6522,1745,7942,7942,302,0,6917,780742,4845,792108.2610115607,6566,0,0,0,0,0,840,VEHICLE_4455,840,VEHICLE_4455,0,0,0,0,0,0,0,0,0
recovery-fresh-fine-day,fresh,12441600,update,6,3186,7356000,13576800,20,0,0,20,15,5,353,20,20,20,0,0,0,5,20,0,0,0,8274,6232,2042,6526,1748,7952,7952,302,0,6921,781648,4851,793023.9409389955,6573,0,0,0,0,0,840,VEHICLE_4455,840,VEHICLE_4455,0,0,0,0,0,0,0,0,0
recovery-fresh-fine-day,fresh,12441600,update,6,3191,7368000,13588800,20,0,2,22,17,5,353,19,19,20,0,7,0,5,22,0,0,0,8286,6241,2045,6535,1751,7962,7962,302,0,6929,782550,4856,793938.4600092305,6579,0,0,0,0,0,840,VEHICLE_4455,840,VEHICLE_4455,6,0,0,0,0,0,0,0,0
recovery-fresh-fine-day,fresh,12441600,update,6,3196,7380000,13600800,17,0,2,19,14,5,354,17,17,17,0,0,0,5,19,0,0,0,8293,6247,2046,6539,1754,7971,7971,303,0,6934,783457,4861,794858.7671359333,6585,0,0,0,0,0,840,VEHICLE_4455,840,VEHICLE_4455,0,0,0,0,0,0,0,0,0
recovery-fresh-fine-day,fresh,12441600,update,6,3201,7392000,13612800,17,0,0,17,10,7,352,17,17,17,0,0,0,5,17,0,0,0,8305,6258,2047,6545,1760,7985,7985,303,0,6940,784228,4866,795643.1372083167,6595,0,0,0,0,0,840,VEHICLE_4455,840,VEHICLE_4455,0,0,0,0,0,0,0,0,0
recovery-fresh-fine-day,fresh,12441600,update,6,3206,7404000,13624800,16,0,2,18,10,8,350,16,16,16,0,0,0,5,18,0,0,0,8317,6266,2051,6549,1768,7995,7995,304,0,6944,784996,4868,796418.578539341,6599,0,0,0,0,0,840,VEHICLE_4455,840,VEHICLE_4455,0,0,0,0,0,0,0,0,0
recovery-fresh-fine-day,fresh,12441600,update,6,3211,7416000,13636800,18,0,1,19,14,5,352,18,18,18,0,0,0,5,19,0,0,0,8328,6275,2053,6557,1771,8005,8005,304,0,6951,785749,4869,797178.6306990564,6603,0,0,0,0,0,840,VEHICLE_4455,840,VEHICLE_4455,0,0,0,0,0,0,0,0,0
recovery-fresh-fine-day,fresh,12441600,update,6,3216,7428000,13648800,17,0,1,18,15,3,355,17,17,17,0,0,0,5,18,0,0,0,8337,6283,2054,6563,1774,8014,8014,305,0,6958,786629,4876,798071.2688987099,6607,0,0,0,0,0,840,VEHICLE_4455,840,VEHICLE_4455,0,0,0,0,0,0,0,0,0
recovery-fresh-fine-day,fresh,12441600,update,6,3221,7440000,13660800,23,0,1,24,19,5,352,22,22,23,0,31,0,5,24,0,0,0,8347,6292,2055,6570,1777,8018,8018,305,0,6965,787496,4879,798947.684055187,6611,0,0,0,0,0,840,VEHICLE_4455,840,VEHICLE_4455,30,0,0,0,0,0,0,0,0
recovery-fresh-fine-day,fresh,12441600,update,6,3226,7452000,13672800,25,0,1,26,17,9,349,23,23,25,0,0,0,5,26,0,0,0,8359,6302,2057,6577,1782,8027,8027,306,0,6972,788387,4884,799849.319715406,6618,0,0,0,0,0,840,VEHICLE_4455,840,VEHICLE_4455,0,0,0,0,0,0,0,0,0
recovery-fresh-fine-day,fresh,12441600,update,6,3231,7464000,13684800,24,0,2,26,17,9,350,24,24,24,0,0,0,5,26,0,0,0,8365,6307,2058,6579,1786,8033,8033,306,0,6975,789366,4888,800838.7881780362,6620,0,0,0,0,0,840,VEHICLE_4455,840,VEHICLE_4455,0,0,0,0,0,0,0,0,0
recovery-fresh-fine-day,fresh,12441600,update,6,3236,7476000,13696800,18,0,1,19,15,4,354,18,18,18,0,0,0,5,19,0,0,0,8374,6313,2061,6586,1788,8048,8048,307,0,6981,790289,4894,801776.7395808522,6628,0,0,0,0,0,840,VEHICLE_4455,840,VEHICLE_4455,0,0,0,0,0,0,0,0,0
recovery-fresh-fine-day,fresh,12441600,update,6,3241,7488000,13708800,18,0,2,20,16,4,354,18,18,18,0,0,0,5,20,0,0,0,8384,6322,2062,6593,1791,8057,8057,307,0,6988,791039,4898,802536.2698578902,6634,0,0,0,0,0,840,VEHICLE_4455,840,VEHICLE_4455,0,0,0,0,0,0,0,0,0
recovery-fresh-fine-day,fresh,12441600,update,6,3246,7500000,13720800,21,0,0,21,15,6,354,21,20,21,0,0,0,5,21,0,0,0,8394,6330,2064,6599,1795,8066,8066,307,0,6995,791851,4901,803354.407692631,6640,0,0,0,0,0,840,VEHICLE_4455,840,VEHICLE_4455,96,0,0,0,0,0,0,0,0
recovery-fresh-fine-day,fresh,12441600,update,6,3251,7512000,13732800,19,0,2,21,15,6,354,19,19,19,0,0,0,5,21,0,0,0,8402,6336,2066,6604,1798,8074,8074,307,0,7000,792787,4906,804305.1533342239,6645,0,0,0,0,0,840,VEHICLE_4455,840,VEHICLE_4455,0,0,0,0,0,0,0,0,0
recovery-fresh-fine-day,fresh,12441600,update,6,3256,7524000,13744800,15,0,1,16,12,4,356,15,15,15,0,0,0,5,16,0,0,0,8413,6346,2067,6612,1801,8088,8088,309,0,7007,793568,4908,805103.2906445258,6653,0,0,0,0,0,840,VEHICLE_4455,840,VEHICLE_4455,0,0,0,0,0,0,0,0,0
recovery-fresh-fine-day,fresh,12441600,update,6,3261,7536000,13756800,14,0,3,17,12,5,355,14,14,14,0,0,0,5,17,0,0,0,8421,6351,2070,6617,1804,8095,8095,309,0,7012,794366,4912,805907.1913395191,6658,0,0,0,0,0,840,VEHICLE_4455,840,VEHICLE_4455,0,0,0,0,0,0,0,0,0
recovery-fresh-fine-day,fresh,12441600,update,6,3266,7548000,13768800,18,0,1,19,12,7,353,18,18,18,0,0,0,5,19,0,0,0,8431,6359,2072,6622,1809,8103,8103,309,0,7017,795006,4917,806559.960843133,6663,0,0,0,0,0,840,VEHICLE_4455,840,VEHICLE_4455,0,0,0,0,0,0,0,0,0
recovery-fresh-fine-day,fresh,12441600,update,6,3271,7560000,13780800,17,0,2,19,14,5,354,16,16,17,0,0,0,5,19,0,0,0,8440,6365,2075,6628,1812,8111,8111,310,0,7023,795728,4919,807290.9690246538,6667,0,0,0,0,0,840,VEHICLE_4455,840,VEHICLE_4455,0,0,0,0,0,0,0,0,0
recovery-fresh-fine-day,fresh,12441600,update,6,3276,7572000,13792800,18,0,4,22,12,10,349,18,18,18,0,0,0,5,22,0,0,0,8452,6374,2078,6634,1818,8120,8120,310,0,7029,796411,4924,807989.2714101945,6675,0,0,0,0,0,840,VEHICLE_4455,840,VEHICLE_4455,0,0,0,0,0,0,0,0,0
recovery-fresh-fine-day,fresh,12441600,update,6,3281,7584000,13804800,15,0,4,19,12,7,351,14,14,15,0,103,0,5,19,0,0,0,8461,6378,2083,6641,1820,8131,8131,311,0,7036,797177,4927,808763.980982004,6682,0,0,0,0,0,840,VEHICLE_4455,840,VEHICLE_4455,102,0,0,0,0,0,0,0,0
recovery-fresh-fine-day,fresh,12441600,update,6,3286,7596000,13816800,9,0,2,11,7,4,354,9,9,9,0,0,0,5,11,0,0,0,8468,6382,2086,6645,1823,8145,8145,312,0,7040,797760,4929,809351.3612603976,6690,0,0,0,0,0,840,VEHICLE_4455,840,VEHICLE_4455,0,0,0,0,0,0,0,0,0
recovery-fresh-fine-day,fresh,12441600,update,6,3291,7608000,13828800,13,0,2,15,10,5,354,13,13,13,0,0,0,5,15,0,0,0,8478,6390,2088,6651,1827,8151,8151,312,0,7047,798242,4930,809843.7163294202,6693,0,0,0,0,0,840,VEHICLE_4455,840,VEHICLE_4455,0,0,0,0,0,0,0,0,0
recovery-fresh-fine-day,fresh,12441600,update,6,3296,7620000,13840800,14,0,2,16,10,6,352,14,14,14,0,0,0,5,16,0,0,0,8485,6395,2090,6655,1830,8157,8157,312,0,7050,798869,4934,810476.5112418898,6697,0,0,0,0,0,840,VEHICLE_4455,840,VEHICLE_4455,0,0,0,0,0,0,0,0,0
recovery-fresh-fine-day,fresh,12441600,update,6,3301,7632000,13852800,16,0,1,17,10,7,352,16,16,16,0,0,0,5,17,0,0,0,8495,6402,2093,6662,1833,8165,8165,313,0,7057,799609,4939,811230.0669241159,6702,0,0,0,0,0,840,VEHICLE_4455,840,VEHICLE_4455,0,0,0,0,0,0,0,0,0
recovery-fresh-fine-day,fresh,12441600,update,6,3306,7644000,13864800,16,0,1,17,10,7,351,16,16,16,0,0,0,5,17,0,0,0,8505,6411,2094,6669,1836,8175,8175,313,0,7064,800356,4942,811989.3441791248,6710,0,0,0,0,0,840,VEHICLE_4455,840,VEHICLE_4455,0,0,0,0,0,0,0,0,0
recovery-fresh-fine-day,fresh,12441600,update,6,3311,7656000,13876800,17,0,1,18,13,5,353,17,17,17,0,0,0,5,18,0,0,0,8514,6419,2095,6676,1838,8183,8183,313,0,7071,801019,4945,812657.8032141926,6714,0,0,0,0,0,840,VEHICLE_4455,840,VEHICLE_4455,0,0,0,0,0,0,0,0,0
recovery-fresh-fine-day,fresh,12441600,update,6,3316,7668000,13888800,18,0,2,20,17,3,353,16,16,18,0,25,0,5,20,0,0,0,8526,6428,2098,6685,1841,8192,8192,314,0,7079,801758,4949,813411.8922046593,6719,0,0,0,0,0,840,VEHICLE_4455,840,VEHICLE_4455,24,0,0,0,0,0,0,0,0
recovery-fresh-fine-day,fresh,12441600,update,6,3321,7680000,13900800,16,0,2,18,14,4,352,16,16,16,0,0,0,5,18,0,0,0,8533,6432,2101,6690,1843,8200,8200,315,0,7083,802473,4956,814139.0961880807,6725,0,0,0,0,0,840,VEHICLE_4455,840,VEHICLE_4455,0,0,0,0,0,0,0,0,0
recovery-fresh-fine-day,fresh,12441600,update,6,3326,7692000,13912800,19,0,0,19,15,4,352,19,19,19,0,0,0,5,19,0,0,0,8541,6440,2101,6695,1846,8206,8206,316,0,7088,803254,4960,814926.8716770152,6728,0,0,0,0,0,840,VEHICLE_4455,840,VEHICLE_4455,0,0,0,0,0,0,0,0,0
recovery-fresh-fine-day,fresh,12441600,update,6,3331,7704000,13924800,21,0,0,21,16,5,351,21,21,21,0,0,0,5,21,0,0,0,8551,6449,2102,6701,1850,8214,8214,316,0,7094,804099,4963,815785.2831112209,6733,0,0,0,0,0,840,VEHICLE_4455,840,VEHICLE_4455,0,0,0,0,0,0,0,0,0
recovery-fresh-fine-day,fresh,12441600,update,6,3336,7716000,13936800,18,0,3,21,18,3,352,18,18,18,0,0,0,5,21,0,0,0,8560,6455,2105,6708,1852,8223,8223,316,0,7100,804992,4967,816691.422024139,6738,0,0,0,0,0,840,VEHICLE_4455,840,VEHICLE_4455,0,0,0,0,0,0,0,0,0
recovery-fresh-fine-day,fresh,12441600,update,6,3341,7728000,13948800,20,0,0,20,16,4,352,20,20,20,0,0,0,5,20,0,0,0,8569,6462,2107,6714,1855,8232,8232,317,0,7106,805812,4972,817523.0861937494,6744,0,0,0,0,0,840,VEHICLE_4455,840,VEHICLE_4455,0,0,0,0,0,0,0,0,0
recovery-fresh-fine-day,fresh,12441600,update,6,3346,7740000,13960800,19,0,2,21,16,5,351,19,19,19,0,0,0,5,21,0,0,0,8576,6467,2109,6718,1858,8238,8238,317,0,7110,806825,4980,818548.8988820079,6748,0,0,0,0,0,840,VEHICLE_4455,840,VEHICLE_4455,0,0,0,0,0,0,0,0,0
recovery-fresh-fine-day,fresh,12441600,update,6,3351,7752000,13972800,15,0,2,17,12,5,352,15,15,15,0,0,0,5,17,0,0,0,8586,6474,2112,6725,1861,8252,8252,317,0,7117,807668,4980,819398.3604094458,6758,0,0,0,0,0,840,VEHICLE_4455,840,VEHICLE_4455,0,0,0,0,0,0,0,0,0
recovery-fresh-fine-day,fresh,12441600,update,6,3356,7764000,13984800,16,0,2,18,14,4,352,16,16,16,0,0,0,5,18,0,0,0,8598,6483,2115,6734,1864,8261,8261,319,0,7125,808412,4984,820158.9861781055,6763,0,0,0,0,0,840,VEHICLE_4455,840,VEHICLE_4455,0,0,0,0,0,0,0,0,0
recovery-fresh-fine-day,fresh,12441600,update,6,3361,7776000,13996800,17,0,0,17,11,6,350,16,16,17,0,0,0,5,17,0,0,0,8605,6489,2116,6738,1867,8269,8269,319,0,7129,809256,4992,821017.6400887759,6770,0,0,0,0,0,840,VEHICLE_4455,840,VEHICLE_4455,0,0,0,0,0,0,0,0,0
recovery-fresh-fine-day,fresh,12441600,update,6,3366,7788000,14008800,12,0,1,13,7,6,352,12,12,12,0,0,0,5,13,0,0,0,8613,6494,2119,6742,1871,8281,8281,319,0,7134,809844,4992,821612.472056831,6777,0,0,0,0,0,840,VEHICLE_4455,840,VEHICLE_4455,0,0,0,0,0,0,0,0,0
recovery-fresh-fine-day,fresh,12441600,update,6,3371,7800000,14020800,16,0,1,17,11,6,352,16,16,16,0,0,0,5,17,0,0,0,8622,6502,2120,6748,1874,8286,8286,319,0,7140,810536,4997,822315.2503782248,6779,0,0,0,0,0,840,VEHICLE_4455,840,VEHICLE_4455,0,0,0,0,0,0,0,0,0
recovery-fresh-fine-day,fresh,12441600,update,6,3376,7812000,14032800,17,0,2,19,14,5,351,17,17,17,0,0,0,5,19,0,0,0,8632,6510,2122,6754,1878,8294,8294,319,0,7145,811276,5001,823073.8169523196,6783,0,0,0,0,0,840,VEHICLE_4455,840,VEHICLE_4455,0,0,0,0,0,0,0,0,0
recovery-fresh-fine-day,fresh,12441600,update,6,3381,7824000,14044800,16,0,1,17,10,7,350,16,16,16,0,0,0,5,17,0,0,0,8644,6521,2123,6758,1886,8307,8307,320,0,7150,812008,5003,823814.7338239055,6790,0,0,0,0,0,840,VEHICLE_4455,840,VEHICLE_4455,0,0,0,0,0,0,0,0,0
recovery-fresh-fine-day,fresh,12441600,update,6,3386,7836000,14056800,18,0,1,19,15,4,354,18,18,18,0,0,0,5,19,0,0,0,8653,6528,2125,6765,1888,8314,8314,320,0,7157,812835,5008,824655.6736469341,6791,0,0,0,0,0,840,VEHICLE_4455,840,VEHICLE_4455,0,0,0,0,0,0,0,0,0
recovery-fresh-fine-day,fresh,12441600,update,6,3391,7848000,14068800,18,0,0,18,13,5,352,18,18,18,0,0,0,5,18,0,0,0,8661,6535,2126,6770,1891,8322,8322,321,0,7161,813637,5011,825468.0021296607,6797,0,0,0,0,0,840,VEHICLE_4455,840,VEHICLE_4455,0,0,0,0,0,0,0,0,0
recovery-fresh-fine-day,fresh,12441600,update,6,3396,7860000,14080800,17,0,1,18,13,5,351,17,17,17,0,0,0,5,18,0,0,0,8668,6540,2128,6774,1894,8329,8329,321,0,7165,814420,5018,826262.7616729743,6802,0,0,0,0,0,840,VEHICLE_4455,840,VEHICLE_4455,0,0,0,0,0,0,0,0,0
recovery-fresh-fine-day,fresh,12441600,update,6,3401,7872000,14092800,16,0,0,16,11,5,351,15,15,16,0,91,0,5,16,0,0,0,8677,6549,2128,6780,1897,8340,8340,321,0,7171,815217,5020,827066.8716396249,6810,0,0,0,0,0,840,VEHICLE_4455,840,VEHICLE_4455,90,0,0,0,0,0,0,0,0
recovery-fresh-fine-day,fresh,12441600,update,6,3406,7884000,14104800,20,0,0,20,14,6,350,17,17,20,0,0,0,5,20,0,0,0,8689,6559,2130,6789,1900,8347,8347,322,0,7179,815978,5024,827841.3025610547,6814,0,0,0,0,0,840,VEHICLE_4455,840,VEHICLE_4455,0,0,0,0,0,0,0,0,0
recovery-fresh-fine-day,fresh,12441600,update,6,3411,7896000,14116800,15,0,3,18,13,5,351,15,15,15,0,0,0,5,18,0,0,0,8696,6562,2134,6793,1903,8356,8356,322,0,7183,816818,5029,828692.7480391588,6819,0,0,0,0,0,840,VEHICLE_4455,840,VEHICLE_4455,0,0,0,0,0,0,0,0,0
recovery-fresh-fine-day,fresh,12441600,update,6,3416,7908000,14128800,17,0,1,18,11,7,351,17,17,17,0,0,0,5,18,0,0,0,8707,6571,2136,6799,1908,8367,8367,322,0,7190,817533,5032,829415.0202502029,6826,0,0,0,0,0,840,VEHICLE_4455,840,VEHICLE_4455,0,0,0,0,0,0,0,0,0
recovery-fresh-fine-day,fresh,12441600,update,6,3421,7920000,14140800,16,0,2,18,10,8,353,16,16,16,0,0,0,5,18,0,0,0,8717,6577,2140,6804,1913,8376,8376,323,0,7197,818223,5033,830112.217426758,6830,0,0,0,0,0,840,VEHICLE_4455,840,VEHICLE_4455,0,0,0,0,0,0,0,0,0
recovery-fresh-fine-day,fresh,12441600,update,6,3426,7932000,14152800,18,0,1,19,13,6,354,17,17,18,0,37,0,5,19,0,0,0,8728,6587,2141,6811,1917,8386,8386,323,0,7205,818889,5039,830792.8852419544,6836,0,0,0,0,0,840,VEHICLE_4455,840,VEHICLE_4455,36,0,0,0,0,0,0,0,0
recovery-fresh-fine-day,fresh,12441600,update,6,3431,7944000,14164800,19,0,2,21,13,8,351,19,19,19,0,0,0,5,21,0,0,0,8736,6593,2143,6816,1920,8392,8392,323,0,7209,819730,5043,831641.1988947566,6841,0,0,0,0,0,840,VEHICLE_4455,840,VEHICLE_4455,0,0,0,0,0,0,0,0,0
recovery-fresh-fine-day,fresh,12441600,update,6,3436,7956000,14176800,17,0,2,19,14,5,352,17,17,17,0,0,0,5,19,0,0,0,8745,6600,2145,6822,1923,8401,8401,325,0,7216,820642,5050,832571.9326305676,6847,0,0,0,0,0,840,VEHICLE_4455,840,VEHICLE_4455,0,0,0,0,0,0,0,0,0
recovery-fresh-fine-day,fresh,12441600,update,6,3441,7968000,14188800,19,0,0,19,12,7,350,19,19,19,0,0,0,5,19,0,0,0,8758,6611,2147,6829,1929,8414,8414,325,0,7224,821376,5051,833316.1510564515,6857,0,0,0,0,0,840,VEHICLE_4455,840,VEHICLE_4455,0,0,0,0,0,0,0,0,0
recovery-fresh-fine-day,fresh,12441600,update,6,3446,7980000,14200800,19,0,0,19,14,5,353,19,19,19,0,0,0,5,19,0,0,0,8766,6619,2147,6833,1933,8422,8422,325,0,7229,822153,5054,834106.5925954606,6859,0,0,0,0,0,840,VEHICLE_4455,840,VEHICLE_4455,0,0,0,0,0,0,0,0,0
recovery-fresh-fine-day,fresh,12441600,update,6,3451,7992000,14212800,17,0,3,20,17,3,353,16,16,17,0,0,0,5,20,0,0,0,8774,6624,2150,6839,1935,8429,8429,325,0,7234,822997,5064,834964.9694969531,6863,0,0,0,0,0,840,VEHICLE_4455,840,VEHICLE_4455,0,0,0,0,0,0,0,0,0
recovery-fresh-fine-day,fresh,12441600,update,6,3456,8004000,14224800,18,0,2,20,14,6,352,18,18,18,0,0,0,5,20,0,0,0,8782,6630,2152,6843,1939,8436,8436,326,0,7239,823761,5065,835736.8335588749,6868,0,0,0,0,0,840,VEHICLE_4455,840,VEHICLE_4455,0,0,0,0,0,0,0,0,0
recovery-fresh-fine-day,fresh,12441600,update,6,3461,8016000,14236800,14,0,0,14,9,5,353,14,14,14,0,0,0,5,14,0,0,0,8789,6636,2153,6848,1941,8449,8449,326,0,7243,824557,5069,836540.7711549958,6877,0,0,0,0,0,840,VEHICLE_4455,840,VEHICLE_4455,0,0,0,0,0,0,0,0,0
recovery-fresh-fine-day,fresh,12441600,update,6,3466,8028000,14248800,14,0,2,16,12,4,353,14,14,14,0,0,0,5,16,0,0,0,8802,6645,2157,6857,1945,8460,8460,326,0,7251,825226,5073,837223.6002872277,6883,0,0,0,0,0,840,VEHICLE_4455,840,VEHICLE_4455,0,0,0,0,0,0,0,0,0
recovery-fresh-fine-day,fresh,12441600,update,6,3471,8040000,14260800,20,0,0,20,15,5,352,20,20,20,0,0,0,5,20,0,0,0,8812,6655,2157,6864,1948,8465,8465,327,0,7258,825962,5076,837973.3613297704,6886,0,0,0,0,0,840,VEHICLE_4455,840,VEHICLE_4455,0,0,0,0,0,0,0,0,0
recovery-fresh-fine-day,fresh,12441600,update,6,3476,8052000,14272800,22,0,0,22,18,4,354,22,22,22,0,0,0,5,22,0,0,0,8820,6662,2158,6869,1951,8471,8471,327,0,7263,826858,5078,838875.0072176659,6887,0,0,0,0,0,840,VEHICLE_4455,840,VEHICLE_4455,0,0,0,0,0,0,0,0,0
recovery-fresh-fine-day,fresh,12441600,update,6,3481,8064000,14284800,19,0,0,19,15,4,353,18,18,19,0,55,0,5,19,0,0,0,8830,6669,2161,6876,1954,8481,8481,330,0,7269,827810,5084,839842.3144762188,6894,0,0,0,0,0,840,VEHICLE_4455,840,VEHICLE_4455,54,0,0,0,0,0,0,0,0
recovery-fresh-fine-day,fresh,12441600,update,6,3486,8076000,14296800,20,0,1,21,16,5,352,20,20,20,0,0,0,5,21,0,0,0,8839,6677,2162,6881,1958,8487,8487,331,0,7274,828767,5087,840807.6410509057,6897,0,0,0,0,0,840,VEHICLE_4455,840,VEHICLE_4455,0,0,0,0,0,0,0,0,0
recovery-fresh-fine-day,fresh,12441600,update,6,3491,8088000,14308800,21,0,2,23,15,8,352,21,21,21,0,0,0,5,23,0,0,0,8852,6687,2165,6888,1964,8497,8497,332,0,7283,829697,5091,841745.1112654672,6903,0,0,0,0,0,840,VEHICLE_4455,840,VEHICLE_4455,0,0,0,0,0,0,0,0,0
recovery-fresh-fine-day,fresh,12441600,update,6,3496,8100000,14320800,22,0,2,24,15,9,351,21,21,22,0,0,0,5,24,0,0,0,8862,6694,2168,6893,1969,8506,8506,332,0,7290,830683,5095,842746.8712295832,6910,0,0,0,0,0,840,VEHICLE_4455,840,VEHICLE_4455,0,0,0,0,0,0,0,0,0
recovery-fresh-fine-day,fresh,12441600,update,6,3501,8112000,14332800,19,0,0,19,12,7,352,19,19,19,0,0,0,5,19,0,0,0,8868,6699,2169,6896,1972,8516,8516,333,0,7292,831596,5098,843672.4908711489,6915,0,0,0,0,0,840,VEHICLE_4455,840,VEHICLE_4455,0,0,0,0,0,0,0,0,0
recovery-fresh-fine-day,fresh,12441600,update,6,3506,8124000,14344800,20,0,1,21,14,7,352,20,20,20,0,0,0,5,21,0,0,0,8876,6706,2170,6901,1975,8522,8522,333,0,7297,832471,5103,844563.5218918382,6918,0,0,0,0,0,840,VEHICLE_4455,840,VEHICLE_4455,0,0,0,0,0,0,0,0,0
recovery-fresh-fine-day,fresh,12441600,update,6,3511,8136000,14356800,18,0,0,18,12,6,353,17,17,18,0,37,0,5,18,0,0,0,8886,6714,2172,6908,1978,8534,8534,334,0,7303,833350,5108,845456.7004095346,6925,0,0,0,0,0,840,VEHICLE_4455,840,VEHICLE_4455,36,0,0,0,0,0,0,0,0
recovery-fresh-fine-day,fresh,12441600,update,6,3516,8148000,14368800,16,0,1,17,12,5,353,16,16,16,0,0,0,5,17,0,0,0,8894,6721,2173,6913,1981,8543,8543,334,0,7308,834197,5110,846309.0838238096,6931,0,0,0,0,0,840,VEHICLE_4455,840,VEHICLE_4455,0,0,0,0,0,0,0,0,0
recovery-fresh-fine-day,fresh,12441600,update,6,3521,8160000,14380800,15,0,2,17,12,5,352,14,14,15,0,37,0,5,17,0,0,0,8900,6725,2175,6916,1984,8549,8549,334,0,7311,834967,5116,847089.8063097384,6935,0,0,0,0,0,840,VEHICLE_4455,840,VEHICLE_4455,36,0,0,0,0,0,0,0,0
recovery-fresh-fine-day,fresh,12441600,update,6,3526,8172000,14392800,13,0,1,14,9,5,352,13,13,13,0,0,0,5,14,0,0,0,8909,6733,2176,6922,1987,8561,8561,334,0,7316,835705,5123,847846.0227015133,6943,0,0,0,0,0,840,VEHICLE_4455,840,VEHICLE_4455,0,0,0,0,0,0,0,0,0
recovery-fresh-fine-day,fresh,12441600,update,6,3531,8184000,14404800,10,0,1,11,6,5,354,10,10,10,0,0,0,5,11,0,0,0,8917,6739,2178,6927,1990,8571,8571,335,0,7322,836296,5124,848443.0924733982,6949,0,0,0,0,0,840,VEHICLE_4455,840,VEHICLE_4455,0,0,0,0,0,0,0,0,0
recovery-fresh-fine-day,fresh,12441600,update,6,3536,8196000,14416800,12,0,1,13,8,5,354,12,12,12,0,0,0,5,13,0,0,0,8925,6746,2179,6932,1993,8577,8577,335,0,7327,836779,5126,848934.1639346278,6952,0,0,0,0,0,840,VEHICLE_4455,840,VEHICLE_4455,0,0,0,0,0,0,0,0,0
recovery-fresh-fine-day,fresh,12441600,update,6,3541,8208000,14428800,16,0,2,18,13,5,353,14,14,16,0,0,0,5,18,0,0,0,8936,6754,2182,6941,1995,8583,8583,335,0,7335,837390,5129,849556.9499665333,6956,0,0,0,0,0,840,VEHICLE_4455,840,VEHICLE_4455,0,0,0,0,0,0,0,0,0
recovery-fresh-fine-day,fresh,12441600,update,6,3546,8220000,14440800,15,0,1,16,12,4,354,14,14,15,0,73,0,5,16,0,0,0,8943,6760,2183,6944,1999,8591,8591,336,0,7338,838045,5132,850222.8097745536,6959,0,0,0,0,0,840,VEHICLE_4455,840,VEHICLE_4455,72,0,0,0,0,0,0,0,0
recovery-fresh-fine-day,fresh,12441600,update,6,3551,8232000,14452800,20,0,2,22,19,3,355,20,20,20,0,0,0,5,22,0,0,0,8954,6769,2185,6953,2001,8596,8596,336,0,7347,838860,5137,851047.7176398963,6961,0,0,0,0,0,840,VEHICLE_4455,840,VEHICLE_4455,0,0,0,0,0,0,0,0,0
recovery-fresh-fine-day,fresh,12441600,update,6,3556,8244000,14464800,24,0,1,25,20,5,354,24,24,24,0,0,0,5,25,0,0,0,8965,6779,2186,6960,2005,8604,8604,336,0,7354,839794,5141,851997.586095527,6966,0,0,0,0,0,840,VEHICLE_4455,840,VEHICLE_4455,0,0,0,0,0,0,0,0,0
recovery-fresh-fine-day,fresh,12441600,update,6,3561,8256000,14476800,31,0,1,32,24,8,351,29,29,31,0,163,0,5,32,0,0,0,8976,6789,2187,6966,2010,8608,8608,336,0,7360,841019,5149,853240.9673949836,6968,0,0,0,0,0,840,VEHICLE_4455,840,VEHICLE_4455,162,0,0,0,0,0,0,0,0
recovery-fresh-fine-day,fresh,12441600,update,6,3566,8268000,14488800,24,0,1,25,19,6,352,23,23,24,0,67,0,5,25,0,0,0,8984,6795,2189,6971,2013,8621,8621,338,0,7365,842270,5153,854507.1712838777,6977,0,0,0,0,0,840,VEHICLE_4455,840,VEHICLE_4455,66,0,0,0,0,0,0,0,0
recovery-fresh-fine-day,fresh,12441600,update,6,3571,8280000,14500800,17,0,2,19,15,4,353,17,17,17,0,0,0,5,19,0,0,0,8992,6800,2192,6976,2016,8634,8634,339,0,7369,843274,5159,855522.662853623,6985,0,0,0,0,0,840,VEHICLE_4455,840,VEHICLE_4455,0,0,0,0,0,0,0,0,0
recovery-fresh-fine-day,fresh,12441600,update,6,3576,8292000,14512800,12,0,1,13,10,3,355,12,12,12,0,0,0,5,13,0,0,0,9000,6806,2194,6981,2019,8647,8647,340,0,7375,844003,5162,856264.5594202059,6994,0,0,0,0,0,840,VEHICLE_4455,840,VEHICLE_4455,0,0,0,0,0,0,0,0,0
recovery-fresh-fine-day,fresh,12441600,update,6,3581,8304000,14524800,15,0,0,15,11,4,354,14,14,15,0,7,0,5,15,0,0,0,9008,6814,2194,6986,2022,8653,8653,340,0,7380,844663,5165,856929.6524017539,6998,0,0,0,0,0,840,VEHICLE_4455,840,VEHICLE_4455,6,0,0,0,0,0,0,0,0
recovery-fresh-fine-day,fresh,12441600,update,6,3586,8316000,14536800,20,0,0,20,15,5,352,18,18,20,0,31,0,5,20,0,0,0,9019,6824,2195,6993,2026,8658,8658,341,0,7386,845480,5170,857758.5730310839,7000,0,0,0,0,0,840,VEHICLE_4455,840,VEHICLE_4455,30,0,0,0,0,0,0,0,0
recovery-fresh-fine-day,fresh,12441600,update,6,3591,8328000,14548800,18,0,0,18,13,5,352,17,17,18,0,85,0,5,18,0,0,0,9024,6829,2195,6995,2029,8665,8665,341,0,7388,846311,5174,858602.8794059122,7004,0,0,0,0,0,840,VEHICLE_4455,840,VEHICLE_4455,84,0,0,0,0,0,0,0,0
recovery-fresh-fine-day,fresh,12441600,update,6,3596,8340000,14560800,19,0,1,20,12,8,352,19,19,19,0,0,0,5,20,0,0,0,9036,6839,2197,7002,2034,8675,8675,341,0,7397,847091,5177,859391.3157729956,7011,0,0,0,0,0,840,VEHICLE_4455,840,VEHICLE_4455,0,0,0,0,0,0,0,0,0
recovery-fresh-fine-day,fresh,12441600,update,6,3601,8352000,14572800,17,0,2,19,13,6,353,17,17,17,0,0,0,5,19,0,0,0,9046,6846,2200,7008,2038,8686,8686,341,0,7403,847926,5183,860243.351925134,7017,0,0,0,0,0,840,VEHICLE_4455,840,VEHICLE_4455,0,0,0,0,0,0,0,0,0
recovery-fresh-fine-day,fresh,12441600,update,6,3606,8364000,14584800,21,0,0,21,13,8,351,20,20,21,0,67,0,5,21,0,0,0,9055,6855,2200,7013,2042,8692,8692,342,0,7408,848744,5185,861071.3112399096,7021,0,0,0,0,0,840,VEHICLE_4455,840,VEHICLE_4455,66,0,0,0,0,0,0,0,0
recovery-fresh-fine-day,fresh,12441600,update,6,3611,8376000,14596800,19,0,2,21,13,8,350,19,19,19,0,0,0,5,21,0,0,0,9063,6861,2202,7017,2046,8699,8699,343,0,7412,849654,5191,861995.6720987682,7025,0,0,0,0,0,840,VEHICLE_4455,840,VEHICLE_4455,0,0,0,0,0,0,0,0,0
recovery-fresh-fine-day,fresh,12441600,update,6,3616,8388000,14608800,17,0,1,18,12,6,354,17,17,17,0,0,0,5,18,0,0,0,9072,6868,2204,7022,2050,8711,8711,343,0,7418,850571,5196,862923.4780172643,7030,0,0,0,0,0,840,VEHICLE_4455,840,VEHICLE_4455,0,0,0,0,0,0,0,0,0
recovery-fresh-fine-day,fresh,12441600,update,6,3621,8400000,14620800,17,0,0,17,10,7,351,17,17,17,0,0,0,5,17,0,0,0,9082,6877,2205,7027,2055,8721,8721,344,0,7423,851326,5199,863689.5065805989,7038,0,0,0,0,0,840,VEHICLE_4455,840,VEHICLE_4455,0,0,0,0,0,0,0,0,0
recovery-fresh-fine-day,fresh,12441600,update,6,3626,8412000,14632800,14,0,2,16,11,5,352,14,14,14,0,0,0,5,16,0,0,0,9090,6883,2207,7032,2058,8729,8729,345,0,7428,852001,5202,864374.8659505884,7042,0,0,0,0,0,840,VEHICLE_4455,840,VEHICLE_4455,0,0,0,0,0,0,0,0,0
recovery-fresh-fine-day,fresh,12441600,update,6,3631,8424000,14644800,18,0,1,19,12,7,351,15,15,18,0,0,0,5,19,0,0,0,9100,6892,2208,7038,2062,8735,8735,346,0,7435,852603,5203,864985.7863318727,7046,0,0,0,0,0,840,VEHICLE_4455,840,VEHICLE_4455,0,0,0,0,0,0,0,0,0
recovery-fresh-fine-day,fresh,12441600,update,6,3636,8436000,14656800,23,0,0,23,16,7,351,23,23,23,0,0,0,5,23,0,0,0,9109,6901,2208,7043,2066,8740,8740,346,0,7441,853449,5209,865852.0398915338,7048,0,0,0,0,0,840,VEHICLE_4455,840,VEHICLE_4455,0,0,0,0,0,0,0,0,0
recovery-fresh-fine-day,fresh,12441600,update,6,3641,8448000,14668800,22,0,4,26,20,6,351,22,22,22,0,0,0,5,26,0,0,0,9121,6907,2214,7053,2068,8748,8748,347,0,7450,854442,5214,866856.1810436856,7053,0,0,0,0,0,840,VEHICLE_4455,840,VEHICLE_4455,0,0,0,0,0,0,0,0,0
recovery-fresh-fine-day,fresh,12441600,update,6,3646,8460000,14680800,20,0,3,23,16,7,354,20,20,20,0,0,0,5,23,0,0,0,9131,6914,2217,7057,2074,8761,8761,347,0,7457,855466,5219,867890.9813328015,7060,0,0,0,0,0,840,VEHICLE_4455,840,VEHICLE_4455,0,0,0,0,0,0,0,0,0
recovery-fresh-fine-day,fresh,12441600,update,6,3651,8472000,14692800,16,0,3,19,15,4,353,16,16,16,0,0,0,5,19,0,0,0,9140,6921,2219,7063,2077,8774,8774,347,0,7462,856221,5224,868654.0879018086,7070,0,0,0,0,0,840,VEHICLE_4455,840,VEHICLE_4455,0,0,0,0,0,0,0,0,0
recovery-fresh-fine-day,fresh,12441600,update,6,3656,8484000,14704800,16,0,1,17,14,3,353,16,16,16,0,0,0,5,17,0,0,0,9146,6925,2221,7067,2079,8781,8781,348,0,7466,856971,5225,869407.9021598513,7075,0,0,0,0,0,840,VEHICLE_4455,840,VEHICLE_4455,0,0,0,0,0,0,0,0,0
recovery-fresh-fine-day,fresh,12441600,update,6,3661,8496000,14716800,21,0,1,22,16,6,350,21,21,21,0,0,0,5,22,0,0,0,9156,6934,2222,7072,2084,8786,8786,348,0,7471,857826,5230,870275.4983972304,7078,0,0,0,0,0,840,VEHICLE_4455,840,VEHICLE_4455,0,0,0,0,0,0,0,0,0
recovery-fresh-fine-day,fresh,12441600,update,6,3666,8508000,14728800,18,0,2,20,16,4,353,18,18,18,0,0,0,5,20,0,0,0,9164,6940,2224,7078,2086,8796,8796,348,0,7477,858658,5233,871113.9298265877,7083,0,0,0,0,0,840,VEHICLE_4455,840,VEHICLE_4455,0,0,0,0,0,0,0,0,0
recovery-fresh-fine-day,fresh,12441600,update,6,3671,8520000,14740800,17,0,0,17,12,5,352,17,17,17,0,0,0,5,17,0,0,0,9171,6945,2226,7081,2090,8805,8805,349,0,7480,859442,5235,871906.4930893455,7089,0,0,0,0,0,840,VEHICLE_4455,840,VEHICLE_4455,0,0,0,0,0,0,0,0,0
recovery-fresh-fine-day,fresh,12441600,update,6,3676,8532000,14752800,21,0,1,22,17,5,352,18,18,21,0,0,0,5,22,0,0,0,9184,6956,2228,7091,2093,8813,8813,349,0,7489,860167,5240,872642.5438714337,7093,0,0,0,0,0,840,VEHICLE_4455,840,VEHICLE_4455,0,0,0,0,0,0,0,0,0
recovery-fresh-fine-day,fresh,12441600,update,6,3681,8544000,14764800,23,0,0,23,16,7,350,23,23,23,0,0,0,5,23,0,0,0,9190,6962,2228,7094,2096,8817,8817,350,0,7492,861178,5248,873669.5655659589,7096,0,0,0,0,0,840,VEHICLE_4455,840,VEHICLE_4455,0,0,0,0,0,0,0,0,0
recovery-fresh-fine-day,fresh,12441600,update,6,3686,8556000,14776800,21,0,1,22,16,6,350,20,20,21,0,31,0,5,22,0,0,0,9200,6971,2229,7099,2101,8828,8828,350,0,7497,862142,5250,874644.7173970307,7102,0,0,0,0,0,840,VEHICLE_4455,840,VEHICLE_4455,30,0,0,0,0,0,0,0,0
recovery-fresh-fine-day,fresh,12441600,update,6,3691,8568000,14788800,19,0,4,23,16,7,348,19,19,19,0,0,0,5,23,0,0,0,9210,6977,2233,7107,2103,8837,8837,350,0,7504,862947,5254,875461.4417603344,7110,0,0,0,0,0,840,VEHICLE_4455,840,VEHICLE_4455,0,0,0,0,0,0,0,0,0
recovery-fresh-fine-day,fresh,12441600,update,6,3696,8580000,14800800,21,0,0,21,12,9,350,20,20,21,0,181,0,5,21,0,0,0,9222,6989,2233,7111,2111,8850,8850,351,0,7511,863769,5258,876298.994182897,7116,0,0,0,0,0,840,VEHICLE_4455,840,VEHICLE_4455,180,0,0,0,0,0,0,0,0
recovery-fresh-fine-day,fresh,12441600,update,6,3701,8592000,14812800,21,0,1,22,14,8,351,21,21,21,0,0,0,5,22,0,0,0,9230,6996,2234,7116,2114,8857,8857,351,0,7516,864689,5261,877234.5087680763,7119,0,0,0,0,0,840,VEHICLE_4455,840,VEHICLE_4455,0,0,0,0,0,0,0,0,0
recovery-fresh-fine-day,fresh,12441600,update,6,3706,8604000,14824800,20,0,2,22,14,8,351,20,20,20,0,0,0,5,22,0,0,0,9238,7001,2237,7121,2117,8865,8865,351,0,7520,865609,5269,878166.7761057506,7123,0,0,0,0,0,840,VEHICLE_4455,840,VEHICLE_4455,0,0,0,0,0,0,0,0,0
recovery-fresh-fine-day,fresh,12441600,update,6,3711,8616000,14836800,23,0,1,24,17,7,349,23,23,23,0,0,0,5,24,0,0,0,9250,7011,2239,7128,2122,8874,8874,352,0,7527,866530,5272,879099.2288971592,7129,0,0,0,0,0,840,VEHICLE_4455,840,VEHICLE_4455,0,0,0,0,0,0,0,0,0
recovery-fresh-fine-day,fresh,12441600,update,6,3716,8628000,14848800,18,0,0,18,12,6,350,18,18,18,0,0,0,5,18,0,0,0,9256,7017,2239,7131,2125,8886,8886,352,0,7530,867477,5274,880055.738288576,7137,0,0,0,0,0,840,VEHICLE_4455,840,VEHICLE_4455,0,0,0,0,0,0,0,0,0
recovery-fresh-fine-day,fresh,12441600,update,6,3721,8640000,14860800,17,0,1,18,13,5,352,15,15,17,0,0,0,5,18,0,0,0,9265,7025,2240,7137,2128,8895,8895,352,0,7537,868208,5280,880797.469969108,7142,0,0,0,0,0,840,VEHICLE_4455,840,VEHICLE_4455,0,0,0,0,0,0,0,0,0
recovery-fresh-fine-day,fresh,12441600,update,6,3726,8652000,14872800,19,0,1,20,14,6,351,19,19,19,0,0,0,5,20,0,0,0,9274,7033,2241,7143,2131,8902,8902,352,0,7542,869050,5282,881651.1182578302,7146,0,0,0,0,0,840,VEHICLE_4455,840,VEHICLE_4455,0,0,0,0,0,0,0,0,0
recovery-fresh-fine-day,fresh,12441600,update,6,3731,8664000,14884800,26,0,1,27,21,6,351,25,26,26,0,1,0,5,27,0,0,0,9287,7045,2242,7153,2134,8907,8907,353,0,7552,870026,5291,882640.2979705178,7148,0,0,0,0,0,840,VEHICLE_4455,840,VEHICLE_4455,0,0,0,0,0,0,0,0,0
recovery-fresh-fine-day,fresh,12441600,update,6,3736,8676000,14896800,24,0,0,24,18,6,352,24,24,24,0,0,0,5,24,0,0,0,9295,7053,2242,7157,2138,8918,8918,353,0,7557,870967,5295,883596.3368050696,7155,0,0,0,0,0,840,VEHICLE_4455,840,VEHICLE_4455,0,0,0,0,0,0,0,0,0
recovery-fresh-fine-day,fresh,12441600,update,6,3741,8688000,14908800,19,0,2,21,15,6,353,18,18,19,0,73,0,5,21,0,0,0,9306,7059,2247,7163,2143,8931,8931,354,0,7563,871919,5302,884564.2866260305,7162,0,0,0,0,0,840,VEHICLE_4455,840,VEHICLE_4455,72,0,0,0,0,0,0,0,0
recovery-fresh-fine-day,fresh,12441600,update,6,3746,8700000,14920800,20,0,0,20,13,7,351,20,20,20,0,0,0,5,20,0,0,0,9312,7065,2247,7166,2146,8938,8938,354,0,7566,872754,5307,885406.617119679,7168,0,0,0,0,0,840,VEHICLE_4455,840,VEHICLE_4455,0,0,0,0,0,0,0,0,0
recovery-fresh-fine-day,fresh,12441600,update,6,3751,8712000,14932800,20,0,0,20,15,5,352,20,20,20,0,0,0,5,20,0,0,0,9320,7073,2247,7171,2149,8946,8946,354,0,7571,873669,5309,886334.7298739848,7172,0,0,0,0,0,840,VEHICLE_4455,840,VEHICLE_4455,0,0,0,0,0,0,0,0,0
recovery-fresh-fine-day,fresh,12441600,update,6,3756,8724000,14944800,18,0,3,21,16,5,351,18,18,18,0,0,0,5,21,0,0,0,9330,7079,2251,7178,2152,8954,8954,355,0,7577,874448,5313,887122.3854673214,7177,0,0,0,0,0,840,VEHICLE_4455,840,VEHICLE_4455,0,0,0,0,0,0,0,0,0
recovery-fresh-fine-day,fresh,12441600,update,6,3761,8736000,14956800,19,0,2,21,14,7,350,19,19,19,0,0,0,5,21,0,0,0,9342,7089,2253,7185,2157,8966,8966,355,0,7584,875277,5317,887962.3002362119,7185,0,0,0,0,0,840,VEHICLE_4455,840,VEHICLE_4455,0,0,0,0,0,0,0,0,0
recovery-fresh-fine-day,fresh,12441600,update,6,3766,8748000,14968800,17,0,3,20,15,5,351,15,15,17,0,0,0,5,20,0,0,0,9351,7095,2256,7191,2160,8975,8975,356,0,7589,876074,5322,888772.2723859565,7189,0,0,0,0,0,840,VEHICLE_4455,840,VEHICLE_4455,0,0,0,0,0,0,0,0,0
recovery-fresh-fine-day,fresh,12441600,update,6,3771,8760000,14980800,15,0,1,16,11,5,352,15,15,15,0,0,0,5,16,0,0,0,9359,7101,2258,7196,2163,8987,8987,356,0,7595,876733,5324,889439.9613318348,7198,0,0,0,0,0,840,VEHICLE_4455,840,VEHICLE_4455,0,0,0,0,0,0,0,0,0
recovery-fresh-fine-day,fresh,12441600,update,6,3776,8772000,14992800,16,0,0,16,9,7,352,16,16,16,0,0,0,5,16,0,0,0,9367,7109,2258,7200,2167,8993,8993,358,0,7600,877428,5328,890147.9872458137,7201,0,0,0,0,0,840,VEHICLE_4455,840,VEHICLE_4455,0,0,0,0,0,0,0,0,0
recovery-fresh-fine-day,fresh,12441600,update,6,3781,8784000,15004800,16,0,0,16,9,7,352,16,16,16,0,0,0,5,16,0,0,0,9376,7117,2259,7204,2172,9001,9001,359,0,7604,878091,5331,890825.4446206277,7204,0,0,0,0,0,840,VEHICLE_4455,840,VEHICLE_4455,0,0,0,0,0,0,0,0,0
recovery-fresh-fine-day,fresh,12441600,update,6,3786,8796000,15016800,22,0,1,23,15,8,352,21,22,22,0,1,0,5,23,0,0,0,9387,7127,2260,7211,2176,9005,9005,359,0,7613,878961,5335,891706.7024253819,7206,0,0,0,0,0,888,VEHICLE_7933,888,VEHICLE_7933,0,0,0,0,0,0,0,0,0
recovery-fresh-fine-day,fresh,12441600,update,6,3791,8808000,15028800,22,0,1,23,16,7,352,22,22,22,0,0,0,5,23,0,0,0,9394,7133,2261,7215,2179,9012,9012,359,0,7617,880041,5344,892798.5274001199,7210,0,0,0,0,0,888,VEHICLE_7933,888,VEHICLE_7933,0,0,0,0,0,0,0,0,0
recovery-fresh-fine-day,fresh,12441600,update,6,3796,8820000,15040800,26,0,0,26,17,9,350,25,25,26,0,31,0,5,26,0,0,0,9407,7143,2264,7223,2184,9020,9020,361,0,7626,881065,5349,893837.3076064445,7216,0,0,0,0,0,888,VEHICLE_7933,888,VEHICLE_7933,30,0,0,0,0,0,0,0,0
recovery-fresh-fine-day,fresh,12441600,update,6,3801,8832000,15052800,24,0,0,24,14,10,351,24,24,24,0,0,0,5,24,0,0,0,9419,7155,2264,7229,2190,9034,9034,361,0,7635,882142,5355,894933.2805569887,7226,0,0,0,0,0,888,VEHICLE_7933,888,VEHICLE_7933,0,0,0,0,0,0,0,0,0
recovery-fresh-fine-day,fresh,12441600,update,6,3806,8844000,15064800,22,0,0,22,13,9,351,22,22,22,0,0,0,5,22,0,0,0,9428,7163,2265,7235,2193,9045,9045,361,0,7642,883048,5362,895852.8289438162,7235,0,0,0,0,0,888,VEHICLE_7933,888,VEHICLE_7933,0,0,0,0,0,0,0,0,0
recovery-fresh-fine-day,fresh,12441600,update,6,3811,8856000,15076800,21,0,1,22,15,7,351,20,20,21,0,0,0,5,22,0,0,0,9437,7170,2267,7242,2195,9053,9053,362,0,7648,883962,5364,896773.1195206216,7240,0,0,0,0,0,888,VEHICLE_7933,888,VEHICLE_7933,0,0,0,0,0,0,0,0,0
recovery-fresh-fine-day,fresh,12441600,update,6,3816,8868000,15088800,22,0,2,24,14,10,349,22,22,22,0,0,0,5,24,0,0,0,9449,7178,2271,7248,2201,9063,9063,362,0,7654,884878,5370,897703.5238073256,7246,0,0,0,0,0,888,VEHICLE_7933,888,VEHICLE_7933,0,0,0,0,0,0,0,0,0
recovery-fresh-fine-day,fresh,12441600,update,6,3821,8880000,15100800,22,0,1,23,15,8,349,21,21,22,0,403,0,5,23,0,0,0,9459,7187,2272,7255,2204,9073,9073,363,0,7661,885937,5375,898778.8946340701,7253,0,0,0,0,0,888,VEHICLE_7933,888,VEHICLE_7933,402,0,0,0,0,0,0,0,0
recovery-fresh-fine-day,fresh,12441600,update,6,3826,8892000,15112800,20,0,1,21,15,6,350,20,20,20,0,0,0,5,21,0,0,0,9467,7193,2274,7260,2207,9083,9083,363,0,7666,886870,5379,899719.7457867481,7259,0,0,0,0,0,888,VEHICLE_7933,888,VEHICLE_7933,0,0,0,0,0,0,0,0,0
recovery-fresh-fine-day,fresh,12441600,update,6,3831,8904000,15124800,19,0,1,20,14,6,350,18,18,19,0,55,0,5,20,0,0,0,9479,7203,2276,7266,2213,9096,9096,363,0,7671,887666,5383,900530.0183807521,7265,0,0,0,0,0,888,VEHICLE_7933,888,VEHICLE_7933,54,0,0,0,0,0,0,0,0
recovery-fresh-fine-day,fresh,12441600,update,6,3836,8916000,15136800,16,0,1,17,11,6,351,16,16,16,0,0,0,5,17,0,0,0,9485,7208,2277,7268,2217,9104,9104,364,0,7674,888475,5387,901351.7070468806,7269,0,0,0,0,0,888,VEHICLE_7933,888,VEHICLE_7933,0,0,0,0,0,0,0,0,0
recovery-fresh-fine-day,fresh,12441600,update,6,3841,8928000,15148800,14,0,2,16,10,6,351,14,14,14,0,0,0,5,16,0,0,0,9495,7215,2280,7275,2220,9115,9115,364,0,7681,889145,5390,902029.2346760307,7277,0,0,0,0,0,888,VEHICLE_7933,888,VEHICLE_7933,0,0,0,0,0,0,0,0,0
recovery-fresh-fine-day,fresh,12441600,update,6,3846,8940000,15160800,17,0,1,18,13,5,352,17,17,17,0,0,0,5,18,0,0,0,9506,7224,2282,7282,2224,9124,9124,364,0,7688,889805,5392,902699.6896433432,7281,0,0,0,0,0,888,VEHICLE_7933,888,VEHICLE_7933,0,0,0,0,0,0,0,0,0
recovery-fresh-fine-day,fresh,12441600,update,6,3851,8952000,15172800,18,0,2,20,14,6,351,17,17,18,0,37,0,5,20,0,0,0,9515,7231,2284,7288,2227,9130,9130,365,0,7694,890598,5395,903504.490719653,7285,0,0,0,0,0,888,VEHICLE_7933,888,VEHICLE_7933,36,0,0,0,0,0,0,0,0
recovery-fresh-fine-day,fresh,12441600,update,6,3856,8964000,15184800,20,0,3,23,18,5,352,19,19,20,0,0,0,5,23,0,0,0,9526,7239,2287,7297,2229,9138,9138,365,0,7702,891425,5399,904345.5048762981,7289,0,0,0,0,0,888,VEHICLE_7933,888,VEHICLE_7933,0,0,0,0,0,0,0,0,0
recovery-fresh-fine-day,fresh,12441600,update,6,3861,8976000,15196800,21,0,0,21,16,5,352,21,21,21,0,0,0,5,21,0,0,0,9535,7248,2287,7303,2232,9146,9146,368,0,7708,892242,5404,905176.3388585777,7294,0,0,0,0,0,888,VEHICLE_7933,888,VEHICLE_7933,0,0,0,0,0,0,0,0,0
recovery-fresh-fine-day,fresh,12441600,update,6,3866,8988000,15208800,26,0,0,26,19,7,352,26,26,26,0,0,0,5,26,0,0,0,9543,7255,2288,7307,2236,9149,9149,368,0,7714,893254,5411,906200.7539474128,7295,0,0,0,0,0,888,VEHICLE_7933,888,VEHICLE_7933,0,0,0,0,0,0,0,0,0
recovery-fresh-fine-day,fresh,12441600,update,6,3871,9000000,15220800,24,0,2,26,16,10,351,23,23,24,0,109,0,5,26,0,0,0,9557,7265,2292,7314,2243,9163,9163,368,0,7723,894354,5416,907316.2625122687,7305,0,0,0,0,0,888,VEHICLE_7933,888,VEHICLE_7933,108,0,0,0,0,0,0,0,0
recovery-fresh-fine-day,fresh,12441600,update,6,3876,9012000,15232800,27,0,1,28,16,12,349,26,26,27,0,97,0,5,28,0,0,0,9569,7276,2293,7320,2249,9173,9173,368,0,7731,895445,5422,908423.1342332952,7313,0,0,0,0,0,888,VEHICLE_7933,888,VEHICLE_7933,96,0,0,0,0,0,0,0,0
recovery-fresh-fine-day,fresh,12441600,update,6,3881,9024000,15244800,21,0,1,22,13,9,350,21,21,21,0,0,0,5,22,0,0,0,9577,7283,2294,7325,2252,9186,9186,369,0,7736,896388,5426,909377.4023652219,7322,0,0,0,0,0,888,VEHICLE_7933,888,VEHICLE_7933,0,0,0,0,0,0,0,0,0
recovery-fresh-fine-day,fresh,12441600,update,6,3886,9036000,15256800,19,0,0,19,14,5,354,19,19,19,0,0,0,5,19,0,0,0,9584,7289,2295,7330,2254,9196,9196,369,0,7741,897273,5432,910279.0094134684,7326,0,0,0,0,0,888,VEHICLE_7933,888,VEHICLE_7933,0,0,0,0,0,0,0,0,0
recovery-fresh-fine-day,fresh,12441600,update,6,3891,9048000,15268800,17,0,1,18,13,5,352,17,17,17,0,0,0,5,18,0,0,0,9594,7296,2298,7335,2259,9206,9206,370,0,7746,898045,5439,911064.8367343021,7333,0,0,0,0,0,888,VEHICLE_7933,888,VEHICLE_7933,0,0,0,0,0,0,0,0,0
recovery-fresh-fine-day,fresh,12441600,update,6,3896,9060000,15280800,16,0,1,17,10,7,352,16,16,16,0,0,0,5,17,0,0,0,9602,7303,2299,7339,2263,9215,9215,370,0,7751,898734,5441,911765.2683723231,7339,0,0,0,0,0,888,VEHICLE_7933,888,VEHICLE_7933,0,0,0,0,0,0,0,0,0
recovery-fresh-fine-day,fresh,12441600,update,6,3901,9072000,15292800,20,0,0,20,13,7,352,17,17,20,0,0,0,5,20,0,0,0,9611,7311,2300,7345,2266,9221,9221,370,0,7758,899435,5443,912475.3418399792,7343,0,0,0,0,0,888,VEHICLE_7933,888,VEHICLE_7933,0,0,0,0,0,0,0,0,0
recovery-fresh-fine-day,fresh,12441600,update,6,3906,9084000,15304800,18,0,1,19,14,5,352,18,18,18,0,0,0,5,19,0,0,0,9618,7317,2301,7349,2269,9229,9229,370,0,7761,900186,5448,913234.8391947614,7347,0,0,0,0,0,888,VEHICLE_7933,888,VEHICLE_7933,0,0,0,0,0,0,0,0,0
recovery-fresh-fine-day,fresh,12441600,update,6,3911,9096000,15316800,17,0,1,18,14,4,353,17,17,17,0,0,0,5,18,0,0,0,9627,7323,2304,7356,2271,9238,9238,371,0,7768,900943,5454,914003.0074095882,7353,0,0,0,0,0,888,VEHICLE_7933,888,VEHICLE_7933,0,0,0,0,0,0,0,0,0
recovery-fresh-fine-day,fresh,12441600,update,6,3916,9108000,15328800,16,0,1,17,13,4,353,16,16,16,0,0,0,5,17,0,0,0,9636,7330,2306,7362,2274,9248,9248,371,0,7774,901747,5458,914816.2206864634,7360,0,0,0,0,0,888,VEHICLE_7933,888,VEHICLE_7933,0,0,0,0,0,0,0,0,0
recovery-fresh-fine-day,fresh,12441600,update,6,3921,9120000,15340800,17,0,1,18,13,5,351,17,17,17,0,0,0,5,18,0,0,0,9648,7339,2309,7370,2278,9258,9258,372,0,7781,902489,5463,915573.2168645894,7367,0,0,0,0,0,888,VEHICLE_7933,888,VEHICLE_7933,0,0,0,0,0,0,0,0,0
recovery-fresh-fine-day,fresh,12441600,update,6,3926,9132000,15352800,18,0,0,18,10,8,349,18,18,18,0,0,0,5,18,0,0,0,9655,7346,2309,7373,2282,9265,9265,372,0,7785,903316,5464,916408.6751180014,7373,0,0,0,0,0,888,VEHICLE_7933,888,VEHICLE_7933,0,0,0,0,0,0,0,0,0
recovery-fresh-fine-day,fresh,12441600,update,6,3931,9144000,15364800,18,0,2,20,11,9,347,17,16,18,0,7,0,5,20,0,0,0,9669,7356,2313,7383,2286,9276,9276,373,0,7794,904154,5469,917257.4921519917,7381,0,0,0,0,0,888,VEHICLE_7933,888,VEHICLE_7933,6,0,0,0,0,0,0,0,0
recovery-fresh-fine-day,fresh,12441600,update,6,3936,9156000,15376800,15,0,3,18,15,3,353,15,15,15,0,0,0,5,18,0,0,0,9679,7363,2316,7391,2288,9288,9288,373,0,7802,904880,5474,918001.8004434214,7385,0,0,0,0,0,888,VEHICLE_7933,888,VEHICLE_7933,0,0,0,0,0,0,0,0,0
recovery-fresh-fine-day,fresh,12441600,update,6,3941,9168000,15388800,13,0,2,15,10,5,352,13,13,13,0,0,0,5,15,0,0,0,9689,7369,2320,7397,2292,9300,9300,374,0,7808,905590,5481,918723.1901654678,7394,0,0,0,0,0,888,VEHICLE_7933,888,VEHICLE_7933,0,0,0,0,0,0,0,0,0
recovery-fresh-fine-day,fresh,12441600,update,6,3946,9180000,15400800,14,0,0,14,9,5,351,12,12,14,0,0,0,5,14,0,0,0,9698,7376,2322,7403,2295,9310,9310,374,0,7814,906146,5481,919282.808709685,7402,0,0,0,0,0,888,VEHICLE_7933,888,VEHICLE_7933,0,0,0,0,0,0,0,0,0
recovery-fresh-fine-day,fresh,12441600,update,6,3951,9192000,15412800,13,0,2,15,10,5,352,13,13,13,0,0,0,5,15,0,0,0,9705,7381,2324,7407,2298,9316,9316,374,0,7819,906777,5482,919920.4232235982,7405,0,0,0,0,0,888,VEHICLE_7933,888,VEHICLE_7933,0,0,0,0,0,0,0,0,0
recovery-fresh-fine-day,fresh,12441600,update,6,3956,9204000,15424800,16,0,0,16,12,4,355,16,16,16,0,0,0,5,16,0,0,0,9715,7390,2325,7414,2301,9325,9325,374,0,7827,907464,5486,920618.2437357616,7409,0,0,0,0,0,888,VEHICLE_7933,888,VEHICLE_7933,0,0,0,0,0,0,0,0,0
recovery-fresh-fine-day,fresh,12441600,update,6,3961,9216000,15436800,18,0,3,21,16,5,353,18,18,18,0,0,0,5,21,0,0,0,9724,7396,2328,7420,2304,9329,9329,374,0,7832,908249,5492,921416.8815702323,7411,0,0,0,0,0,888,VEHICLE_7933,888,VEHICLE_7933,0,0,0,0,0,0,0,0,0
recovery-fresh-fine-day,fresh,12441600,update,6,3966,9228000,15448800,19,0,2,21,16,5,353,19,19,19,0,0,0,5,21,0,0,0,9735,7404,2331,7428,2307,9338,9338,376,0,7840,909082,5496,922257.9392001529,7417,0,0,0,0,0,888,VEHICLE_7933,888,VEHICLE_7933,0,0,0,0,0,0,0,0,0
recovery-fresh-fine-day,fresh,12441600,update,6,3971,9240000,15460800,18,0,2,20,16,4,353,18,18,18,0,0,0,5,20,0,0,0,9742,7410,2332,7432,2310,9346,9346,376,0,7844,909940,5502,923132.5586952122,7422,0,0,0,0,0,888,VEHICLE_7933,888,VEHICLE_7933,0,0,0,0,0,0,0,0,0
recovery-fresh-fine-day,fresh,12441600,update,6,3976,9252000,15472800,14,0,0,14,10,4,354,14,14,14,0,0,0,5,14,0,0,0,9749,7417,2332,7436,2313,9359,9359,376,0,7849,910821,5505,924020.9112647886,7432,0,0,0,0,0,888,VEHICLE_7933,888,VEHICLE_7933,0,0,0,0,0,0,0,0,0
recovery-fresh-fine-day,fresh,12441600,update,6,3981,9264000,15484800,14,0,4,18,13,5,352,14,14,14,0,0,0,5,18,0,0,0,9760,7423,2337,7443,2317,9366,9366,376,0,7856,911423,5510,924635.9813177076,7437,0,0,0,0,0,888,VEHICLE_7933,888,VEHICLE_7933,0,0,0,0,0,0,0,0,0
recovery-fresh-fine-day,fresh,12441600,update,6,3986,9276000,15496800,18,0,1,19,13,6,351,18,18,18,0,0,0,5,19,0,0,0,9771,7433,2338,7449,2322,9375,9375,377,0,7862,912127,5512,925348.1262072285,7442,0,0,0,0,0,888,VEHICLE_7933,888,VEHICLE_7933,0,0,0,0,0,0,0,0,0
recovery-fresh-fine-day,fresh,12441600,update,6,3991,9288000,15508800,18,0,0,18,14,4,353,16,16,18,0,0,0,5,18,0,0,0,9777,7439,2338,7453,2324,9382,9382,377,0,7866,912838,5516,926068.9726324508,7445,0,0,0,0,0,888,VEHICLE_7933,888,VEHICLE_7933,0,0,0,0,0,0,0,0,0
recovery-fresh-fine-day,fresh,12441600,update,6,3996,9300000,15520800,17,0,3,20,15,5,351,17,17,17,0,0,0,5,20,0,0,0,9787,7445,2342,7460,2327,9389,9389,378,0,7872,913649,5518,926884.9889162218,7450,0,0,0,0,0,888,VEHICLE_7933,888,VEHICLE_7933,0,0,0,0,0,0,0,0,0
recovery-fresh-fine-day,fresh,12441600,update,6,4001,9312000,15532800,21,0,1,22,15,7,351,21,21,21,0,0,0,5,22,0,0,0,9797,7454,2343,7465,2332,9397,9397,378,0,7878,914465,5524,927714.6800730291,7454,0,0,0,0,0,888,VEHICLE_7933,888,VEHICLE_7933,0,0,0,0,0,0,0,0,0
recovery-fresh-fine-day,fresh,12441600,update,6,4006,9324000,15544800,21,0,2,23,15,8,350,20,20,21,0,85,0,5,23,0,0,0,9804,7459,2345,7469,2335,9402,9402,379,0,7882,915403,5529,928669.1058166546,7457,0,0,0,0,0,888,VEHICLE_7933,888,VEHICLE_7933,84,0,0,0,0,0,0,0,0
recovery-fresh-fine-day,fresh,12441600,update,6,4011,9336000,15556800,22,0,1,23,15,8,350,21,21,22,0,37,0,5,23,0,0,0,9814,7467,2347,7476,2338,9412,9412,379,0,7889,916354,5533,929633.0067971151,7464,0,0,0,0,0,888,VEHICLE_7933,888,VEHICLE_7933,36,0,0,0,0,0,0,0,0
recovery-fresh-fine-day,fresh,12441600,update,6,4016,9348000,15568800,16,0,0,16,8,8,351,16,15,16,0,0,0,5,16,0,0,0,9823,7475,2348,7480,2343,9428,9428,379,0,7895,917241,5537,930534.1074857337,7476,0,0,0,0,0,888,VEHICLE_7933,888,VEHICLE_7933,96,0,0,0,0,0,0,0,0
recovery-fresh-fine-day,fresh,12441600,update,6,4021,9360000,15580800,17,0,0,17,10,7,352,17,17,17,0,0,0,5,17,0,0,0,9832,7482,2350,7487,2345,9435,9435,380,0,7900,918074,5543,931383.4934740847,7478,0,0,0,0,0,888,VEHICLE_7933,888,VEHICLE_7933,0,0,0,0,0,0,0,0,0
recovery-fresh-fine-day,fresh,12441600,update,6,4026,9372000,15592800,12,0,2,14,7,7,352,12,12,12,0,0,0,5,14,0,0,0,9840,7487,2353,7491,2349,9446,9446,380,0,7905,918707,5545,932023.0970343545,7486,0,0,0,0,0,888,VEHICLE_7933,888,VEHICLE_7933,0,0,0,0,0,0,0,0,0
recovery-fresh-fine-day,fresh,12441600,update,6,4031,9384000,15604800,16,0,1,17,12,5,351,16,16,16,0,0,0,5,17,0,0,0,9850,7495,2355,7498,2352,9453,9453,380,0,7913,919299,5547,932626.0111999062,7492,0,0,0,0,0,888,VEHICLE_7933,888,VEHICLE_7933,0,0,0,0,0,0,0,0,0
recovery-fresh-fine-day,fresh,12441600,update,6,4036,9396000,15616800,18,0,5,23,18,5,352,17,17,18,0,0,0,5,23,0,0,0,9863,7504,2359,7507,2356,9460,9460,380,0,7923,920059,5551,933399.1046669816,7495,0,0,0,0,0,888,VEHICLE_7933,888,VEHICLE_7933,0,0,0,0,0,0,0,0,0
recovery-fresh-fine-day,fresh,12441600,update,6,4041,9408000,15628800,20,0,1,21,15,6,351,20,20,20,0,0,0,5,21,0,0,0,9872,7511,2361,7512,2360,9470,9470,381,0,7927,920865,5555,934214.1561701566,7501,0,0,0,0,0,888,VEHICLE_7933,888,VEHICLE_7933,0,0,0,0,0,0,0,0,0
recovery-fresh-fine-day,fresh,12441600,update,6,4046,9420000,15640800,24,0,1,25,18,7,351,23,23,24,0,13,0,5,25,0,0,0,9883,7520,2363,7519,2364,9477,9477,381,0,7935,921891,5562,935257.53806379,7505,0,0,0,0,0,888,VEHICLE_7933,888,VEHICLE_7933,12,0,0,0,0,0,0,0,0
recovery-fresh-fine-day,fresh,12441600,update,6,4051,9432000,15652800,21,0,1,22,16,6,352,21,21,21,0,0,0,5,22,0,0,0,9892,7528,2364,7525,2367,9488,9488,382,0,7941,922978,5567,936356.7109425191,7512,0,0,0,0,0,888,VEHICLE_7933,888,VEHICLE_7933,0,0,0,0,0,0,0,0,0
recovery-fresh-fine-day,fresh,12441600,update,6,4056,9444000,15664800,15,0,2,17,12,5,353,15,15,15,0,0,0,5,17,0,0,0,9900,7534,2366,7529,2371,9501,9501,382,0,7946,923798,5571,937185.7892548034,7521,0,0,0,0,0,888,VEHICLE_7933,888,VEHICLE_7933,0,0,0,0,0,0,0,0,0
recovery-fresh-fine-day,fresh,12441600,update,6,4061,9456000,15676800,16,0,1,17,11,6,351,16,16,16,0,0,0,5,17,0,0,0,9909,7541,2368,7535,2374,9509,9509,383,0,7951,924529,5574,937928.0541439063,7527,0,0,0,0,0,888,VEHICLE_7933,888,VEHICLE_7933,0,0,0,0,0,0,0,0,0
recovery-fresh-fine-day,fresh,12441600,update,6,4066,9468000,15688800,20,0,0,20,11,9,349,20,20,20,0,0,0,5,20,0,0,0,9920,7551,2369,7541,2379,9517,9517,383,0,7957,925333,5579,938744.4883963044,7532,0,0,0,0,0,888,VEHICLE_7933,888,VEHICLE_7933,0,0,0,0,0,0,0,0,0
recovery-fresh-fine-day,fresh,12441600,update,6,4071,9480000,15700800,22,0,1,23,13,10,349,22,22,22,0,0,0,5,23,0,0,0,9932,7562,2370,7548,2384,9526,9526,383,0,7965,926300,5585,939730.4026858935,7537,0,0,0,0,0,888,VEHICLE_7933,888,VEHICLE_7933,0,0,0,0,0,0,0,0,0
recovery-fresh-fine-day,fresh,12441600,update,6,4076,9492000,15712800,23,0,0,23,12,11,348,23,23,23,0,0,0,5,23,0,0,0,9938,7568,2370,7552,2386,9531,9531,384,0,7969,927266,5588,940704.9840903755,7541,0,0,0,0,0,888,VEHICLE_7933,888,VEHICLE_7933,0,0,0,0,0,0,0,0,0
recovery-fresh-fine-day,fresh,12441600,update,6,4081,9504000,15724800,19,0,3,22,13,9,348,17,17,19,0,0,0,5,22,0,0,0,9949,7576,2373,7560,2389,9543,9543,384,0,7976,928159,5595,941612.1652315815,7549,0,0,0,0,0,888,VEHICLE_7933,888,VEHICLE_7933,0,0,0,0,0,0,0,0,0
recovery-fresh-fine-day,fresh,12441600,update,6,4086,9516000,15736800,20,0,1,21,12,9,349,20,20,20,0,0,0,5,21,0,0,0,9960,7586,2374,7566,2394,9554,9554,385,0,7982,928940,5597,942406.9842599563,7554,0,0,0,0,0,888,VEHICLE_7933,888,VEHICLE_7933,0,0,0,0,0,0,0,0,0
recovery-fresh-fine-day,fresh,12441600,update,6,4091,9528000,15748800,21,0,4,25,15,10,347,21,21,21,0,0,0,5,25,0,0,0,9973,7595,2378,7574,2399,9563,9563,385,0,7990,929869,5599,943352.6067326905,7560,0,0,0,0,0,888,VEHICLE_7933,888,VEHICLE_7933,0,0,0,0,0,0,0,0,0
recovery-fresh-fine-day,fresh,12441600,update,6,4096,9540000,15760800,23,0,2,25,16,9,347,22,22,23,0,103,0,5,25,0,0,0,9983,7604,2379,7580,2403,9572,9572,386,0,7996,930750,5604,944241.868317426,7565,0,0,0,0,0,888,VEHICLE_7933,888,VEHICLE_7933,102,0,0,0,0,0,0,0,0
recovery-fresh-fine-day,fresh,12441600,update,6,4101,9552000,15772800,25,0,1,26,20,6,350,25,25,25,0,0,0,5,26,0,0,0,9994,7614,2380,7588,2406,9582,9582,386,0,8005,931745,5609,945254.4931030979,7570,0,0,0,0,0,888,VEHICLE_7933,888,VEHICLE_7933,0,0,0,0,0,0,0,0,0
recovery-fresh-fine-day,fresh,12441600,update,6,4106,9564000,15784800,26,0,0,26,20,6,351,26,26,26,0,0,0,5,26,0,0,0,10001,7621,2380,7592,2409,9589,9589,386,0,8009,932873,5617,946397.6224245548,7573,0,0,0,0,0,888,VEHICLE_7933,888,VEHICLE_7933,0,0,0,0,0,0,0,0,0
recovery-fresh-fine-day,fresh,12441600,update,6,4111,9576000,15796800,22,0,0,22,16,6,351,22,22,22,0,0,0,5,22,0,0,0,10010,7629,2381,7598,2412,9602,9602,386,0,8015,933996,5621,947533.8763121923,7583,0,0,0,0,0,888,VEHICLE_7933,888,VEHICLE_7933,0,0,0,0,0,0,0,0,0
recovery-fresh-fine-day,fresh,12441600,update,6,4116,9588000,15808800,22,0,1,23,16,7,349,22,22,22,0,0,0,5,23,0,0,0,10019,7637,2382,7604,2415,9610,9610,386,0,8020,934947,5630,948497.8414646422,7589,0,0,0,0,0,888,VEHICLE_7933,888,VEHICLE_7933,0,0,0,0,0,0,0,0,0
recovery-fresh-fine-day,fresh,12441600,update,6,4121,9600000,15820800,25,0,0,25,19,6,350,25,25,25,0,0,0,5,25,0,0,0,10030,7647,2383,7612,2418,9618,9618,387,0,8028,936031,5633,949595.2783765548,7593,0,0,0,0,0,888,VEHICLE_7933,888,VEHICLE_7933,0,0,0,0,0,0,0,0,0
recovery-fresh-fine-day,fresh,12441600,update,6,4126,9612000,15832800,23,0,1,24,17,7,351,21,21,23,0,0,0,5,24,0,0,0,10042,7658,2384,7619,2423,9631,9631,387,0,8037,937061,5635,950632.3509691616,7602,0,0,0,0,0,888,VEHICLE_7933,888,VEHICLE_7933,0,0,0,0,0,0,0,0,0
recovery-fresh-fine-day,fresh,12441600,update,6,4131,9624000,15844800,19,0,2,21,16,5,353,19,19,19,0,0,0,5,21,0,0,0,10048,7663,2385,7623,2425,9640,9640,387,0,8041,937955,5642,951542.8860451772,7607,0,0,0,0,0,888,VEHICLE_7933,888,VEHICLE_7933,0,0,0,0,0,0,0,0,0
recovery-fresh-fine-day,fresh,12441600,update,6,4136,9636000,15856800,19,0,0,19,12,7,351,19,19,19,0,0,0,5,19,0,0,0,10057,7670,2387,7629,2428,9647,9647,391,0,8046,938854,5647,952447.402462553,7612,0,0,0,0,0,888,VEHICLE_7933,888,VEHICLE_7933,0,0,0,0,0,0,0,0,0
recovery-fresh-fine-day,fresh,12441600,update,6,4141,9648000,15868800,20,0,1,21,16,5,352,20,20,20,0,0,0,5,21,0,0,0,10067,7678,2389,7636,2431,9655,9655,391,0,8054,939641,5650,953248.3627863906,7617,0,0,0,0,0,888,VEHICLE_7933,888,VEHICLE_7933,0,0,0,0,0,0,0,0,0
recovery-fresh-fine-day,fresh,12441600,update,6,4146,9660000,15880800,25,0,2,27,20,7,349,25,25,25,0,0,0,5,27,0,0,0,10081,7689,2392,7644,2437,9662,9662,392,0,8061,940625,5654,954247.1943395676,7620,0,0,0,0,0,888,VEHICLE_7933,888,VEHICLE_7933,0,0,0,0,0,0,0,0,0
recovery-fresh-fine-day,fresh,12441600,update,6,4151,9672000,15892800,26,0,0,26,17,9,349,24,24,26,0,253,0,5,26,0,0,0,10091,7697,2394,7650,2441,9673,9673,392,0,8068,941778,5663,955419.8154963262,7628,0,0,0,0,0,888,VEHICLE_7933,888,VEHICLE_7933,252,0,0,0,0,0,0,0,0
recovery-fresh-fine-day,fresh,12441600,update,6,4156,9684000,15904800,23,0,3,26,18,8,349,23,23,23,0,0,0,5,26,0,0,0,10100,7703,2397,7656,2444,9682,9682,392,0,8073,942774,5665,956429.9307512583,7633,0,0,0,0,0,888,VEHICLE_7933,888,VEHICLE_7933,0,0,0,0,0,0,0,0,0
recovery-fresh-fine-day,fresh,12441600,update,6,4161,9696000,15916800,22,0,3,25,18,7,349,22,22,22,0,0,0,5,25,0,0,0,10110,7711,2399,7663,2447,9692,9692,393,0,8080,943774,5670,957443.017615427,7640,0,0,0,0,0,888,VEHICLE_7933,888,VEHICLE_7933,0,0,0,0,0,0,0,0,0
recovery-fresh-fine-day,fresh,12441600,update,6,4166,9708000,15928800,24,0,1,25,17,8,349,24,24,24,0,0,0,5,25,0,0,0,10120,7719,2401,7670,2450,9702,9702,393,0,8087,944771,5676,958450.9910763789,7647,0,0,0,0,0,888,VEHICLE_7933,888,VEHICLE_7933,0,0,0,0,0,0,0,0,0
recovery-fresh-fine-day,fresh,12441600,update,6,4171,9720000,15940800,21,0,2,23,16,7,350,19,19,21,0,121,0,5,23,0,0,0,10129,7726,2403,7675,2454,9713,9713,393,0,8093,945699,5678,959386.4591124922,7654,0,0,0,0,0,888,VEHICLE_7933,888,VEHICLE_7933,120,0,0,0,0,0,0,0,0
recovery-fresh-fine-day,fresh,12441600,update,6,4176,9732000,15952800,19,0,2,21,16,5,353,19,19,19,0,0,0,5,21,0,0,0,10138,7732,2406,7681,2457,9724,9724,393,0,8099,946626,5684,960327.2470697479,7659,0,0,0,0,0,888,VEHICLE_7933,888,VEHICLE_7933,0,0,0,0,0,0,0,0,0
recovery-fresh-fine-day,fresh,12441600,update,6,4181,9744000,15964800,18,0,1,19,14,5,352,18,18,18,0,0,0,5,19,0,0,0,10145,7738,2407,7685,2460,9733,9733,393,0,8103,947347,5688,961061.0018057774,7666,0,0,0,0,0,888,VEHICLE_7933,888,VEHICLE_7933,0,0,0,0,0,0,0,0,0
recovery-fresh-fine-day,fresh,12441600,update,6,4186,9756000,15976800,16,0,3,19,15,4,353,16,16,16,0,0,0,5,19,0,0,0,10155,7744,2411,7692,2463,9742,9742,394,0,8110,948174,5692,961893.870331493,7671,0,0,0,0,0,888,VEHICLE_7933,888,VEHICLE_7933,0,0,0,0,0,0,0,0,0
recovery-fresh-fine-day,fresh,12441600,update,6,4191,9768000,15988800,19,0,0,19,13,6,353,18,18,19,0,181,0,5,19,0,0,0,10164,7753,2411,7697,2467,9751,9751,394,0,8116,948897,5694,962630.3358755035,7677,0,0,0,0,0,888,VEHICLE_7933,888,VEHICLE_7933,180,0,0,0,0,0,0,0,0
recovery-fresh-fine-day,fresh,12441600,update,6,4196,9780000,16000800,21,0,0,21,14,7,353,21,21,21,0,0,0,5,21,0,0,0,10171,7760,2411,7701,2470,9756,9756,394,0,8121,949785,5700,963528.6806934641,7680,0,0,0,0,0,888,VEHICLE_7933,888,VEHICLE_7933,0,0,0,0,0,0,0,0,0
recovery-fresh-fine-day,fresh,12441600,update,6,4201,9792000,16012800,24,0,2,26,19,7,352,23,23,24,0,67,0,5,26,0,0,0,10184,7771,2413,7710,2474,9764,9764,394,0,8130,950883,5702,964643.7366514222,7685,0,0,0,0,0,888,VEHICLE_7933,888,VEHICLE_7933,66,0,0,0,0,0,0,0,0
recovery-fresh-fine-day,fresh,12441600,update,6,4206,9804000,16024800,26,0,2,28,19,9,350,24,25,26,0,199,0,5,28,0,0,0,10196,7781,2415,7717,2479,9773,9773,395,0,8137,951930,5712,965711.5066205396,7691,0,0,0,0,0,888,VEHICLE_7933,888,VEHICLE_7933,198,0,0,0,0,0,0,0,0
recovery-fresh-fine-day,fresh,12441600,update,6,4211,9816000,16036800,29,0,1,30,22,8,350,29,29,29,0,0,0,5,30,0,0,0,10206,7790,2416,7724,2482,9781,9781,395,0,8144,953151,5715,966943.0471310487,7696,0,0,0,0,0,888,VEHICLE_7933,888,VEHICLE_7933,0,0,0,0,0,0,0,0,0
recovery-fresh-fine-day,fresh,12441600,update,6,4216,9828000,16048800,23,0,2,25,21,4,354,20,20,23,0,43,0,5,25,0,0,0,10214,7795,2419,7730,2484,9794,9794,395,0,8149,954277,5720,968079.1242464494,7702,0,0,0,0,0,888,VEHICLE_7933,888,VEHICLE_7933,42,0,0,0,0,0,0,0,0
recovery-fresh-fine-day,fresh,12441600,update,6,4221,9840000,16060800,15,0,1,16,12,4,352,15,15,15,0,0,0,5,16,0,0,0,10221,7800,2421,7734,2487,9809,9809,396,0,8152,955174,5727,968991.8314945179,7715,0,0,0,0,0,888,VEHICLE_7933,888,VEHICLE_7933,0,0,0,0,0,0,0,0,0
recovery-fresh-fine-day,fresh,12441600,update,6,4226,9852000,16072800,17,0,1,18,12,6,351,17,17,17,0,0,0,5,18,0,0,0,10230,7808,2422,7739,2491,9816,9816,396,0,8157,955930,5728,969759.68178105,7719,0,0,0,0,0,888,VEHICLE_7933,888,VEHICLE_7933,0,0,0,0,0,0,0,0,0
recovery-fresh-fine-day,fresh,12441600,update,6,4231,9864000,16084800,22,0,1,23,19,4,352,21,21,22,0,145,0,5,23,0,0,0,10245,7820,2425,7752,2493,9825,9825,397,0,8169,956687,5730,970532.2702556301,7724,0,0,0,0,0,888,VEHICLE_7933,888,VEHICLE_7933,144,0,0,0,0,0,0,0,0
recovery-fresh-fine-day,fresh,12441600,update,6,4236,9876000,16096800,22,0,4,26,22,4,352,22,22,22,0,0,0,5,26,0,0,0,10259,7828,2431,7763,2496,9836,9836,397,0,8180,957575,5735,971434.2596402674,7732,0,0,0,0,0,888,VEHICLE_7933,888,VEHICLE_7933,0,0,0,0,0,0,0,0,0
recovery-fresh-fine-day,fresh,12441600,update,6,4241,9888000,16108800,24,0,1,25,20,5,351,24,24,24,0,0,0,5,25,0,0,0,10269,7836,2433,7770,2499,9846,9846,398,0,8186,958621,5743,972492.44575742,7739,0,0,0,0,0,888,VEHICLE_7933,888,VEHICLE_7933,0,0,0,0,0,0,0,0,0
recovery-fresh-fine-day,fresh,12441600,update,6,4246,9900000,16120800,26,0,2,28,23,5,352,26,26,26,0,0,0,5,28,0,0,0,10282,7846,2436,7780,2502,9855,9855,399,0,8197,959735,5753,973626.1605995821,7745,0,0,0,0,0,888,VEHICLE_7933,888,VEHICLE_7933,0,0,0,0,0,0,0,0,0
recovery-fresh-fine-day,fresh,12441600,update,6,4251,9912000,16132800,22,0,0,22,18,4,352,22,22,22,0,0,0,5,22,0,0,0,10294,7856,2438,7789,2505,9872,9872,400,0,8206,960634,5756,974535.7555192786,7759,0,0,0,0,0,888,VEHICLE_7933,888,VEHICLE_7933,0,0,0,0,0,0,0,0,0
recovery-fresh-fine-day,fresh,12441600,update,6,4256,9924000,16144800,22,0,3,25,19,6,352,22,22,22,0,0,0,5,25,0,0,0,10307,7865,2442,7797,2510,9882,9882,400,0,8215,961594,5761,975506.7168174891,7765,0,0,0,0,0,888,VEHICLE_7933,888,VEHICLE_7933,0,0,0,0,0,0,0,0,0
recovery-fresh-fine-day,fresh,12441600,update,6,4261,9936000,16156800,32,0,3,35,25,10,349,32,32,32,0,0,0,5,35,0,0,0,10323,7878,2445,7807,2516,9887,9887,401,0,8227,962741,5766,976673.3186807327,7769,0,0,0,0,0,888,VEHICLE_7933,888,VEHICLE_7933,0,0,0,0,0,0,0,0,0
recovery-fresh-fine-day,fresh,12441600,update,6,4266,9948000,16168800,27,0,3,30,23,7,353,27,27,27,0,0,0,5,30,0,0,0,10335,7887,2448,7815,2520,9904,9904,401,0,8236,964076,5774,978027.038355292,7779,0,0,0,0,0,888,VEHICLE_7933,888,VEHICLE_7933,0,0,0,0,0,0,0,0,0
recovery-fresh-fine-day,fresh,12441600,update,6,4271,9960000,16180800,30,0,1,31,25,6,353,30,30,30,0,0,0,5,31,0,0,0,10347,7898,2449,7823,2524,9915,9915,401,0,8245,965363,5783,979337.4402709671,7787,0,0,0,0,0,888,VEHICLE_7933,888,VEHICLE_7933,0,0,0,0,0,0,0,0,0
recovery-fresh-fine-day,fresh,12441600,update,6,4276,9972000,16192800,32,0,1,33,28,5,353,31,31,32,0,61,0,5,33,0,0,0,10364,7914,2450,7836,2528,9930,9930,401,0,8259,966746,5790,980740.989860819,7799,0,0,0,0,0,888,VEHICLE_7933,888,VEHICLE_7933,60,0,0,0,0,0,0,0,0
recovery-fresh-fine-day,fresh,12441600,update,6,4281,9984000,16204800,33,0,1,34,27,7,352,32,32,33,0,373,0,5,34,0,0,0,10373,7921,2452,7842,2531,9937,9937,402,0,8265,968197,5798,982203.5013769001,7804,0,0,0,0,0,888,VEHICLE_7933,888,VEHICLE_7933,372,0,0,0,0,0,0,0,0
recovery-fresh-fine-day,fresh,12441600,update,6,4286,9996000,16216800,28,0,1,29,23,6,353,28,28,28,0,0,0,5,29,0,0,0,10382,7929,2453,7847,2535,9951,9951,402,0,8271,969587,5810,983612.929900599,7814,0,0,0,0,0,888,VEHICLE_7933,888,VEHICLE_7933,0,0,0,0,0,0,0,0,0
recovery-fresh-fine-day,fresh,12441600,update,6,4291,10008000,16228800,26,0,6,32,24,8,352,26,26,26,0,0,0,5,32,0,0,0,10401,7939,2462,7861,2540,9967,9967,402,0,8287,970910,5818,984951.2856099319,7828,0,0,0,0,0,888,VEHICLE_7933,888,VEHICLE_7933,0,0,0,0,0,0,0,0,0
recovery-fresh-fine-day,fresh,12441600,update,6,4296,10020000,16240800,23,0,6,29,23,6,353,23,23,23,0,0,0,5,29,0,0,0,10415,7947,2468,7873,2542,9983,9983,403,0,8298,972041,5822,986095.9885592603,7840,0,0,0,0,0,888,VEHICLE_7933,888,VEHICLE_7933,0,0,0,0,0,0,0,0,0
recovery-fresh-fine-day,fresh,12441600,update,6,4301,10032000,16252800,27,0,2,29,24,5,354,26,26,27,0,235,0,5,29,0,0,0,10431,7961,2470,7885,2546,9998,9998,404,0,8311,973238,5826,987308.9851178445,7851,0,0,0,0,0,888,VEHICLE_7933,888,VEHICLE_7933,234,0,0,0,0,0,0,0,0
recovery-fresh-fine-day,fresh,12441600,update,6,4306,10044000,16264800,31,0,4,35,29,6,353,28,28,31,0,0,0,5,35,0,0,0,10450,7974,2476,7900,2550,10011,10011,404,0,8327,974480,5837,988577.812323672,7862,0,0,0,0,0,888,VEHICLE_7933,888,VEHICLE_7933,0,0,0,0,0,0,0,0,0
recovery-fresh-fine-day,fresh,12441600,update,6,4311,10056000,16276800,28,0,1,29,22,7,352,28,28,28,0,0,0,5,29,0,0,0,10460,7983,2477,7905,2555,10026,10026,405,0,8334,975870,5845,989983.6281953959,7875,0,0,0,0,0,888,VEHICLE_7933,888,VEHICLE_7933,0,0,0,0,0,0,0,0,0
recovery-fresh-fine-day,fresh,12441600,update,6,4316,10068000,16288800,30,0,3,33,25,8,351,29,29,30,0,43,0,5,33,0,0,0,10474,7993,2481,7915,2559,10036,10036,405,0,8344,977190,5853,991326.5454179852,7882,0,0,0,0,0,888,VEHICLE_7933,888,VEHICLE_7933,42,0,0,0,0,0,0,0,0
recovery-fresh-fine-day,fresh,12441600,update,6,4321,10080000,16300800,27,0,1,28,20,8,351,27,27,27,0,0,0,5,28,0,0,0,10488,8005,2483,7923,2565,10054,10054,406,0,8353,978476,5858,992625.2893795522,7895,0,0,0,0,0,888,VEHICLE_7933,888,VEHICLE_7933,0,0,0,0,0,0,0,0,0
recovery-fresh-fine-day,fresh,12441600,update,6,4326,10092000,16312800,30,0,2,32,24,8,352,30,30,30,0,0,0,5,32,0,0,0,10503,8018,2485,7935,2568,10065,10065,406,0,8365,979862,5869,994041.5925033132,7902,0,0,0,0,0,888,VEHICLE_7933,888,VEHICLE_7933,0,0,0,0,0,0,0,0,0
recovery-fresh-fine-day,fresh,12441600,update,6,4331,10104000,16324800,27,0,0,27,20,7,352,27,27,27,0,0,0,5,27,0,0,0,10512,8027,2485,7940,2572,10079,10079,406,0,8371,981123,5875,995317.0226076778,7913,0,0,0,0,0,888,VEHICLE_7933,888,VEHICLE_7933,0,0,0,0,0,0,0,0,0
recovery-fresh-fine-day,fresh,12441600,update,6,4336,10116000,16336800,29,0,3,32,24,8,350,29,29,29,0,0,0,5,32,0,0,0,10528,8039,2489,7953,2575,10090,10090,406,0,8383,982394,5883,996609.4628643787,7922,0,0,0,0,0,888,VEHICLE_7933,888,VEHICLE_7933,0,0,0,0,0,0,0,0,0
recovery-fresh-fine-day,fresh,12441600,update,6,4341,10128000,16348800,30,0,2,32,23,9,349,30,30,30,0,0,0,5,32,0,0,0,10543,8052,2491,7962,2581,10104,10104,407,0,8393,983702,5891,997936.296164023,7932,0,0,0,0,0,888,VEHICLE_7933,888,VEHICLE_7933,0,0,0,0,0,0,0,0,0
recovery-fresh-fine-day,fresh,12441600,update,6,4346,10140000,16360800,31,0,4,35,26,9,349,31,31,31,0,0,0,5,35,0,0,0,10558,8062,2496,7974,2584,10116,10116,407,0,8405,985079,5899,999332.3379499197,7941,0,0,0,0,0,888,VEHICLE_7933,888,VEHICLE_7933,0,0,0,0,0,0,0,0,0
recovery-fresh-fine-day,fresh,12441600,update,6,4351,10152000,16372800,27,0,5,32,26,6,353,24,24,27,0,0,0,5,32,0,0,0,10573,8073,2500,7984,2589,10134,10134,407,0,8416,986345,5909,1000617.4484994395,7951,0,0,0,0,0,888,VEHICLE_7933,888,VEHICLE_7933,0,0,0,0,0,0,0,0,0
recovery-fresh-fine-day,fresh,12441600,update,6,4356,10164000,16384800,24,0,2,26,21,5,351,24,24,24,0,0,0,5,26,0,0,0,10586,8084,2502,7994,2592,10153,10153,407,0,8425,987449,5910,1001736.3158728026,7968,0,0,0,0,0,888,VEHICLE_7933,888,VEHICLE_7933,0,0,0,0,0,0,0,0,0
recovery-fresh-fine-day,fresh,12441600,update,6,4361,10176000,16396800,24,0,3,27,22,5,353,24,24,24,0,0,0,5,27,0,0,0,10601,8095,2506,8006,2595,10166,10166,408,0,8438,988529,5916,1002830.09456768,7977,0,0,0,0,0,888,VEHICLE_7933,888,VEHICLE_7933,0,0,0,0,0,0,0,0,0
recovery-fresh-fine-day,fresh,12441600,update,6,4366,10188000,16408800,26,0,2,28,24,4,353,26,26,26,0,0,0,5,28,0,0,0,10614,8104,2510,8015,2599,10177,10177,409,0,8448,989704,5926,1004029.9504555177,7985,0,0,0,0,0,888,VEHICLE_7933,888,VEHICLE_7933,0,0,0,0,0,0,0,0,0
recovery-fresh-fine-day,fresh,12441600,update,6,4371,10200000,16420800,30,0,3,33,26,7,352,30,30,30,0,0,0,5,33,0,0,0,10632,8118,2514,8027,2605,10190,10190,409,0,8462,991003,5932,1005346.6751029196,7995,0,0,0,0,0,888,VEHICLE_7933,888,VEHICLE_7933,0,0,0,0,0,0,0,0,0
recovery-fresh-fine-day,fresh,12441600,update,6,4376,10212000,16432800,28,0,2,30,20,10,349,27,27,28,0,91,0,5,30,0,0,0,10645,8130,2515,8033,2612,10205,10205,410,0,8469,992305,5939,1006659.9980727483,8007,0,0,0,0,0,888,VEHICLE_7933,888,VEHICLE_7933,90,0,0,0,0,0,0,0,0
recovery-fresh-fine-day,fresh,12441600,update,6,4381,10224000,16444800,31,0,1,32,17,15,348,31,31,31,0,0,0,5,32,0,0,0,10659,8143,2516,8039,2620,10217,10217,410,0,8480,993718,5946,1008093.5830650276,8017,0,0,0,0,0,888,VEHICLE_7933,888,VEHICLE_7933,0,0,0,0,0,0,0,0,0
recovery-fresh-fine-day,fresh,12441600,update,6,4386,10236000,16456800,26,0,3,29,24,5,353,26,26,26,0,0,0,5,29,0,0,0,10675,8153,2522,8053,2622,10235,10235,411,0,8493,994943,5956,1009332.2197103372,8027,0,0,0,0,0,888,VEHICLE_7933,888,VEHICLE_7933,0,0,0,0,0,0,0,0,0
recovery-fresh-fine-day,fresh,12441600,update,6,4391,10248000,16468800,32,0,3,35,25,10,352,32,32,32,0,0,0,5,35,0,0,0,10690,8164,2526,8061,2629,10244,10244,411,0,8505,996203,5960,1010606.0344342173,8034,0,0,0,0,0,888,VEHICLE_7933,888,VEHICLE_7933,0,0,0,0,0,0,0,0,0
recovery-fresh-fine-day,fresh,12441600,update,6,4396,10260000,16480800,32,0,2,34,25,9,352,28,28,32,0,0,0,5,34,0,0,0,10703,8175,2528,8070,2633,10258,10258,411,0,8515,997513,5972,1011935.6053764962,8045,0,0,0,0,0,888,VEHICLE_7933,888,VEHICLE_7933,0,0,0,0,0,0,0,0,0
recovery-fresh-fine-day,fresh,12441600,update,6,4401,10272000,16492800,28,0,3,31,24,7,351,28,28,28,0,0,0,5,31,0,0,0,10716,8184,2532,8080,2636,10273,10273,412,0,8524,998899,5978,1013344.1510674369,8057,0,0,0,0,0,888,VEHICLE_7933,888,VEHICLE_7933,0,0,0,0,0,0,0,0,0
recovery-fresh-fine-day,fresh,12441600,update,6,4406,10284000,16504800,28,0,1,29,22,7,351,28,28,28,0,0,0,5,29,0,0,0,10726,8193,2533,8088,2638,10285,10285,412,0,8532,1000183,5983,1014645.7360910142,8067,0,0,0,0,0,888,VEHICLE_7933,888,VEHICLE_7933,0,0,0,0,0,0,0,0,0
recovery-fresh-fine-day,fresh,12441600,update,6,4411,10296000,16516800,32,0,4,36,30,6,350,31,31,32,0,73,0,5,36,0,0,0,10745,8208,2537,8104,2641,10297,10297,412,0,8547,1001508,5993,1015993.2808385689,8076,0,0,0,0,0,888,VEHICLE_7933,888,VEHICLE_7933,72,0,0,0,0,0,0,0,0
recovery-fresh-fine-day,fresh,12441600,update,6,4416,10308000,16528800,34,0,1,35,28,7,351,33,33,34,0,67,0,5,35,0,0,0,10759,8221,2538,8114,2645,10311,10311,413,0,8558,1002884,5999,1017383.8622845153,8086,0,0,0,0,0,888,VEHICLE_7933,888,VEHICLE_7933,66,0,0,0,0,0,0,0,0
recovery-fresh-fine-day,fresh,12441600,update,6,4421,10320000,16540800,29,0,1,30,25,5,353,28,28,29,0,73,0,5,30,0,0,0,10768,8229,2539,8120,2648,10324,10324,414,0,8563,1004335,6011,1018865.4264893068,8093,0,0,0,0,0,888,VEHICLE_7933,888,VEHICLE_7933,72,0,0,0,0,0,0,0,0
recovery-fresh-fine-day,fresh,12441600,update,6,4426,10332000,16552800,31,0,2,33,25,8,349,30,31,31,0,1,0,5,33,0,0,0,10783,8242,2541,8129,2654,10336,10336,414,0,8571,1005703,6015,1020248.257576016,8102,0,0,0,0,0,888,VEHICLE_7933,888,VEHICLE_7933,0,0,0,0,0,0,0,0,0
recovery-fresh-fine-day,fresh,12441600,update,6,4431,10344000,16564800,30,0,1,31,26,5,351,30,30,30,0,0,0,5,31,0,0,0,10796,8254,2542,8140,2656,10350,10350,415,0,8582,1007065,6022,1021624.7648830193,8112,0,0,0,0,0,888,VEHICLE_7933,888,VEHICLE_7933,0,0,0,0,0,0,0,0,0
recovery-fresh-fine-day,fresh,12441600,update,6,4436,10356000,16576800,34,0,1,35,30,5,351,33,33,34,0,31,0,5,35,0,0,0,10811,8267,2544,8152,2659,10361,10361,415,0,8594,1008491,6033,1023081.1997715349,8120,0,0,0,0,0,888,VEHICLE_7933,888,VEHICLE_7933,30,0,0,0,0,0,0,0,0
recovery-fresh-fine-day,fresh,12441600,update,6,4441,10368000,16588800,30,0,2,32,27,5,351,28,28,30,0,61,0,5,32,0,0,0,10822,8275,2547,8160,2662,10374,10374,416,0,8601,1009890,6044,1024493.623553891,8129,0,0,0,0,0,888,VEHICLE_7933,888,VEHICLE_7933,60,0,0,0,0,0,0,0,0
recovery-fresh-fine-day,fresh,12441600,update,6,4446,10380000,16600800,26,0,2,28,25,3,353,26,26,26,0,0,0,5,28,0,0,0,10838,8289,2549,8173,2665,10394,10394,416,0,8614,1011196,6047,1025820.1127866029,8144,0,0,0,0,0,888,VEHICLE_7933,888,VEHICLE_7933,0,0,0,0,0,0,0,0,0
recovery-fresh-fine-day,fresh,12441600,update,6,4451,10392000,16612800,34,0,1,35,30,5,350,32,32,34,0,139,0,5,35,0,0,0,10853,8303,2550,8185,2668,10402,10402,416,0,8625,1012730,6056,1027371.120281039,8151,0,0,0,0,0,888,VEHICLE_7933,888,VEHICLE_7933,138,0,0,0,0,0,0,0,0
recovery-fresh-fine-day,fresh,12441600,update,6,4456,10404000,16624800,31,0,2,33,28,5,351,31,31,31,0,0,0,5,33,0,0,0,10863,8309,2554,8192,2671,10413,10413,417,0,8632,1014238,6071,1028904.3483304039,8158,0,0,0,0,0,888,VEHICLE_7933,888,VEHICLE_7933,0,0,0,0,0,0,0,0,0
recovery-fresh-fine-day,fresh,12441600,update,6,4461,10416000,16636800,32,0,2,34,28,6,352,32,32,32,0,0,0,5,34,0,0,0,10882,8325,2557,8206,2676,10431,10431,417,0,8648,1015715,6077,1030396.2492107188,8172,0,0,0,0,0,888,VEHICLE_7933,888,VEHICLE_7933,0,0,0,0,0,0,0,0,0
recovery-fresh-fine-day,fresh,12441600,update,6,4466,10428000,16648800,27,0,6,33,26,7,351,27,27,27,0,0,0,5,33,0,0,0,10899,8335,2564,8220,2679,10449,10449,417,0,8662,1017165,6088,1031867.9173491707,8188,0,0,0,0,0,888,VEHICLE_7933,888,VEHICLE_7933,0,0,0,0,0,0,0,0,0
recovery-fresh-fine-day,fresh,12441600,update,6,4471,10440000,16660800,31,0,2,33,25,8,348,31,30,31,0,0,0,5,33,0,0,0,10918,8351,2567,8233,2685,10467,10467,418,0,8675,1018481,6096,1033208.6744821111,8203,0,0,0,0,0,888,VEHICLE_7933,888,VEHICLE_7933,36,0,0,0,0,0,0,0,0
recovery-fresh-fine-day,fresh,12441600,update,6,4476,10452000,16672800,30,0,3,33,27,6,349,29,29,30,0,109,0,5,33,0,0,0,10930,8361,2569,8242,2688,10477,10477,420,0,8684,1019864,6102,1034606.747607386,8209,0,0,0,0,0,888,VEHICLE_7933,888,VEHICLE_7933,108,0,0,0,0,0,0,0,0
recovery-fresh-fine-day,fresh,12441600,update,6,4481,10464000,16684800,32,0,2,34,28,6,352,31,31,32,0,13,0,5,34,0,0,0,10949,8378,2571,8255,2694,10495,10495,420,0,8700,1021029,6111,1035796.5338243453,8221,0,0,0,0,0,888,VEHICLE_7933,888,VEHICLE_7933,12,0,0,0,0,0,0,0,0
recovery-fresh-fine-day,fresh,12441600,update,6,4486,10476000,16696800,30,0,4,34,28,6,352,25,26,30,0,1,0,5,34,0,0,0,10962,8387,2575,8266,2696,10508,10508,420,0,8711,1022412,6117,1037190.5562304019,8232,0,0,0,0,0,888,VEHICLE_7933,888,VEHICLE_7933,0,0,0,0,0,0,0,0,0
recovery-fresh-fine-day,fresh,12441600,update,6,4491,10488000,16708800,29,0,3,32,24,8,350,29,29,29,0,0,0,5,32,0,0,0,10975,8397,2578,8274,2701,10522,10522,421,0,8719,1023780,6122,1038581.5224747893,8243,0,0,0,0,0,888,VEHICLE_7933,888,VEHICLE_7933,0,0,0,0,0,0,0,0,0
recovery-fresh-fine-day,fresh,12441600,update,6,4496,10500000,16720800,33,0,2,35,26,9,350,33,33,33,0,0,0,5,35,0,0,0,10988,8408,2580,8283,2705,10532,10532,421,0,8729,1025178,6133,1039997.142540022,8250,0,0,0,0,0,888,VEHICLE_7933,888,VEHICLE_7933,0,0,0,0,0,0,0,0,0
recovery-fresh-fine-day,fresh,12441600,update,6,4501,10512000,16732800,32,0,0,32,23,9,350,32,32,32,0,0,0,5,32,0,0,0,10999,8417,2582,8291,2708,10543,10543,424,0,8737,1026526,6142,1041369.3150760795,8258,0,0,0,0,0,888,VEHICLE_7933,888,VEHICLE_7933,0,0,0,0,0,0,0,0,0
recovery-fresh-fine-day,fresh,12441600,update,6,4506,10524000,16744800,35,0,1,36,29,7,351,35,35,35,0,0,0,5,36,0,0,0,11011,8428,2583,8300,2711,10551,10551,424,0,8746,1027975,6148,1042830.3247218633,8262,0,0,0,0,0,888,VEHICLE_7933,888,VEHICLE_7933,0,0,0,0,0,0,0,0,0
recovery-fresh-fine-day,fresh,12441600,update,6,4511,10536000,16756800,28,0,3,31,23,8,351,27,27,28,0,61,0,5,31,0,0,0,11022,8436,2586,8307,2715,10567,10567,424,0,8754,1029365,6155,1044236.4440150333,8275,0,0,0,0,0,888,VEHICLE_7933,888,VEHICLE_7933,60,0,0,0,0,0,0,0,0
recovery-fresh-fine-day,fresh,12441600,update,6,4516,10548000,16768800,30,0,3,33,24,9,351,29,29,30,0,67,0,5,33,0,0,0,11039,8448,2591,8319,2720,10582,10582,424,0,8768,1030723,6161,1045611.8837585866,8287,0,0,0,0,0,888,VEHICLE_7933,888,VEHICLE_7933,66,0,0,0,0,0,0,0,0
recovery-fresh-fine-day,fresh,12441600,update,6,4521,10560000,16780800,32,0,1,33,25,8,351,32,32,32,0,0,0,5,33,0,0,0,11054,8462,2592,8330,2724,10596,10596,425,0,8780,1032102,6172,1047014.7313575137,8298,0,0,0,0,0,888,VEHICLE_7933,888,VEHICLE_7933,0,0,0,0,0,0,0,0,0
recovery-fresh-fine-day,fresh,12441600,update,6,4526,10572000,16792800,28,0,3,31,25,6,353,28,28,28,0,0,0,5,31,0,0,0,11068,8471,2597,8342,2726,10612,10612,425,0,8791,1033439,6180,1048367.4406837055,8309,0,0,0,0,0,888,VEHICLE_7933,888,VEHICLE_7933,0,0,0,0,0,0,0,0,0
recovery-fresh-fine-day,fresh,12441600,update,6,4531,10584000,16804800,32,0,3,35,25,10,349,26,26,32,0,241,0,5,35,0,0,0,11088,8488,2600,8352,2736,10628,10628,425,0,8804,1034740,6188,1049692.6259577821,8322,0,0,0,0,0,888,VEHICLE_7933,888,VEHICLE_7933,240,0,0,0,0,0,0,0,0
recovery-fresh-fine-day,fresh,12441600,update,6,4536,10596000,16816800,27,0,0,27,20,7,351,26,26,27,0,151,0,5,27,0,0,0,11099,8498,2601,8359,2740,10645,10645,427,0,8812,1036064,6197,1051035.7137103241,8334,0,0,0,0,0,888,VEHICLE_7933,888,VEHICLE_7933,150,0,0,0,0,0,0,0,0
recovery-fresh-fine-day,fresh,12441600,update,6,4541,10608000,16828800,33,0,3,36,31,5,351,33,33,33,0,0,0,5,36,0,0,0,11121,8514,2607,8379,2742,10657,10657,428,0,8831,1037447,6205,1052443.2611489615,8343,0,0,0,0,0,888,VEHICLE_7933,888,VEHICLE_7933,0,0,0,0,0,0,0,0,0
recovery-fresh-fine-day,fresh,12441600,update,6,4546,10620000,16840800,32,0,1,33,28,5,352,31,31,32,0,85,0,5,33,0,0,0,11133,8525,2608,8388,2745,10672,10672,428,0,8840,1038841,6217,1053861.7312476852,8354,0,0,0,0,0,888,VEHICLE_7933,888,VEHICLE_7933,84,0,0,0,0,0,0,0,0
recovery-fresh-fine-day,fresh,12441600,update,6,4551,10632000,16852800,33,0,1,34,28,6,352,33,33,33,0,0,0,5,34,0,0,0,11150,8538,2612,8401,2749,10688,10688,428,0,8853,1040189,6222,1055227.74017966,8366,0,0,0,0,0,888,VEHICLE_7933,888,VEHICLE_7933,0,0,0,0,0,0,0,0,0
recovery-fresh-fine-day,fresh,12441600,update,6,4556,10644000,16864800,26,0,4,30,27,3,352,25,25,26,0,13,0,5,30,0,0,0,11160,8543,2617,8409,2751,10702,10702,428,0,8860,1041581,6231,1056637.3311852424,8377,0,0,0,0,0,888,VEHICLE_7933,888,VEHICLE_7933,12,0,0,0,0,0,0,0,0
recovery-fresh-fine-day,fresh,12441600,update,6,4561,10656000,16876800,29,0,1,30,24,6,352,29,29,29,0,0,0,5,30,0,0,0,11178,8557,2621,8422,2756,10719,10719,429,0,8875,1042888,6240,1057971.9611071825,8391,0,0,0,0,0,888,VEHICLE_7933,888,VEHICLE_7933,0,0,0,0,0,0,0,0,0
recovery-fresh-fine-day,fresh,12441600,update,6,4566,10668000,16888800,30,0,4,34,25,9,352,30,30,30,0,0,0,5,34,0,0,0,11198,8573,2625,8436,2762,10735,10735,429,0,8891,1044250,6249,1059364.6539023046,8403,0,0,0,0,0,888,VEHICLE_7933,888,VEHICLE_7933,0,0,0,0,0,0,0,0,0
recovery-fresh-fine-day,fresh,12441600,update,6,4571,10680000,16900800,32,0,3,35,27,8,354,32,32,32,0,0,0,5,35,0,0,0,11217,8586,2631,8452,2765,10753,10753,429,0,8908,1045517,6257,1060649.7702849035,8417,0,0,0,0,0,888,VEHICLE_7933,888,VEHICLE_7933,0,0,0,0,0,0,0,0,0
recovery-fresh-fine-day,fresh,12441600,update,6,4576,10692000,16912800,34,0,1,35,29,6,354,29,29,34,0,0,0,5,35,0,0,0,11230,8599,2631,8462,2768,10766,10766,429,0,8919,1046904,6268,1062063.305055896,8428,0,0,0,0,0,888,VEHICLE_7933,888,VEHICLE_7933,0,0,0,0,0,0,0,0,0
recovery-fresh-fine-day,fresh,12441600,update,6,4581,10704000,16924800,31,0,2,33,24,9,350,31,31,31,0,0,0,5,33,0,0,0,11239,8605,2634,8465,2774,10776,10776,430,0,8921,1048310,6275,1063483.1423224101,8435,0,0,0,0,0,888,VEHICLE_7933,888,VEHICLE_7933,0,0,0,0,0,0,0,0,0
recovery-fresh-fine-day,fresh,12441600,update,6,4586,10716000,16936800,33,0,1,34,24,10,350,33,33,33,0,0,0,5,34,0,0,0,11254,8619,2635,8475,2779,10788,10788,432,0,8933,1049699,6285,1064898.2091110863,8444,0,0,0,0,0,888,VEHICLE_7933,888,VEHICLE_7933,0,0,0,0,0,0,0,0,0
recovery-fresh-fine-day,fresh,12441600,update,6,4591,10728000,16948800,26,0,7,33,25,8,350,26,26,26,0,0,0,5,33,0,0,0,11266,8624,2642,8484,2782,10799,10799,434,0,8941,1051047,6291,1066259.603378609,8451,0,0,0,0,0,888,VEHICLE_7933,888,VEHICLE_7933,0,0,0,0,0,0,0,0,0
recovery-fresh-fine-day,fresh,12441600,update,6,4596,10740000,16960800,35,0,1,36,27,9,350,34,33,35,0,43,0,5,36,0,0,0,11284,8641,2643,8498,2786,10813,10813,435,0,8956,1052332,6296,1067564.6813393899,8462,0,0,0,0,0,888,VEHICLE_7933,888,VEHICLE_7933,120,0,0,0,0,0,0,0,0
recovery-fresh-fine-day,fresh,12441600,update,6,4601,10752000,16972800,30,0,3,33,23,10,349,30,30,30,0,0,0,5,33,0,0,0,11294,8648,2646,8505,2789,10826,10826,435,0,8964,1053739,6309,1068994.751562686,8474,0,0,0,0,0,888,VEHICLE_7933,888,VEHICLE_7933,0,0,0,0,0,0,0,0,0
recovery-fresh-fine-day,fresh,12441600,update,6,4606,10764000,16984800,31,0,3,34,26,8,351,31,31,31,0,0,0,5,34,0,0,0,11310,8660,2650,8518,2792,10841,10841,435,0,8977,1055063,6313,1070337.5418193901,8484,0,0,0,0,0,888,VEHICLE_7933,888,VEHICLE_7933,0,0,0,0,0,0,0,0,0
recovery-fresh-fine-day,fresh,12441600,update,6,4611,10776000,16996800,31,0,3,34,30,4,354,31,31,31,0,0,0,5,34,0,0,0,11328,8674,2654,8534,2794,10859,10859,435,0,8992,1056355,6322,1071650.9212712555,8496,0,0,0,0,0,888,VEHICLE_7933,888,VEHICLE_7933,0,0,0,0,0,0,0,0,0
recovery-fresh-fine-day,fresh,12441600,update,6,4616,10788000,17008800,30,0,3,33,28,5,353,30,30,30,0,0,0,5,33,0,0,0,11337,8680,2657,8540,2797,10868,10868,436,0,8998,1057631,6327,1072942.5246628032,8503,0,0,0,0,0,888,VEHICLE_7933,888,VEHICLE_7933,0,0,0,0,0,0,0,0,0
recovery-fresh-fine-day,fresh,12441600,update,6,4621,10800000,17020800,33,0,2,35,29,6,350,31,31,33,0,0,0,5,35,0,0,0,11355,8695,2660,8553,2802,10884,10884,436,0,9010,1059004,6341,1074343.9598447124,8516,0,0,0,0,0,888,VEHICLE_7933,888,VEHICLE_7933,0,0,0,0,0,0,0,0,0
recovery-fresh-fine-day,fresh,12441600,update,6,4626,10812000,17032800,29,0,3,32,26,6,351,29,29,29,0,0,0,5,32,0,0,0,11364,8701,2663,8560,2804,10893,10893,439,0,9017,1060297,6347,1075652.958637195,8522,0,0,0,0,0,888,VEHICLE_7933,888,VEHICLE_7933,0,0,0,0,0,0,0,0,0
recovery-fresh-fine-day,fresh,12441600,update,6,4631,10824000,17044800,31,0,0,31,23,8,351,30,30,31,0,25,0,5,31,0,0,0,11380,8716,2664,8570,2810,10909,10909,440,0,9029,1061710,6349,1077074.883729865,8534,0,0,0,0,0,888,VEHICLE_7933,888,VEHICLE_7933,24,0,0,0,0,0,0,0,0
recovery-fresh-fine-day,fresh,12441600,update,6,4636,10836000,17056800,33,0,3,36,28,8,353,31,31,33,0,79,0,5,36,0,0,0,11399,8731,2668,8583,2816,10923,10923,440,0,9044,1063091,6359,1078482.0027883418,8542,0,0,0,0,0,888,VEHICLE_7933,888,VEHICLE_7933,78,0,0,0,0,0,0,0,0
recovery-fresh-fine-day,fresh,12441600,update,6,4641,10848000,17068800,33,0,2,35,26,9,349,33,33,33,0,0,0,5,35,0,0,0,11410,8739,2671,8590,2820,10933,10933,442,0,9050,1064541,6366,1079949.0183583105,8551,0,0,0,0,0,888,VEHICLE_7933,888,VEHICLE_7933,0,0,0,0,0,0,0,0,0
recovery-fresh-fine-day,fresh,12441600,update,6,4646,10860000,17080800,26,0,1,27,23,4,355,25,25,26,0,19,0,5,27,0,0,0,11420,8748,2672,8597,2823,10951,10951,442,0,9057,1065964,6373,1081390.7996048953,8560,0,0,0,0,0,888,VEHICLE_7933,888,VEHICLE_7933,18,0,0,0,0,0,0,0,0
recovery-fresh-fine-day,fresh,12441600,update,6,4651,10872000,17092800,34,0,0,34,28,6,352,34,34,34,0,0,0,5,34,0,0,0,11435,8762,2673,8609,2826,10959,10959,442,0,9069,1067448,6380,1082896.4487116493,8568,0,0,0,0,0,888,VEHICLE_7933,888,VEHICLE_7933,0,0,0,0,0,0,0,0,0
recovery-fresh-fine-day,fresh,12441600,update,6,4656,10884000,17104800,32,0,1,33,28,5,352,31,31,32,0,67,0,5,33,0,0,0,11448,8773,2675,8619,2829,10971,10971,444,0,9078,1068896,6385,1084364.797600005,8576,0,0,0,0,0,888,VEHICLE_7933,888,VEHICLE_7933,66,0,0,0,0,0,0,0,0
recovery-fresh-fine-day,fresh,12441600,update,6,4661,10896000,17116800,31,0,5,36,30,6,351,31,31,31,0,0,0,5,36,0,0,0,11463,8783,2680,8630,2833,10982,10982,445,0,9089,1070299,6398,1085791.3981357778,8584,0,0,0,0,0,888,VEHICLE_7933,888,VEHICLE_7933,0,0,0,0,0,0,0,0,0
recovery-fresh-fine-day,fresh,12441600,update,6,4666,10908000,17128800,31,0,4,35,28,7,351,26,26,31,0,0,0,5,35,0,0,0,11481,8796,2685,8644,2837,11000,11000,446,0,9104,1071540,6408,1087053.8147160572,8599,0,0,0,0,0,888,VEHICLE_7933,888,VEHICLE_7933,0,0,0,0,0,0,0,0,0
recovery-fresh-fine-day,fresh,12441600,update,6,4671,10920000,17140800,30,0,3,33,25,8,352,28,29,30,0,97,0,5,33,0,0,0,11495,8808,2687,8654,2841,11016,11016,446,0,9115,1072847,6414,1088378.397382633,8611,0,0,0,0,0,888,VEHICLE_7933,888,VEHICLE_7933,96,0,0,0,0,0,0,0,0
recovery-fresh-fine-day,fresh,12441600,update,6,4676,10932000,17152800,29,0,2,31,23,8,352,29,29,29,0,0,0,5,31,0,0,0,11516,8826,2690,8670,2846,11038,11038,447,0,9132,1074201,6422,1089756.6451478146,8629,0,0,0,0,0,888,VEHICLE_7933,888,VEHICLE_7933,0,0,0,0,0,0,0,0,0
recovery-fresh-fine-day,fresh,12441600,update,6,4681,10944000,17164800,32,0,2,34,26,8,352,30,31,32,0,91,0,5,34,0,0,0,11531,8839,2692,8680,2851,11050,11050,447,0,9143,1075573,6434,1091159.1210445047,8637,0,0,0,0,0,888,VEHICLE_7933,888,VEHICLE_7933,90,0,0,0,0,0,0,0,0
recovery-fresh-fine-day,fresh,12441600,update,6,4686,10956000,17176800,35,0,0,35,23,12,349,34,34,35,0,85,0,5,35,0,0,0,11547,8855,2692,8687,2860,11064,11064,448,0,9153,1077060,6447,1092674.7024155587,8648,0,0,0,0,0,888,VEHICLE_7933,888,VEHICLE_7933,84,0,0,0,0,0,0,0,0
recovery-fresh-fine-day,fresh,12441600,update,6,4691,10968000,17188800,29,0,0,29,20,9,348,29,29,29,0,0,0,5,29,0,0,0,11556,8862,2694,8693,2863,11078,11078,449,0,9158,1078432,6457,1094067.465252884,8659,0,0,0,0,0,888,VEHICLE_7933,888,VEHICLE_7933,0,0,0,0,0,0,0,0,0
recovery-fresh-fine-day,fresh,12441600,update,6,4696,10980000,17200800,32,0,2,34,28,6,352,32,32,32,0,0,0,5,34,0,0,0,11576,8879,2697,8710,2866,11093,11093,449,0,9176,1079815,6462,1095470.0807172249,8668,0,0,0,0,0,888,VEHICLE_7933,888,VEHICLE_7933,0,0,0,0,0,0,0,0,0
recovery-fresh-fine-day,fresh,12441600,update,6,4701,10992000,17212800,32,0,0,32,25,7,352,32,32,32,0,0,0,5,32,0,0,0,11590,8890,2700,8720,2870,11109,11109,449,0,9187,1081146,6472,1096830.6178861207,8681,0,0,0,0,0,888,VEHICLE_7933,888,VEHICLE_7933,0,0,0,0,0,0,0,0,0
recovery-fresh-fine-day,fresh,12441600,update,6,4706,11004000,17224800,34,0,1,35,28,7,353,34,34,34,0,0,0,5,35,0,0,0,11601,8899,2702,8729,2872,11117,11117,449,0,9196,1082593,6482,1098295.685201741,8686,0,0,0,0,0,888,VEHICLE_7933,888,VEHICLE_7933,0,0,0,0,0,0,0,0,0
recovery-fresh-fine-day,fresh,12441600,update,6,4711,11016000,17236800,33,0,2,35,30,5,353,30,30,33,0,0,0,5,35,0,0,0,11620,8915,2705,8744,2876,11136,11136,449,0,9211,1083978,6490,1099703.3752158212,8701,0,0,0,0,0,888,VEHICLE_7933,888,VEHICLE_7933,0,0,0,0,0,0,0,0,0
recovery-fresh-fine-day,fresh,12441600,update,6,4716,11028000,17248800,30,0,1,31,25,6,352,28,28,30,0,85,0,5,31,0,0,0,11626,8921,2705,8748,2878,11145,11145,450,0,9215,1085474,6496,1101216.2712300385,8709,0,0,0,0,0,888,VEHICLE_7933,888,VEHICLE_7933,84,0,0,0,0,0,0,0,0
recovery-fresh-fine-day,fresh,12441600,update,6,4721,11040000,17260800,31,0,2,33,27,6,354,30,30,31,0,67,0,5,33,0,0,0,11645,8937,2708,8763,2882,11161,11161,451,0,9231,1086923,6509,1102692.3881352937,8720,0,0,0,0,0,888,VEHICLE_7933,888,VEHICLE_7933,66,0,0,0,0,0,0,0,0
recovery-fresh-fine-day,fresh,12441600,update,6,4726,11052000,17272800,32,0,3,35,29,6,354,31,31,32,0,31,0,5,35,0,0,0,11657,8946,2711,8772,2885,11171,11171,451,0,9240,1088318,6514,1104096.4503675469,8727,0,0,0,0,0,888,VEHICLE_7933,888,VEHICLE_7933,30,0,0,0,0,0,0,0,0
recovery-fresh-fine-day,fresh,12441600,update,6,4731,11064000,17284800,32,0,3,35,27,8,352,31,31,32,0,19,0,5,35,0,0,0,11674,8959,2715,8783,2891,11188,11188,451,0,9253,1089589,6522,1105390.4639680854,8742,0,0,0,0,0,888,VEHICLE_7933,888,VEHICLE_7933,18,0,0,0,0,0,0,0,0
recovery-fresh-fine-day,fresh,12441600,update,6,4736,11076000,17296800,32,0,0,32,25,7,354,31,31,32,0,253,0,5,32,0,0,0,11685,8970,2715,8791,2894,11201,11201,452,0,9262,1091066,6535,1106892.2705804028,8751,0,0,0,0,0,888,VEHICLE_7933,888,VEHICLE_7933,252,0,0,0,0,0,0,0,0
recovery-fresh-fine-day,fresh,12441600,update,6,4741,11088000,17308800,33,0,2,35,25,10,351,33,33,33,0,0,0,5,35,0,0,0,11701,8984,2717,8801,2900,11214,11214,452,0,9271,1092586,6546,1108432.2563010922,8760,0,0,0,0,0,888,VEHICLE_7933,888,VEHICLE_7933,0,0,0,0,0,0,0,0,0
recovery-fresh-fine-day,fresh,12441600,update,6,4746,11100000,17320800,28,0,5,33,24,9,353,28,28,28,0,0,0,5,33,0,0,0,11718,8993,2725,8815,2903,11233,11233,452,0,9285,1093904,6551,1109765.40478393,8774,0,0,0,0,0,888,VEHICLE_7933,888,VEHICLE_7933,0,0,0,0,0,0,0,0,0
recovery-fresh-fine-day,fresh,12441600,update,6,4751,11112000,17332800,32,0,2,34,25,9,352,31,31,32,0,157,0,5,34,0,0,0,11737,9009,2728,8830,2907,11250,11250,453,0,9300,1095252,6557,1111135.0750690794,8788,0,0,0,0,0,888,VEHICLE_7933,888,VEHICLE_7933,156,0,0,0,0,0,0,0,0
recovery-fresh-fine-day,fresh,12441600,update,6,4756,11124000,17344800,32,0,3,35,31,4,354,28,28,32,0,49,0,5,35,0,0,0,11755,9024,2731,8845,2910,11267,11267,453,0,9315,1096645,6568,1112555.7684645646,8800,0,0,0,0,0,888,VEHICLE_7933,888,VEHICLE_7933,48,0,0,0,0,0,0,0,0
recovery-fresh-fine-day,fresh,12441600,update,6,4761,11136000,17356800,30,0,4,34,30,4,353,30,30,30,0,0,0,5,34,0,0,0,11768,9033,2735,8855,2913,11280,11280,454,0,9324,1097959,6580,1113886.5699706061,8810,0,0,0,0,0,888,VEHICLE_7933,888,VEHICLE_7933,0,0,0,0,0,0,0,0,0
recovery-fresh-fine-day,fresh,12441600,update,6,4766,11148000,17368800,31,0,2,33,29,4,354,31,31,31,0,0,0,5,33,0,0,0,11780,9042,2738,8865,2915,11292,11292,455,0,9334,1099363,6588,1115304.6101277845,8819,0,0,0,0,0,888,VEHICLE_7933,888,VEHICLE_7933,0,0,0,0,0,0,0,0,0
recovery-fresh-fine-day,fresh,12441600,update,6,4771,11160000,17380800,26,0,4,30,25,5,354,24,24,26,0,37,0,5,30,0,0,0,11794,9052,2742,8875,2919,11309,11309,455,0,9345,1100764,6597,1116726.52201591,8833,0,0,0,0,0,888,VEHICLE_7933,888,VEHICLE_7933,36,0,0,0,0,0,0,0,0
recovery-fresh-fine-day,fresh,12441600,update,6,4776,11172000,17392800,32,0,1,33,30,3,356,31,31,32,0,85,0,5,33,0,0,0,11811,9067,2744,8889,2922,11322,11322,456,0,9359,1102144,6603,1118126.158405042,8841,0,0,0,0,0,888,VEHICLE_7933,888,VEHICLE_7933,84,0,0,0,0,0,0,0,0
recovery-fresh-fine-day,fresh,12441600,update,6,4781,11184000,17404800,29,0,2,31,25,6,353,28,28,29,0,67,0,5,31,0,0,0,11822,9076,2746,8897,2925,11332,11332,459,0,9366,1103552,6615,1119562.266343686,8850,0,0,0,0,0,888,VEHICLE_7933,888,VEHICLE_7933,66,0,0,0,0,0,0,0,0
recovery-fresh-fine-day,fresh,12441600,update,6,4786,11196000,17416800,28,0,3,31,26,5,353,28,28,28,0,0,0,5,31,0,0,0,11843,9090,2753,8914,2929,11352,11352,460,0,9383,1104813,6619,1120834.6987003742,8866,0,0,0,0,0,888,VEHICLE_7933,888,VEHICLE_7933,0,0,0,0,0,0,0,0,0
recovery-fresh-fine-day,fresh,12441600,update,6,4791,11208000,17428800,31,0,1,32,25,7,352,31,31,31,0,0,0,5,32,0,0,0,11858,9104,2754,8925,2933,11365,11365,461,0,9395,1106133,6628,1122182.49279903,8877,0,0,0,0,0,888,VEHICLE_7933,888,VEHICLE_7933,0,0,0,0,0,0,0,0,0
recovery-fresh-fine-day,fresh,12441600,update,6,4796,11220000,17440800,32,0,2,34,26,8,351,31,31,32,0,277,0,5,34,0,0,0,11875,9119,2756,8937,2938,11380,11380,461,0,9407,1107497,6638,1123570.6363692016,8888,0,0,0,0,0,888,VEHICLE_7933,888,VEHICLE_7933,276,0,0,0,0,0,0,0,0
recovery-fresh-fine-day,fresh,12441600,update,6,4801,11232000,17452800,33,0,2,35,27,8,350,29,29,33,0,0,0,5,35,0,0,0,11891,9132,2759,8949,2942,11394,11394,462,0,9418,1108793,6643,1124873.2536014414,8898,0,0,0,0,0,888,VEHICLE_7933,888,VEHICLE_7933,0,0,0,0,0,0,0,0,0
recovery-fresh-fine-day,fresh,12441600,update,6,4806,11244000,17464800,33,0,4,37,30,7,351,32,32,33,0,73,0,5,37,0,0,0,11907,9143,2764,8960,2947,11408,11408,462,0,9429,1110074,6655,1126186.6661056636,8906,0,0,0,0,0,888,VEHICLE_7933,888,VEHICLE_7933,72,0,0,0,0,0,0,0,0
recovery-fresh-fine-day,fresh,12441600,update,6,4811,11256000,17476800,29,0,2,31,23,8,349,29,29,29,0,0,0,5,31,0,0,0,11918,9151,2767,8967,2951,11424,11424,463,0,9435,1111401,6663,1127530.603216747,8919,0,0,0,0,0,888,VEHICLE_7933,888,VEHICLE_7933,0,0,0,0,0,0,0,0,0
recovery-fresh-fine-day,fresh,12441600,update,6,4816,11268000,17488800,29,0,2,31,24,7,351,28,28,29,0,109,0,5,31,0,0,0,11932,9163,2769,8978,2954,11438,11438,463,0,9446,1112782,6667,1128925.4264998345,8928,0,0,0,0,0,888,VEHICLE_7933,888,VEHICLE_7933,108,0,0,0,0,0,0,0,0
recovery-fresh-fine-day,fresh,12441600,update,6,4821,11280000,17500800,32,0,2,34,27,7,351,32,32,32,0,0,0,5,34,0,0,0,11949,9177,2772,8989,2960,11451,11451,464,0,9457,1114103,6674,1130263.9235308494,8935,0,0,0,0,0,888,VEHICLE_7933,888,VEHICLE_7933,0,0,0,0,0,0,0,0,0
recovery-fresh-fine-day,fresh,12441600,update,6,4826,11292000,17512800,32,0,2,34,25,9,350,32,32,32,0,0,0,5,34,0,0,0,11960,9185,2775,8996,2964,11462,11462,464,0,9465,1115491,6679,1131662.7363471182,8944,0,0,0,0,0,888,VEHICLE_7933,888,VEHICLE_7933,0,0,0,0,0,0,0,0,0
recovery-fresh-fine-day,fresh,12441600,update,6,4831,11304000,17524800,31,0,3,34,26,8,352,31,31,31,0,0,0,5,34,0,0,0,11976,9198,2778,9008,2968,11478,11478,464,0,9478,1116838,6690,1133032.6261215454,8955,0,0,0,0,0,888,VEHICLE_7933,888,VEHICLE_7933,0,0,0,0,0,0,0,0,0
recovery-fresh-fine-day,fresh,12441600,update,6,4836,11316000,17536800,30,0,4,34,27,7,352,29,29,30,0,25,0,5,34,0,0,0,11991,9206,2785,9019,2972,11492,11492,465,0,9489,1118104,6696,1134315.9173014958,8965,0,0,0,0,0,888,VEHICLE_7933,888,VEHICLE_7933,24,0,0,0,0,0,0,0,0
recovery-fresh-fine-day,fresh,12441600,update,6,4841,11328000,17548800,32,0,2,34,26,8,352,32,32,32,0,0,0,5,34,0,0,0,12009,9221,2788,9033,2976,11510,11510,465,0,9504,1119392,6700,1135620.9354333861,8980,0,0,0,0,0,888,VEHICLE_7933,888,VEHICLE_7933,0,0,0,0,0,0,0,0,0
recovery-fresh-fine-day,fresh,12441600,update,6,4846,11340000,17560800,32,0,3,35,26,9,349,29,29,32,0,0,0,5,35,0,0,0,12025,9233,2792,9044,2981,11524,11524,466,0,9514,1120653,6710,1136907.1790058867,8991,0,0,0,0,0,888,VEHICLE_7933,888,VEHICLE_7933,0,0,0,0,0,0,0,0,0
recovery-fresh-fine-day,fresh,12441600,update,6,4851,11352000,17572800,30,0,0,30,22,8,351,30,30,30,0,0,0,5,30,0,0,0,12034,9242,2792,9050,2984,11538,11538,466,0,9519,1122063,6716,1138331.644186727,8999,0,0,0,0,0,888,VEHICLE_7933,888,VEHICLE_7933,0,0,0,0,0,0,0,0,0
recovery-fresh-fine-day,fresh,12441600,update,6,4856,11364000,17584800,32,0,1,33,26,7,351,31,31,32,0,7,0,5,33,0,0,0,12054,9258,2796,9066,2988,11554,11554,467,0,9535,1123343,6721,1139627.8905404548,9011,0,0,0,0,0,888,VEHICLE_7933,888,VEHICLE_7933,6,0,0,0,0,0,0,0,0
recovery-fresh-fine-day,fresh,12441600,update,6,4861,11376000,17596800,35,0,1,36,28,8,351,35,35,35,0,0,0,5,36,0,0,0,12066,9269,2797,9075,2991,11563,11563,467,0,9544,1124842,6732,1141155.3226589805,9017,0,0,0,0,0,888,VEHICLE_7933,888,VEHICLE_7933,0,0,0,0,0,0,0,0,0
recovery-fresh-fine-day,fresh,12441600,update,6,4866,11388000,17608800,33,0,2,35,27,8,352,32,32,33,0,415,0,5,35,0,0,0,12079,9280,2799,9083,2996,11576,11576,468,0,9554,1126352,6740,1142686.2171339954,9026,0,0,0,0,0,888,VEHICLE_7933,888,VEHICLE_7933,414,0,0,0,0,0,0,0,0
recovery-fresh-fine-day,fresh,12441600,update,6,4871,11400000,17620800,30,0,4,34,26,8,353,30,30,30,0,0,0,5,34,0,0,0,12094,9291,2803,9093,3001,11591,11591,469,0,9566,1127657,6749,1144009.9538981237,9037,0,0,0,0,0,888,VEHICLE_7933,888,VEHICLE_7933,0,0,0,0,0,0,0,0,0
recovery-fresh-fine-day,fresh,12441600,update,6,4876,11412000,17632800,32,0,2,34,24,10,350,32,32,32,0,0,0,5,34,0,0,0,12110,9304,2806,9106,3004,11606,11606,470,0,9579,1128936,6752,1145302.232307779,9052,0,0,0,0,0,888,VEHICLE_7933,888,VEHICLE_7933,0,0,0,0,0,0,0,0,0
recovery-fresh-fine-day,fresh,12441600,update,6,4881,11424000,17644800,29,0,2,31,22,9,352,29,29,29,0,0,0,5,31,0,0,0,12125,9316,2809,9117,3008,11624,11624,470,0,9590,1130296,6761,1146683.9914028768,9064,0,0,0,0,0,888,VEHICLE_7933,888,VEHICLE_7933,0,0,0,0,0,0,0,0,0
recovery-fresh-fine-day,fresh,12441600,update,6,4886,11436000,17656800,32,0,2,34,27,7,354,32,32,32,0,0,0,5,34,0,0,0,12141,9329,2812,9129,3012,11637,11637,470,0,9603,1131711,6770,1148119.758170577,9072,0,0,0,0,0,888,VEHICLE_7933,888,VEHICLE_7933,0,0,0,0,0,0,0,0,0
recovery-fresh-fine-day,fresh,12441600,update,6,4891,11448000,17668800,31,0,4,35,27,8,352,30,30,31,0,73,0,5,35,0,0,0,12154,9338,2816,9137,3017,11649,11649,470,0,9612,1133125,6777,1149558.47013596,9082,0,0,0,0,0,888,VEHICLE_7933,888,VEHICLE_7933,72,0,0,0,0,0,0,0,0
recovery-fresh-fine-day,fresh,12441600,update,6,4896,11460000,17680800,29,0,1,30,22,8,350,29,29,29,0,0,0,5,30,0,0,0,12167,9349,2818,9145,3022,11665,11665,472,0,9620,1134445,6783,1150891.3600570557,9095,0,0,0,0,0,888,VEHICLE_7933,888,VEHICLE_7933,0,0,0,0,0,0,0,0,0
recovery-fresh-fine-day,fresh,12441600,update,6,4901,11472000,17692800,31,0,4,35,29,6,353,31,31,31,0,0,0,5,35,0,0,0,12185,9362,2823,9159,3026,11677,11677,473,0,9635,1135740,6787,1152203.1387776078,9101,0,0,0,0,0,888,VEHICLE_7933,888,VEHICLE_7933,0,0,0,0,0,0,0,0,0
recovery-fresh-fine-day,fresh,12441600,update,6,4906,11484000,17704800,28,0,3,31,27,4,353,28,28,28,0,0,0,5,31,0,0,0,12196,9370,2826,9168,3028,11691,11691,474,0,9643,1137085,6797,1153569.654066949,9112,0,0,0,0,0,888,VEHICLE_7933,888,VEHICLE_7933,0,0,0,0,0,0,0,0,0
recovery-fresh-fine-day,fresh,12441600,update,6,4911,11496000,17716800,32,0,3,35,28,7,353,31,31,32,0,37,0,5,35,0,0,0,12215,9384,2831,9181,3034,11705,11705,475,0,9659,1138295,6803,1154795.8555028995,9123,0,0,0,0,0,888,VEHICLE_7933,888,VEHICLE_7933,36,0,0,0,0,0,0,0,0
recovery-fresh-fine-day,fresh,12441600,update,6,4916,11508000,17728800,28,0,2,30,23,7,353,28,28,28,0,0,0,5,30,0,0,0,12221,9389,2832,9184,3037,11716,11716,475,0,9662,1139612,6810,1156129.4723757857,9131,0,0,0,0,0,888,VEHICLE_7933,888,VEHICLE_7933,0,0,0,0,0,0,0,0,0
recovery-fresh-fine-day,fresh,12441600,update,6,4921,11520000,17740800,29,0,3,32,23,9,352,29,29,29,0,0,0,5,32,0,0,0,12237,9402,2835,9195,3042,11729,11729,476,0,9674,1140936,6817,1157475.7613399865,9141,0,0,0,0,0,888,VEHICLE_7933,888,VEHICLE_7933,0,0,0,0,0,0,0,0,0
recovery-fresh-fine-day,fresh,12441600,update,6,4926,11532000,17752800,29,0,2,31,25,6,353,29,29,29,0,0,0,5,31,0,0,0,12252,9414,2838,9208,3044,11745,11745,476,0,9687,1142244,6825,1158808.730971175,9154,0,0,0,0,0,888,VEHICLE_7933,888,VEHICLE_7933,0,0,0,0,0,0,0,0,0
recovery-fresh-fine-day,fresh,12441600,update,6,4931,11544000,17764800,29,0,3,32,23,9,353,27,27,29,0,307,0,5,32,0,0,0,12267,9425,2842,9218,3049,11759,11759,476,0,9699,1143617,6838,1160198.7295844217,9165,0,0,0,0,0,888,VEHICLE_7933,888,VEHICLE_7933,306,0,0,0,0,0,0,0,0
recovery-fresh-fine-day,fresh,12441600,update,6,4936,11556000,17776800,33,0,2,35,26,9,352,29,29,33,0,0,0,5,35,0,0,0,12284,9439,2845,9230,3054,11773,11773,476,0,9712,1144973,6845,1161573.533170724,9176,0,0,0,0,0,888,VEHICLE_7933,888,VEHICLE_7933,0,0,0,0,0,0,0,0,0
recovery-fresh-fine-day,fresh,12441600,update,6,4941,11568000,17788800,35,0,1,36,25,11,350,34,34,35,0,49,0,5,36,0,0,0,12298,9451,2847,9239,3059,11785,11785,477,0,9721,1146432,6853,1163057.4340491917,9185,0,0,0,0,0,888,VEHICLE_7933,888,VEHICLE_7933,48,0,0,0,0,0,0,0,0
recovery-fresh-fine-day,fresh,12441600,update,6,4946,11580000,17800800,31,0,2,33,23,10,349,31,31,31,0,0,0,5,33,0,0,0,12311,9461,2850,9247,3064,11801,11801,477,0,9731,1147830,6859,1164468.4703477782,9199,0,0,0,0,0,888,VEHICLE_7933,888,VEHICLE_7933,0,0,0,0,0,0,0,0,0
recovery-fresh-fine-day,fresh,12441600,update,6,4951,11592000,17812800,30,0,5,35,31,4,353,30,30,30,0,0,0,5,35,0,0,0,12329,9473,2856,9262,3067,11817,11817,477,0,9745,1149051,6868,1165714.8565176085,9207,0,0,0,0,0,888,VEHICLE_7933,888,VEHICLE_7933,0,0,0,0,0,0,0,0,0
recovery-fresh-fine-day,fresh,12441600,update,6,4956,11604000,17824800,34,0,2,36,31,5,353,33,33,34,0,19,0,5,36,0,0,0,12343,9485,2858,9272,3071,11828,11828,479,0,9756,1150356,6876,1167036.4440958446,9215,0,0,0,0,0,888,VEHICLE_7933,888,VEHICLE_7933,18,0,0,0,0,0,0,0,0
recovery-fresh-fine-day,fresh,12441600,update,6,4961,11616000,17836800,25,0,2,27,23,4,355,24,24,25,0,91,0,5,27,0,0,0,12356,9494,2862,9282,3074,11850,11850,479,0,9766,1151649,6883,1168345.5959933095,9232,0,0,0,0,0,888,VEHICLE_7933,888,VEHICLE_7933,90,0,0,0,0,0,0,0,0
recovery-fresh-fine-day,fresh,12441600,update,6,4966,11628000,17848800,29,0,3,32,25,7,353,29,28,29,0,0,0,5,32,0,0,0,12378,9510,2868,9299,3079,11866,11866,480,0,9784,1152952,6891,1169672.6805314536,9246,0,0,0,0,0,888,VEHICLE_7933,888,VEHICLE_7933,120,0,0,0,0,0,0,0,0
recovery-fresh-fine-day,fresh,12441600,update,6,4971,11640000,17860800,33,0,0,33,23,10,352,33,33,33,0,0,0,5,33,0,0,0,12389,9520,2869,9305,3084,11875,11875,481,0,9793,1154403,6903,1171149.7097335628,9254,0,0,0,0,0,888,VEHICLE_7933,888,VEHICLE_7933,0,0,0,0,0,0,0,0,0
recovery-fresh-fine-day,fresh,12441600,update,6,4976,11652000,17872800,27,0,3,30,22,8,353,27,26,27,0,0,0,5,30,0,0,0,12399,9527,2872,9311,3088,11888,11888,481,0,9800,1155727,6909,1172486.4087925043,9263,0,0,0,0,0,888,VEHICLE_7933,888,VEHICLE_7933,120,0,0,0,0,0,0,0,0
recovery-fresh-fine-day,fresh,12441600,update,6,4981,11664000,17884800,29,0,6,35,27,8,353,28,28,29,0,0,0,5,35,0,0,0,12419,9540,2879,9327,3092,11903,11903,481,0,9817,1156917,6914,1173692.3729764496,9275,0,0,0,0,0,888,VEHICLE_7933,888,VEHICLE_7933,0,0,0,0,0,0,0,0,0
recovery-fresh-fine-day,fresh,12441600,update,6,4986,11676000,17896800,27,0,3,30,22,8,352,27,27,27,0,0,0,5,30,0,0,0,12429,9549,2880,9334,3095,11918,11918,481,0,9823,1158139,6920,1174932.6246658901,9287,0,0,0,0,0,888,VEHICLE_7933,888,VEHICLE_7933,0,0,0,0,0,0,0,0,0
recovery-fresh-fine-day,fresh,12441600,update,6,4991,11688000,17908800,29,0,2,31,24,7,354,29,29,29,0,0,0,5,31,0,0,0,12446,9562,2884,9347,3099,11933,11933,482,0,9838,1159411,6927,1176220.454882384,9298,0,0,0,0,0,888,VEHICLE_7933,888,VEHICLE_7933,0,0,0,0,0,0,0,0,0
recovery-fresh-fine-day,fresh,12441600,update,6,4996,11700000,17920800,31,0,3,34,25,9,350,31,31,31,0,0,0,5,34,0,0,0,12460,9573,2887,9356,3104,11944,11944,482,0,9846,1160763,6940,1177605.4049222653,9307,0,0,0,0,0,888,VEHICLE_7933,888,VEHICLE_7933,0,0,0,0,0,0,0,0,0
recovery-fresh-fine-day,fresh,12441600,update,6,5001,11712000,17932800,33,0,1,34,27,7,352,33,33,33,0,0,0,5,34,0,0,0,12475,9586,2889,9366,3109,11958,11958,483,0,9858,1162063,6944,1178918.9790835103,9316,0,0,0,0,0,888,VEHICLE_7933,888,VEHICLE_7933,0,0,0,0,0,0,0,0,0
recovery-fresh-fine-day,fresh,12441600,update,6,5006,11724000,17944800,32,0,1,33,26,7,352,31,31,32,0,61,0,5,33,0,0,0,12485,9594,2891,9373,3112,11969,11969,483,0,9866,1163502,6949,1180374.6031733688,9325,0,0,0,0,0,888,VEHICLE_7933,888,VEHICLE_7933,60,0,0,0,0,0,0,0,0
recovery-fresh-fine-day,fresh,12441600,update,6,5011,11736000,17956800,31,0,3,34,29,5,353,30,30,31,0,61,0,5,34,0,0,0,12502,9606,2896,9386,3116,11985,11985,483,0,9879,1164884,6958,1181781.8133548603,9336,0,0,0,0,0,888,VEHICLE_7933,888,VEHICLE_7933,60,0,0,0,0,0,0,0,0
recovery-fresh-fine-day,fresh,12441600,update,6,5016,11748000,17968800,29,0,3,32,26,6,352,28,28,29,0,37,0,5,32,0,0,0,12513,9614,2899,9393,3120,11997,11997,484,0,9887,1166263,6969,1183180.8925625512,9346,0,0,0,0,0,888,VEHICLE_7933,888,VEHICLE_7933,36,0,0,0,0,0,0,0,0
recovery-fresh-fine-day,fresh,12441600,update,6,5021,11760000,17980800,31,0,2,33,27,6,354,30,30,31,0,79,0,5,33,0,0,0,12527,9625,2902,9404,3123,12010,12010,484,0,9899,1167677,6975,1184612.5769125714,9355,0,0,0,0,0,888,VEHICLE_7933,888,VEHICLE_7933,78,0,0,0,0,0,0,0,0
recovery-fresh-fine-day,fresh,12441600,update,6,5026,11772000,17992800,31,0,3,34,28,6,353,27,27,31,0,0,0,5,34,0,0,0,12546,9640,2906,9419,3127,12028,12028,484,0,9914,1169030,6982,1185988.6413676331,9370,0,0,0,0,0,888,VEHICLE_7933,888,VEHICLE_7933,0,0,0,0,0,0,0,0,0
recovery-fresh-fine-day,fresh,12441600,update,6,5031,11784000,18004800,30,0,3,33,27,6,351,30,30,30,0,0,0,5,33,0,0,0,12562,9653,2909,9432,3130,12044,12044,485,0,9927,1170351,6988,1187332.790361752,9385,0,0,0,0,0,888,VEHICLE_7933,888,VEHICLE_7933,0,0,0,0,0,0,0,0,0
recovery-fresh-fine-day,fresh,12441600,update,6,5036,11796000,18016800,34,0,1,35,28,7,351,33,33,34,0,127,0,5,35,0,0,0,12573,9661,2912,9439,3134,12053,12053,485,0,9934,1171762,6998,1188759.2282742157,9390,0,0,0,0,0,888,VEHICLE_7933,888,VEHICLE_7933,126,0,0,0,0,0,0,0,0
recovery-fresh-fine-day,fresh,12441600,update,6,5041,11808000,18028800,32,0,1,33,26,7,351,32,32,32,0,0,0,5,33,0,0,0,12580,9667,2913,9443,3137,12062,12062,485,0,9938,1173248,7007,1190262.5778093624,9396,0,0,0,0,0,888,VEHICLE_7933,888,VEHICLE_7933,0,0,0,0,0,0,0,0,0
recovery-fresh-fine-day,fresh,12441600,update,6,5046,11820000,18040800,29,0,0,29,23,6,351,29,29,29,0,0,0,5,29,0,0,0,12595,9680,2915,9455,3140,12080,12080,486,0,9949,1174570,7010,1191600.845474691,9410,0,0,0,0,0,888,VEHICLE_7933,888,VEHICLE_7933,0,0,0,0,0,0,0,0,0
recovery-fresh-fine-day,fresh,12441600,update,6,5051,11832000,18052800,32,0,0,32,24,8,350,32,32,32,0,0,0,5,32,0,0,0,12610,9695,2915,9463,3147,12091,12091,487,0,9958,1175927,7016,1192980.259678438,9416,0,0,0,0,0,888,VEHICLE_7933,888,VEHICLE_7933,0,0,0,0,0,0,0,0,0
recovery-fresh-fine-day,fresh,12441600,update,6,5056,11844000,18064800,31,0,0,31,24,7,351,30,30,31,0,115,0,5,31,0,0,0,12618,9701,2917,9467,3151,12100,12100,487,0,9963,1177348,7025,1194416.1712193952,9421,0,0,0,0,0,888,VEHICLE_7933,888,VEHICLE_7933,114,0,0,0,0,0,0,0,0
recovery-fresh-fine-day,fresh,12441600,update,6,5061,11856000,18076800,29,0,2,31,24,7,351,29,29,29,0,0,0,5,31,0,0,0,12634,9714,2920,9479,3155,12116,12116,487,0,9977,1178738,7033,1195821.1022563183,9435,0,0,0,0,0,888,VEHICLE_7933,888,VEHICLE_7933,0,0,0,0,0,0,0,0,0
recovery-fresh-fine-day,fresh,12441600,update,6,5066,11868000,18088800,29,0,2,31,28,3,354,29,29,29,0,0,0,5,31,0,0,0,12651,9726,2925,9493,3158,12132,12132,488,0,9990,1180009,7038,1197115.8307467063,9444,0,0,0,0,0,888,VEHICLE_7933,888,VEHICLE_7933,0,0,0,0,0,0,0,0,0
recovery-fresh-fine-day,fresh,12441600,update,6,5071,11880000,18100800,36,0,0,36,30,6,351,36,36,36,0,0,0,5,36,0,0,0,12664,9739,2925,9502,3162,12140,12140,488,0,9999,1181484,7048,1198613.7694039696,9451,0,0,0,0,0,888,VEHICLE_7933,888,VEHICLE_7933,0,0,0,0,0,0,0,0,0
recovery-fresh-fine-day,fresh,12441600,update,6,5076,11892000,18112800,31,0,3,34,27,7,350,31,31,31,0,0,0,5,34,0,0,0,12676,9746,2930,9511,3165,12154,12154,488,0,10007,1182882,7058,1200027.7497017782,9462,0,0,0,0,0,888,VEHICLE_7933,888,VEHICLE_7933,0,0,0,0,0,0,0,0,0
recovery-fresh-fine-day,fresh,12441600,update,6,5081,11904000,18124800,31,0,3,34,29,5,353,31,31,31,0,0,0,5,34,0,0,0,12695,9760,2935,9526,3169,12172,12172,489,0,10023,1184269,7070,1201442.4175418436,9474,0,0,0,0,0,888,VEHICLE_7933,888,VEHICLE_7933,0,0,0,0,0,0,0,0,0
recovery-fresh-fine-day,fresh,12441600,update,6,5086,11916000,18136800,28,0,2,30,22,8,353,28,28,28,0,0,0,5,30,0,0,0,12710,9772,2938,9537,3173,12190,12190,490,0,10036,1185562,7075,1202754.024879839,9490,0,0,0,0,0,888,VEHICLE_7933,888,VEHICLE_7933,0,0,0,0,0,0,0,0,0
recovery-fresh-fine-day,fresh,12441600,update,6,5091,11928000,18148800,34,0,1,35,27,8,352,34,34,34,0,0,0,5,35,0,0,0,12728,9788,2940,9551,3177,12202,12202,491,0,10050,1186933,7084,1204154.8963288756,9499,0,0,0,0,0,888,VEHICLE_7933,888,VEHICLE_7933,0,0,0,0,0,0,0,0,0
recovery-fresh-fine-day,fresh,12441600,update,6,5096,11940000,18160800,29,0,0,29,24,5,354,28,28,29,0,115,0,5,29,0,0,0,12737,9796,2941,9556,3181,12216,12216,492,0,10056,1188417,7094,1205660.4832642924,9508,0,0,0,0,0,888,VEHICLE_7933,888,VEHICLE_7933,114,0,0,0,0,0,0,0,0
recovery-fresh-fine-day,fresh,12441600,update,6,5101,11952000,18172800,34,0,3,37,30,7,352,32,32,34,0,223,0,5,37,0,0,0,12752,9808,2944,9568,3184,12222,12222,493,0,10068,1189812,7104,1207080.7095594674,9513,0,0,0,0,0,888,VEHICLE_7933,888,VEHICLE_7933,222,0,0,0,0,0,0,0,0
recovery-fresh-fine-day,fresh,12441600,update,6,5106,11964000,18184800,28,0,3,31,25,6,353,27,27,28,0,223,0,5,31,0,0,0,12770,9822,2948,9582,3188,12245,12245,494,0,10083,1191098,7111,1208387.501612895,9532,0,0,0,0,0,888,VEHICLE_7933,888,VEHICLE_7933,222,0,0,0,0,0,0,0,0
recovery-fresh-fine-day,fresh,12441600,update,6,5111,11976000,18196800,33,0,3,36,26,10,350,33,33,33,0,0,0,5,36,0,0,0,12787,9837,2950,9591,3196,12257,12257,494,0,10094,1192428,7117,1209735.266163138,9541,0,0,0,0,0,888,VEHICLE_7933,888,VEHICLE_7933,0,0,0,0,0,0,0,0,0
recovery-fresh-fine-day,fresh,12441600,update,6,5116,11988000,18208800,33,0,2,35,25,10,352,30,30,33,0,0,0,5,35,0,0,0,12801,9849,2952,9600,3201,12272,12272,494,0,10105,1193832,7127,1211161.742437145,9551,0,0,0,0,0,888,VEHICLE_7933,888,VEHICLE_7933,0,0,0,0,0,0,0,0,0
recovery-fresh-fine-day,fresh,12441600,update,6,5121,12000000,18220800,29,0,2,31,24,7,355,29,29,29,0,0,0,5,31,0,0,0,12810,9855,2955,9606,3204,12285,12285,494,0,10112,1195179,7138,1212532.3665968545,9559,0,0,0,0,0,888,VEHICLE_7933,888,VEHICLE_7933,0,0,0,0,0,0,0,0,0
recovery-fresh-fine-day,fresh,12441600,update,6,5126,12012000,18232800,28,0,2,30,23,7,352,28,28,28,0,0,0,5,30,0,0,0,12827,9869,2958,9619,3208,12302,12302,495,0,10125,1196449,7144,1213820.3053517586,9575,0,0,0,0,0,888,VEHICLE_7933,888,VEHICLE_7933,0,0,0,0,0,0,0,0,0
recovery-fresh-fine-day,fresh,12441600,update,6,5131,12024000,18244800,32,0,3,35,27,8,352,32,32,32,0,0,0,5,35,0,0,0,12843,9881,2962,9631,3212,12313,12313,495,0,10137,1197811,7154,1215207.8801663357,9582,0,0,0,0,0,888,VEHICLE_7933,888,VEHICLE_7933,0,0,0,0,0,0,0,0,0
recovery-fresh-fine-day,fresh,12441600,update,6,5136,12036000,18256800,29,0,5,34,26,8,351,28,28,29,0,7,0,5,34,0,0,0,12855,9890,2965,9640,3215,12325,12325,496,0,10146,1199078,7159,1216488.9095451476,9592,0,0,0,0,0,888,VEHICLE_7933,888,VEHICLE_7933,6,0,0,0,0,0,0,0,0
recovery-fresh-fine-day,fresh,12441600,update,6,5141,12048000,18268800,29,0,2,31,25,6,353,28,28,29,0,61,0,5,31,0,0,0,12868,9900,2968,9651,3217,12341,12341,496,0,10157,1200311,7168,1217741.6719311948,9604,0,0,0,0,0,888,VEHICLE_7933,888,VEHICLE_7933,60,0,0,0,0,0,0,0,0
recovery-fresh-fine-day,fresh,12441600,update,6,5146,12060000,18280800,30,0,3,33,25,8,352,30,30,30,0,0,0,5,33,0,0,0,12880,9909,2971,9659,3221,12351,12351,496,0,10166,1201726,7173,1219175.8738310782,9612,0,0,0,0,0,888,VEHICLE_7933,888,VEHICLE_7933,0,0,0,0,0,0,0,0,0
recovery-fresh-fine-day,fresh,12441600,update,6,5151,12072000,18292800,32,0,2,34,27,7,352,31,31,32,0,13,0,5,34,0,0,0,12900,9927,2973,9675,3225,12370,12370,496,0,10182,1203132,7182,1220602.7388914314,9627,0,0,0,0,0,888,VEHICLE_7933,888,VEHICLE_7933,12,0,0,0,0,0,0,0,0
recovery-fresh-fine-day,fresh,12441600,update,6,5156,12084000,18304800,34,0,1,35,28,7,351,33,33,34,0,199,0,5,35,0,0,0,12911,9937,2974,9683,3228,12379,12379,497,0,10190,1204619,7188,1222106.5134792936,9634,0,0,0,0,0,888,VEHICLE_7933,888,VEHICLE_7933,198,0,0,0,0,0,0,0,0
recovery-fresh-fine-day,fresh,12441600,update,6,5161,12096000,18316800,31,0,4,35,31,4,354,28,28,31,0,373,0,5,35,0,0,0,12923,9944,2979,9692,3231,12390,12390,498,0,10199,1206045,7202,1223557.4909008911,9639,0,0,0,0,0,888,VEHICLE_7933,888,VEHICLE_7933,372,0,0,0,0,0,0,0,0
recovery-fresh-fine-day,fresh,12441600,update,6,5166,12108000,18328800,31,0,1,32,26,6,351,31,31,31,0,0,0,5,32,0,0,0,12933,9953,2980,9698,3235,12403,12403,498,0,10205,1207441,7209,1224972.776124622,9651,0,0,0,0,0,888,VEHICLE_7933,888,VEHICLE_7933,0,0,0,0,0,0,0,0,0
recovery-fresh-fine-day,fresh,12441600,update,6,5171,12120000,18340800,30,0,2,32,23,9,349,30,30,30,0,0,0,5,32,0,0,0,12947,9965,2982,9706,3241,12417,12417,498,0,10214,1208809,7214,1226355.3106965593,9662,0,0,0,0,0,888,VEHICLE_7933,888,VEHICLE_7933,0,0,0,0,0,0,0,0,0
recovery-fresh-fine-day,fresh,12441600,update,6,5176,12132000,18352800,28,0,4,32,28,4,355,28,27,28,0,0,0,5,32,0,0,0,12965,9978,2987,9722,3243,12435,12435,498,0,10230,1210147,7222,1227718.4107610115,9672,0,0,0,0,0,888,VEHICLE_7933,888,VEHICLE_7933,120,0,0,0,0,0,0,0,0
recovery-fresh-fine-day,fresh,12441600,update,6,5181,12144000,18364800,28,0,5,33,27,6,353,28,28,28,0,0,0,5,33,0,0,0,12983,9990,2993,9736,3247,12450,12450,500,0,10244,1211309,7231,1228901.6064751593,9685,0,0,0,0,0,888,VEHICLE_7933,888,VEHICLE_7933,0,0,0,0,0,0,0,0,0
recovery-fresh-fine-day,fresh,12441600,update,6,5186,12156000,18376800,25,0,3,28,23,5,353,24,24,25,0,361,0,5,28,0,0,0,12998,10002,2996,9747,3251,12470,12470,500,0,10256,1212523,7240,1230137.5064579144,9702,0,0,0,0,0,888,VEHICLE_7933,888,VEHICLE_7933,360,0,0,0,0,0,0,0,0
recovery-fresh-fine-day,fresh,12441600,update,6,5191,12168000,18388800,30,0,5,35,29,6,351,29,29,30,0,103,0,5,35,0,0,0,13015,10013,3002,9761,3254,12480,12480,500,0,10269,1213789,7247,1231421.465423445,9710,0,0,0,0,0,888,VEHICLE_7933,888,VEHICLE_7933,102,0,0,0,0,0,0,0,0
recovery-fresh-fine-day,fresh,12441600,update,6,5196,12180000,18400800,29,0,2,31,24,7,351,28,28,29,0,7,0,5,31,0,0,0,13028,10023,3005,9770,3258,12496,12496,501,0,10279,1215011,7257,1232664.6476261585,9723,0,0,0,0,0,888,VEHICLE_7933,888,VEHICLE_7933,6,0,0,0,0,0,0,0,0
recovery-fresh-fine-day,fresh,12441600,update,6,5201,12192000,18412800,33,0,1,34,28,6,353,33,33,33,0,0,0,5,34,0,0,0,13043,10034,3009,9782,3261,12508,12508,501,0,10291,1216262,7264,1233933.412379983,9730,0,0,0,0,0,888,VEHICLE_7933,888,VEHICLE_7933,0,0,0,0,0,0,0,0,0
recovery-fresh-fine-day,fresh,12441600,update,6,5206,12204000,18424800,28,0,7,35,29,6,355,26,26,28,0,0,0,5,35,0,0,0,13058,10043,3015,9792,3266,12522,12522,501,0,10304,1217569,7269,1235255.8319514461,9740,0,0,0,0,0,888,VEHICLE_7933,888,VEHICLE_7933,0,0,0,0,0,0,0,0,0
recovery-fresh-fine-day,fresh,12441600,update,6,5211,12216000,18436800,31,0,3,34,27,7,353,31,31,31,0,0,0,5,34,0,0,0,13070,10053,3017,9801,3269,12535,12535,501,0,10312,1218808,7279,1236518.4375692003,9751,0,0,0,0,0,888,VEHICLE_7933,888,VEHICLE_7933,0,0,0,0,0,0,0,0,0
recovery-fresh-fine-day,fresh,12441600,update,6,5216,12228000,18448800,31,0,1,32,27,5,355,31,31,31,0,0,0,5,32,0,0,0,13081,10063,3018,9810,3271,12547,12547,502,0,10321,1220217,7286,1237938.5626057715,9759,0,0,0,0,0,888,VEHICLE_7933,888,VEHICLE_7933,0,0,0,0,0,0,0,0,0
recovery-fresh-fine-day,fresh,12441600,update,6,5221,12240000,18460800,29,0,5,34,26,8,350,29,29,29,0,0,0,5,34,0,0,0,13100,10077,3023,9823,3277,12564,12564,502,0,10334,1221549,7294,1239293.0310991148,9775,0,0,0,0,0,888,VEHICLE_7933,888,VEHICLE_7933,0,0,0,0,0,0,0,0,0
recovery-fresh-fine-day,fresh,12441600,update,6,5226,12252000,18472800,34,0,1,35,28,7,352,34,34,34,0,0,0,5,35,0,0,0,13116,10090,3026,9836,3280,12578,12578,503,0,10348,1222841,7302,1240605.2430961395,9785,0,0,0,0,0,888,VEHICLE_7933,888,VEHICLE_7933,0,0,0,0,0,0,0,0,0
recovery-fresh-fine-day,fresh,12441600,update,6,5231,12264000,18484800,32,0,0,32,26,6,355,32,32,32,0,0,0,5,32,0,0,0,13127,10100,3027,9842,3285,12592,12592,503,0,10355,1224377,7308,1242158.2873177028,9792,0,0,0,0,0,888,VEHICLE_7933,888,VEHICLE_7933,0,0,0,0,0,0,0,0,0
recovery-fresh-fine-day,fresh,12441600,update,6,5236,12276000,18496800,34,0,1,35,25,10,353,33,33,34,0,85,0,5,35,0,0,0,13137,10109,3028,9847,3290,12599,12599,503,0,10362,1225973,7322,1243777.8362115866,9798,0,0,0,0,0,888,VEHICLE_7933,888,VEHICLE_7933,84,0,0,0,0,0,0,0,0
recovery-fresh-fine-day,fresh,12441600,update,6,5241,12288000,18508800,27,0,3,30,21,9,354,27,27,27,0,0,0,5,30,0,0,0,13150,10118,3032,9857,3293,12616,12616,504,0,10372,1227336,7329,1245159.2124120228,9811,0,0,0,0,0,888,VEHICLE_7933,888,VEHICLE_7933,0,0,0,0,0,0,0,0,0
recovery-fresh-fine-day,fresh,12441600,update,6,5246,12300000,18520800,30,0,2,32,22,10,352,29,29,30,0,31,0,5,32,0,0,0,13168,10131,3037,9871,3297,12630,12630,506,0,10386,1228546,7334,1246381.025601939,9823,0,0,0,0,0,888,VEHICLE_7933,888,VEHICLE_7933,30,0,0,0,0,0,0,0,0
recovery-fresh-fine-day,fresh,12441600,update,6,5251,12312000,18532800,30,0,5,35,26,9,353,27,27,30,0,0,0,5,35,0,0,0,13188,10145,3043,9886,3302,12647,12647,506,0,10402,1229750,7344,1247608.2041305245,9835,0,0,0,0,0,888,VEHICLE_7933,888,VEHICLE_7933,0,0,0,0,0,0,0,0,0
recovery-fresh-fine-day,fresh,12441600,update,6,5256,12324000,18544800,31,0,2,33,24,9,352,31,31,31,0,0,0,5,33,0,0,0,13199,10154,3045,9893,3306,12659,12659,507,0,10409,1231140,7351,1249017.1374343054,9844,0,0,0,0,0,888,VEHICLE_7933,888,VEHICLE_7933,0,0,0,0,0,0,0,0,0
recovery-fresh-fine-day,fresh,12441600,update,6,5261,12336000,18556800,30,0,2,32,24,8,353,30,30,30,0,0,0,5,32,0,0,0,13213,10166,3047,9903,3310,12674,12674,507,0,10419,1232552,7361,1250450.1878037963,9854,0,0,0,0,0,888,VEHICLE_7933,888,VEHICLE_7933,0,0,0,0,0,0,0,0,0
recovery-fresh-fine-day,fresh,12441600,update,6,5266,12348000,18568800,31,0,3,34,25,9,352,30,30,31,0,13,0,5,34,0,0,0,13227,10176,3051,9912,3315,12685,12685,508,0,10429,1233898,7371,1251814.9411393648,9862,0,0,0,0,0,888,VEHICLE_7933,888,VEHICLE_7933,12,0,0,0,0,0,0,0,0
recovery-fresh-fine-day,fresh,12441600,update,6,5271,12360000,18580800,31,0,2,33,25,8,352,31,31,31,0,0,0,5,33,0,0,0,13244,10189,3055,9925,3319,12703,12703,508,0,10443,1235261,7380,1253200.925768811,9877,0,0,0,0,0,888,VEHICLE_7933,888,VEHICLE_7933,0,0,0,0,0,0,0,0,0
recovery-fresh-fine-day,fresh,12441600,update,6,5276,12372000,18592800,29,0,1,30,21,9,352,29,29,29,0,0,0,5,30,0,0,0,13254,10197,3057,9930,3324,12716,12716,508,0,10449,1236657,7387,1254610.2611015409,9886,0,0,0,0,0,888,VEHICLE_7933,888,VEHICLE_7933,0,0,0,0,0,0,0,0,0
recovery-fresh-fine-day,fresh,12441600,update,6,5281,12384000,18604800,26,0,1,27,20,7,352,26,26,26,0,0,0,5,27,0,0,0,13268,10208,3060,9940,3328,12732,12732,509,0,10459,1237974,7396,1255945.3641893833,9898,0,0,0,0,0,888,VEHICLE_7933,888,VEHICLE_7933,0,0,0,0,0,0,0,0,0
recovery-fresh-fine-day,fresh,12441600,update,6,5286,12396000,18616800,30,0,4,34,26,8,353,30,30,30,0,0,0,5,34,0,0,0,13286,10223,3063,9952,3334,12743,12743,509,0,10473,1239174,7400,1257161.8431782152,9904,0,0,0,0,0,888,VEHICLE_7933,888,VEHICLE_7933,0,0,0,0,0,0,0,0,0
recovery-fresh-fine-day,fresh,12441600,update,6,5291,12408000,18628800,28,0,1,29,24,5,354,28,28,28,0,0,0,5,29,0,0,0,13302,10235,3067,9965,3337,12763,12763,510,0,10485,1240435,7411,1258445.7704618794,9919,0,0,0,0,0,888,VEHICLE_7933,888,VEHICLE_7933,0,0,0,0,0,0,0,0,0
recovery-fresh-fine-day,fresh,12441600,update,6,5296,12420000,18640800,32,0,3,35,29,6,356,29,29,32,0,0,0,5,35,0,0,0,13317,10247,3070,9976,3341,12772,12772,510,0,10498,1241829,7421,1259860.5987990454,9924,0,0,0,0,0,888,VEHICLE_7933,888,VEHICLE_7933,0,0,0,0,0,0,0,0,0
recovery-fresh-fine-day,fresh,12441600,update,6,5301,12432000,18652800,28,0,3,31,24,7,355,28,28,28,0,0,0,5,31,0,0,0,13328,10255,3073,9981,3347,12787,12787,510,0,10507,1243247,7430,1261302.6072236078,9938,0,0,0,0,0,888,VEHICLE_7933,888,VEHICLE_7933,0,0,0,0,0,0,0,0,0
recovery-fresh-fine-day,fresh,12441600,update,6,5306,12441600,18662400,33,0,1,34,28,6,356,31,31,33,0,103,0,5,34,0,0,0,13341,10266,3075,9991,3350,12797,12797,510,0,10519,1244434,7437,1262503.412520542,9946,0,0,0,0,0,888,VEHICLE_7933,888,VEHICLE_7933,102,0,0,0,0,0,0,0,0
