run_id,variant,duration_ticks,receipt_relative_path,receipt_line,elapsed,clock,road,atv,flying,all_map,civilian,police,parked,ground_velocity_moving,ground_moved_last_step,ground_mission_bearing,stationary_12000,context_player_fleet,context_nonplayer_onmap,context_aliens_onmap,context_crashed_aliens_onmap,context_crashed_onmap,events_entries,events_road_entries,events_flyer_entries,events_civilian_entries,events_police_entries,events_building_entries,events_confirmed_target_arrivals,events_dead_exits,events_other_exits,events_newly_seen,events_ground_tile_changes,events_ground_reversals,events_ground_distance,events_successful_retirements,max_road_stopped_ticks,road_stopped_12000,sampling_step_ticks,observer_mode
pre-speed5-coarse-logged,pre_review,3110400,pre-speed5-coarse-logged/census.txt,2,0,6220800,0,0,0,0,0,0,330,0,0,0,0,5,0,0,0,0,0,0,0,0,0,0,0,0,0,0,0,0,0,0,,,43200,turbo
pre-speed5-coarse-logged,pre_review,3110400,pre-speed5-coarse-logged/census.txt,125,43200,6264000,6,0,0,6,4,2,328,6,0,6,0,5,6,0,0,0,6,6,0,4,2,0,0,0,0,4,0,0,0,0,,,43200,turbo
pre-speed5-coarse-logged,pre_review,3110400,pre-speed5-coarse-logged/census.txt,129,86400,6307200,6,0,3,9,8,1,329,6,3,6,0,5,9,0,0,0,12,9,3,9,3,2,2,1,0,9,3,0,57.1297881603241,0,,,43200,turbo
pre-speed5-coarse-logged,pre_review,3110400,pre-speed5-coarse-logged/census.txt,133,129600,6350400,5,0,1,6,5,1,330,5,0,5,0,5,6,0,0,0,18,14,4,14,4,7,7,5,0,14,3,0,57.1297881603241,3,,,43200,turbo
pre-speed5-coarse-logged,pre_review,3110400,pre-speed5-coarse-logged/census.txt,137,172800,6393600,4,0,2,6,3,3,330,4,1,4,0,5,6,0,0,0,23,17,6,16,7,9,9,8,0,17,4,0,69.13767504692078,3,,,43200,turbo
pre-speed5-coarse-logged,pre_review,3110400,pre-speed5-coarse-logged/census.txt,141,216000,6436800,3,0,2,5,3,2,330,3,0,3,0,5,5,0,0,0,28,20,8,19,9,13,13,10,0,19,4,0,69.13767504692078,4,,,43200,turbo
pre-speed5-coarse-logged,pre_review,3110400,pre-speed5-coarse-logged/census.txt,145,259200,6480000,4,0,3,7,5,2,329,4,0,4,0,5,7,0,0,0,35,24,11,24,11,15,15,13,0,24,4,0,69.13767504692078,5,,,43200,turbo
pre-speed5-coarse-logged,pre_review,3110400,pre-speed5-coarse-logged/census.txt,149,302400,6523200,5,0,3,8,7,1,330,5,0,5,0,5,8,0,0,0,43,29,14,31,12,18,18,17,0,31,4,0,69.13767504692078,6,,,43200,turbo
pre-speed5-coarse-logged,pre_review,3110400,pre-speed5-coarse-logged/census.txt,153,345600,6566400,5,0,2,7,6,1,330,5,0,5,0,5,7,0,0,0,50,34,16,37,13,21,21,22,0,36,4,0,69.13767504692078,7,,,43200,turbo
pre-speed5-coarse-logged,pre_review,3110400,pre-speed5-coarse-logged/census.txt,157,388800,6609600,8,0,2,10,9,1,330,8,2,8,0,5,10,0,0,0,58,40,18,44,14,22,22,26,0,43,6,0,176.37356638908386,7,,,43200,turbo
pre-speed5-coarse-logged,pre_review,3110400,pre-speed5-coarse-logged/census.txt,161,432000,6652800,2,0,2,4,3,1,330,2,0,2,0,5,4,0,0,0,62,42,20,47,15,26,26,32,0,45,6,0,176.37356638908386,9,,,43200,turbo
pre-speed5-coarse-logged,pre_review,3110400,pre-speed5-coarse-logged/census.txt,165,475200,6696000,5,0,1,6,3,3,329,5,1,5,0,5,6,0,0,0,67,46,21,49,18,27,27,34,0,48,7,0,240.7381522655487,9,,,43200,turbo
pre-speed5-coarse-logged,pre_review,3110400,pre-speed5-coarse-logged/census.txt,169,518400,6739200,5,0,3,8,7,1,331,5,1,5,0,5,8,0,0,0,74,50,24,55,19,31,31,35,0,54,8,0,256.0175244808197,10,,,43200,turbo
pre-speed5-coarse-logged,pre_review,3110400,pre-speed5-coarse-logged/census.txt,173,561600,6782400,9,0,7,16,15,1,330,9,1,9,0,5,16,0,0,0,89,58,31,69,20,34,34,39,0,66,9,0,317.7889211177826,11,,,43200,turbo
pre-speed5-coarse-logged,pre_review,3110400,pre-speed5-coarse-logged/census.txt,177,604800,6825600,9,0,4,13,11,2,330,7,4,9,0,5,13,0,0,0,98,63,35,76,22,36,36,49,0,73,13,0,397.64202427864075,11,,,43200,turbo
pre-speed5-coarse-logged,pre_review,3110400,pre-speed5-coarse-logged/census.txt,181,648000,6868800,12,0,4,16,15,1,330,12,3,12,2,5,16,0,0,0,109,70,39,86,23,39,39,54,0,82,16,0,462.09862637519836,12,,,43200,turbo
pre-speed5-coarse-logged,pre_review,3110400,pre-speed5-coarse-logged/census.txt,185,691200,6912000,11,0,5,16,15,1,330,8,8,11,0,5,16,0,0,0,117,73,44,93,24,42,42,59,0,88,24,0,615.4669826030731,13,,,43200,turbo
pre-speed5-coarse-logged,pre_review,3110400,pre-speed5-coarse-logged/census.txt,189,734400,6955200,15,0,5,20,16,4,330,15,5,15,1,5,20,0,0,0,131,82,49,103,28,48,48,63,0,100,29,0,668.6455619335175,17,,,43200,turbo
pre-speed5-coarse-logged,pre_review,3110400,pre-speed5-coarse-logged/census.txt,193,777600,6998400,15,0,5,20,18,2,331,15,5,15,0,5,20,0,0,0,146,92,54,116,30,56,56,70,0,113,34,0,801.8680763244629,22,,,43200,turbo
pre-speed5-coarse-logged,pre_review,3110400,pre-speed5-coarse-logged/census.txt,197,820800,7041600,22,0,2,24,22,2,332,20,9,22,0,5,24,0,0,0,161,105,56,130,31,60,60,77,0,127,43,0,1091.5769435167313,24,,,43200,turbo
pre-speed5-coarse-logged,pre_review,3110400,pre-speed5-coarse-logged/census.txt,201,864000,7084800,19,0,4,23,20,3,332,14,12,19,2,5,23,0,0,0,170,110,60,137,33,64,64,83,0,134,55,0,1416.026942372322,26,,,43200,turbo
pre-speed5-coarse-logged,pre_review,3110400,pre-speed5-coarse-logged/census.txt,205,907200,7128000,21,0,3,24,20,4,332,18,9,21,1,5,24,0,0,0,184,121,63,148,36,71,71,89,0,146,64,0,1471.783644080162,31,,,43200,turbo
pre-speed5-coarse-logged,pre_review,3110400,pre-speed5-coarse-logged/census.txt,209,950400,7171200,21,0,4,25,21,4,331,17,12,21,2,5,25,0,0,0,195,128,67,157,38,74,74,96,0,154,75,0,1735.1217592954636,32,,,43200,turbo
pre-speed5-coarse-logged,pre_review,3110400,pre-speed5-coarse-logged/census.txt,213,993600,7214400,25,0,5,30,25,5,330,16,16,25,2,5,30,0,0,0,207,135,72,168,39,76,76,101,0,164,91,0,1878.623322725296,33,,,43200,turbo
pre-speed5-coarse-logged,pre_review,3110400,pre-speed5-coarse-logged/census.txt,217,1036800,7257600,24,0,4,28,23,5,331,18,16,24,4,5,28,0,0,0,215,139,76,175,40,80,80,107,0,171,105,0,1943.7833598852158,35,,,43200,turbo
pre-speed5-coarse-logged,pre_review,3110400,pre-speed5-coarse-logged/census.txt,221,1080000,7300800,29,0,5,34,29,5,331,21,17,29,3,5,34,0,0,0,229,148,81,188,41,83,83,112,0,184,122,2,2041.9861679077148,37,,,43200,turbo
pre-speed5-coarse-logged,pre_review,3110400,pre-speed5-coarse-logged/census.txt,225,1123200,7344000,26,0,3,29,24,5,331,15,18,26,4,5,29,0,0,0,236,152,84,194,42,87,87,120,0,189,140,3,2161.392427802086,39,,,43200,turbo
pre-speed5-coarse-logged,pre_review,3110400,pre-speed5-coarse-logged/census.txt,229,1166400,7387200,29,0,6,35,29,6,330,19,18,29,5,5,35,0,0,0,248,158,90,205,43,90,90,123,0,199,158,6,2267.337760090828,41,,,43200,turbo
pre-speed5-coarse-logged,pre_review,3110400,pre-speed5-coarse-logged/census.txt,233,1209600,7430400,30,0,4,34,30,4,331,19,17,30,8,5,34,0,0,0,257,163,94,214,43,94,94,129,0,207,175,8,2385.964883208275,43,,,43200,turbo
pre-speed5-coarse-logged,pre_review,3110400,pre-speed5-coarse-logged/census.txt,237,1252800,7473600,33,0,2,35,30,5,331,20,16,33,8,5,35,0,0,0,268,172,96,224,44,98,98,135,0,217,190,11,2439.255590081215,46,,,43200,turbo
pre-speed5-coarse-logged,pre_review,3110400,pre-speed5-coarse-logged/census.txt,241,1296000,7516800,33,0,2,35,31,4,331,18,22,33,7,5,35,0,0,0,274,176,98,230,44,100,100,139,0,222,211,14,2622.454267144203,47,,,43200,turbo
pre-speed5-coarse-logged,pre_review,3110400,pre-speed5-coarse-logged/census.txt,245,1339200,7560000,34,0,1,35,30,5,330,17,23,34,6,5,35,0,0,0,280,181,99,235,45,104,104,141,0,226,234,19,2745.4224358797073,50,,,43200,turbo
pre-speed5-coarse-logged,pre_review,3110400,pre-speed5-coarse-logged/census.txt,249,1382400,7603200,33,0,2,35,30,5,330,19,24,33,7,5,35,0,0,0,284,183,101,238,46,106,106,143,0,229,257,23,2883.0734699964523,51,,,43200,turbo
pre-speed5-coarse-logged,pre_review,3110400,pre-speed5-coarse-logged/census.txt,253,1425600,7646400,33,0,3,36,30,6,329,20,25,33,3,5,36,0,0,0,292,188,104,244,48,111,111,145,0,235,282,27,2957.702215075493,55,,,43200,turbo
pre-speed5-coarse-logged,pre_review,3110400,pre-speed5-coarse-logged/census.txt,257,1468800,7689600,34,0,1,35,30,5,330,19,27,34,5,5,35,0,0,0,295,190,105,247,48,113,113,147,0,237,309,30,3154.1683551073074,55,,,43200,turbo
pre-speed5-coarse-logged,pre_review,3110400,pre-speed5-coarse-logged/census.txt,261,1512000,7732800,33,0,2,35,29,6,328,20,24,33,8,5,35,0,0,0,298,191,107,249,49,114,114,149,0,238,330,35,3265.058203101158,56,,,43200,turbo
pre-speed5-coarse-logged,pre_review,3110400,pre-speed5-coarse-logged/census.txt,265,1555200,7776000,29,0,6,35,31,4,329,13,23,29,5,5,35,0,0,0,305,192,113,256,49,119,119,151,0,244,351,38,3314.8479410409927,59,,,43200,turbo
pre-speed5-coarse-logged,pre_review,3110400,pre-speed5-coarse-logged/census.txt,269,1598400,7819200,32,0,3,35,30,5,329,18,21,32,7,5,35,0,0,0,312,196,116,262,50,121,121,156,0,250,371,42,3362.0286960601807,60,,,43200,turbo
pre-speed5-coarse-logged,pre_review,3110400,pre-speed5-coarse-logged/census.txt,273,1641600,7862400,33,0,2,35,30,5,329,15,23,33,8,5,35,0,0,0,316,198,118,266,50,122,122,159,0,253,394,48,3479.9746222496033,60,,,43200,turbo
pre-speed5-coarse-logged,pre_review,3110400,pre-speed5-coarse-logged/census.txt,277,1684800,7905600,34,0,1,35,30,5,330,18,22,34,10,5,35,0,0,0,319,200,119,269,50,124,124,160,0,256,415,54,3589.8833895921707,61,,,43200,turbo
pre-speed5-coarse-logged,pre_review,3110400,pre-speed5-coarse-logged/census.txt,281,1728000,7948800,32,0,3,35,31,4,330,16,24,32,8,5,35,0,0,0,322,200,122,272,50,125,125,162,0,258,439,59,3656.843931913376,61,,,43200,turbo
pre-speed5-coarse-logged,pre_review,3110400,pre-speed5-coarse-logged/census.txt,285,1771200,7992000,32,0,3,35,30,5,329,16,27,32,3,5,35,0,0,0,327,202,125,276,51,128,128,164,0,261,465,66,3709.0003360509872,63,,,43200,turbo
pre-speed5-coarse-logged,pre_review,3110400,pre-speed5-coarse-logged/census.txt,289,1814400,8035200,32,0,3,35,31,4,331,23,19,32,10,5,35,0,0,0,333,205,128,282,51,131,131,167,0,267,484,68,3756.356137394905,64,,,43200,turbo
pre-speed5-coarse-logged,pre_review,3110400,pre-speed5-coarse-logged/census.txt,293,1857600,8078400,33,0,2,35,30,5,330,21,27,33,2,5,35,0,0,0,339,209,130,287,52,135,135,169,0,271,511,70,3893.3891704678535,67,,,43200,turbo
pre-speed5-coarse-logged,pre_review,3110400,pre-speed5-coarse-logged/census.txt,297,1900800,8121600,32,0,2,34,30,4,331,16,20,32,9,5,34,0,0,0,344,212,132,292,52,139,139,171,0,275,529,73,3997.645744085312,69,,,43200,turbo
pre-speed5-coarse-logged,pre_review,3110400,pre-speed5-coarse-logged/census.txt,301,1944000,8164800,33,0,2,35,30,5,329,19,24,33,6,5,35,0,0,0,349,215,134,296,53,141,141,173,0,278,552,75,4178.071314096451,71,,,43200,turbo
pre-speed5-coarse-logged,pre_review,3110400,pre-speed5-coarse-logged/census.txt,305,1987200,8208000,32,0,3,35,30,5,330,18,24,32,4,5,35,0,0,0,356,219,137,302,54,146,146,175,0,284,576,83,4257.548138141632,74,,,43200,turbo
pre-speed5-coarse-logged,pre_review,3110400,pre-speed5-coarse-logged/census.txt,309,2030400,8251200,33,0,2,35,29,6,328,19,29,33,3,5,35,0,0,0,359,220,139,304,55,146,146,178,0,285,604,88,4367.972948312759,74,,,43200,turbo
pre-speed5-coarse-logged,pre_review,3110400,pre-speed5-coarse-logged/census.txt,313,2073600,8294400,29,0,2,31,28,3,331,17,19,29,8,5,31,0,0,0,363,222,141,308,55,153,153,179,0,289,623,88,4411.516829252243,78,,,43200,turbo
pre-speed5-coarse-logged,pre_review,3110400,pre-speed5-coarse-logged/census.txt,317,2116800,8337600,31,0,4,35,29,6,329,16,21,31,7,5,35,0,0,0,370,225,145,312,58,155,155,180,0,293,642,91,4478.640239059925,79,,,43200,turbo
pre-speed5-coarse-logged,pre_review,3110400,pre-speed5-coarse-logged/census.txt,321,2160000,8380800,31,0,3,34,29,5,330,19,19,31,9,5,34,0,0,0,376,228,148,317,59,158,158,184,0,298,661,95,4523.076754391193,80,,,43200,turbo
pre-speed5-coarse-logged,pre_review,3110400,pre-speed5-coarse-logged/census.txt,325,2203200,8424000,31,0,1,32,26,6,329,18,18,31,10,5,32,0,0,0,380,231,149,320,60,160,160,188,0,300,679,101,4579.146747946739,81,,,43200,turbo
pre-speed5-coarse-logged,pre_review,3110400,pre-speed5-coarse-logged/census.txt,329,2246400,8467200,33,0,2,35,29,6,328,20,20,33,10,5,35,0,0,0,385,234,151,325,60,160,160,190,0,304,698,109,4627.213178515434,81,,,43200,turbo
pre-speed5-coarse-logged,pre_review,3110400,pre-speed5-coarse-logged/census.txt,333,2289600,8510400,32,0,3,35,29,6,328,16,24,32,8,5,35,0,0,0,388,234,154,328,60,161,161,192,0,306,722,113,4780.10128223896,81,,,43200,turbo
pre-speed5-coarse-logged,pre_review,3110400,pre-speed5-coarse-logged/census.txt,337,2332800,8553600,33,0,2,35,29,6,328,20,21,33,10,5,35,0,0,0,392,236,156,332,60,163,163,194,0,309,742,118,4830.096625983715,82,,,43200,turbo
pre-speed5-coarse-logged,pre_review,3110400,pre-speed5-coarse-logged/census.txt,341,2376000,8596800,32,0,3,35,29,6,329,19,20,32,10,5,35,0,0,0,397,238,159,337,60,165,165,197,0,314,760,121,4871.932988524437,83,,,43200,turbo
pre-speed5-coarse-logged,pre_review,3110400,pre-speed5-coarse-logged/census.txt,345,2419200,8640000,33,0,2,35,29,6,329,18,22,33,10,5,35,0,0,0,400,239,161,340,60,166,166,199,0,316,782,127,4974.676938652992,83,,,43200,turbo
pre-speed5-coarse-logged,pre_review,3110400,pre-speed5-coarse-logged/census.txt,349,2462400,8683200,33,0,2,35,29,6,329,16,20,33,10,5,35,0,0,0,405,242,163,345,60,168,168,202,0,320,802,131,5022.890356659889,84,,,43200,turbo
pre-speed5-coarse-logged,pre_review,3110400,pre-speed5-coarse-logged/census.txt,353,2505600,8726400,30,0,3,33,27,6,329,16,18,30,11,5,33,0,0,0,409,243,166,349,60,170,170,206,0,323,820,135,5051.218225002289,85,,,43200,turbo
pre-speed5-coarse-logged,pre_review,3110400,pre-speed5-coarse-logged/census.txt,357,2548800,8769600,31,0,3,34,26,8,329,16,25,31,4,5,34,0,0,0,414,245,169,352,62,171,171,209,0,327,845,144,5086.118240356445,85,,,43200,turbo
pre-speed5-coarse-logged,pre_review,3110400,pre-speed5-coarse-logged/census.txt,361,2592000,8812800,32,0,3,35,29,6,329,15,24,32,6,5,35,0,0,0,419,247,172,357,62,172,172,212,0,331,868,146,5145.95091176033,85,,,43200,turbo
pre-speed5-coarse-logged,pre_review,3110400,pre-speed5-coarse-logged/census.txt,365,2635200,8856000,33,0,2,35,29,6,329,19,19,33,12,5,35,0,0,0,423,249,174,361,62,173,173,215,0,334,886,147,5192.40649074316,85,,,43200,turbo
pre-speed5-coarse-logged,pre_review,3110400,pre-speed5-coarse-logged/census.txt,369,2678400,8899200,33,0,1,34,28,6,330,17,27,33,3,5,34,0,0,0,427,252,175,365,62,175,175,218,0,338,913,154,5245.482299268246,86,,,43200,turbo
pre-speed5-coarse-logged,pre_review,3110400,pre-speed5-coarse-logged/census.txt,373,2721600,8942400,32,0,3,35,29,6,330,18,25,32,6,5,35,0,0,0,431,253,178,369,62,177,177,219,0,341,935,159,5335.4546943111345,87,,,43200,turbo
pre-speed5-coarse-logged,pre_review,3110400,pre-speed5-coarse-logged/census.txt,377,2764800,8985600,33,0,2,35,28,7,330,14,25,33,6,5,35,0,0,0,435,255,180,372,63,179,179,221,0,344,957,165,5389.449015895836,88,,,43200,turbo
pre-speed5-coarse-logged,pre_review,3110400,pre-speed5-coarse-logged/census.txt,381,2808000,9028800,32,0,3,35,29,6,329,13,17,32,12,5,35,0,0,0,441,258,183,378,63,181,181,225,0,349,973,171,5414.009999553673,90,,,43200,turbo
pre-speed5-coarse-logged,pre_review,3110400,pre-speed5-coarse-logged/census.txt,385,2851200,9072000,32,0,3,35,29,6,329,16,16,32,14,5,35,0,0,0,446,260,186,383,63,182,182,229,0,353,988,175,5483.5802632970735,90,,,43200,turbo
pre-speed5-coarse-logged,pre_review,3110400,pre-speed5-coarse-logged/census.txt,389,2894400,9115200,34,0,1,35,28,7,329,12,21,34,10,5,35,0,0,0,450,263,187,386,64,184,184,231,0,356,1008,181,5554.504029254429,91,,,43200,turbo
pre-speed5-coarse-logged,pre_review,3110400,pre-speed5-coarse-logged/census.txt,393,2937600,9158400,32,0,3,35,28,7,328,11,19,32,13,5,35,0,0,0,453,263,190,389,64,184,184,234,0,358,1027,184,5622.763871411793,91,,,43200,turbo
pre-speed5-coarse-logged,pre_review,3110400,pre-speed5-coarse-logged/census.txt,397,2980800,9201600,32,0,3,35,28,7,328,12,27,32,4,5,35,0,0,0,457,264,193,392,65,185,185,237,0,361,1054,192,5663.023073415272,91,,,43200,turbo
pre-speed5-coarse-logged,pre_review,3110400,pre-speed5-coarse-logged/census.txt,401,3024000,9244800,33,0,2,35,28,7,328,15,22,33,10,5,35,0,0,0,460,265,195,395,65,186,186,239,0,363,1072,195,5722.8633899642155,91,,,43200,turbo
pre-speed5-coarse-logged,pre_review,3110400,pre-speed5-coarse-logged/census.txt,405,3067200,9288000,33,0,2,35,28,7,328,15,19,33,13,5,35,0,0,0,463,266,197,398,65,187,187,241,0,365,1091,200,5753.444968457334,91,,,43200,turbo
pre-speed5-coarse-logged,pre_review,3110400,pre-speed5-coarse-logged/census.txt,409,3110400,9331200,33,0,2,35,28,7,327,16,19,33,12,5,35,0,0,0,467,268,199,402,65,188,188,244,0,368,1107,203,5781.811644191854,92,,,43200,turbo
post-speed5-coarse-logged,post_review_intermediate,3110400,post-speed5-coarse-logged/census.txt,2,0,6220800,0,0,0,0,0,0,330,0,0,0,0,5,0,0,0,0,0,0,0,0,0,0,0,0,0,0,0,0,0,0,,,43200,turbo
post-speed5-coarse-logged,post_review_intermediate,3110400,post-speed5-coarse-logged/census.txt,125,43200,6264000,23,0,3,26,21,5,328,21,0,23,0,5,26,0,0,0,26,23,3,21,5,0,0,0,0,25,0,0,0,0,,,43200,turbo
post-speed5-coarse-logged,post_review_intermediate,3110400,post-speed5-coarse-logged/census.txt,129,86400,6307200,32,0,2,34,29,5,328,28,11,32,0,5,34,0,0,0,49,44,5,42,7,7,7,8,0,50,11,0,303.0383720397949,7,,,43200,turbo
post-speed5-coarse-logged,post_review_intermediate,3110400,post-speed5-coarse-logged/census.txt,133,129600,6350400,32,0,2,34,28,6,328,30,14,32,0,5,34,0,0,0,69,62,7,59,10,19,19,16,0,70,25,0,652.5250171422958,19,,,43200,turbo
post-speed5-coarse-logged,post_review_intermediate,3110400,post-speed5-coarse-logged/census.txt,137,172800,6393600,30,0,2,32,27,5,329,27,9,30,0,5,32,0,0,0,92,83,9,80,12,34,34,26,0,95,34,0,1031.2006801366806,34,,,43200,turbo
post-speed5-coarse-logged,post_review_intermediate,3110400,post-speed5-coarse-logged/census.txt,141,216000,6436800,34,0,1,35,30,5,327,32,16,34,0,5,35,0,0,0,111,101,10,97,14,42,42,34,0,114,49,0,1433.3365176916122,42,,,43200,turbo
post-speed5-coarse-logged,post_review_intermediate,3110400,post-speed5-coarse-logged/census.txt,145,259200,6480000,30,0,3,33,28,5,327,27,11,30,0,5,33,0,0,0,133,120,13,117,16,57,57,43,0,137,59,0,1699.5629335045815,57,,,43200,turbo
post-speed5-coarse-logged,post_review_intermediate,3110400,post-speed5-coarse-logged/census.txt,149,302400,6523200,27,0,4,31,26,5,330,25,9,27,0,5,31,0,0,0,155,138,17,138,17,71,70,53,0,160,68,0,1940.0304408669472,69,,,43200,turbo
post-speed5-coarse-logged,post_review_intermediate,3110400,post-speed5-coarse-logged/census.txt,153,345600,6566400,31,0,2,33,30,3,328,24,11,31,0,5,33,0,0,0,177,158,19,159,18,84,83,60,0,180,79,0,2157.4021688103676,82,,,43200,turbo
post-speed5-coarse-logged,post_review_intermediate,3110400,post-speed5-coarse-logged/census.txt,157,388800,6609600,31,0,3,34,32,2,329,26,10,31,0,5,34,0,0,0,201,179,22,183,18,101,99,66,0,206,89,0,2261.705284655094,98,,,43200,turbo
post-speed5-coarse-logged,post_review_intermediate,3110400,post-speed5-coarse-logged/census.txt,161,432000,6652800,28,0,1,29,23,6,330,26,8,28,0,5,29,0,0,0,222,199,23,199,23,117,115,76,0,229,97,0,2611.200334608555,112,,,43200,turbo
post-speed5-coarse-logged,post_review_intermediate,3110400,post-speed5-coarse-logged/census.txt,165,475200,6696000,32,0,1,33,28,5,331,25,14,32,0,5,33,0,0,0,241,217,24,215,26,128,125,80,0,249,111,0,3070.8063883185387,122,,,43200,turbo
post-speed5-coarse-logged,post_review_intermediate,3110400,post-speed5-coarse-logged/census.txt,169,518400,6739200,31,0,3,34,29,5,329,26,15,31,0,5,34,0,0,0,260,233,27,232,28,142,139,84,0,268,126,0,3481.657795369625,136,,,43200,turbo
post-speed5-coarse-logged,post_review_intermediate,3110400,post-speed5-coarse-logged/census.txt,173,561600,6782400,28,0,6,34,30,4,330,26,10,28,0,5,34,0,0,0,284,251,33,256,28,158,155,92,0,293,136,0,3560.3698469996452,151,,,43200,turbo
post-speed5-coarse-logged,post_review_intermediate,3110400,post-speed5-coarse-logged/census.txt,177,604800,6825600,34,0,1,35,31,4,330,31,15,34,0,5,35,0,0,0,304,270,34,275,29,168,165,101,0,314,151,0,3873.1385499835014,161,,,43200,turbo
post-speed5-coarse-logged,post_review_intermediate,3110400,post-speed5-coarse-logged/census.txt,181,648000,6868800,33,0,1,34,30,4,330,29,18,33,0,5,34,0,0,0,320,285,35,289,31,181,177,105,0,331,168,0,4351.906543731689,173,,,43200,turbo
post-speed5-coarse-logged,post_review_intermediate,3110400,post-speed5-coarse-logged/census.txt,185,691200,6912000,32,0,2,34,29,5,329,27,15,32,0,5,34,0,0,0,339,302,37,306,33,196,192,109,0,350,183,0,4836.298851013184,187,,,43200,turbo
post-speed5-coarse-logged,post_review_intermediate,3110400,post-speed5-coarse-logged/census.txt,189,734400,6955200,34,0,0,34,29,5,329,24,18,34,1,5,34,0,0,0,354,317,37,320,34,206,202,114,0,367,201,0,5268.11827147007,197,,,43200,turbo
post-speed5-coarse-logged,post_review_intermediate,3110400,post-speed5-coarse-logged/census.txt,193,777600,6998400,31,0,3,34,28,6,328,20,20,31,1,5,34,0,0,0,367,327,40,332,35,211,207,122,0,381,220,0,5488.873232245445,202,,,43200,turbo
post-speed5-coarse-logged,post_review_intermediate,3110400,post-speed5-coarse-logged/census.txt,197,820800,7041600,33,0,1,34,27,7,328,22,24,33,0,5,34,0,0,0,377,336,41,340,37,217,213,126,0,393,244,1,5845.7485510110855,208,,,43200,turbo
post-speed5-coarse-logged,post_review_intermediate,3110400,post-speed5-coarse-logged/census.txt,201,864000,7084800,32,0,2,34,31,3,330,23,16,32,2,5,34,0,0,0,393,350,43,356,37,230,224,129,0,409,260,1,6029.233394622803,219,,,43200,turbo
post-speed5-coarse-logged,post_review_intermediate,3110400,post-speed5-coarse-logged/census.txt,205,907200,7128000,35,0,0,35,31,4,329,25,24,35,0,5,35,0,0,0,404,361,43,365,39,235,229,134,0,419,283,1,6347.958962917328,224,,,43200,turbo
post-speed5-coarse-logged,post_review_intermediate,3110400,post-speed5-coarse-logged/census.txt,209,950400,7171200,34,0,0,34,29,5,329,22,21,34,0,5,34,0,0,0,417,374,43,377,40,246,240,137,0,434,304,1,6632.492485642433,235,,,43200,turbo
post-speed5-coarse-logged,post_review_intermediate,3110400,post-speed5-coarse-logged/census.txt,213,993600,7214400,34,0,1,35,31,4,330,14,19,34,6,5,35,0,0,0,427,383,44,387,40,253,246,139,0,445,323,2,6935.305473923683,241,,,43200,turbo
post-speed5-coarse-logged,post_review_intermediate,3110400,post-speed5-coarse-logged/census.txt,217,1036800,7257600,35,0,0,35,28,7,328,13,18,35,8,5,35,0,0,0,436,392,44,393,43,260,253,141,0,454,340,4,7016.405429422855,248,,,43200,turbo
post-speed5-coarse-logged,post_review_intermediate,3110400,post-speed5-coarse-logged/census.txt,221,1080000,7300800,35,0,1,36,29,7,327,7,17,35,14,5,36,0,0,0,441,396,45,398,43,263,256,142,0,459,353,7,7130.796596199274,251,,,43200,turbo
post-speed5-coarse-logged,post_review_intermediate,3110400,post-speed5-coarse-logged/census.txt,225,1123200,7344000,35,0,1,36,29,7,327,12,27,35,6,5,36,0,0,0,444,398,46,401,43,265,258,143,0,462,379,16,7245.896310478449,253,,,43200,turbo
post-speed5-coarse-logged,post_review_intermediate,3110400,post-speed5-coarse-logged/census.txt,229,1166400,7387200,34,0,1,35,28,7,328,17,21,34,9,5,35,0,0,0,449,402,47,405,44,268,260,146,0,467,398,27,7300.6339900791645,255,,,43200,turbo
post-speed5-coarse-logged,post_review_intermediate,3110400,post-speed5-coarse-logged/census.txt,233,1209600,7430400,35,0,0,35,27,8,329,6,26,35,8,5,35,0,0,0,450,403,47,405,45,268,260,147,0,469,424,38,7416.662438303232,255,,,43200,turbo
post-speed5-coarse-logged,post_review_intermediate,3110400,post-speed5-coarse-logged/census.txt,237,1252800,7473600,35,0,0,35,27,8,328,6,16,35,18,5,35,0,0,0,451,404,47,406,45,268,260,148,0,471,440,45,7442.150022417307,255,,,43200,turbo
post-speed5-coarse-logged,post_review_intermediate,3110400,post-speed5-coarse-logged/census.txt,241,1296000,7516800,35,0,0,35,27,8,328,8,16,35,18,5,35,0,0,0,452,405,47,407,45,269,261,148,0,473,455,48,7481.336979061365,256,,,43200,turbo
post-speed5-coarse-logged,post_review_intermediate,3110400,post-speed5-coarse-logged/census.txt,245,1339200,7560000,35,0,0,35,28,7,328,9,16,35,18,5,35,0,0,0,453,406,47,408,45,270,262,148,0,475,470,54,7502.730279237032,257,,,43200,turbo
post-speed5-coarse-logged,post_review_intermediate,3110400,post-speed5-coarse-logged/census.txt,249,1382400,7603200,35,0,0,35,28,7,328,12,32,35,0,5,35,0,0,0,456,409,47,411,45,273,265,148,0,479,501,60,7581.107882887125,260,,,43200,turbo
post-speed5-coarse-logged,post_review_intermediate,3110400,post-speed5-coarse-logged/census.txt,253,1425600,7646400,34,0,1,35,28,7,327,22,29,34,3,5,35,0,0,0,459,411,48,414,45,274,266,150,0,482,528,64,7670.728648990393,261,,,43200,turbo
post-speed5-coarse-logged,post_review_intermediate,3110400,post-speed5-coarse-logged/census.txt,257,1468800,7689600,34,0,1,35,28,7,327,19,28,34,2,5,35,0,0,0,464,415,49,419,45,278,270,151,0,487,555,68,7801.860262483358,265,,,43200,turbo
post-speed5-coarse-logged,post_review_intermediate,3110400,post-speed5-coarse-logged/census.txt,261,1512000,7732800,33,0,1,34,27,7,328,19,25,33,1,5,34,0,0,0,471,422,49,425,46,286,278,151,0,495,578,69,8083.76998719573,273,,,43200,turbo
post-speed5-coarse-logged,post_review_intermediate,3110400,post-speed5-coarse-logged/census.txt,265,1555200,7776000,32,0,1,33,26,7,329,22,23,32,1,5,33,0,0,0,480,430,50,434,46,292,284,155,0,508,601,72,8201.627613931894,279,,,43200,turbo
post-speed5-coarse-logged,post_review_intermediate,3110400,post-speed5-coarse-logged/census.txt,269,1598400,7819200,34,0,0,34,28,6,329,24,22,34,2,5,34,0,0,0,490,440,50,444,46,298,290,158,0,520,622,75,8346.147520929575,285,,,43200,turbo
post-speed5-coarse-logged,post_review_intermediate,3110400,post-speed5-coarse-logged/census.txt,273,1641600,7862400,35,0,1,36,31,5,328,22,26,35,0,5,36,0,0,0,500,449,51,454,46,303,295,161,0,530,646,77,8690.36500993371,290,,,43200,turbo
post-speed5-coarse-logged,post_review_intermediate,3110400,post-speed5-coarse-logged/census.txt,277,1684800,7905600,33,0,2,35,32,3,329,21,24,33,0,5,35,0,0,0,511,458,53,465,46,313,304,163,0,542,670,80,8999.552252680063,299,,,43200,turbo
post-speed5-coarse-logged,post_review_intermediate,3110400,post-speed5-coarse-logged/census.txt,281,1728000,7948800,34,0,0,34,28,6,329,23,24,34,1,5,34,0,0,0,520,467,53,471,49,320,311,166,0,552,694,80,9304.255308061838,306,,,43200,turbo
post-speed5-coarse-logged,post_review_intermediate,3110400,post-speed5-coarse-logged/census.txt,285,1771200,7992000,32,0,2,34,29,5,330,18,14,32,6,5,34,0,0,0,534,479,55,484,50,333,324,167,0,568,707,80,9395.507299214602,319,,,43200,turbo
post-speed5-coarse-logged,post_review_intermediate,3110400,post-speed5-coarse-logged/census.txt,289,1814400,8035200,34,0,1,35,31,4,329,15,16,34,8,5,35,0,0,0,545,489,56,495,50,337,328,173,0,580,721,82,9493.044197767973,323,,,43200,turbo
post-speed5-coarse-logged,post_review_intermediate,3110400,post-speed5-coarse-logged/census.txt,293,1857600,8078400,34,0,0,34,30,4,330,18,25,34,5,5,34,0,0,0,549,493,56,499,50,341,332,174,0,587,746,84,9659.573847144842,327,,,43200,turbo
post-speed5-coarse-logged,post_review_intermediate,3110400,post-speed5-coarse-logged/census.txt,297,1900800,8121600,34,0,1,35,30,5,329,21,23,34,1,5,35,0,0,0,560,503,57,508,52,348,339,177,0,599,765,84,9792.215503305197,334,,,43200,turbo
post-speed5-coarse-logged,post_review_intermediate,3110400,post-speed5-coarse-logged/census.txt,301,1944000,8164800,32,0,3,35,31,4,329,13,25,32,1,5,35,0,0,0,569,509,60,517,52,352,343,182,0,609,789,85,9990.707696169615,338,,,43200,turbo
post-speed5-coarse-logged,post_review_intermediate,3110400,post-speed5-coarse-logged/census.txt,305,1987200,8208000,34,0,1,35,30,5,329,18,24,34,2,5,35,0,0,0,578,517,61,525,53,358,349,185,0,620,811,87,10149.956546872854,344,,,43200,turbo
post-speed5-coarse-logged,post_review_intermediate,3110400,post-speed5-coarse-logged/census.txt,309,2030400,8251200,34,0,1,35,32,3,330,17,22,34,4,5,35,0,0,0,587,525,62,534,53,365,355,187,0,629,831,89,10391.643909215927,349,,,43200,turbo
post-speed5-coarse-logged,post_review_intermediate,3110400,post-speed5-coarse-logged/census.txt,313,2073600,8294400,35,0,0,35,30,5,329,18,27,35,3,5,35,0,0,0,592,530,62,537,55,367,357,190,0,634,857,89,10597.504544854164,351,,,43200,turbo
post-speed5-coarse-logged,post_review_intermediate,3110400,post-speed5-coarse-logged/census.txt,317,2116800,8337600,34,0,1,35,30,5,330,20,28,34,1,5,35,0,0,0,598,535,63,543,55,372,362,191,0,642,884,89,10676.40333878994,356,,,43200,turbo
post-speed5-coarse-logged,post_review_intermediate,3110400,post-speed5-coarse-logged/census.txt,321,2160000,8380800,35,0,1,36,31,5,330,19,30,35,1,5,36,0,0,0,603,539,64,548,55,375,365,192,0,648,911,89,10870.195886611938,359,,,43200,turbo
post-speed5-coarse-logged,post_review_intermediate,3110400,post-speed5-coarse-logged/census.txt,325,2203200,8424000,34,0,1,35,30,5,330,23,26,34,5,5,35,0,0,0,607,542,65,552,55,378,368,194,0,652,936,89,11185.197503566742,361,,,43200,turbo
post-speed5-coarse-logged,post_review_intermediate,3110400,post-speed5-coarse-logged/census.txt,329,2246400,8467200,33,0,1,34,29,5,329,23,24,33,1,5,34,0,0,0,616,550,66,561,55,387,377,195,0,662,960,90,11442.300601363182,370,,,43200,turbo
post-speed5-coarse-logged,post_review_intermediate,3110400,post-speed5-coarse-logged/census.txt,333,2289600,8510400,33,0,1,34,27,7,330,19,17,33,2,5,34,0,0,0,631,564,67,574,57,398,388,199,0,679,977,92,11588.723387241364,381,,,43200,turbo
post-speed5-coarse-logged,post_review_intermediate,3110400,post-speed5-coarse-logged/census.txt,337,2332800,8553600,34,0,1,35,26,9,329,19,25,34,0,5,35,0,0,0,641,573,68,581,60,403,393,203,0,689,1002,93,11755.755846381187,386,,,43200,turbo
post-speed5-coarse-logged,post_review_intermediate,3110400,post-speed5-coarse-logged/census.txt,341,2376000,8596800,32,0,4,36,27,9,329,14,23,32,1,5,36,0,0,0,653,581,72,591,62,410,400,207,0,701,1023,93,11902.792367070913,393,,,43200,turbo
post-speed5-coarse-logged,post_review_intermediate,3110400,post-speed5-coarse-logged/census.txt,345,2419200,8640000,35,0,0,35,27,8,329,27,24,35,0,5,35,0,0,0,664,592,72,601,63,416,406,213,0,713,1046,94,12116.054536312819,399,,,43200,turbo
post-speed5-coarse-logged,post_review_intermediate,3110400,post-speed5-coarse-logged/census.txt,349,2462400,8683200,35,0,0,35,29,6,329,26,25,35,0,5,35,0,0,0,674,602,72,611,63,423,413,216,0,724,1070,96,12415.330316752195,406,,,43200,turbo
post-speed5-coarse-logged,post_review_intermediate,3110400,post-speed5-coarse-logged/census.txt,353,2505600,8726400,34,0,1,35,28,7,330,23,28,34,1,5,35,0,0,0,680,607,73,616,64,428,418,217,0,732,1098,98,12683.475740760565,411,,,43200,turbo
post-speed5-coarse-logged,post_review_intermediate,3110400,post-speed5-coarse-logged/census.txt,357,2548800,8769600,34,0,0,34,26,8,329,25,24,34,4,5,34,0,0,0,686,613,73,620,66,432,422,220,0,739,1122,98,12927.732214778662,415,,,43200,turbo
post-speed5-coarse-logged,post_review_intermediate,3110400,post-speed5-coarse-logged/census.txt,361,2592000,8812800,29,0,3,32,25,7,329,19,24,29,0,5,32,0,0,0,694,618,76,628,66,440,430,222,0,747,1146,100,13152.330937594175,423,,,43200,turbo
post-speed5-coarse-logged,post_review_intermediate,3110400,post-speed5-coarse-logged/census.txt,365,2635200,8856000,31,0,3,34,30,4,330,25,14,31,0,5,34,0,0,0,714,635,79,646,68,454,443,226,0,768,1160,100,13450.90676137805,436,,,43200,turbo
post-speed5-coarse-logged,post_review_intermediate,3110400,post-speed5-coarse-logged/census.txt,369,2678400,8899200,33,0,1,34,30,4,331,26,20,33,0,5,34,0,0,0,728,648,80,658,70,465,454,229,0,783,1180,100,13926.055988520384,446,,,43200,turbo
post-speed5-coarse-logged,post_review_intermediate,3110400,post-speed5-coarse-logged/census.txt,373,2721600,8942400,33,0,0,33,28,5,331,27,15,33,1,5,33,0,0,0,745,665,80,672,73,479,467,233,0,800,1195,100,14176.570499390364,459,,,43200,turbo
post-speed5-coarse-logged,post_review_intermediate,3110400,post-speed5-coarse-logged/census.txt,377,2764800,8985600,33,0,1,34,28,6,330,27,16,33,2,5,34,0,0,0,761,680,81,685,76,491,478,236,0,815,1211,100,14530.887473315,470,,,43200,turbo
post-speed5-coarse-logged,post_review_intermediate,3110400,post-speed5-coarse-logged/census.txt,381,2808000,9028800,35,0,0,35,29,6,329,19,24,35,0,5,35,0,0,0,772,691,81,695,77,499,486,238,0,826,1233,102,14910.196323126554,478,,,43200,turbo
post-speed5-coarse-logged,post_review_intermediate,3110400,post-speed5-coarse-logged/census.txt,385,2851200,9072000,34,0,2,36,30,6,329,23,27,34,1,5,36,0,0,0,780,697,83,703,77,503,490,241,0,835,1259,102,15188.474834233522,482,,,43200,turbo
post-speed5-coarse-logged,post_review_intermediate,3110400,post-speed5-coarse-logged/census.txt,389,2894400,9115200,34,0,0,34,30,4,330,22,23,34,1,5,34,0,0,0,790,707,83,712,78,511,498,245,0,846,1282,102,15468.930826455355,488,,,43200,turbo
post-speed5-coarse-logged,post_review_intermediate,3110400,post-speed5-coarse-logged/census.txt,393,2937600,9158400,33,0,2,35,30,5,328,21,24,33,1,5,35,0,0,0,800,715,85,721,79,518,505,247,0,856,1306,103,15771.938347607851,495,,,43200,turbo
post-speed5-coarse-logged,post_review_intermediate,3110400,post-speed5-coarse-logged/census.txt,397,2980800,9201600,27,0,2,29,27,2,330,21,20,27,0,5,29,0,0,0,809,722,87,730,79,529,515,251,0,866,1326,104,15996.005563765764,504,,,43200,turbo
post-speed5-coarse-logged,post_review_intermediate,3110400,post-speed5-coarse-logged/census.txt,401,3024000,9244800,31,0,3,34,29,5,328,29,16,31,0,5,34,0,0,0,827,737,90,745,82,537,523,256,0,884,1342,104,16310.883658796549,512,,,43200,turbo
post-speed5-coarse-logged,post_review_intermediate,3110400,post-speed5-coarse-logged/census.txt,405,3067200,9288000,34,0,1,35,30,5,328,30,12,34,0,5,35,0,0,0,850,759,91,767,83,552,538,263,0,908,1353,104,16560.166187793016,527,,,43200,turbo
post-speed5-coarse-logged,post_review_intermediate,3110400,post-speed5-coarse-logged/census.txt,409,3110400,9331200,35,0,0,35,26,9,329,23,20,35,0,5,35,0,0,0,865,774,91,777,88,560,545,270,0,924,1372,104,16846.373824626207,534,,,43200,turbo
pre-speed5-day,pre_review,12441600,pre-speed5-day/census.txt,2,0,6220800,0,0,0,0,0,0,330,0,0,0,0,5,0,0,0,0,0,0,0,0,0,0,0,0,0,0,0,0,0,0,,,43200,turbo
pre-speed5-day,pre_review,12441600,pre-speed5-day/census.txt,125,43200,6264000,6,0,0,6,4,2,328,6,0,6,0,5,6,0,0,0,6,6,0,4,2,0,0,0,0,4,0,0,0,0,,,43200,turbo
pre-speed5-day,pre_review,12441600,pre-speed5-day/census.txt,129,86400,6307200,6,0,3,9,8,1,329,6,3,6,0,5,9,0,0,0,12,9,3,9,3,2,2,1,0,9,3,0,57.1297881603241,0,,,43200,turbo
pre-speed5-day,pre_review,12441600,pre-speed5-day/census.txt,133,129600,6350400,5,0,1,6,5,1,330,5,0,5,0,5,6,0,0,0,18,14,4,14,4,7,7,5,0,14,3,0,57.1297881603241,3,,,43200,turbo
pre-speed5-day,pre_review,12441600,pre-speed5-day/census.txt,137,172800,6393600,4,0,2,6,3,3,330,4,1,4,0,5,6,0,0,0,23,17,6,16,7,9,9,8,0,17,4,0,69.13767504692078,3,,,43200,turbo
pre-speed5-day,pre_review,12441600,pre-speed5-day/census.txt,141,216000,6436800,3,0,2,5,3,2,330,3,0,3,0,5,5,0,0,0,28,20,8,19,9,13,13,10,0,19,4,0,69.13767504692078,4,,,43200,turbo
pre-speed5-day,pre_review,12441600,pre-speed5-day/census.txt,145,259200,6480000,4,0,3,7,5,2,329,4,0,4,0,5,7,0,0,0,35,24,11,24,11,15,15,13,0,24,4,0,69.13767504692078,5,,,43200,turbo
pre-speed5-day,pre_review,12441600,pre-speed5-day/census.txt,149,302400,6523200,6,0,3,9,7,2,329,6,0,6,0,5,9,0,0,0,44,30,14,31,13,18,18,17,0,31,4,0,69.13767504692078,6,,,43200,turbo
pre-speed5-day,pre_review,12441600,pre-speed5-day/census.txt,153,345600,6566400,2,0,3,5,4,1,330,2,0,2,0,5,5,0,0,0,49,32,17,35,14,22,22,22,0,34,4,0,69.13767504692078,7,,,43200,turbo
pre-speed5-day,pre_review,12441600,pre-speed5-day/census.txt,157,388800,6609600,7,0,1,8,6,2,331,7,1,7,0,5,8,0,0,0,56,38,18,40,16,24,24,24,0,40,5,0,153.33072924613953,7,,,43200,turbo
pre-speed5-day,pre_review,12441600,pre-speed5-day/census.txt,161,432000,6652800,4,0,4,8,7,1,330,4,2,4,0,5,8,0,0,0,62,40,22,45,17,26,26,28,0,44,7,0,186.18821847438812,8,,,43200,turbo
pre-speed5-day,pre_review,12441600,pre-speed5-day/census.txt,165,475200,6696000,6,0,1,7,4,3,330,6,0,6,0,5,7,0,0,0,69,46,23,49,20,29,29,33,0,49,7,0,186.18821847438812,9,,,43200,turbo
pre-speed5-day,pre_review,12441600,pre-speed5-day/census.txt,169,518400,6739200,7,0,2,9,8,1,331,7,1,7,0,5,9,0,0,0,77,52,25,56,21,32,32,36,0,55,8,0,202.19262063503265,9,,,43200,turbo
pre-speed5-day,pre_review,12441600,pre-speed5-day/census.txt,173,561600,6782400,9,0,5,14,13,1,330,9,3,9,0,5,14,0,0,0,88,58,30,66,22,34,34,40,0,64,11,0,276.64890134334564,10,,,43200,turbo
pre-speed5-day,pre_review,12441600,pre-speed5-day/census.txt,177,604800,6825600,9,0,3,12,9,3,329,9,3,9,0,5,12,0,0,0,96,64,32,71,25,39,39,45,0,69,14,0,379.6565440893173,13,,,43200,turbo
pre-speed5-day,pre_review,12441600,pre-speed5-day/census.txt,181,648000,6868800,10,0,4,14,11,3,327,10,3,10,0,5,14,0,0,0,107,71,36,81,26,44,44,49,0,78,17,0,465.9307254552841,18,,,43200,turbo
pre-speed5-day,pre_review,12441600,pre-speed5-day/census.txt,185,691200,6912000,5,0,5,10,8,2,331,5,3,5,0,5,10,0,0,0,114,73,41,86,28,49,49,55,0,85,20,0,567.1828941106796,19,,,43200,turbo
pre-speed5-day,pre_review,12441600,pre-speed5-day/census.txt,189,734400,6955200,11,0,8,19,15,4,330,11,1,11,0,5,19,0,0,0,132,83,49,101,31,54,54,59,0,101,21,0,604.4436095952988,23,,,43200,turbo
pre-speed5-day,pre_review,12441600,pre-speed5-day/census.txt,193,777600,6998400,10,0,4,14,12,2,329,10,4,10,0,5,14,0,0,0,142,89,53,109,33,58,58,70,0,108,25,0,709.1352351903915,25,,,43200,turbo
pre-speed5-day,pre_review,12441600,pre-speed5-day/census.txt,197,820800,7041600,14,0,2,16,14,2,330,14,3,14,0,5,16,0,0,0,155,100,55,120,35,64,64,75,0,119,28,0,857.3138698339462,28,,,43200,turbo
pre-speed5-day,pre_review,12441600,pre-speed5-day/census.txt,201,864000,7084800,11,0,5,16,13,3,331,11,6,11,0,5,16,0,0,0,165,105,60,128,37,68,68,81,0,128,34,0,992.462003827095,30,,,43200,turbo
pre-speed5-day,pre_review,12441600,pre-speed5-day/census.txt,205,907200,7128000,9,0,3,12,10,2,330,9,2,9,0,5,12,0,0,0,175,112,63,137,38,76,76,87,0,136,35,0,1026.4801797568798,37,,,43200,turbo
pre-speed5-day,pre_review,12441600,pre-speed5-day/census.txt,209,950400,7171200,14,0,4,18,15,3,331,14,3,14,0,5,18,0,0,0,190,123,67,149,41,81,81,91,0,149,38,0,1152.9694099128246,39,,,43200,turbo
pre-speed5-day,pre_review,12441600,pre-speed5-day/census.txt,213,993600,7214400,10,0,6,16,15,1,330,10,4,10,0,5,16,0,0,0,202,129,73,160,42,87,87,99,0,158,41,0,1207.6638180315495,43,,,43200,turbo
pre-speed5-day,pre_review,12441600,pre-speed5-day/census.txt,217,1036800,7257600,13,0,3,16,14,2,330,13,1,13,0,5,16,0,0,0,217,141,76,173,44,92,92,109,0,172,42,0,1252.9407421648502,47,,,43200,turbo
pre-speed5-day,pre_review,12441600,pre-speed5-day/census.txt,221,1080000,7300800,16,0,2,18,16,2,331,16,4,16,0,5,18,0,0,0,231,153,78,186,45,95,95,118,0,185,46,0,1387.2140323221684,48,,,43200,turbo
pre-speed5-day,pre_review,12441600,pre-speed5-day/census.txt,225,1123200,7344000,15,0,3,18,15,3,329,15,5,15,0,5,18,0,0,0,244,163,81,196,48,101,101,125,0,194,51,0,1531.3103410303593,52,,,43200,turbo
pre-speed5-day,pre_review,12441600,pre-speed5-day/census.txt,229,1166400,7387200,16,0,4,20,17,3,329,15,8,16,0,5,20,0,0,0,256,171,85,206,50,106,106,130,0,204,59,0,1710.8939334452152,55,,,43200,turbo
pre-speed5-day,pre_review,12441600,pre-speed5-day/census.txt,233,1209600,7430400,14,0,1,15,12,3,330,13,7,14,0,5,15,0,0,0,264,178,86,212,52,111,111,138,0,212,66,1,1849.184674412012,59,,,43200,turbo
pre-speed5-day,pre_review,12441600,pre-speed5-day/census.txt,237,1252800,7473600,11,0,2,13,12,1,329,11,3,11,1,5,13,0,0,0,273,185,88,220,53,115,115,145,0,218,69,1,1881.6867541372776,61,,,43200,turbo
pre-speed5-day,pre_review,12441600,pre-speed5-day/census.txt,241,1296000,7516800,9,0,3,12,10,2,330,8,6,9,0,5,12,0,0,0,279,188,91,224,55,118,118,149,0,223,75,1,1978.9875401556492,62,,,43200,turbo
pre-speed5-day,pre_review,12441600,pre-speed5-day/census.txt,245,1339200,7560000,15,0,4,19,15,4,329,14,5,15,0,5,19,0,0,0,293,198,95,236,57,123,123,151,0,235,80,1,2052.876560598612,66,,,43200,turbo
pre-speed5-day,pre_review,12441600,pre-speed5-day/census.txt,249,1382400,7603200,13,0,4,17,15,2,330,12,8,13,0,5,17,0,0,0,302,203,99,245,57,128,128,157,0,242,88,2,2142.277710944414,68,,,43200,turbo
pre-speed5-day,pre_review,12441600,pre-speed5-day/census.txt,253,1425600,7646400,12,0,6,18,14,4,330,12,5,12,0,5,18,0,0,0,315,210,105,255,60,133,133,164,0,254,93,2,2194.1600864231586,72,,,43200,turbo
pre-speed5-day,pre_review,12441600,pre-speed5-day/census.txt,257,1468800,7689600,12,0,3,15,12,3,330,12,6,12,0,5,15,0,0,0,324,216,108,262,62,138,138,171,0,261,98,2,2344.179995328188,75,,,43200,turbo
pre-speed5-day,pre_review,12441600,pre-speed5-day/census.txt,261,1512000,7732800,16,0,1,17,13,4,331,16,7,16,0,5,17,0,0,0,334,225,109,269,65,144,144,173,0,269,105,2,2528.94838693738,78,,,43200,turbo
pre-speed5-day,pre_review,12441600,pre-speed5-day/census.txt,265,1555200,7776000,9,0,3,12,9,3,330,9,3,9,0,5,12,0,0,0,343,231,112,276,67,153,153,178,0,276,108,2,2583.989635258913,86,,,43200,turbo
pre-speed5-day,pre_review,12441600,pre-speed5-day/census.txt,269,1598400,7819200,9,0,2,11,10,1,332,9,2,9,0,5,11,0,0,0,352,238,114,284,68,157,157,184,0,284,110,2,2615.9009540379047,87,,,43200,turbo
pre-speed5-day,pre_review,12441600,pre-speed5-day/census.txt,273,1641600,7862400,10,0,3,13,10,3,331,9,4,10,0,5,13,0,0,0,361,244,117,290,71,161,161,187,0,290,114,2,2801.9291708767414,89,,,43200,turbo
pre-speed5-day,pre_review,12441600,pre-speed5-day/census.txt,277,1684800,7905600,9,0,3,12,8,4,331,9,4,9,0,5,12,0,0,0,369,249,120,295,74,166,166,191,0,296,118,2,2906.5622632801533,92,,,43200,turbo
pre-speed5-day,pre_review,12441600,pre-speed5-day/census.txt,281,1728000,7948800,5,0,4,9,7,2,331,4,3,5,0,5,9,0,0,0,375,251,124,300,75,171,171,195,0,300,121,2,2965.971870213747,95,,,43200,turbo
pre-speed5-day,pre_review,12441600,pre-speed5-day/census.txt,285,1771200,7992000,6,0,3,9,7,2,331,6,1,6,0,5,9,0,0,0,383,256,127,306,77,174,174,200,0,306,122,2,2967.275328308344,96,,,43200,turbo
pre-speed5-day,pre_review,12441600,pre-speed5-day/census.txt,289,1814400,8035200,9,0,2,11,9,2,330,9,2,9,0,5,11,0,0,0,392,263,129,313,79,177,177,204,0,312,124,2,2982.46220138669,97,,,43200,turbo
pre-speed5-day,pre_review,12441600,pre-speed5-day/census.txt,293,1857600,8078400,8,0,0,8,7,1,332,8,3,8,0,5,8,0,0,0,397,268,129,317,80,182,182,207,0,316,127,2,3154.989644318819,99,,,43200,turbo
pre-speed5-day,pre_review,12441600,pre-speed5-day/census.txt,297,1900800,8121600,10,0,2,12,11,1,331,10,3,10,0,5,12,0,0,0,406,275,131,325,81,187,187,207,0,323,130,2,3248.738803178072,103,,,43200,turbo
pre-speed5-day,pre_review,12441600,pre-speed5-day/census.txt,301,1944000,8164800,6,0,3,9,7,2,330,6,3,6,0,5,9,0,0,0,412,278,134,330,82,191,191,212,0,327,133,2,3316.3536360561848,106,,,43200,turbo
pre-speed5-day,pre_review,12441600,pre-speed5-day/census.txt,305,1987200,8208000,3,0,3,6,4,2,331,3,0,3,0,5,6,0,0,0,418,281,137,334,84,196,196,216,0,331,133,2,3316.3536360561848,108,,,43200,turbo
pre-speed5-day,pre_review,12441600,pre-speed5-day/census.txt,309,2030400,8251200,4,0,4,8,7,1,331,4,0,4,0,5,8,0,0,0,426,285,141,341,85,198,198,220,0,337,133,2,3316.3536360561848,108,,,43200,turbo
pre-speed5-day,pre_review,12441600,pre-speed5-day/census.txt,313,2073600,8294400,11,0,4,15,13,2,330,11,2,11,0,5,15,0,0,0,439,294,145,352,87,200,200,224,0,347,135,2,3412.143060952425,108,,,43200,turbo
pre-speed5-day,pre_review,12441600,pre-speed5-day/census.txt,317,2116800,8337600,11,0,1,12,10,2,331,10,7,11,0,5,12,0,0,0,444,298,146,356,88,204,204,228,0,351,142,2,3577.5588581860065,110,,,43200,turbo
pre-speed5-day,pre_review,12441600,pre-speed5-day/census.txt,321,2160000,8380800,8,0,3,11,10,1,331,8,3,8,0,5,11,0,0,0,452,303,149,363,89,208,208,233,0,357,145,2,3595.0387089550495,112,,,43200,turbo
pre-speed5-day,pre_review,12441600,pre-speed5-day/census.txt,325,2203200,8424000,6,0,4,10,8,2,330,6,1,6,0,5,10,0,0,0,461,308,153,370,91,210,210,241,0,363,146,2,3596.0387089550495,112,,,43200,turbo
pre-speed5-day,pre_review,12441600,pre-speed5-day/census.txt,329,2246400,8467200,7,0,1,8,6,2,330,7,4,7,0,5,8,0,0,0,465,311,154,373,92,213,213,244,0,365,150,2,3762.063916951418,113,,,43200,turbo
pre-speed5-day,pre_review,12441600,pre-speed5-day/census.txt,333,2289600,8510400,6,0,3,9,7,2,330,6,1,6,0,5,9,0,0,0,473,316,157,379,94,218,218,246,0,371,151,2,3780.060836583376,116,,,43200,turbo
pre-speed5-day,pre_review,12441600,pre-speed5-day/census.txt,337,2332800,8553600,4,0,3,7,4,3,330,4,1,4,0,5,7,0,0,0,479,319,160,382,97,221,221,251,0,375,152,2,3801.978717595339,117,,,43200,turbo
pre-speed5-day,pre_review,12441600,pre-speed5-day/census.txt,341,2376000,8596800,6,0,3,9,8,1,331,6,0,6,0,5,9,0,0,0,488,325,163,390,98,225,225,254,0,382,152,2,3801.978717595339,118,,,43200,turbo
pre-speed5-day,pre_review,12441600,pre-speed5-day/census.txt,345,2419200,8640000,3,0,5,8,7,1,331,3,0,3,0,5,8,0,0,0,496,328,168,397,99,228,228,260,0,388,152,2,3801.978717595339,119,,,43200,turbo
pre-speed5-day,pre_review,12441600,pre-speed5-day/census.txt,349,2462400,8683200,4,0,1,5,3,2,330,4,0,4,0,5,5,0,0,0,501,332,169,400,101,231,231,265,0,390,152,2,3801.978717595339,120,,,43200,turbo
pre-speed5-day,pre_review,12441600,pre-speed5-day/census.txt,353,2505600,8726400,2,0,6,8,7,1,330,2,0,2,0,5,8,0,0,0,509,334,175,407,102,233,233,268,0,396,152,2,3801.978717595339,120,,,43200,turbo
pre-speed5-day,pre_review,12441600,pre-speed5-day/census.txt,357,2548800,8769600,4,0,3,7,6,1,331,4,1,4,0,5,7,0,0,0,515,337,178,412,103,235,235,273,0,401,153,2,3813.9411485493183,120,,,43200,turbo
pre-speed5-day,pre_review,12441600,pre-speed5-day/census.txt,361,2592000,8812800,5,0,1,6,4,2,330,5,0,5,0,5,6,0,0,0,521,342,179,416,105,239,239,276,0,404,153,2,3813.9411485493183,122,,,43200,turbo
pre-speed5-day,pre_review,12441600,pre-speed5-day/census.txt,365,2635200,8856000,3,0,5,8,6,2,330,3,1,3,0,5,8,0,0,0,528,344,184,421,107,242,242,278,0,409,154,2,3831.3185422718525,123,,,43200,turbo
pre-speed5-day,pre_review,12441600,pre-speed5-day/census.txt,369,2678400,8899200,6,0,3,9,6,3,329,6,0,6,0,5,9,0,0,0,537,350,187,427,110,245,245,283,0,415,154,2,3831.3185422718525,124,,,43200,turbo
pre-speed5-day,pre_review,12441600,pre-speed5-day/census.txt,373,2721600,8942400,6,0,5,11,8,3,330,6,2,6,0,5,11,0,0,0,546,354,192,434,112,248,248,287,0,422,156,2,3914.2197950184345,124,,,43200,turbo
pre-speed5-day,pre_review,12441600,pre-speed5-day/census.txt,377,2764800,8985600,5,0,3,8,7,1,331,5,2,5,0,5,8,0,0,0,552,357,195,439,113,252,252,292,0,427,158,2,3950.992507249117,126,,,43200,turbo
pre-speed5-day,pre_review,12441600,pre-speed5-day/census.txt,381,2808000,9028800,3,0,4,7,5,2,329,3,0,3,0,5,7,0,0,0,559,360,199,444,115,256,256,296,0,430,158,2,3950.992507249117,128,,,43200,turbo
pre-speed5-day,pre_review,12441600,pre-speed5-day/census.txt,385,2851200,9072000,4,0,3,7,6,1,330,4,1,4,0,5,7,0,0,0,565,363,202,449,116,259,259,299,0,434,159,2,3964.171100884676,128,,,43200,turbo
pre-speed5-day,pre_review,12441600,pre-speed5-day/census.txt,389,2894400,9115200,3,0,3,6,5,1,330,3,1,3,0,5,6,0,0,0,570,365,205,453,117,263,263,301,0,437,160,2,3986.1449740231037,130,,,43200,turbo
pre-speed5-day,pre_review,12441600,pre-speed5-day/census.txt,393,2937600,9158400,2,0,3,5,4,1,330,2,0,2,0,5,5,0,0,0,575,367,208,457,118,266,266,304,0,440,160,2,3986.1449740231037,131,,,43200,turbo
pre-speed5-day,pre_review,12441600,pre-speed5-day/census.txt,397,2980800,9201600,5,0,5,10,7,3,328,5,0,5,0,5,10,0,0,0,585,372,213,464,121,267,267,308,0,447,160,2,3986.1449740231037,131,,,43200,turbo
pre-speed5-day,pre_review,12441600,pre-speed5-day/census.txt,401,3024000,9244800,3,0,1,4,3,1,330,3,0,3,0,5,4,0,0,0,589,375,214,467,122,270,270,315,0,450,160,2,3986.1449740231037,131,,,43200,turbo
pre-speed5-day,pre_review,12441600,pre-speed5-day/census.txt,405,3067200,9288000,5,0,1,6,3,3,329,5,1,5,0,5,6,0,0,0,594,379,215,469,125,272,272,316,0,452,161,2,4042.521644860506,131,,,43200,turbo
pre-speed5-day,pre_review,12441600,pre-speed5-day/census.txt,409,3110400,9331200,3,0,3,6,5,1,329,3,0,3,0,5,6,0,0,0,600,382,218,474,126,275,275,319,0,456,161,2,4042.521644860506,132,,,43200,turbo
pre-speed5-day,pre_review,12441600,pre-speed5-day/census.txt,413,3153600,9374400,14,0,3,17,14,3,332,14,1,14,0,5,17,0,0,0,616,395,221,487,129,277,277,322,0,473,162,2,4062.777929574251,132,,,43200,turbo
pre-speed5-day,pre_review,12441600,pre-speed5-day/census.txt,417,3196800,9417600,20,0,6,26,24,2,330,20,7,20,0,5,26,0,0,0,635,408,227,505,130,281,281,328,0,488,169,2,4285.227251321077,134,,,43200,turbo
pre-speed5-day,pre_review,12441600,pre-speed5-day/census.txt,421,3240000,9460800,20,0,3,23,18,5,329,20,10,20,0,5,23,0,0,0,648,418,230,514,134,286,286,339,0,500,179,2,4566.907163411379,139,,,43200,turbo
pre-speed5-day,pre_review,12441600,pre-speed5-day/census.txt,425,3283200,9504000,18,0,0,18,15,3,330,17,10,18,0,5,18,0,0,0,656,426,230,520,136,294,294,344,0,506,189,2,4793.565342217684,144,,,43200,turbo
pre-speed5-day,pre_review,12441600,pre-speed5-day/census.txt,429,3326400,9547200,14,0,3,17,14,3,330,13,7,14,0,5,17,0,0,0,666,433,233,528,138,301,301,348,0,514,195,2,4833.351516038179,149,,,43200,turbo
pre-speed5-day,pre_review,12441600,pre-speed5-day/census.txt,433,3369600,9590400,15,0,2,17,13,4,330,15,7,15,0,5,17,0,0,0,676,441,235,535,141,307,307,352,0,522,202,2,5006.8294050991535,153,,,43200,turbo
pre-speed5-day,pre_review,12441600,pre-speed5-day/census.txt,437,3412800,9633600,22,0,4,26,21,5,329,21,7,22,0,5,26,0,0,0,695,456,239,551,144,312,312,357,0,539,208,2,5163.340224653482,157,,,43200,turbo
pre-speed5-day,pre_review,12441600,pre-speed5-day/census.txt,441,3456000,9676800,25,0,5,30,26,4,332,23,11,25,1,5,30,0,0,0,713,469,244,567,146,319,319,364,0,556,219,2,5405.2546037733555,160,,,43200,turbo
pre-speed5-day,pre_review,12441600,pre-speed5-day/census.txt,445,3499200,9720000,22,0,6,28,23,5,330,20,17,22,1,5,28,0,0,0,723,473,250,575,148,322,322,373,0,563,236,2,5719.665904909372,162,,,43200,turbo
pre-speed5-day,pre_review,12441600,pre-speed5-day/census.txt,449,3542400,9763200,30,0,5,35,30,5,330,27,15,30,1,5,35,0,0,0,742,487,255,592,150,328,328,379,0,580,251,3,5806.667796045542,166,,,43200,turbo
pre-speed5-day,pre_review,12441600,pre-speed5-day/census.txt,453,3585600,9806400,31,0,3,34,28,6,329,26,24,31,0,5,34,0,0,0,752,494,258,601,151,332,332,386,0,589,274,6,6099.836587615311,170,,,43200,turbo
pre-speed5-day,pre_review,12441600,pre-speed5-day/census.txt,457,3628800,9849600,33,0,2,35,29,6,329,28,27,33,1,5,35,0,0,0,759,499,260,607,152,336,336,388,0,594,301,6,6356.493893928826,172,,,43200,turbo
pre-speed5-day,pre_review,12441600,pre-speed5-day/census.txt,461,3672000,9892800,34,0,1,35,27,8,328,28,29,34,3,5,35,0,0,0,762,501,261,608,154,337,337,390,0,595,329,7,6461.159519858658,172,,,43200,turbo
pre-speed5-day,pre_review,12441600,pre-speed5-day/census.txt,465,3715200,9936000,32,0,3,35,28,7,327,19,28,32,2,5,35,0,0,0,767,503,264,613,154,340,340,392,0,599,356,9,6565.710797734559,175,,,43200,turbo
pre-speed5-day,pre_review,12441600,pre-speed5-day/census.txt,469,3758400,9979200,33,0,2,35,30,5,330,24,23,33,6,5,35,0,0,0,773,507,266,619,154,344,344,394,0,605,378,10,6643.524575777352,176,,,43200,turbo
pre-speed5-day,pre_review,12441600,pre-speed5-day/census.txt,473,3801600,10022400,34,0,2,36,30,6,328,26,26,34,6,5,36,0,0,0,777,509,268,621,156,345,345,396,0,606,404,14,6803.858550854027,176,,,43200,turbo
pre-speed5-day,pre_review,12441600,pre-speed5-day/census.txt,477,3844800,10065600,35,0,0,35,29,6,329,21,31,35,3,5,35,0,0,0,778,510,268,622,156,346,346,397,0,607,433,16,6888.778315491974,176,,,43200,turbo
pre-speed5-day,pre_review,12441600,pre-speed5-day/census.txt,481,3888000,10108800,34,0,2,36,30,6,328,22,29,34,5,5,36,0,0,0,780,510,270,624,156,347,347,397,0,608,461,21,6999.692264862359,177,,,43200,turbo
pre-speed5-day,pre_review,12441600,pre-speed5-day/census.txt,485,3931200,10152000,33,0,2,35,30,5,329,25,25,33,7,5,35,0,0,0,783,511,272,627,156,350,350,398,0,610,483,25,7107.772370643914,178,,,43200,turbo
pre-speed5-day,pre_review,12441600,pre-speed5-day/census.txt,489,3974400,10195200,34,0,1,35,29,6,328,23,30,34,3,5,35,0,0,0,785,512,273,628,157,351,351,399,0,610,513,29,7232.573902197182,178,,,43200,turbo
pre-speed5-day,pre_review,12441600,pre-speed5-day/census.txt,493,4017600,10238400,32,0,2,34,28,6,327,16,31,32,1,5,34,0,0,0,787,512,275,630,157,353,353,400,0,611,543,33,7317.237320132554,180,,,43200,turbo
pre-speed5-day,pre_review,12441600,pre-speed5-day/census.txt,497,4060800,10281600,34,0,1,35,29,6,328,20,24,34,8,5,35,0,0,0,790,514,276,633,157,354,354,401,0,614,564,33,7368.668405137956,180,,,43200,turbo
pre-speed5-day,pre_review,12441600,pre-speed5-day/census.txt,501,4104000,10324800,34,0,1,35,29,6,328,18,26,34,8,5,35,0,0,0,791,514,277,634,157,355,355,401,0,614,589,34,7484.5126537159085,180,,,43200,turbo
pre-speed5-day,pre_review,12441600,pre-speed5-day/census.txt,505,4147200,10368000,33,0,2,35,30,5,328,22,25,33,5,5,35,0,0,0,796,517,279,639,157,359,359,402,0,618,613,37,7556.909136004746,183,,,43200,turbo
pre-speed5-day,pre_review,12441600,pre-speed5-day/census.txt,509,4190400,10411200,33,0,2,35,30,5,328,23,27,33,3,5,35,0,0,0,801,520,281,643,158,362,362,404,0,622,639,42,7666.5909802392125,185,,,43200,turbo
pre-speed5-day,pre_review,12441600,pre-speed5-day/census.txt,513,4233600,10454400,34,0,1,35,31,4,329,24,29,34,3,5,35,0,0,0,804,522,282,646,158,364,364,405,0,624,667,46,7831.685530848801,185,,,43200,turbo
pre-speed5-day,pre_review,12441600,pre-speed5-day/census.txt,517,4276800,10497600,33,0,2,35,32,3,328,22,29,33,1,5,35,0,0,0,809,525,284,650,159,368,368,406,0,627,696,48,7943.762200661004,188,,,43200,turbo
pre-speed5-day,pre_review,12441600,pre-speed5-day/census.txt,521,4320000,10540800,35,0,0,35,31,4,328,22,30,35,1,5,35,0,0,0,813,529,284,653,160,371,371,407,0,630,726,54,8095.942781575024,190,,,43200,turbo
pre-speed5-day,pre_review,12441600,pre-speed5-day/census.txt,525,4363200,10584000,33,0,2,35,32,3,327,21,29,33,4,5,35,0,0,0,815,529,286,655,160,373,373,407,0,631,754,56,8264.377466129139,192,,,43200,turbo
pre-speed5-day,pre_review,12441600,pre-speed5-day/census.txt,529,4406400,10627200,33,0,2,35,33,2,329,24,27,33,4,5,35,0,0,0,819,531,288,659,160,376,376,408,0,635,781,60,8364.309933589771,193,,,43200,turbo
pre-speed5-day,pre_review,12441600,pre-speed5-day/census.txt,533,4449600,10670400,33,0,2,35,32,3,328,26,29,33,2,5,35,0,0,0,823,533,290,662,161,377,377,411,0,637,807,60,8425.356987368781,193,,,43200,turbo
pre-speed5-day,pre_review,12441600,pre-speed5-day/census.txt,537,4492800,10713600,32,0,3,35,33,2,329,22,29,32,2,5,35,0,0,0,827,534,293,666,161,379,379,413,0,640,836,65,8496.231373917777,193,,,43200,turbo
pre-speed5-day,pre_review,12441600,pre-speed5-day/census.txt,541,4536000,10756800,32,0,3,35,31,4,327,21,31,32,0,5,35,0,0,0,831,535,296,668,163,380,380,416,0,642,867,70,8606.312420141418,194,,,43200,turbo
pre-speed5-day,pre_review,12441600,pre-speed5-day/census.txt,545,4579200,10800000,34,0,1,35,32,3,328,24,30,34,2,5,35,0,0,0,834,537,297,671,163,381,381,418,0,645,896,72,8686.89475465985,194,,,43200,turbo
pre-speed5-day,pre_review,12441600,pre-speed5-day/census.txt,549,4622400,10843200,32,0,3,35,33,2,329,24,25,32,4,5,35,0,0,0,840,540,300,677,163,385,385,420,0,650,921,75,8768.850127708632,196,,,43200,turbo
pre-speed5-day,pre_review,12441600,pre-speed5-day/census.txt,553,4665600,10886400,32,0,3,35,32,3,328,23,31,32,0,5,35,0,0,0,843,541,302,679,164,387,387,421,0,651,951,79,8949.289574157912,197,,,43200,turbo
pre-speed5-day,pre_review,12441600,pre-speed5-day/census.txt,557,4708800,10929600,33,0,2,35,32,3,328,27,27,33,3,5,35,0,0,0,848,544,304,684,164,390,390,423,0,655,977,81,9025.50269342633,199,,,43200,turbo
pre-speed5-day,pre_review,12441600,pre-speed5-day/census.txt,561,4752000,10972800,34,0,1,35,30,5,328,26,31,34,0,5,35,0,0,0,852,547,305,686,166,393,393,424,0,658,1006,85,9181.55885578366,201,,,43200,turbo
pre-speed5-day,pre_review,12441600,pre-speed5-day/census.txt,565,4795200,11016000,33,0,2,35,31,4,328,27,30,33,0,5,35,0,0,0,857,550,307,691,166,396,396,426,0,663,1036,87,9294.357775342185,204,,,43200,turbo
pre-speed5-day,pre_review,12441600,pre-speed5-day/census.txt,569,4838400,11059200,29,0,4,33,29,4,328,22,27,29,1,5,33,0,0,0,862,551,311,696,166,400,400,429,0,667,1062,93,9369.923932921607,207,,,43200,turbo
pre-speed5-day,pre_review,12441600,pre-speed5-day/census.txt,573,4881600,11102400,30,0,3,33,29,4,328,22,27,30,0,5,33,0,0,0,868,554,314,701,167,401,401,434,0,672,1089,97,9449.124771487433,207,,,43200,turbo
pre-speed5-day,pre_review,12441600,pre-speed5-day/census.txt,577,4924800,11145600,30,0,1,31,29,2,330,26,21,30,4,5,31,0,0,0,874,559,315,707,167,406,406,437,0,678,1107,98,9546.949461352546,210,,,43200,turbo
pre-speed5-day,pre_review,12441600,pre-speed5-day/census.txt,581,4968000,11188800,30,0,5,35,32,3,328,24,26,30,1,5,35,0,0,0,882,562,320,714,168,408,408,439,0,684,1132,101,9686.628560316283,212,,,43200,turbo
pre-speed5-day,pre_review,12441600,pre-speed5-day/census.txt,585,5011200,11232000,31,0,3,34,31,3,328,20,27,31,0,5,34,0,0,0,889,566,323,721,168,411,411,444,0,690,1158,106,9762.946853649337,214,,,43200,turbo
pre-speed5-day,pre_review,12441600,pre-speed5-day/census.txt,589,5054400,11275200,34,0,1,35,31,4,329,24,28,34,2,5,35,0,0,0,894,570,324,725,169,412,412,447,0,695,1184,110,9904.747723531444,214,,,43200,turbo
pre-speed5-day,pre_review,12441600,pre-speed5-day/census.txt,593,5097600,11318400,33,0,2,35,32,3,328,23,26,33,5,5,35,0,0,0,898,572,326,729,169,413,413,450,0,698,1210,112,10020.05878944369,215,,,43200,turbo
pre-speed5-day,pre_review,12441600,pre-speed5-day/census.txt,597,5140800,11361600,33,0,2,35,32,3,328,24,27,33,3,5,35,0,0,0,903,575,328,734,169,416,416,452,0,702,1237,114,10089.853690576274,217,,,43200,turbo
pre-speed5-day,pre_review,12441600,pre-speed5-day/census.txt,601,5184000,11404800,33,0,2,35,32,3,328,22,30,33,2,5,35,0,0,0,906,576,330,737,169,417,417,454,0,704,1264,117,10205.190962683875,217,,,43200,turbo
pre-speed5-day,pre_review,12441600,pre-speed5-day/census.txt,605,5227200,11448000,33,0,2,35,32,3,328,23,30,33,3,5,35,0,0,0,908,576,332,739,169,418,418,455,0,705,1292,120,10303.371640962083,217,,,43200,turbo
pre-speed5-day,pre_review,12441600,pre-speed5-day/census.txt,609,5270400,11491200,34,0,1,35,32,3,328,22,29,34,3,5,35,0,0,0,911,578,333,742,169,420,420,456,0,707,1319,127,10363.335263021756,218,,,43200,turbo
pre-speed5-day,pre_review,12441600,pre-speed5-day/census.txt,613,5313600,11534400,34,0,1,35,32,3,328,16,31,34,1,5,35,0,0,0,914,580,334,745,169,420,420,459,0,710,1348,131,10442.897119589616,218,,,43200,turbo
pre-speed5-day,pre_review,12441600,pre-speed5-day/census.txt,617,5356800,11577600,34,0,2,36,33,3,328,20,31,34,3,5,36,0,0,0,916,580,336,747,169,421,421,459,0,711,1378,134,10594.226102181245,218,,,43200,turbo
pre-speed5-day,pre_review,12441600,pre-speed5-day/census.txt,621,5400000,11620800,33,0,2,35,32,3,328,20,31,33,2,5,35,0,0,0,918,580,338,749,169,422,422,461,0,712,1406,137,10671.099923201371,218,,,43200,turbo
pre-speed5-day,pre_review,12441600,pre-speed5-day/census.txt,625,5443200,11664000,33,0,2,35,33,2,329,18,29,33,3,5,35,0,0,0,921,581,340,752,169,424,424,462,0,714,1435,142,10755.496604510117,218,,,43200,turbo
pre-speed5-day,pre_review,12441600,pre-speed5-day/census.txt,629,5486400,11707200,33,0,2,35,33,2,330,21,28,33,4,5,35,0,0,0,924,582,342,754,170,426,426,463,0,716,1462,145,10856.891621418763,218,,,43200,turbo
pre-speed5-day,pre_review,12441600,pre-speed5-day/census.txt,633,5529600,11750400,33,0,2,35,33,2,330,22,29,33,2,5,35,0,0,0,928,584,344,757,171,429,429,464,0,718,1490,150,10933.84495914774,219,,,43200,turbo
pre-speed5-day,pre_review,12441600,pre-speed5-day/census.txt,637,5572800,11793600,34,0,1,35,32,3,329,24,30,34,1,5,35,0,0,0,932,587,345,760,172,431,431,466,0,720,1519,151,11016.357190974522,220,,,43200,turbo
pre-speed5-day,pre_review,12441600,pre-speed5-day/census.txt,641,5616000,11836800,33,0,2,35,32,3,328,27,31,33,2,5,35,0,0,0,934,587,347,762,172,431,431,468,0,721,1548,153,11113.167027123738,220,,,43200,turbo
pre-speed5-day,pre_review,12441600,pre-speed5-day/census.txt,645,5659200,11880000,33,0,2,35,32,3,328,21,27,33,5,5,35,0,0,0,937,588,349,765,172,433,433,469,0,723,1574,155,11203.451860674191,221,,,43200,turbo
pre-speed5-day,pre_review,12441600,pre-speed5-day/census.txt,649,5702400,11923200,33,0,2,35,32,3,328,22,29,33,4,5,35,0,0,0,939,588,351,767,172,434,434,470,0,724,1602,158,11304.325542219449,221,,,43200,turbo
pre-speed5-day,pre_review,12441600,pre-speed5-day/census.txt,653,5745600,11966400,33,0,2,35,32,3,328,20,30,33,3,5,35,0,0,0,941,588,353,769,172,435,435,471,0,725,1632,162,11368.036653526593,221,,,43200,turbo
pre-speed5-day,pre_review,12441600,pre-speed5-day/census.txt,657,5788800,12009600,34,0,1,35,32,3,329,16,31,34,1,5,35,0,0,0,944,590,354,772,172,437,437,472,0,728,1663,165,11474.709786542226,222,,,43200,turbo
pre-speed5-day,pre_review,12441600,pre-speed5-day/census.txt,661,5832000,12052800,33,0,2,35,32,3,329,18,29,33,2,5,35,0,0,0,948,592,356,776,172,440,440,473,0,731,1689,166,11555.37548718648,224,,,43200,turbo
pre-speed5-day,pre_review,12441600,pre-speed5-day/census.txt,665,5875200,12096000,30,0,1,31,29,2,332,20,25,30,3,5,31,0,0,0,951,594,357,779,172,445,445,475,0,734,1710,170,11612.729135670234,226,,,43200,turbo
pre-speed5-day,pre_review,12441600,pre-speed5-day/census.txt,669,5918400,12139200,32,0,3,35,32,3,330,24,26,32,2,5,35,0,0,0,958,598,360,785,173,447,447,476,0,738,1734,172,11676.745376267005,227,,,43200,turbo
pre-speed5-day,pre_review,12441600,pre-speed5-day/census.txt,673,5961600,12182400,32,0,1,33,30,3,331,24,28,32,2,5,33,0,0,0,961,600,361,788,173,449,449,479,0,741,1761,177,11774.86183301406,228,,,43200,turbo
pre-speed5-day,pre_review,12441600,pre-speed5-day/census.txt,677,6004800,12225600,32,0,3,35,32,3,331,20,28,32,1,5,35,0,0,0,967,603,364,794,173,452,452,480,0,746,1789,182,11865.538266577292,230,,,43200,turbo
pre-speed5-day,pre_review,12441600,pre-speed5-day/census.txt,681,6048000,12268800,33,0,1,34,31,3,331,24,26,33,4,5,34,0,0,0,971,606,365,798,173,453,453,484,0,749,1815,186,11927.305418648291,230,,,43200,turbo
pre-speed5-day,pre_review,12441600,pre-speed5-day/census.txt,685,6091200,12312000,34,0,1,35,33,2,332,24,29,34,2,5,35,0,0,0,975,609,366,802,173,454,454,486,0,753,1841,192,12117.88396415906,230,,,43200,turbo
pre-speed5-day,pre_review,12441600,pre-speed5-day/census.txt,689,6134400,12355200,33,0,2,35,32,3,331,26,28,33,3,5,35,0,0,0,979,611,368,805,174,457,457,487,0,755,1869,196,12239.312885918189,232,,,43200,turbo
pre-speed5-day,pre_review,12441600,pre-speed5-day/census.txt,693,6177600,12398400,34,0,1,35,33,2,333,27,28,34,2,5,35,0,0,0,984,615,369,810,174,460,460,489,0,760,1896,201,12315.481479444075,233,,,43200,turbo
pre-speed5-day,pre_review,12441600,pre-speed5-day/census.txt,697,6220800,12441600,33,0,2,35,32,3,356,19,27,33,4,5,35,0,0,0,988,617,371,813,175,462,462,491,0,789,1922,202,12401.333001055289,234,,,43200,turbo
pre-speed5-day,pre_review,12441600,pre-speed5-day/census.txt,701,6264000,12484800,33,0,2,35,29,6,356,18,27,33,3,5,35,0,0,0,993,620,373,815,178,465,465,493,0,793,1948,206,12519.59976855712,236,,,43200,turbo
pre-speed5-day,pre_review,12441600,pre-speed5-day/census.txt,705,6307200,12528000,34,0,2,36,30,6,355,18,27,34,6,5,36,0,0,0,996,621,375,817,179,466,466,494,0,794,1973,211,12641.202018596698,236,,,43200,turbo
pre-speed5-day,pre_review,12441600,pre-speed5-day/census.txt,709,6350400,12571200,34,0,1,35,29,6,356,20,24,34,10,5,35,0,0,0,997,621,376,818,179,467,467,495,0,795,1997,215,12725.017994381953,236,,,43200,turbo
pre-speed5-day,pre_review,12441600,pre-speed5-day/census.txt,713,6393600,12614400,34,0,2,36,30,6,356,19,25,34,9,5,36,0,0,0,999,621,378,820,179,468,468,495,0,796,2021,218,12787.319329180289,236,,,43200,turbo
pre-speed5-day,pre_review,12441600,pre-speed5-day/census.txt,717,6436800,12657600,34,0,1,35,30,5,358,22,28,34,4,5,35,0,0,0,1002,623,379,823,179,471,471,496,0,799,2047,220,12846.89064186113,237,,,43200,turbo
pre-speed5-day,pre_review,12441600,pre-speed5-day/census.txt,721,6480000,12700800,33,0,2,35,30,5,358,21,26,33,6,5,35,0,0,0,1005,624,381,825,180,473,473,497,0,800,2072,223,12944.231031336356,237,,,43200,turbo
pre-speed5-day,pre_review,12441600,pre-speed5-day/census.txt,725,6523200,12744000,33,0,2,35,30,5,358,21,26,33,6,5,35,0,0,0,1008,625,383,827,181,475,475,498,0,801,2098,225,13021.207300104667,237,,,43200,turbo
pre-speed5-day,pre_review,12441600,pre-speed5-day/census.txt,729,6566400,12787200,34,0,1,35,31,4,360,20,28,34,3,5,35,0,0,0,1012,628,384,830,182,478,478,499,0,804,2126,229,13084.245523967315,237,,,43200,turbo
pre-speed5-day,pre_review,12441600,pre-speed5-day/census.txt,733,6609600,12830400,35,0,2,37,31,6,357,20,29,35,4,5,37,0,0,0,1016,630,386,832,184,479,479,500,0,805,2153,232,13223.664667405654,238,,,43200,turbo
pre-speed5-day,pre_review,12441600,pre-speed5-day/census.txt,737,6652800,12873600,33,0,2,35,31,4,359,17,28,33,4,5,35,0,0,0,1019,631,388,835,184,483,483,501,0,807,2180,234,13293.152476586867,239,,,43200,turbo
pre-speed5-day,pre_review,12441600,pre-speed5-day/census.txt,741,6696000,12916800,33,0,2,35,31,4,359,18,29,33,2,5,35,0,0,0,1023,633,390,838,185,486,486,502,0,809,2209,239,13377.205051459838,240,,,43200,turbo
pre-speed5-day,pre_review,12441600,pre-speed5-day/census.txt,745,6739200,12960000,35,0,1,36,30,6,358,21,31,35,2,5,36,0,0,0,1026,635,391,839,187,487,487,503,0,810,2237,240,13546.131608762313,240,,,43200,turbo
pre-speed5-day,pre_review,12441600,pre-speed5-day/census.txt,749,6782400,13003200,33,0,2,35,30,5,359,19,30,33,3,5,35,0,0,0,1028,635,393,841,187,490,490,503,0,811,2264,243,13622.772141792346,241,,,43200,turbo
pre-speed5-day,pre_review,12441600,pre-speed5-day/census.txt,753,6825600,13046400,34,0,1,35,29,6,358,16,29,34,4,5,35,0,0,0,1030,636,394,842,188,491,491,504,0,811,2293,246,13704.041365780402,241,,,43200,turbo
pre-speed5-day,pre_review,12441600,pre-speed5-day/census.txt,757,6868800,13089600,33,0,2,35,30,5,358,19,28,33,4,5,35,0,0,0,1033,637,396,845,188,493,493,505,0,813,2320,249,13787.355178036261,242,,,43200,turbo
pre-speed5-day,pre_review,12441600,pre-speed5-day/census.txt,761,6912000,13132800,33,0,2,35,30,5,358,18,26,33,5,5,35,0,0,0,1037,639,398,848,189,495,495,507,0,815,2344,254,13857.92500711279,242,,,43200,turbo
pre-speed5-day,pre_review,12441600,pre-speed5-day/census.txt,765,6955200,13176000,33,0,2,35,29,6,356,20,28,33,4,5,35,0,0,0,1040,640,400,850,190,495,495,510,0,816,2372,258,13976.893818386365,242,,,43200,turbo
pre-speed5-day,pre_review,12441600,pre-speed5-day/census.txt,769,6998400,13219200,32,0,3,35,33,2,359,21,25,32,4,5,35,0,0,0,1046,643,403,856,190,500,500,511,0,821,2396,263,14037.540483303834,243,,,43200,turbo
pre-speed5-day,pre_review,12441600,pre-speed5-day/census.txt,773,7041600,13262400,34,0,2,36,31,5,356,22,26,34,3,5,36,0,0,0,1053,648,405,860,193,503,503,514,0,824,2421,269,14137.191569842864,245,,,43200,turbo
pre-speed5-day,pre_review,12441600,pre-speed5-day/census.txt,777,7084800,13305600,32,0,3,35,33,2,359,18,26,32,3,5,35,0,0,0,1059,651,408,866,193,508,508,516,0,829,2446,272,14196.082425870467,246,,,43200,turbo
pre-speed5-day,pre_review,12441600,pre-speed5-day/census.txt,781,7128000,13348800,33,0,2,35,32,3,358,18,28,33,3,5,35,0,0,0,1063,653,410,869,194,509,509,519,0,831,2474,275,14311.802468814421,246,,,43200,turbo
pre-speed5-day,pre_review,12441600,pre-speed5-day/census.txt,785,7171200,13392000,34,0,2,36,31,5,356,19,29,34,3,5,36,0,0,0,1067,655,412,871,196,510,510,521,0,832,2502,279,14396.204762198497,246,,,43200,turbo
pre-speed5-day,pre_review,12441600,pre-speed5-day/census.txt,789,7214400,13435200,34,0,1,35,31,4,357,18,30,34,3,5,35,0,0,0,1069,656,413,873,196,512,512,522,0,833,2530,281,14477.226923861075,246,,,43200,turbo
pre-speed5-day,pre_review,12441600,pre-speed5-day/census.txt,793,7257600,13478400,34,0,2,36,31,5,355,21,30,34,3,5,36,0,0,0,1072,657,415,875,197,512,512,524,0,834,2559,288,14538.46858362155,246,,,43200,turbo
pre-speed5-day,pre_review,12441600,pre-speed5-day/census.txt,797,7300800,13521600,33,0,2,35,31,4,356,20,30,33,3,5,35,0,0,0,1074,657,417,877,197,514,514,525,0,835,2589,293,14600.4358469625,246,,,43200,turbo
pre-speed5-day,pre_review,12441600,pre-speed5-day/census.txt,801,7344000,13564800,32,0,2,34,29,5,355,18,27,32,4,5,34,0,0,0,1077,658,419,879,198,517,517,526,0,836,2616,297,14662.423140623141,248,,,43200,turbo
pre-speed5-day,pre_review,12441600,pre-speed5-day/census.txt,805,7387200,13608000,32,0,1,33,28,5,355,15,28,32,3,5,33,0,0,0,1079,659,420,881,198,519,519,527,0,837,2643,302,14734.472131111193,249,,,43200,turbo
pre-speed5-day,pre_review,12441600,pre-speed5-day/census.txt,809,7430400,13651200,33,0,2,35,30,5,354,14,27,33,5,5,35,0,0,0,1082,660,422,884,198,519,519,528,0,839,2670,304,14847.198901750613,249,,,43200,turbo
pre-speed5-day,pre_review,12441600,pre-speed5-day/census.txt,813,7473600,13694400,33,0,2,35,30,5,355,18,25,33,7,5,35,0,0,0,1085,661,424,887,198,520,520,530,0,842,2693,307,14916.196438171435,249,,,43200,turbo
pre-speed5-day,pre_review,12441600,pre-speed5-day/census.txt,817,7516800,13737600,33,0,2,35,30,5,355,18,29,33,4,5,35,0,0,0,1087,661,426,889,198,521,521,531,0,843,2721,312,15001.807781912852,249,,,43200,turbo
pre-speed5-day,pre_review,12441600,pre-speed5-day/census.txt,821,7560000,13780800,33,0,2,35,30,5,355,18,31,33,2,5,35,0,0,0,1089,661,428,891,198,522,522,532,0,844,2751,315,15089.111837186385,249,,,43200,turbo
pre-speed5-day,pre_review,12441600,pre-speed5-day/census.txt,825,7603200,13824000,34,0,1,35,30,5,356,19,28,34,5,5,35,0,0,0,1091,662,429,893,198,523,523,533,0,846,2778,320,15157.46154697286,249,,,43200,turbo
pre-speed5-day,pre_review,12441600,pre-speed5-day/census.txt,829,7646400,13867200,34,0,1,35,30,5,356,24,29,34,4,5,35,0,0,0,1093,663,430,895,198,524,524,534,0,847,2806,322,15213.246486023534,249,,,43200,turbo
pre-speed5-day,pre_review,12441600,pre-speed5-day/census.txt,833,7689600,13910400,34,0,1,35,31,4,357,19,32,34,1,5,35,0,0,0,1095,664,431,897,198,525,525,535,0,849,2836,323,15266.242114499677,249,,,43200,turbo
pre-speed5-day,pre_review,12441600,pre-speed5-day/census.txt,837,7732800,13953600,33,0,2,35,30,5,356,14,31,33,1,5,35,0,0,0,1098,665,433,899,199,527,527,536,0,850,2865,327,15330.480636314023,250,,,43200,turbo
pre-speed5-day,pre_review,12441600,pre-speed5-day/census.txt,841,7776000,13996800,32,0,1,33,30,3,359,19,25,32,5,5,33,0,0,0,1101,667,434,902,199,531,531,537,0,853,2889,331,15380.733559743036,251,,,43200,turbo
pre-speed5-day,pre_review,12441600,pre-speed5-day/census.txt,845,7819200,14040000,34,0,2,36,31,5,355,19,26,34,5,5,36,0,0,0,1106,670,436,905,201,531,531,539,0,854,2914,333,15452.73385737883,251,,,43200,turbo
pre-speed5-day,pre_review,12441600,pre-speed5-day/census.txt,849,7862400,14083200,33,0,2,35,30,5,357,19,28,33,3,5,35,0,0,0,1110,672,438,908,202,535,535,540,0,858,2942,335,15549.681147501338,253,,,43200,turbo
pre-speed5-day,pre_review,12441600,pre-speed5-day/census.txt,853,7905600,14126400,33,0,2,35,29,6,356,16,31,33,1,5,35,0,0,0,1113,673,440,910,203,536,536,542,0,859,2973,336,15640.253795788158,253,,,43200,turbo
pre-speed5-day,pre_review,12441600,pre-speed5-day/census.txt,857,7948800,14169600,33,0,2,35,30,5,357,19,28,33,4,5,35,0,0,0,1116,674,442,913,203,538,538,543,0,861,3000,340,15703.0728948568,253,,,43200,turbo
pre-speed5-day,pre_review,12441600,pre-speed5-day/census.txt,861,7992000,14212800,33,0,2,35,30,5,357,17,27,33,3,5,35,0,0,0,1121,677,444,917,204,541,541,545,0,864,3026,341,15749.596628353465,254,,,43200,turbo
pre-speed5-day,pre_review,12441600,pre-speed5-day/census.txt,865,8035200,14256000,33,0,2,35,30,5,357,20,30,33,2,5,35,0,0,0,1124,678,446,919,205,543,543,546,0,865,3053,343,15913.04355923878,254,,,43200,turbo
pre-speed5-day,pre_review,12441600,pre-speed5-day/census.txt,869,8078400,14299200,33,0,2,35,29,6,356,18,28,33,4,5,35,0,0,0,1127,679,448,921,206,545,545,547,0,866,3081,346,16023.406672403682,255,,,43200,turbo
pre-speed5-day,pre_review,12441600,pre-speed5-day/census.txt,873,8121600,14342400,33,0,0,33,27,6,358,20,29,33,3,5,33,0,0,0,1128,680,448,921,207,547,547,548,0,867,3109,347,16092.129132733215,255,,,43200,turbo
pre-speed5-day,pre_review,12441600,pre-speed5-day/census.txt,877,8164800,14385600,33,0,2,35,29,6,357,20,30,33,2,5,35,0,0,0,1131,681,450,923,208,548,548,548,0,868,3136,352,16180.663568214048,255,,,43200,turbo
pre-speed5-day,pre_review,12441600,pre-speed5-day/census.txt,881,8208000,14428800,33,0,2,35,29,6,357,21,28,33,3,5,35,0,0,0,1135,683,452,926,209,551,551,549,0,870,3163,355,16255.600996092428,256,,,43200,turbo
pre-speed5-day,pre_review,12441600,pre-speed5-day/census.txt,885,8251200,14472000,35,0,0,35,29,6,358,21,30,35,2,5,35,0,0,0,1138,686,452,928,210,553,553,550,0,872,3190,359,16379.443717554677,256,,,43200,turbo
pre-speed5-day,pre_review,12441600,pre-speed5-day/census.txt,889,8294400,14515200,34,0,2,36,30,6,357,18,33,34,0,5,36,0,0,0,1141,687,454,930,211,554,554,551,0,873,3223,361,16488.845603302587,256,,,43200,turbo
pre-speed5-day,pre_review,12441600,pre-speed5-day/census.txt,893,8337600,14558400,34,0,2,36,30,6,356,18,29,34,4,5,36,0,0,0,1144,688,456,932,212,556,556,552,0,874,3250,366,16562.700961187948,257,,,43200,turbo
pre-speed5-day,pre_review,12441600,pre-speed5-day/census.txt,897,8380800,14601600,33,0,2,35,30,5,357,14,31,33,2,5,35,0,0,0,1146,688,458,934,212,558,558,553,0,875,3279,371,16630.359153226484,257,,,43200,turbo
pre-speed5-day,pre_review,12441600,pre-speed5-day/census.txt,901,8424000,14644800,34,0,2,36,30,6,356,14,31,34,2,5,36,0,0,0,1149,689,460,936,213,559,559,554,0,876,3310,376,16694.629227594007,257,,,43200,turbo
pre-speed5-day,pre_review,12441600,pre-speed5-day/census.txt,905,8467200,14688000,34,0,2,36,30,6,356,20,29,34,5,5,36,0,0,0,1151,689,462,938,213,560,560,555,0,877,3339,378,16758.77805872308,257,,,43200,turbo
pre-speed5-day,pre_review,12441600,pre-speed5-day/census.txt,909,8510400,14731200,34,0,1,35,29,6,357,16,34,34,0,5,35,0,0,0,1152,689,463,939,213,561,561,556,0,878,3370,381,16812.57999928342,257,,,43200,turbo
pre-speed5-day,pre_review,12441600,pre-speed5-day/census.txt,913,8553600,14774400,34,0,1,35,30,5,358,19,27,34,6,5,35,0,0,0,1154,690,464,941,213,563,563,556,0,879,3397,387,16865.49141080724,257,,,43200,turbo
pre-speed5-day,pre_review,12441600,pre-speed5-day/census.txt,917,8596800,14817600,33,0,2,35,30,5,357,23,25,33,7,5,35,0,0,0,1157,691,466,943,214,564,564,558,0,880,3422,391,16930.33162720548,257,,,43200,turbo
pre-speed5-day,pre_review,12441600,pre-speed5-day/census.txt,921,8640000,14860800,33,0,2,35,30,5,357,24,30,33,2,5,35,0,0,0,1160,692,468,945,215,566,566,559,0,881,3450,393,16981.671501651872,257,,,43200,turbo
pre-speed5-day,pre_review,12441600,pre-speed5-day/census.txt,925,8683200,14904000,34,0,1,35,29,6,357,25,32,34,1,5,35,0,0,0,1162,693,469,946,216,567,567,560,0,882,3481,397,17049.01581896888,257,,,43200,turbo
pre-speed5-day,pre_review,12441600,pre-speed5-day/census.txt,929,8726400,14947200,34,0,1,35,30,5,358,26,29,34,4,5,35,0,0,0,1164,694,470,948,216,569,569,560,0,883,3510,400,17093.441025987733,257,,,43200,turbo
pre-speed5-day,pre_review,12441600,pre-speed5-day/census.txt,933,8769600,14990400,34,0,2,36,30,6,356,21,32,34,1,5,36,0,0,0,1167,695,472,950,217,569,569,562,0,884,3541,407,17141.451136544812,257,,,43200,turbo
pre-speed5-day,pre_review,12441600,pre-speed5-day/census.txt,937,8812800,15033600,34,0,1,35,29,6,357,19,32,34,1,5,35,0,0,0,1169,696,473,952,217,571,571,563,0,886,3571,414,17207.86418075906,258,,,43200,turbo
pre-speed5-day,pre_review,12441600,pre-speed5-day/census.txt,941,8856000,15076800,33,0,2,35,30,5,358,17,27,33,4,5,35,0,0,0,1173,698,475,956,217,574,574,564,0,889,3597,416,17258.903605834115,259,,,43200,turbo
pre-speed5-day,pre_review,12441600,pre-speed5-day/census.txt,945,8899200,15120000,34,0,2,36,30,6,357,18,30,34,3,5,36,0,0,0,1176,699,477,958,218,575,575,565,0,890,3627,420,17386.70531441318,259,,,43200,turbo
pre-speed5-day,pre_review,12441600,pre-speed5-day/census.txt,949,8942400,15163200,34,0,1,35,30,5,358,25,27,34,5,5,35,0,0,0,1179,701,478,961,218,578,578,566,0,892,3653,422,17437.54523147689,260,,,43200,turbo
pre-speed5-day,pre_review,12441600,pre-speed5-day/census.txt,953,8985600,15206400,32,0,2,34,28,6,357,18,31,32,0,5,34,0,0,0,1182,702,480,963,219,579,579,569,0,894,3682,423,17498.58988155471,261,,,43200,turbo
pre-speed5-day,pre_review,12441600,pre-speed5-day/census.txt,957,9028800,15249600,31,0,2,33,28,5,358,19,28,31,2,5,33,0,0,0,1185,703,482,966,219,582,582,570,0,896,3710,428,17560.697712079156,262,,,43200,turbo
pre-speed5-day,pre_review,12441600,pre-speed5-day/census.txt,961,9072000,15292800,33,0,2,35,29,6,357,14,29,33,2,5,35,0,0,0,1189,705,484,969,220,583,583,571,0,898,3738,430,17646.355880812276,262,,,43200,turbo
pre-speed5-day,pre_review,12441600,pre-speed5-day/census.txt,965,9115200,15336000,31,0,2,33,28,5,359,19,24,31,6,5,33,0,0,0,1192,706,486,972,220,587,587,572,0,901,3759,431,17698.318581715692,264,,,43200,turbo
pre-speed5-day,pre_review,12441600,pre-speed5-day/census.txt,969,9158400,15379200,31,0,3,34,27,7,358,22,24,31,4,5,34,0,0,0,1198,709,489,976,222,590,590,574,0,905,3780,432,17736.932816461194,266,,,43200,turbo
pre-speed5-day,pre_review,12441600,pre-speed5-day/census.txt,973,9201600,15422400,30,0,2,32,26,6,359,20,28,30,1,5,32,0,0,0,1201,710,491,979,222,593,593,576,0,907,3806,436,17901.719705656637,267,,,43200,turbo
pre-speed5-day,pre_review,12441600,pre-speed5-day/census.txt,977,9244800,15465600,29,0,2,31,25,6,358,23,23,29,4,5,31,0,0,0,1205,712,493,982,223,596,596,578,0,909,3827,441,17951.30316408025,269,,,43200,turbo
pre-speed5-day,pre_review,12441600,pre-speed5-day/census.txt,981,9288000,15508800,31,0,2,33,28,5,359,24,28,31,0,5,33,0,0,0,1210,715,495,987,223,598,598,579,0,913,3854,444,18024.94826407777,269,,,43200,turbo
pre-speed5-day,pre_review,12441600,pre-speed5-day/census.txt,985,9331200,15552000,28,0,1,29,25,4,361,21,25,28,1,5,29,0,0,0,1213,717,496,989,224,603,603,581,0,915,3878,445,18109.388846114744,271,,,43200,turbo
pre-speed5-day,pre_review,12441600,pre-speed5-day/census.txt,989,9374400,15595200,27,0,3,30,26,4,360,18,23,27,1,5,30,0,0,0,1219,720,499,994,225,606,606,583,0,919,3900,446,18154.55737085687,273,,,43200,turbo
pre-speed5-day,pre_review,12441600,pre-speed5-day/census.txt,993,9417600,15638400,28,0,2,30,25,5,359,17,24,28,1,5,30,0,0,0,1224,723,501,997,227,609,609,585,0,921,3924,452,18242.696941331495,274,,,43200,turbo
pre-speed5-day,pre_review,12441600,pre-speed5-day/census.txt,997,9460800,15681600,29,0,2,31,26,5,359,17,24,29,1,5,31,0,0,0,1230,727,503,1002,228,611,611,588,0,925,3946,455,18301.06175728189,274,,,43200,turbo
pre-speed5-day,pre_review,12441600,pre-speed5-day/census.txt,1001,9504000,15724800,30,0,1,31,26,5,359,22,25,30,2,5,31,0,0,0,1234,730,504,1005,229,613,613,590,0,927,3970,457,18429.302413657773,274,,,43200,turbo
pre-speed5-day,pre_review,12441600,pre-speed5-day/census.txt,1005,9547200,15768000,30,0,2,32,27,5,358,22,26,30,0,5,32,0,0,0,1240,734,506,1010,230,616,616,592,0,931,3995,462,18521.921608880628,276,,,43200,turbo
pre-speed5-day,pre_review,12441600,pre-speed5-day/census.txt,1009,9590400,15811200,30,0,2,32,28,4,360,22,26,30,1,5,32,0,0,0,1245,737,508,1014,231,619,619,594,0,935,4021,464,18616.78135247575,276,,,43200,turbo
pre-speed5-day,pre_review,12441600,pre-speed5-day/census.txt,1013,9633600,15854400,28,0,3,31,26,5,359,15,22,28,4,5,31,0,0,0,1250,739,511,1017,233,624,624,595,0,937,4042,466,18767.255390361417,279,,,43200,turbo
pre-speed5-day,pre_review,12441600,pre-speed5-day/census.txt,1017,9676800,15897600,27,0,2,29,24,5,359,19,21,27,4,5,29,0,0,0,1254,741,513,1020,234,628,628,597,0,939,4063,470,18828.978053644765,281,,,43200,turbo
pre-speed5-day,pre_review,12441600,pre-speed5-day/census.txt,1021,9720000,15940800,28,0,1,29,24,5,358,18,20,28,4,5,29,0,0,0,1259,745,514,1023,236,631,631,599,0,941,4082,471,18886.316633776296,282,,,43200,turbo
pre-speed5-day,pre_review,12441600,pre-speed5-day/census.txt,1025,9763200,15984000,28,0,1,29,24,5,358,17,26,28,0,5,29,0,0,0,1262,747,515,1025,237,633,633,600,0,943,4107,474,18975.080827430356,283,,,43200,turbo
pre-speed5-day,pre_review,12441600,pre-speed5-day/census.txt,1029,9806400,16027200,30,0,2,32,26,6,357,20,26,30,0,5,32,0,0,0,1268,751,517,1030,238,635,635,601,0,947,4130,475,19065.64649753319,284,,,43200,turbo
pre-speed5-day,pre_review,12441600,pre-speed5-day/census.txt,1033,9849600,16070400,29,0,2,31,26,5,358,16,25,29,2,5,31,0,0,0,1272,753,519,1034,238,637,637,604,0,950,4155,478,19120.72789971577,284,,,43200,turbo
pre-speed5-day,pre_review,12441600,pre-speed5-day/census.txt,1037,9892800,16113600,32,0,2,34,27,7,357,18,20,32,7,5,34,0,0,0,1279,758,521,1039,240,639,639,606,0,955,4173,478,19159.844278470147,285,,,43200,turbo
pre-speed5-day,pre_review,12441600,pre-speed5-day/census.txt,1041,9936000,16156800,31,0,2,33,26,7,357,22,23,31,7,5,33,0,0,0,1282,759,523,1042,240,641,641,608,0,957,4196,480,19266.79182566749,286,,,43200,turbo
pre-speed5-day,pre_review,12441600,pre-speed5-day/census.txt,1045,9979200,16200000,32,0,3,35,27,8,356,23,29,32,1,5,35,0,0,0,1287,761,526,1046,241,642,642,610,0,961,4224,485,19362.808377162088,287,,,43200,turbo
pre-speed5-day,pre_review,12441600,pre-speed5-day/census.txt,1049,10022400,16243200,31,0,2,33,27,6,357,21,28,31,1,5,33,0,0,0,1291,763,528,1050,241,645,645,613,0,964,4249,485,19441.516557172406,288,,,43200,turbo
pre-speed5-day,pre_review,12441600,pre-speed5-day/census.txt,1053,10065600,16286400,33,0,2,35,28,7,356,19,29,33,1,5,35,0,0,0,1296,766,530,1054,242,646,646,615,0,967,4277,487,19566.60636863159,288,,,43200,turbo
pre-speed5-day,pre_review,12441600,pre-speed5-day/census.txt,1057,10108800,16329600,33,0,2,35,27,8,356,23,31,33,1,5,35,0,0,0,1299,767,532,1056,243,648,648,616,0,969,4305,490,19669.505337864626,289,,,43200,turbo
pre-speed5-day,pre_review,12441600,pre-speed5-day/census.txt,1061,10152000,16372800,32,0,2,34,27,7,357,18,27,32,4,5,34,0,0,0,1302,768,534,1059,243,650,650,618,0,972,4330,492,19726.355491175782,290,,,43200,turbo
pre-speed5-day,pre_review,12441600,pre-speed5-day/census.txt,1065,10195200,16416000,32,0,3,35,28,7,357,15,29,32,3,5,35,0,0,0,1305,768,537,1062,243,651,651,619,0,974,4358,497,19794.57897306932,290,,,43200,turbo
pre-speed5-day,pre_review,12441600,pre-speed5-day/census.txt,1069,10238400,16459200,34,0,1,35,27,8,358,18,29,34,1,5,35,0,0,0,1310,772,538,1066,244,654,654,621,0,979,4385,502,19851.8851912166,292,,,43200,turbo
pre-speed5-day,pre_review,12441600,pre-speed5-day/census.txt,1073,10281600,16502400,33,0,2,35,27,8,358,13,33,33,0,5,35,0,0,0,1312,772,540,1068,244,656,656,621,0,980,4418,507,19969.33978439821,293,,,43200,turbo
pre-speed5-day,pre_review,12441600,pre-speed5-day/census.txt,1077,10324800,16545600,33,0,2,35,27,8,359,16,28,33,4,5,35,0,0,0,1315,773,542,1071,244,657,657,623,0,983,4446,509,20035.687230243813,293,,,43200,turbo
pre-speed5-day,pre_review,12441600,pre-speed5-day/census.txt,1081,10368000,16588800,32,0,3,35,26,9,360,14,26,32,4,5,35,0,0,0,1320,775,545,1074,246,661,661,624,0,987,4471,514,20098.92442055,295,,,43200,turbo
pre-speed5-day,pre_review,12441600,pre-speed5-day/census.txt,1085,10411200,16632000,33,0,2,35,27,8,360,18,25,33,5,5,35,0,0,0,1325,778,547,1078,247,663,663,627,0,990,4495,515,20157.294045902323,295,,,43200,turbo
pre-speed5-day,pre_review,12441600,pre-speed5-day/census.txt,1089,10454400,16675200,34,0,1,35,26,9,359,21,28,34,3,5,35,0,0,0,1329,781,548,1081,248,664,664,630,0,992,4523,520,20228.292688108515,295,,,43200,turbo
pre-speed5-day,pre_review,12441600,pre-speed5-day/census.txt,1093,10497600,16718400,33,0,2,35,27,8,359,19,29,33,2,5,35,0,0,0,1333,783,550,1085,248,665,665,633,0,995,4549,525,20306.622768036555,295,,,43200,turbo
pre-speed5-day,pre_review,12441600,pre-speed5-day/census.txt,1097,10540800,16761600,34,0,1,35,26,9,359,19,27,34,5,5,35,0,0,0,1336,785,551,1087,249,667,667,634,0,997,4576,531,20360.781294933986,296,,,43200,turbo
pre-speed5-day,pre_review,12441600,pre-speed5-day/census.txt,1101,10584000,16804800,33,0,2,35,26,9,360,20,25,33,6,5,35,0,0,0,1340,787,553,1090,250,670,670,635,0,1000,4600,531,20439.151485792827,297,,,43200,turbo
pre-speed5-day,pre_review,12441600,pre-speed5-day/census.txt,1105,10627200,16848000,34,0,1,35,26,9,360,20,24,34,7,5,35,0,0,0,1344,790,554,1093,251,672,672,637,0,1003,4622,532,20536.543584070634,298,,,43200,turbo
pre-speed5-day,pre_review,12441600,pre-speed5-day/census.txt,1109,10670400,16891200,33,0,2,35,27,8,361,22,29,33,4,5,35,0,0,0,1346,790,556,1095,251,674,674,637,0,1004,4651,533,20654.670306644868,298,,,43200,turbo
pre-speed5-day,pre_review,12441600,pre-speed5-day/census.txt,1113,10713600,16934400,34,0,2,36,27,9,360,22,31,34,2,5,36,0,0,0,1349,791,558,1097,252,675,675,638,0,1005,4682,537,20724.3093022923,298,,,43200,turbo
pre-speed5-day,pre_review,12441600,pre-speed5-day/census.txt,1117,10756800,16977600,33,0,2,35,25,10,361,20,32,33,1,5,35,0,0,0,1351,791,560,1098,253,677,677,639,0,1007,4714,542,20778.089829884004,299,,,43200,turbo
pre-speed5-day,pre_review,12441600,pre-speed5-day/census.txt,1121,10800000,17020800,34,0,1,35,25,10,361,23,31,34,1,5,35,0,0,0,1354,793,561,1100,254,679,679,640,0,1009,4744,544,20824.425329319667,300,,,43200,turbo
pre-speed5-day,pre_review,12441600,pre-speed5-day/census.txt,1125,10843200,17064000,33,0,2,35,27,8,362,22,30,33,2,5,35,0,0,0,1357,794,563,1103,254,680,680,642,0,1012,4773,551,20890.217210076284,300,,,43200,turbo
pre-speed5-day,pre_review,12441600,pre-speed5-day/census.txt,1129,10886400,17107200,32,0,3,35,27,8,362,20,30,32,1,5,35,0,0,0,1361,795,566,1106,255,683,683,643,0,1014,4799,554,21023.00665160222,301,,,43200,turbo
pre-speed5-day,pre_review,12441600,pre-speed5-day/census.txt,1133,10929600,17150400,33,0,2,35,27,8,361,23,25,33,5,5,35,0,0,0,1366,798,568,1110,256,686,686,645,0,1017,4823,555,21133.782222590875,303,,,43200,turbo
pre-speed5-day,pre_review,12441600,pre-speed5-day/census.txt,1137,10972800,17193600,33,0,2,35,26,9,362,22,26,33,2,5,35,0,0,0,1373,803,570,1115,258,690,690,648,0,1023,4846,559,21175.576066143345,305,,,43200,turbo
pre-speed5-day,pre_review,12441600,pre-speed5-day/census.txt,1141,11016000,17236800,33,0,2,35,27,8,360,25,23,33,7,5,35,0,0,0,1378,806,572,1119,259,691,691,652,0,1026,4868,564,21239.488802141976,306,,,43200,turbo
pre-speed5-day,pre_review,12441600,pre-speed5-day/census.txt,1145,11059200,17280000,32,0,3,35,28,7,361,21,25,32,5,5,35,0,0,0,1383,808,575,1124,259,694,694,654,0,1030,4893,566,21343.665999836754,307,,,43200,turbo
pre-speed5-day,pre_review,12441600,pre-speed5-day/census.txt,1149,11102400,17323200,32,0,3,35,27,8,360,24,25,32,6,5,35,0,0,0,1387,809,578,1127,260,696,696,656,0,1032,4918,568,21418.907052702736,308,,,43200,turbo
pre-speed5-day,pre_review,12441600,pre-speed5-day/census.txt,1153,11145600,17366400,33,0,2,35,28,7,361,24,30,33,1,5,35,0,0,0,1391,811,580,1131,260,698,698,658,0,1035,4948,572,21498.08893746836,308,,,43200,turbo
pre-speed5-day,pre_review,12441600,pre-speed5-day/census.txt,1157,11188800,17409600,34,0,1,35,28,7,360,24,28,34,3,5,35,0,0,0,1395,814,581,1134,261,700,700,660,0,1037,4975,575,21570.44409460528,309,,,43200,turbo
pre-speed5-day,pre_review,12441600,pre-speed5-day/census.txt,1161,11232000,17452800,33,0,2,35,28,7,361,20,27,33,2,5,35,0,0,0,1401,818,583,1139,262,704,704,662,0,1043,5002,577,21669.4375502537,312,,,43200,turbo
pre-speed5-day,pre_review,12441600,pre-speed5-day/census.txt,1165,11275200,17496000,32,0,3,35,28,7,361,23,24,32,4,5,35,0,0,0,1408,822,586,1144,264,709,709,664,0,1048,5023,579,21745.014593250584,315,,,43200,turbo
pre-speed5-day,pre_review,12441600,pre-speed5-day/census.txt,1169,11318400,17539200,33,0,2,35,28,7,360,22,25,33,4,5,35,0,0,0,1414,826,588,1149,265,711,711,668,0,1052,5048,580,21856.547358639073,316,,,43200,turbo
pre-speed5-day,pre_review,12441600,pre-speed5-day/census.txt,1173,11361600,17582400,33,0,2,35,27,8,359,18,28,33,3,5,35,0,0,0,1418,828,590,1152,266,711,711,672,0,1055,5076,583,21979.304340488743,316,,,43200,turbo
pre-speed5-day,pre_review,12441600,pre-speed5-day/census.txt,1177,11404800,17625600,33,0,2,35,27,8,360,21,25,33,7,5,35,0,0,0,1421,829,592,1155,266,712,712,674,0,1058,5101,583,22055.382837898564,316,,,43200,turbo
pre-speed5-day,pre_review,12441600,pre-speed5-day/census.txt,1181,11448000,17668800,33,0,2,35,27,8,360,20,31,33,1,5,35,0,0,0,1424,830,594,1158,266,713,713,676,0,1060,5130,584,22112.231522947084,316,,,43200,turbo
pre-speed5-day,pre_review,12441600,pre-speed5-day/census.txt,1185,11491200,17712000,33,0,2,35,28,7,361,21,31,33,1,5,35,0,0,0,1427,831,596,1161,266,715,715,677,0,1062,5160,587,22188.006291418802,316,,,43200,turbo
pre-speed5-day,pre_review,12441600,pre-speed5-day/census.txt,1189,11534400,17755200,35,0,0,35,27,8,361,24,30,35,1,5,35,0,0,0,1431,835,596,1164,267,717,717,679,0,1065,5188,589,22242.615260213148,317,,,43200,turbo
pre-speed5-day,pre_review,12441600,pre-speed5-day/census.txt,1193,11577600,17798400,34,0,2,36,28,8,360,20,32,34,2,5,36,0,0,0,1433,835,598,1166,267,718,718,679,0,1066,5220,592,22344.862556486856,318,,,43200,turbo
pre-speed5-day,pre_review,12441600,pre-speed5-day/census.txt,1197,11620800,17841600,34,0,1,35,28,7,362,23,29,34,3,5,35,0,0,0,1436,837,599,1169,267,721,721,680,0,1069,5248,594,22424.805793538224,319,,,43200,turbo
pre-speed5-day,pre_review,12441600,pre-speed5-day/census.txt,1201,11664000,17884800,33,0,2,35,28,7,361,20,32,33,0,5,35,0,0,0,1439,838,601,1171,268,723,723,681,0,1070,5279,597,22496.489991440903,320,,,43200,turbo
pre-speed5-day,pre_review,12441600,pre-speed5-day/census.txt,1205,11707200,17928000,32,0,3,35,29,6,362,18,28,32,2,5,35,0,0,0,1444,840,604,1176,268,726,726,683,0,1074,5305,604,22558.992751866113,321,,,43200,turbo
pre-speed5-day,pre_review,12441600,pre-speed5-day/census.txt,1209,11750400,17971200,33,0,2,35,28,7,361,18,26,33,3,5,35,0,0,0,1450,844,606,1181,269,728,728,687,0,1078,5330,607,22624.251672058832,322,,,43200,turbo
pre-speed5-day,pre_review,12441600,pre-speed5-day/census.txt,1213,11793600,18014400,31,0,4,35,29,6,362,18,27,31,2,5,35,0,0,0,1456,846,610,1187,269,730,730,691,0,1083,5357,611,22675.96038320614,322,,,43200,turbo
pre-speed5-day,pre_review,12441600,pre-speed5-day/census.txt,1217,11836800,18057600,32,0,3,35,27,8,361,18,26,32,4,5,35,0,0,0,1461,848,613,1190,271,731,731,695,0,1086,5380,612,22730.298831492197,322,,,43200,turbo
pre-speed5-day,pre_review,12441600,pre-speed5-day/census.txt,1221,11880000,18100800,33,0,2,35,28,7,362,21,30,33,0,5,35,0,0,0,1466,851,615,1194,272,734,734,697,0,1090,5409,619,22790.26958098961,323,,,43200,turbo
pre-speed5-day,pre_review,12441600,pre-speed5-day/census.txt,1225,11923200,18144000,34,0,1,35,27,8,361,23,29,34,4,5,35,0,0,0,1468,852,616,1195,273,735,735,698,0,1090,5437,622,22890.986044913065,323,,,43200,turbo
pre-speed5-day,pre_review,12441600,pre-speed5-day/census.txt,1229,11966400,18187200,33,0,2,35,28,7,361,21,30,33,0,5,35,0,0,0,1473,855,618,1199,274,739,739,699,0,1094,5467,623,22960.90067008091,326,,,43200,turbo
pre-speed5-day,pre_review,12441600,pre-speed5-day/census.txt,1233,12009600,18230400,33,0,1,34,26,8,362,18,28,33,4,5,34,0,0,0,1475,856,619,1200,275,741,741,700,0,1095,5494,623,23057.320629626047,326,,,43200,turbo
pre-speed5-day,pre_review,12441600,pre-speed5-day/census.txt,1237,12052800,18273600,33,0,2,35,28,7,362,18,25,33,6,5,35,0,0,0,1479,858,621,1204,275,744,744,700,0,1097,5518,624,23104.914775967132,327,,,43200,turbo
pre-speed5-day,pre_review,12441600,pre-speed5-day/census.txt,1241,12096000,18316800,33,0,2,35,27,8,360,20,29,33,3,5,35,0,0,0,1482,859,623,1206,276,744,744,703,0,1098,5545,625,23160.19829100324,327,,,43200,turbo
pre-speed5-day,pre_review,12441600,pre-speed5-day/census.txt,1245,12139200,18360000,35,0,0,35,28,7,362,17,31,35,1,5,35,0,0,0,1485,862,623,1209,276,746,746,704,0,1101,5576,628,23228.702599107753,327,,,43200,turbo
pre-speed5-day,pre_review,12441600,pre-speed5-day/census.txt,1249,12182400,18403200,34,0,2,36,28,8,360,22,26,34,7,5,36,0,0,0,1488,863,625,1211,277,746,746,706,0,1102,5600,633,23327.635677992832,327,,,43200,turbo
pre-speed5-day,pre_review,12441600,pre-speed5-day/census.txt,1253,12225600,18446400,33,0,2,35,29,6,361,16,26,33,5,5,35,0,0,0,1492,865,627,1215,277,750,750,707,0,1105,5625,636,23403.536498963367,329,,,43200,turbo
pre-speed5-day,pre_review,12441600,pre-speed5-day/census.txt,1257,12268800,18489600,34,0,1,35,28,7,362,18,24,34,6,5,35,0,0,0,1497,869,628,1218,279,753,753,709,0,1109,5647,640,23461.415134764742,330,,,43200,turbo
pre-speed5-day,pre_review,12441600,pre-speed5-day/census.txt,1261,12312000,18532800,33,0,2,35,28,7,361,16,25,33,5,5,35,0,0,0,1502,872,630,1222,280,755,755,712,0,1112,5671,643,23521.13091374142,331,,,43200,turbo
pre-speed5-day,pre_review,12441600,pre-speed5-day/census.txt,1265,12355200,18576000,33,0,2,35,29,6,362,16,27,33,3,5,35,0,0,0,1507,875,632,1227,280,757,757,715,0,1116,5698,644,23570.443354375195,331,,,43200,turbo
pre-speed5-day,pre_review,12441600,pre-speed5-day/census.txt,1269,12398400,18619200,34,0,2,36,29,7,361,21,27,34,6,5,36,0,0,0,1510,876,634,1229,281,758,758,716,0,1117,5723,647,23742.02780414326,331,,,43200,turbo
pre-speed5-day,pre_review,12441600,pre-speed5-day/census.txt,1273,12441600,18662400,32,0,3,35,29,6,362,16,25,32,6,5,35,0,0,0,1514,877,637,1233,281,762,762,717,0,1120,5746,651,23779.863438970875,333,,,43200,turbo
post-speed5-day,post_review_intermediate,12441600,post-speed5-day/census.txt,2,0,6220800,0,0,0,0,0,0,330,0,0,0,0,5,0,0,0,0,0,0,0,0,0,0,0,0,0,0,0,0,0,0,,,43200,turbo
post-speed5-day,post_review_intermediate,12441600,post-speed5-day/census.txt,125,43200,6264000,22,0,6,28,24,4,329,21,0,22,0,5,28,0,0,0,28,22,6,24,4,0,0,0,0,27,0,0,0,0,,,43200,turbo
post-speed5-day,post_review_intermediate,12441600,post-speed5-day/census.txt,129,86400,6307200,33,0,2,35,34,1,330,31,4,33,0,5,35,0,0,0,59,51,8,54,5,9,7,15,0,58,4,0,123.02341747283936,7,,,43200,turbo
post-speed5-day,post_review_intermediate,12441600,post-speed5-day/census.txt,133,129600,6350400,32,0,3,35,29,6,328,26,17,32,0,5,35,0,0,0,77,66,11,67,10,22,20,20,0,75,21,0,627.9284601211548,20,,,43200,turbo
post-speed5-day,post_review_intermediate,12441600,post-speed5-day/census.txt,137,172800,6393600,32,0,2,34,31,3,329,29,10,32,0,5,34,0,0,0,101,88,13,90,11,43,40,24,0,99,31,0,816.9845848083496,39,,,43200,turbo
post-speed5-day,post_review_intermediate,12441600,post-speed5-day/census.txt,141,216000,6436800,23,0,3,26,22,4,330,22,4,23,0,5,26,0,0,0,123,107,16,109,14,61,58,36,0,124,35,0,986.6237812042236,56,,,43200,turbo
post-speed5-day,post_review_intermediate,12441600,post-speed5-day/census.txt,145,259200,6480000,30,0,3,33,30,3,329,27,9,30,0,5,33,0,0,0,147,128,19,131,16,68,65,46,0,148,44,0,1325.6807038784027,62,,,43200,turbo
post-speed5-day,post_review_intermediate,12441600,post-speed5-day/census.txt,149,302400,6523200,27,0,3,30,25,5,329,24,12,27,0,5,30,0,0,0,165,143,22,146,19,84,81,51,0,169,56,0,1797.4841284751892,77,,,43200,turbo
post-speed5-day,post_review_intermediate,12441600,post-speed5-day/census.txt,153,345600,6566400,29,0,2,31,27,4,329,26,5,29,0,5,31,0,0,0,191,167,24,171,20,98,95,62,0,195,61,0,1929.411217212677,90,,,43200,turbo
post-speed5-day,post_review_intermediate,12441600,post-speed5-day/census.txt,157,388800,6609600,29,0,3,32,27,5,328,26,16,29,0,5,32,0,0,0,207,180,27,185,22,105,102,70,0,212,77,0,2364.2472109794617,96,,,43200,turbo
post-speed5-day,post_review_intermediate,12441600,post-speed5-day/census.txt,161,432000,6652800,31,0,2,33,26,7,328,31,9,31,0,5,33,0,0,0,231,202,29,203,28,121,117,77,0,236,86,0,2694.6785731315613,111,,,43200,turbo
post-speed5-day,post_review_intermediate,12441600,post-speed5-day/census.txt,165,475200,6696000,30,0,3,33,32,1,329,30,9,30,0,5,33,0,0,0,255,223,32,227,28,135,131,87,0,261,95,0,2968.4484634399414,124,,,43200,turbo
post-speed5-day,post_review_intermediate,12441600,post-speed5-day/census.txt,169,518400,6739200,32,0,1,33,30,3,328,27,18,32,0,5,33,0,0,0,270,237,33,240,30,142,138,95,0,275,113,0,3374.2949707508087,131,,,43200,turbo
post-speed5-day,post_review_intermediate,12441600,post-speed5-day/census.txt,173,561600,6782400,29,0,5,34,31,3,329,22,10,29,1,5,34,0,0,0,292,255,37,260,32,159,154,99,0,298,123,0,3586.008717060089,147,,,43200,turbo
post-speed5-day,post_review_intermediate,12441600,post-speed5-day/census.txt,177,604800,6825600,34,0,0,34,31,3,329,31,14,34,1,5,34,0,0,0,311,274,37,278,33,171,166,106,0,318,137,0,3969.1240449547768,159,,,43200,turbo
post-speed5-day,post_review_intermediate,12441600,post-speed5-day/census.txt,181,648000,6868800,31,0,3,34,32,2,329,25,21,31,0,5,34,0,0,0,324,284,40,291,33,180,174,110,0,333,157,1,4326.37879639864,167,,,43200,turbo
post-speed5-day,post_review_intermediate,12441600,post-speed5-day/census.txt,185,691200,6912000,33,0,0,33,30,3,328,25,18,33,1,5,33,0,0,0,338,298,40,304,34,190,184,115,0,347,175,3,4581.951367735863,177,,,43200,turbo
post-speed5-day,post_review_intermediate,12441600,post-speed5-day/census.txt,189,734400,6955200,34,0,0,34,30,4,328,28,20,34,1,5,34,0,0,0,351,311,40,316,35,199,193,118,0,363,195,4,4893.246606349945,186,,,43200,turbo
post-speed5-day,post_review_intermediate,12441600,post-speed5-day/census.txt,193,777600,6998400,32,0,2,34,32,2,330,29,14,32,0,5,34,0,0,0,371,329,42,336,35,214,206,123,0,384,209,5,5126.596186161041,199,,,43200,turbo
post-speed5-day,post_review_intermediate,12441600,post-speed5-day/census.txt,197,820800,7041600,31,0,4,35,29,6,328,30,12,31,1,5,35,0,0,0,393,347,46,353,40,226,218,132,0,405,221,5,5451.039917469025,211,,,43200,turbo
post-speed5-day,post_review_intermediate,12441600,post-speed5-day/census.txt,201,864000,7084800,30,0,3,33,28,5,329,27,8,30,0,5,33,0,0,0,418,369,49,376,42,242,234,143,0,431,229,5,5694.902140140533,226,,,43200,turbo
post-speed5-day,post_review_intermediate,12441600,post-speed5-day/census.txt,205,907200,7128000,32,0,1,33,29,4,329,29,14,32,0,5,33,0,0,0,437,387,50,393,44,252,243,152,0,451,243,5,6116.684984207153,235,,,43200,turbo
post-speed5-day,post_review_intermediate,12441600,post-speed5-day/census.txt,209,950400,7171200,28,0,6,34,28,6,329,25,11,28,0,5,34,0,0,0,460,404,56,412,48,267,258,159,0,475,253,5,6349.186942875385,250,,,43200,turbo
post-speed5-day,post_review_intermediate,12441600,post-speed5-day/census.txt,213,993600,7214400,33,0,1,34,30,4,329,28,13,33,0,5,34,0,0,0,481,424,57,432,49,278,269,169,0,498,266,5,6672.79403346777,261,,,43200,turbo
post-speed5-day,post_review_intermediate,12441600,post-speed5-day/census.txt,217,1036800,7257600,32,0,0,32,27,5,329,29,15,32,0,5,32,0,0,0,498,441,57,447,51,291,282,175,0,517,280,5,6908.544818669558,274,,,43200,turbo
post-speed5-day,post_review_intermediate,12441600,post-speed5-day/census.txt,221,1080000,7300800,34,0,1,35,30,5,328,31,15,34,0,5,35,0,0,0,518,460,58,466,52,303,294,180,0,537,294,5,7140.200368195772,286,,,43200,turbo
post-speed5-day,post_review_intermediate,12441600,post-speed5-day/census.txt,225,1123200,7344000,35,0,0,35,28,7,329,21,22,35,1,5,35,0,0,0,530,472,58,475,55,309,300,186,0,550,315,7,7367.030694633722,292,,,43200,turbo
post-speed5-day,post_review_intermediate,12441600,post-speed5-day/census.txt,229,1166400,7387200,33,0,2,35,28,7,328,15,24,33,3,5,35,0,0,0,538,478,60,482,56,312,303,191,0,558,338,7,7570.76880338788,295,,,43200,turbo
post-speed5-day,post_review_intermediate,12441600,post-speed5-day/census.txt,233,1209600,7430400,33,0,1,34,27,7,330,15,15,33,8,5,34,0,0,0,549,488,61,492,57,321,312,194,0,571,352,7,7623.523333579302,304,,,43200,turbo
post-speed5-day,post_review_intermediate,12441600,post-speed5-day/census.txt,237,1252800,7473600,35,0,0,35,28,7,329,12,18,35,11,5,35,0,0,0,555,494,61,497,58,324,315,196,0,577,368,10,7708.337331324816,307,,,43200,turbo
post-speed5-day,post_review_intermediate,12441600,post-speed5-day/census.txt,241,1296000,7516800,34,0,1,35,29,6,329,11,14,34,17,5,35,0,0,0,559,497,62,501,58,326,317,198,0,582,382,14,7757.276314407587,309,,,43200,turbo
post-speed5-day,post_review_intermediate,12441600,post-speed5-day/census.txt,245,1339200,7560000,34,0,0,34,28,6,329,9,12,34,20,5,34,0,0,0,561,499,62,503,58,328,319,199,0,585,394,17,7779.365141898394,311,,,43200,turbo
post-speed5-day,post_review_intermediate,12441600,post-speed5-day/census.txt,249,1382400,7603200,35,0,0,35,29,6,329,10,11,35,21,5,35,0,0,0,564,502,62,506,58,330,321,199,0,589,405,21,7804.64473131299,313,,,43200,turbo
post-speed5-day,post_review_intermediate,12441600,post-speed5-day/census.txt,253,1425600,7646400,35,0,0,35,28,7,329,19,24,35,7,5,35,0,0,0,568,506,62,509,59,333,324,200,0,594,427,21,7905.761751204729,316,,,43200,turbo
post-speed5-day,post_review_intermediate,12441600,post-speed5-day/census.txt,257,1468800,7689600,35,0,1,36,29,7,329,18,26,35,5,5,36,0,0,0,573,510,63,514,59,335,326,202,0,599,449,24,8008.475549846888,318,,,43200,turbo
post-speed5-day,post_review_intermediate,12441600,post-speed5-day/census.txt,261,1512000,7732800,34,0,1,35,29,6,329,21,26,34,4,5,35,0,0,0,578,514,64,519,59,339,330,204,0,605,474,31,8129.687152534723,322,,,43200,turbo
post-speed5-day,post_review_intermediate,12441600,post-speed5-day/census.txt,265,1555200,7776000,35,0,0,35,28,7,330,14,25,35,5,5,35,0,0,0,583,519,64,523,60,343,334,205,0,611,498,41,8211.2702768147,325,,,43200,turbo
post-speed5-day,post_review_intermediate,12441600,post-speed5-day/census.txt,269,1598400,7819200,33,0,1,34,27,7,330,14,22,33,9,5,34,0,0,0,586,521,65,526,60,345,336,207,0,615,519,48,8254.13323584199,327,,,43200,turbo
post-speed5-day,post_review_intermediate,12441600,post-speed5-day/census.txt,273,1641600,7862400,35,0,0,35,28,7,329,7,22,35,11,5,35,0,0,0,588,523,65,528,60,345,336,208,0,617,541,57,8338.734614819288,327,,,43200,turbo
post-speed5-day,post_review_intermediate,12441600,post-speed5-day/census.txt,277,1684800,7905600,35,0,0,35,28,7,329,11,22,35,11,5,35,0,0,0,590,525,65,530,60,347,338,208,0,620,560,63,8374.669871300459,329,,,43200,turbo
post-speed5-day,post_review_intermediate,12441600,post-speed5-day/census.txt,281,1728000,7948800,34,0,2,36,29,7,328,16,23,34,11,5,36,0,0,0,592,525,67,532,60,347,338,209,0,622,582,76,8417.803246349096,329,,,43200,turbo
post-speed5-day,post_review_intermediate,12441600,post-speed5-day/census.txt,285,1771200,7992000,35,0,1,36,29,7,328,19,21,35,13,5,36,0,0,0,594,526,68,534,60,347,338,211,0,624,602,89,8456.551368802786,329,,,43200,turbo
post-speed5-day,post_review_intermediate,12441600,post-speed5-day/census.txt,289,1814400,8035200,35,0,0,35,28,7,328,12,20,35,15,5,35,0,0,0,594,526,68,534,60,347,338,212,0,624,621,99,8487.8362275064,329,,,43200,turbo
post-speed5-day,post_review_intermediate,12441600,post-speed5-day/census.txt,293,1857600,8078400,35,0,1,36,29,7,327,16,23,35,12,5,36,0,0,0,595,526,69,535,60,347,338,212,0,625,642,109,8527.19731143117,329,,,43200,turbo
post-speed5-day,post_review_intermediate,12441600,post-speed5-day/census.txt,297,1900800,8121600,35,0,0,35,28,7,328,19,24,35,11,5,35,0,0,0,595,526,69,535,60,347,338,213,0,626,662,120,8564.233044654131,329,,,43200,turbo
post-speed5-day,post_review_intermediate,12441600,post-speed5-day/census.txt,301,1944000,8164800,34,0,1,35,28,7,327,9,25,34,9,5,35,0,0,0,596,526,70,536,60,347,338,214,0,627,683,130,8599.015045970678,329,,,43200,turbo
post-speed5-day,post_review_intermediate,12441600,post-speed5-day/census.txt,305,1987200,8208000,34,0,1,35,28,7,328,7,21,34,13,5,35,0,0,0,597,526,71,537,60,348,339,214,0,629,703,143,8629.67494931817,329,,,43200,turbo
post-speed5-day,post_review_intermediate,12441600,post-speed5-day/census.txt,309,2030400,8251200,34,0,1,35,28,7,327,14,24,34,10,5,35,0,0,0,598,526,72,538,60,348,339,215,0,631,725,150,8658.005347698927,329,,,43200,turbo
post-speed5-day,post_review_intermediate,12441600,post-speed5-day/census.txt,313,2073600,8294400,35,0,1,36,29,7,327,14,23,35,11,5,36,0,0,0,599,527,72,539,60,348,339,215,0,632,743,156,8687.446401685476,329,,,43200,turbo
post-speed5-day,post_review_intermediate,12441600,post-speed5-day/census.txt,317,2116800,8337600,35,0,0,35,28,7,328,11,24,35,10,5,35,0,0,0,600,528,72,540,60,349,340,216,0,634,767,171,8725.876154989004,330,,,43200,turbo
post-speed5-day,post_review_intermediate,12441600,post-speed5-day/census.txt,321,2160000,8380800,35,0,0,35,28,7,328,13,26,35,9,5,35,0,0,0,600,528,72,540,60,349,340,216,0,635,792,178,8776.54757592082,330,,,43200,turbo
post-speed5-day,post_review_intermediate,12441600,post-speed5-day/census.txt,325,2203200,8424000,35,0,1,36,29,7,327,11,23,35,12,5,36,0,0,0,601,528,73,541,60,349,340,216,0,636,814,194,8818.712662696838,330,,,43200,turbo
post-speed5-day,post_review_intermediate,12441600,post-speed5-day/census.txt,329,2246400,8467200,35,0,1,36,29,7,328,10,24,35,11,5,36,0,0,0,602,528,74,542,60,349,340,217,0,638,836,206,8856.763449937105,330,,,43200,turbo
post-speed5-day,post_review_intermediate,12441600,post-speed5-day/census.txt,333,2289600,8510400,35,0,0,35,28,7,328,17,27,35,8,5,35,0,0,0,602,528,74,542,60,350,341,217,0,638,863,222,8903.717855840921,330,,,43200,turbo
post-speed5-day,post_review_intermediate,12441600,post-speed5-day/census.txt,337,2332800,8553600,35,0,0,35,28,7,329,15,22,35,13,5,35,0,0,0,602,528,74,542,60,350,341,217,0,640,885,234,8942.279378503561,330,,,43200,turbo
post-speed5-day,post_review_intermediate,12441600,post-speed5-day/census.txt,341,2376000,8596800,35,0,0,35,28,7,329,12,21,35,14,5,35,0,0,0,602,528,74,542,60,350,341,217,0,641,903,240,8976.338330239058,330,,,43200,turbo
post-speed5-day,post_review_intermediate,12441600,post-speed5-day/census.txt,345,2419200,8640000,35,0,0,35,28,7,329,16,24,35,11,5,35,0,0,0,602,528,74,542,60,350,341,217,0,642,925,252,9010.153707772493,330,,,43200,turbo
post-speed5-day,post_review_intermediate,12441600,post-speed5-day/census.txt,349,2462400,8683200,35,0,0,35,28,7,329,8,20,35,15,5,35,0,0,0,602,528,74,542,60,350,341,217,0,643,945,263,9040.453996449709,330,,,43200,turbo
post-speed5-day,post_review_intermediate,12441600,post-speed5-day/census.txt,353,2505600,8726400,35,0,2,37,30,7,328,7,22,35,13,5,37,0,0,0,604,528,76,544,60,350,341,217,0,645,966,271,9083.36984232068,330,,,43200,turbo
post-speed5-day,post_review_intermediate,12441600,post-speed5-day/census.txt,357,2548800,8769600,35,0,1,36,29,7,328,18,21,35,14,5,36,0,0,0,605,528,77,545,60,351,342,218,0,646,983,281,9121.706515595317,330,,,43200,turbo
post-speed5-day,post_review_intermediate,12441600,post-speed5-day/census.txt,361,2592000,8812800,35,0,0,35,28,7,329,16,23,35,12,5,35,0,0,0,605,528,77,545,60,352,343,218,0,647,1004,293,9162.73301486671,330,,,43200,turbo
post-speed5-day,post_review_intermediate,12441600,post-speed5-day/census.txt,365,2635200,8856000,35,0,0,35,28,7,329,10,22,35,13,5,35,0,0,0,605,528,77,545,60,352,343,218,0,648,1023,300,9193.105328306556,330,,,43200,turbo
post-speed5-day,post_review_intermediate,12441600,post-speed5-day/census.txt,369,2678400,8899200,35,0,0,35,28,7,329,15,23,35,12,5,35,0,0,0,605,528,77,545,60,352,343,218,0,649,1044,308,9225.556793525815,330,,,43200,turbo
post-speed5-day,post_review_intermediate,12441600,post-speed5-day/census.txt,373,2721600,8942400,35,0,0,35,28,7,329,9,21,35,14,5,35,0,0,0,605,528,77,545,60,352,343,218,0,650,1065,314,9261.189545586705,330,,,43200,turbo
post-speed5-day,post_review_intermediate,12441600,post-speed5-day/census.txt,377,2764800,8985600,35,0,0,35,28,7,330,16,25,35,10,5,35,0,0,0,605,528,77,545,60,352,343,218,0,652,1090,328,9297.025996342301,330,,,43200,turbo
post-speed5-day,post_review_intermediate,12441600,post-speed5-day/census.txt,381,2808000,9028800,35,0,0,35,28,7,330,9,23,35,12,5,35,0,0,0,605,528,77,545,60,352,343,218,0,653,1110,338,9326.975331023335,330,,,43200,turbo
post-speed5-day,post_review_intermediate,12441600,post-speed5-day/census.txt,385,2851200,9072000,35,0,0,35,28,7,330,10,24,35,11,5,35,0,0,0,605,528,77,545,60,352,343,218,0,654,1133,345,9364.868587389588,330,,,43200,turbo
post-speed5-day,post_review_intermediate,12441600,post-speed5-day/census.txt,389,2894400,9115200,35,0,0,35,28,7,330,15,23,35,12,5,35,0,0,0,605,528,77,545,60,352,343,218,0,655,1156,360,9404.861198499799,330,,,43200,turbo
post-speed5-day,post_review_intermediate,12441600,post-speed5-day/census.txt,393,2937600,9158400,35,0,1,36,29,7,330,19,24,35,11,5,36,0,0,0,606,528,78,546,60,352,343,218,0,657,1179,375,9441.304012432694,330,,,43200,turbo
post-speed5-day,post_review_intermediate,12441600,post-speed5-day/census.txt,397,2980800,9201600,35,0,0,35,28,7,330,18,8,35,27,5,35,0,0,0,606,528,78,546,60,352,343,219,0,658,1185,378,9452.38296584785,330,,,43200,turbo
post-speed5-day,post_review_intermediate,12441600,post-speed5-day/census.txt,401,3024000,9244800,35,0,0,35,28,7,331,11,25,35,10,5,35,0,0,0,606,528,78,546,60,352,343,219,0,660,1209,384,9487.32623784244,330,,,43200,turbo
post-speed5-day,post_review_intermediate,12441600,post-speed5-day/census.txt,405,3067200,9288000,35,0,0,35,28,7,331,10,17,35,18,5,35,0,0,0,606,528,78,546,60,352,343,219,0,661,1222,387,9513.439145028591,330,,,43200,turbo
post-speed5-day,post_review_intermediate,12441600,post-speed5-day/census.txt,409,3110400,9331200,35,0,2,37,30,7,330,9,23,35,12,5,37,0,0,0,608,528,80,548,60,352,343,219,0,663,1243,394,9544.07532313466,330,,,43200,turbo
post-speed5-day,post_review_intermediate,12441600,post-speed5-day/census.txt,413,3153600,9374400,35,0,0,35,28,7,331,14,24,35,11,5,35,0,0,0,608,528,80,548,60,353,344,220,0,664,1266,400,9579.298263937235,330,,,43200,turbo
post-speed5-day,post_review_intermediate,12441600,post-speed5-day/census.txt,417,3196800,9417600,35,0,0,35,28,7,331,6,22,35,13,5,35,0,0,0,608,528,80,548,60,353,344,220,0,665,1288,416,9615.20136371255,330,,,43200,turbo
post-speed5-day,post_review_intermediate,12441600,post-speed5-day/census.txt,421,3240000,9460800,35,0,0,35,28,7,331,14,23,35,12,5,35,0,0,0,608,528,80,548,60,353,344,220,0,666,1308,431,9647.230508387089,330,,,43200,turbo
post-speed5-day,post_review_intermediate,12441600,post-speed5-day/census.txt,425,3283200,9504000,35,0,2,37,30,7,330,18,29,35,6,5,37,0,0,0,610,528,82,550,60,353,344,220,0,668,1335,445,9690.18600460887,330,,,43200,turbo
post-speed5-day,post_review_intermediate,12441600,post-speed5-day/census.txt,429,3326400,9547200,35,0,1,36,29,7,331,16,30,35,5,5,36,0,0,0,611,528,83,551,60,354,345,221,0,669,1364,457,9750.043322205544,330,,,43200,turbo
post-speed5-day,post_review_intermediate,12441600,post-speed5-day/census.txt,433,3369600,9590400,35,0,1,36,29,7,331,18,24,35,11,5,36,0,0,0,612,528,84,552,60,355,346,221,0,671,1388,464,9788.447753310204,330,,,43200,turbo
post-speed5-day,post_review_intermediate,12441600,post-speed5-day/census.txt,437,3412800,9633600,35,0,0,35,28,7,332,12,28,35,7,5,35,0,0,0,612,528,84,552,60,356,347,221,0,672,1404,467,9815.333385944366,330,,,43200,turbo
post-speed5-day,post_review_intermediate,12441600,post-speed5-day/census.txt,441,3456000,9676800,35,0,0,35,28,7,332,13,29,35,6,5,35,0,0,0,612,528,84,552,60,356,347,221,0,673,1431,479,9847.442509680986,330,,,43200,turbo
post-speed5-day,post_review_intermediate,12441600,post-speed5-day/census.txt,445,3499200,9720000,35,0,0,35,28,7,331,13,29,35,6,5,35,0,0,0,612,528,84,552,60,356,347,221,0,674,1460,488,9902.555395275354,330,,,43200,turbo
post-speed5-day,post_review_intermediate,12441600,post-speed5-day/census.txt,449,3542400,9763200,35,0,0,35,28,7,331,23,32,35,3,5,35,0,0,0,612,528,84,552,60,356,347,221,0,675,1492,509,9966.2567140162,330,,,43200,turbo
post-speed5-day,post_review_intermediate,12441600,post-speed5-day/census.txt,453,3585600,9806400,35,0,0,35,28,7,331,20,28,35,7,5,35,0,0,0,612,528,84,552,60,356,347,221,0,676,1519,524,10020.241852909327,330,,,43200,turbo
post-speed5-day,post_review_intermediate,12441600,post-speed5-day/census.txt,457,3628800,9849600,35,0,1,36,29,7,332,12,15,35,20,5,36,0,0,0,613,528,85,553,60,356,347,221,0,678,1532,529,10038.090766072273,330,,,43200,turbo
post-speed5-day,post_review_intermediate,12441600,post-speed5-day/census.txt,461,3672000,9892800,35,0,0,35,28,7,332,7,28,35,7,5,35,0,0,0,613,528,85,553,60,356,347,222,0,679,1559,535,10069.751316547394,330,,,43200,turbo
post-speed5-day,post_review_intermediate,12441600,post-speed5-day/census.txt,465,3715200,9936000,35,0,0,35,28,7,332,17,28,35,7,5,35,0,0,0,613,528,85,553,60,356,347,222,0,680,1585,548,10106.467015981674,330,,,43200,turbo
post-speed5-day,post_review_intermediate,12441600,post-speed5-day/census.txt,469,3758400,9979200,35,0,0,35,28,7,333,9,23,35,12,5,35,0,0,0,613,528,85,553,60,356,347,222,0,682,1608,554,10149.835520267487,330,,,43200,turbo
post-speed5-day,post_review_intermediate,12441600,post-speed5-day/census.txt,473,3801600,10022400,35,0,0,35,28,7,333,21,23,35,12,5,35,0,0,0,613,528,85,553,60,356,347,222,0,683,1631,564,10182.226199388504,330,,,43200,turbo
post-speed5-day,post_review_intermediate,12441600,post-speed5-day/census.txt,477,3844800,10065600,35,0,1,36,29,7,333,10,21,35,14,5,36,0,0,0,614,528,86,554,60,356,347,222,0,685,1651,581,10206.037407398224,330,,,43200,turbo
post-speed5-day,post_review_intermediate,12441600,post-speed5-day/census.txt,481,3888000,10108800,35,0,0,35,28,7,333,17,27,35,8,5,35,0,0,0,614,528,86,554,60,357,348,222,0,686,1677,599,10237.476200729609,330,,,43200,turbo
post-speed5-day,post_review_intermediate,12441600,post-speed5-day/census.txt,485,3931200,10152000,35,0,0,35,28,7,333,8,29,35,6,5,35,0,0,0,614,528,86,554,60,357,348,222,0,687,1702,615,10273.224295675755,330,,,43200,turbo
post-speed5-day,post_review_intermediate,12441600,post-speed5-day/census.txt,489,3974400,10195200,35,0,1,36,29,7,332,14,30,35,5,5,36,0,0,0,615,528,87,555,60,357,348,222,0,688,1729,625,10320.50629556179,330,,,43200,turbo
post-speed5-day,post_review_intermediate,12441600,post-speed5-day/census.txt,493,4017600,10238400,35,0,0,35,28,7,332,18,27,35,8,5,35,0,0,0,615,528,87,555,60,357,348,223,0,689,1756,644,10370.099731206894,330,,,43200,turbo
post-speed5-day,post_review_intermediate,12441600,post-speed5-day/census.txt,497,4060800,10281600,35,0,1,36,29,7,332,23,32,35,3,5,36,0,0,0,616,528,88,556,60,357,348,223,0,691,1787,661,10433.450074791908,330,,,43200,turbo
post-speed5-day,post_review_intermediate,12441600,post-speed5-day/census.txt,501,4104000,10324800,35,0,2,37,30,7,331,14,28,35,7,5,37,0,0,0,618,528,90,558,60,358,349,223,0,692,1812,671,10478.481142759323,330,,,43200,turbo
post-speed5-day,post_review_intermediate,12441600,post-speed5-day/census.txt,505,4147200,10368000,35,0,1,36,29,7,332,17,28,35,7,5,36,0,0,0,619,528,91,559,60,359,350,224,0,693,1836,680,10517.43089723587,330,,,43200,turbo
post-speed5-day,post_review_intermediate,12441600,post-speed5-day/census.txt,509,4190400,10411200,35,0,0,35,28,7,332,10,23,35,12,5,35,0,0,0,619,528,91,559,60,359,350,225,0,694,1854,687,10545.062176585197,330,,,43200,turbo
post-speed5-day,post_review_intermediate,12441600,post-speed5-day/census.txt,513,4233600,10454400,35,0,1,36,29,7,332,19,31,35,4,5,36,0,0,0,620,528,92,560,60,359,350,225,0,696,1879,701,10585.696696043015,330,,,43200,turbo
post-speed5-day,post_review_intermediate,12441600,post-speed5-day/census.txt,517,4276800,10497600,35,0,0,35,28,7,333,12,21,35,14,5,35,0,0,0,620,528,92,560,60,359,350,226,0,698,1897,714,10610.008756399155,330,,,43200,turbo
post-speed5-day,post_review_intermediate,12441600,post-speed5-day/census.txt,521,4320000,10540800,35,0,1,36,29,7,332,9,30,35,5,5,36,0,0,0,621,528,93,561,60,359,350,226,0,699,1926,719,10667.666556090117,330,,,43200,turbo
post-speed5-day,post_review_intermediate,12441600,post-speed5-day/census.txt,525,4363200,10584000,35,0,0,35,28,7,333,20,31,35,4,5,35,0,0,0,621,528,93,561,60,360,351,226,0,700,1954,737,10727.610406786203,330,,,43200,turbo
post-speed5-day,post_review_intermediate,12441600,post-speed5-day/census.txt,529,4406400,10627200,35,0,0,35,28,7,333,15,32,35,3,5,35,0,0,0,621,528,93,561,60,360,351,226,0,701,1981,757,10783.048489198089,330,,,43200,turbo
post-speed5-day,post_review_intermediate,12441600,post-speed5-day/census.txt,533,4449600,10670400,35,0,0,35,28,7,333,14,32,35,3,5,35,0,0,0,621,528,93,561,60,360,351,226,0,702,2013,769,10827.934042438865,330,,,43200,turbo
post-speed5-day,post_review_intermediate,12441600,post-speed5-day/census.txt,537,4492800,10713600,35,0,0,35,28,7,335,12,29,35,6,5,35,0,0,0,621,528,93,561,60,360,351,226,0,704,2041,774,10861.718588367105,330,,,43200,turbo
post-speed5-day,post_review_intermediate,12441600,post-speed5-day/census.txt,541,4536000,10756800,35,0,0,35,28,7,335,8,28,35,7,5,35,0,0,0,621,528,93,561,60,360,351,226,0,705,2067,780,10910.529993876815,330,,,43200,turbo
post-speed5-day,post_review_intermediate,12441600,post-speed5-day/census.txt,545,4579200,10800000,35,0,0,35,28,7,335,13,27,35,8,5,35,0,0,0,621,528,93,561,60,360,351,226,0,706,2094,790,10961.388236150146,330,,,43200,turbo
post-speed5-day,post_review_intermediate,12441600,post-speed5-day/census.txt,549,4622400,10843200,35,0,0,35,28,7,335,25,28,35,7,5,35,0,0,0,621,528,93,561,60,360,351,226,0,707,2122,807,11011.909818068147,330,,,43200,turbo
post-speed5-day,post_review_intermediate,12441600,post-speed5-day/census.txt,553,4665600,10886400,35,0,2,37,30,7,333,16,29,35,6,5,37,0,0,0,623,528,95,563,60,360,351,226,0,708,2148,821,11062.659317597747,330,,,43200,turbo
post-speed5-day,post_review_intermediate,12441600,post-speed5-day/census.txt,557,4708800,10929600,35,0,1,36,29,7,333,11,30,35,5,5,36,0,0,0,624,528,96,564,60,361,352,227,0,709,2171,834,11100.379638120532,330,,,43200,turbo
post-speed5-day,post_review_intermediate,12441600,post-speed5-day/census.txt,561,4752000,10972800,35,0,0,35,28,7,333,16,31,35,4,5,35,0,0,0,624,528,96,564,60,362,353,227,0,709,2199,842,11131.46948067844,330,,,43200,turbo
post-speed5-day,post_review_intermediate,12441600,post-speed5-day/census.txt,565,4795200,11016000,35,0,1,36,29,7,333,13,31,35,4,5,36,0,0,0,625,528,97,565,60,362,353,227,0,711,2229,856,11176.794445618987,330,,,43200,turbo
post-speed5-day,post_review_intermediate,12441600,post-speed5-day/census.txt,569,4838400,11059200,35,0,0,35,28,7,334,8,26,35,9,5,35,0,0,0,625,528,97,565,60,363,354,227,0,712,2253,871,11218.701530128717,330,,,43200,turbo
post-speed5-day,post_review_intermediate,12441600,post-speed5-day/census.txt,573,4881600,11102400,35,0,1,36,29,7,333,18,29,35,6,5,36,0,0,0,626,528,98,566,60,363,354,227,0,714,2281,891,11260.506451159716,330,,,43200,turbo
post-speed5-day,post_review_intermediate,12441600,post-speed5-day/census.txt,577,4924800,11145600,35,0,0,35,28,7,334,17,32,35,3,5,35,0,0,0,626,528,98,566,60,364,355,227,0,715,2302,904,11294.350507557392,330,,,43200,turbo
post-speed5-day,post_review_intermediate,12441600,post-speed5-day/census.txt,581,4968000,11188800,35,0,0,35,28,7,334,18,20,35,15,5,35,0,0,0,626,528,98,566,60,364,355,227,0,716,2316,907,11317.874779701233,330,,,43200,turbo
post-speed5-day,post_review_intermediate,12441600,post-speed5-day/census.txt,585,5011200,11232000,35,0,0,35,28,7,334,10,29,35,6,5,35,0,0,0,626,528,98,566,60,364,355,227,0,717,2342,924,11350.222621709108,330,,,43200,turbo
post-speed5-day,post_review_intermediate,12441600,post-speed5-day/census.txt,589,5054400,11275200,35,0,0,35,28,7,334,16,31,35,4,5,35,0,0,0,626,528,98,566,60,364,355,227,0,718,2369,942,11387.467222630978,330,,,43200,turbo
post-speed5-day,post_review_intermediate,12441600,post-speed5-day/census.txt,593,5097600,11318400,35,0,0,35,28,7,334,9,30,35,5,5,35,0,0,0,626,528,98,566,60,364,355,227,0,719,2398,955,11441.548650026321,330,,,43200,turbo
post-speed5-day,post_review_intermediate,12441600,post-speed5-day/census.txt,597,5140800,11361600,35,0,0,35,28,7,334,16,33,35,2,5,35,0,0,0,626,528,98,566,60,364,355,227,0,720,2428,962,11496.519898802042,330,,,43200,turbo
post-speed5-day,post_review_intermediate,12441600,post-speed5-day/census.txt,601,5184000,11404800,35,0,0,35,28,7,334,20,30,35,5,5,35,0,0,0,626,528,98,566,60,364,355,227,0,721,2457,983,11543.451981812716,330,,,43200,turbo
post-speed5-day,post_review_intermediate,12441600,post-speed5-day/census.txt,605,5227200,11448000,35,0,0,35,28,7,334,15,29,35,6,5,35,0,0,0,626,528,98,566,60,364,355,227,0,722,2485,997,11602.827114373446,330,,,43200,turbo
post-speed5-day,post_review_intermediate,12441600,post-speed5-day/census.txt,609,5270400,11491200,35,0,0,35,28,7,335,17,23,35,12,5,35,0,0,0,626,528,98,566,60,364,355,227,0,724,2507,1003,11635.614439934492,330,,,43200,turbo
post-speed5-day,post_review_intermediate,12441600,post-speed5-day/census.txt,613,5313600,11534400,35,0,1,36,29,7,333,12,31,35,4,5,36,0,0,0,627,528,99,567,60,364,355,227,0,725,2533,1013,11677.828630298376,330,,,43200,turbo
post-speed5-day,post_review_intermediate,12441600,post-speed5-day/census.txt,617,5356800,11577600,35,0,1,36,29,7,333,13,30,35,5,5,36,0,0,0,628,528,100,568,60,365,356,227,0,726,2556,1024,11714.721176952124,330,,,43200,turbo
post-speed5-day,post_review_intermediate,12441600,post-speed5-day/census.txt,621,5400000,11620800,35,0,1,36,29,7,333,10,33,35,2,5,36,0,0,0,629,528,101,569,60,366,357,227,0,727,2586,1036,11760.748525679111,330,,,43200,turbo
post-speed5-day,post_review_intermediate,12441600,post-speed5-day/census.txt,625,5443200,11664000,35,0,1,36,29,7,333,6,31,35,4,5,36,0,0,0,630,528,102,570,60,366,357,228,0,729,2617,1048,11813.942718207836,330,,,43200,turbo
post-speed5-day,post_review_intermediate,12441600,post-speed5-day/census.txt,629,5486400,11707200,35,0,0,35,28,7,334,12,28,35,7,5,35,0,0,0,630,528,102,570,60,367,358,228,0,730,2644,1072,11859.300264418125,330,,,43200,turbo
post-speed5-day,post_review_intermediate,12441600,post-speed5-day/census.txt,633,5529600,11750400,35,0,0,35,28,7,334,14,31,35,4,5,35,0,0,0,630,528,102,570,60,367,358,228,0,731,2674,1093,11917.711313068867,330,,,43200,turbo
post-speed5-day,post_review_intermediate,12441600,post-speed5-day/census.txt,637,5572800,11793600,35,0,0,35,28,7,334,23,21,35,14,5,35,0,0,0,630,528,102,570,60,367,358,228,0,732,2695,1104,11955.076243698597,330,,,43200,turbo
post-speed5-day,post_review_intermediate,12441600,post-speed5-day/census.txt,641,5616000,11836800,35,0,2,37,30,7,333,23,30,35,5,5,37,0,0,0,632,528,104,572,60,367,358,228,0,734,2724,1131,12008.448163747787,330,,,43200,turbo
post-speed5-day,post_review_intermediate,12441600,post-speed5-day/census.txt,645,5659200,11880000,35,0,2,37,30,7,333,19,31,35,4,5,37,0,0,0,634,528,106,574,60,368,359,229,0,735,2755,1156,12067.63881200552,330,,,43200,turbo
post-speed5-day,post_review_intermediate,12441600,post-speed5-day/census.txt,649,5702400,11923200,35,0,1,36,29,7,333,23,30,35,5,5,36,0,0,0,635,528,107,575,60,369,360,230,0,736,2784,1177,12126.742531478405,330,,,43200,turbo
post-speed5-day,post_review_intermediate,12441600,post-speed5-day/census.txt,653,5745600,11966400,35,0,0,35,28,7,334,23,32,35,3,5,35,0,0,0,635,528,107,575,60,370,361,230,0,737,2815,1199,12191.763996645808,330,,,43200,turbo
post-speed5-day,post_review_intermediate,12441600,post-speed5-day/census.txt,657,5788800,12009600,35,0,0,35,28,7,334,17,29,35,6,5,35,0,0,0,635,528,107,575,60,370,361,230,0,738,2843,1210,12236.469069704413,330,,,43200,turbo
post-speed5-day,post_review_intermediate,12441600,post-speed5-day/census.txt,661,5832000,12052800,35,0,0,35,28,7,334,15,27,35,8,5,35,0,0,0,635,528,107,575,60,370,361,230,0,739,2864,1221,12274.67808303237,330,,,43200,turbo
post-speed5-day,post_review_intermediate,12441600,post-speed5-day/census.txt,665,5875200,12096000,35,0,0,35,28,7,334,23,32,35,3,5,35,0,0,0,635,528,107,575,60,370,361,230,0,740,2895,1237,12336.86763522029,330,,,43200,turbo
post-speed5-day,post_review_intermediate,12441600,post-speed5-day/census.txt,669,5918400,12139200,35,0,0,35,28,7,334,24,10,35,25,5,35,0,0,0,635,528,107,575,60,370,361,230,0,741,2903,1241,12350.693186849356,330,,,43200,turbo
post-speed5-day,post_review_intermediate,12441600,post-speed5-day/census.txt,673,5961600,12182400,35,0,0,35,28,7,334,20,29,35,6,5,35,0,0,0,635,528,107,575,60,370,361,230,0,742,2930,1256,12395.078125566244,330,,,43200,turbo
post-speed5-day,post_review_intermediate,12441600,post-speed5-day/census.txt,677,6004800,12225600,35,0,0,35,28,7,333,10,31,35,4,5,35,0,0,0,635,528,107,575,60,370,361,230,0,743,2951,1260,12426.048207730055,330,,,43200,turbo
post-speed5-day,post_review_intermediate,12441600,post-speed5-day/census.txt,681,6048000,12268800,35,0,0,35,28,7,333,20,31,35,4,5,35,0,0,0,635,528,107,575,60,370,361,230,0,744,2980,1266,12460.312111228704,330,,,43200,turbo
post-speed5-day,post_review_intermediate,12441600,post-speed5-day/census.txt,685,6091200,12312000,35,0,0,35,28,7,333,6,17,35,18,5,35,0,0,0,635,528,107,575,60,370,361,230,0,745,2996,1272,12493.768426120281,330,,,43200,turbo
post-speed5-day,post_review_intermediate,12441600,post-speed5-day/census.txt,689,6134400,12355200,35,0,0,35,28,7,334,12,31,35,4,5,35,0,0,0,635,528,107,575,60,370,361,230,0,747,3026,1283,12551.912267625332,330,,,43200,turbo
post-speed5-day,post_review_intermediate,12441600,post-speed5-day/census.txt,693,6177600,12398400,35,0,0,35,28,7,334,14,30,35,5,5,35,0,0,0,635,528,107,575,60,370,361,230,0,749,3054,1300,12602.594658851624,330,,,43200,turbo
post-speed5-day,post_review_intermediate,12441600,post-speed5-day/census.txt,697,6220800,12441600,35,0,1,36,29,7,360,9,32,35,3,5,36,0,0,0,636,528,108,576,60,370,361,230,0,780,3085,1320,12659.606625020504,330,,,43200,turbo
post-speed5-day,post_review_intermediate,12441600,post-speed5-day/census.txt,701,6264000,12484800,36,0,0,36,28,8,359,8,32,36,3,5,36,0,0,0,637,529,108,576,61,371,362,230,0,781,3116,1337,12713.893446564674,330,,,43200,turbo
post-speed5-day,post_review_intermediate,12441600,post-speed5-day/census.txt,705,6307200,12528000,36,0,0,36,28,8,359,11,31,36,5,5,36,0,0,0,637,529,108,576,61,371,362,230,0,782,3146,1360,12799.722355246544,330,,,43200,turbo
post-speed5-day,post_review_intermediate,12441600,post-speed5-day/census.txt,709,6350400,12571200,36,0,0,36,28,8,360,18,30,36,6,5,36,0,0,0,637,529,108,576,61,371,362,230,0,784,3174,1378,12862.446235597134,330,,,43200,turbo
post-speed5-day,post_review_intermediate,12441600,post-speed5-day/census.txt,713,6393600,12614400,36,0,1,37,29,8,358,21,33,36,3,5,37,0,0,0,638,529,109,577,61,371,362,230,0,785,3204,1396,12915.669061169028,330,,,43200,turbo
post-speed5-day,post_review_intermediate,12441600,post-speed5-day/census.txt,717,6436800,12657600,36,0,0,36,28,8,359,16,31,36,5,5,36,0,0,0,638,529,109,577,61,372,363,230,0,786,3233,1415,12967.214079841971,330,,,43200,turbo
post-speed5-day,post_review_intermediate,12441600,post-speed5-day/census.txt,721,6480000,12700800,36,0,0,36,28,8,359,25,32,36,4,5,36,0,0,0,638,529,109,577,61,372,363,230,0,787,3265,1433,13027.997019514441,330,,,43200,turbo
post-speed5-day,post_review_intermediate,12441600,post-speed5-day/census.txt,725,6523200,12744000,36,0,0,36,28,8,359,16,33,36,3,5,36,0,0,0,638,529,109,577,61,372,363,230,0,788,3296,1454,13083.670480534434,330,,,43200,turbo
post-speed5-day,post_review_intermediate,12441600,post-speed5-day/census.txt,729,6566400,12787200,36,0,1,37,29,8,359,11,30,36,6,5,37,0,0,0,639,529,110,578,61,372,363,230,0,790,3325,1461,13128.071271523833,330,,,43200,turbo
post-speed5-day,post_review_intermediate,12441600,post-speed5-day/census.txt,733,6609600,12830400,36,0,1,37,29,8,359,15,30,36,6,5,37,0,0,0,640,529,111,579,61,372,363,231,0,792,3355,1482,13168.062408789992,330,,,43200,turbo
post-speed5-day,post_review_intermediate,12441600,post-speed5-day/census.txt,737,6652800,12873600,36,0,0,36,28,8,359,17,33,36,3,5,36,0,0,0,640,529,111,579,61,373,364,231,0,792,3386,1499,13212.084744885564,330,,,43200,turbo
post-speed5-day,post_review_intermediate,12441600,post-speed5-day/census.txt,741,6696000,12916800,36,0,2,38,30,8,359,24,23,36,13,5,38,0,0,0,642,529,113,581,61,373,364,231,0,794,3407,1506,13242.293010562658,330,,,43200,turbo
post-speed5-day,post_review_intermediate,12441600,post-speed5-day/census.txt,745,6739200,12960000,36,0,0,36,28,8,359,21,31,36,5,5,36,0,0,0,642,529,113,581,61,374,365,232,0,794,3436,1517,13298.951287597418,330,,,43200,turbo
post-speed5-day,post_review_intermediate,12441600,post-speed5-day/census.txt,749,6782400,13003200,36,0,1,37,29,8,358,16,30,36,6,5,37,0,0,0,643,529,114,582,61,374,365,232,0,795,3464,1524,13349.312815129757,330,,,43200,turbo
post-speed5-day,post_review_intermediate,12441600,post-speed5-day/census.txt,753,6825600,13046400,36,0,0,36,28,8,358,7,27,36,9,5,36,0,0,0,643,529,114,582,61,374,365,233,0,796,3489,1534,13391.1530534029,330,,,43200,turbo
post-speed5-day,post_review_intermediate,12441600,post-speed5-day/census.txt,757,6868800,13089600,36,0,0,36,28,8,358,20,32,36,4,5,36,0,0,0,643,529,114,582,61,374,365,233,0,797,3518,1540,13437.503659158945,330,,,43200,turbo
post-speed5-day,post_review_intermediate,12441600,post-speed5-day/census.txt,761,6912000,13132800,36,0,0,36,28,8,358,11,31,36,5,5,36,0,0,0,643,529,114,582,61,374,365,233,0,799,3547,1559,13482.3326177001,330,,,43200,turbo
post-speed5-day,post_review_intermediate,12441600,post-speed5-day/census.txt,765,6955200,13176000,36,0,2,38,30,8,357,22,30,36,6,5,38,0,0,0,645,529,116,584,61,374,365,233,0,800,3573,1581,13520.34606602788,330,,,43200,turbo
post-speed5-day,post_review_intermediate,12441600,post-speed5-day/census.txt,769,6998400,13219200,36,0,0,36,28,8,358,14,33,36,3,5,36,0,0,0,645,529,116,584,61,375,366,234,0,801,3605,1602,13573.491105616093,330,,,43200,turbo
post-speed5-day,post_review_intermediate,12441600,post-speed5-day/census.txt,773,7041600,13262400,36,0,0,36,28,8,357,14,33,36,3,5,36,0,0,0,645,529,116,584,61,375,366,234,0,802,3638,1618,13637.476550996304,330,,,43200,turbo
post-speed5-day,post_review_intermediate,12441600,post-speed5-day/census.txt,777,7084800,13305600,36,0,0,36,28,8,357,10,34,36,2,5,36,0,0,0,645,529,116,584,61,375,366,234,0,803,3671,1647,13706.098531067371,330,,,43200,turbo
post-speed5-day,post_review_intermediate,12441600,post-speed5-day/census.txt,781,7128000,13348800,36,0,1,37,29,8,356,17,30,36,6,5,37,0,0,0,646,529,117,585,61,375,366,234,0,804,3701,1670,13771.218722879887,330,,,43200,turbo
post-speed5-day,post_review_intermediate,12441600,post-speed5-day/census.txt,785,7171200,13392000,36,0,1,37,29,8,356,25,32,36,4,5,37,0,0,0,647,529,118,586,61,375,366,235,0,806,3733,1688,13830.857628405094,330,,,43200,turbo
post-speed5-day,post_review_intermediate,12441600,post-speed5-day/census.txt,789,7214400,13435200,36,0,1,37,29,8,357,17,32,36,4,5,37,0,0,0,648,529,119,587,61,376,367,235,0,807,3762,1707,13886.281419306993,330,,,43200,turbo
post-speed5-day,post_review_intermediate,12441600,post-speed5-day/census.txt,793,7257600,13478400,36,0,0,36,28,8,357,12,30,36,6,5,36,0,0,0,648,529,119,587,61,376,367,236,0,808,3789,1713,13918.826899047941,330,,,43200,turbo
post-speed5-day,post_review_intermediate,12441600,post-speed5-day/census.txt,797,7300800,13521600,36,0,0,36,28,8,358,10,28,36,8,5,36,0,0,0,648,529,119,587,61,376,367,236,0,809,3805,1719,13939.421449359506,330,,,43200,turbo
post-speed5-day,post_review_intermediate,12441600,post-speed5-day/census.txt,801,7344000,13564800,36,0,0,36,28,8,357,24,27,36,9,5,36,0,0,0,648,529,119,587,61,376,367,236,0,810,3819,1723,13967.113403465599,330,,,43200,turbo
post-speed5-day,post_review_intermediate,12441600,post-speed5-day/census.txt,805,7387200,13608000,36,0,1,37,29,8,358,8,30,36,6,5,37,0,0,0,649,529,120,588,61,376,367,236,0,812,3849,1737,14005.08849587664,330,,,43200,turbo
post-speed5-day,post_review_intermediate,12441600,post-speed5-day/census.txt,809,7430400,13651200,36,0,1,37,29,8,358,13,31,36,5,5,37,0,0,0,650,529,121,589,61,377,368,236,0,813,3879,1745,14054.125184383243,330,,,43200,turbo
post-speed5-day,post_review_intermediate,12441600,post-speed5-day/census.txt,813,7473600,13694400,36,0,0,36,28,8,359,9,33,36,3,5,36,0,0,0,650,529,121,589,61,377,368,237,0,814,3912,1770,14114.372725334018,330,,,43200,turbo
post-speed5-day,post_review_intermediate,12441600,post-speed5-day/census.txt,817,7516800,13737600,36,0,0,36,28,8,358,13,32,36,4,5,36,0,0,0,650,529,121,589,61,377,368,237,0,815,3942,1790,14167.00623967871,330,,,43200,turbo
post-speed5-day,post_review_intermediate,12441600,post-speed5-day/census.txt,821,7560000,13780800,36,0,0,36,28,8,358,10,33,36,3,5,36,0,0,0,650,529,121,589,61,377,368,237,0,816,3973,1815,14219.821671094745,330,,,43200,turbo
post-speed5-day,post_review_intermediate,12441600,post-speed5-day/census.txt,825,7603200,13824000,36,0,1,37,29,8,358,7,31,36,5,5,37,0,0,0,651,529,122,590,61,377,368,237,0,818,4003,1837,14269.000735606998,330,,,43200,turbo
post-speed5-day,post_review_intermediate,12441600,post-speed5-day/census.txt,829,7646400,13867200,36,0,0,36,28,8,359,23,30,36,6,5,36,0,0,0,651,529,122,590,61,378,369,237,0,819,4033,1859,14327.82121058926,330,,,43200,turbo
post-speed5-day,post_review_intermediate,12441600,post-speed5-day/census.txt,833,7689600,13910400,36,0,0,36,28,8,359,22,33,36,3,5,36,0,0,0,651,529,122,590,61,378,369,237,0,820,4066,1885,14396.646504607052,330,,,43200,turbo
post-speed5-day,post_review_intermediate,12441600,post-speed5-day/census.txt,837,7732800,13953600,36,0,1,37,29,8,358,13,29,36,7,5,37,0,0,0,652,529,123,591,61,378,369,237,0,821,4094,1900,14442.366481807083,330,,,43200,turbo
post-speed5-day,post_review_intermediate,12441600,post-speed5-day/census.txt,841,7776000,13996800,36,0,0,36,28,8,359,9,22,36,14,5,36,0,0,0,652,529,123,591,61,378,369,238,0,822,4111,1907,14465.219174351543,330,,,43200,turbo
post-speed5-day,post_review_intermediate,12441600,post-speed5-day/census.txt,845,7819200,14040000,36,0,0,36,28,8,358,24,33,36,3,5,36,0,0,0,652,529,123,591,61,378,369,238,0,823,4144,1916,14507.716821637005,330,,,43200,turbo
post-speed5-day,post_review_intermediate,12441600,post-speed5-day/census.txt,849,7862400,14083200,36,0,1,37,29,8,358,27,32,36,4,5,37,0,0,0,653,529,124,592,61,378,369,238,0,825,4175,1938,14552.76083823666,330,,,43200,turbo
post-speed5-day,post_review_intermediate,12441600,post-speed5-day/census.txt,853,7905600,14126400,36,0,1,37,29,8,358,19,32,36,4,5,37,0,0,0,654,529,125,593,61,379,370,238,0,826,4204,1941,14615.614523913711,330,,,43200,turbo
post-speed5-day,post_review_intermediate,12441600,post-speed5-day/census.txt,857,7948800,14169600,36,0,0,36,28,8,359,4,29,36,7,5,36,0,0,0,654,529,125,593,61,380,371,238,0,827,4232,1943,14652.918070819229,330,,,43200,turbo
post-speed5-day,post_review_intermediate,12441600,post-speed5-day/census.txt,861,7992000,14212800,36,0,0,36,28,8,359,13,29,36,7,5,36,0,0,0,654,529,125,593,61,380,371,238,0,828,4244,1948,14669.711865838617,330,,,43200,turbo
post-speed5-day,post_review_intermediate,12441600,post-speed5-day/census.txt,865,8035200,14256000,36,0,0,36,28,8,359,10,33,36,3,5,36,0,0,0,654,529,125,593,61,380,371,238,0,829,4275,1956,14713.314224150032,330,,,43200,turbo
post-speed5-day,post_review_intermediate,12441600,post-speed5-day/census.txt,869,8078400,14299200,36,0,1,37,29,8,358,19,32,36,4,5,37,0,0,0,655,529,126,594,61,380,371,238,0,830,4307,1975,14761.139403726906,330,,,43200,turbo
post-speed5-day,post_review_intermediate,12441600,post-speed5-day/census.txt,873,8121600,14342400,36,0,1,37,29,8,359,9,31,36,5,5,37,0,0,0,656,529,127,595,61,380,371,239,0,832,4337,1999,14800.870435144752,330,,,43200,turbo
post-speed5-day,post_review_intermediate,12441600,post-speed5-day/census.txt,877,8164800,14385600,36,0,0,36,28,8,360,13,30,36,6,5,36,0,0,0,656,529,127,595,61,381,372,239,0,833,4365,2009,14848.679405059665,330,,,43200,turbo
post-speed5-day,post_review_intermediate,12441600,post-speed5-day/census.txt,881,8208000,14428800,36,0,1,37,29,8,359,13,33,36,3,5,37,0,0,0,657,529,128,596,61,381,372,239,0,834,4397,2014,14891.957336451858,330,,,43200,turbo
post-speed5-day,post_review_intermediate,12441600,post-speed5-day/census.txt,885,8251200,14472000,36,0,0,36,28,8,359,6,29,36,7,5,36,0,0,0,657,529,128,596,61,381,372,240,0,835,4426,2021,14933.208768632263,330,,,43200,turbo
post-speed5-day,post_review_intermediate,12441600,post-speed5-day/census.txt,889,8294400,14515200,36,0,0,36,28,8,359,8,29,36,7,5,36,0,0,0,657,529,128,596,61,381,372,240,0,836,4454,2026,14987.084003653377,330,,,43200,turbo
post-speed5-day,post_review_intermediate,12441600,post-speed5-day/census.txt,893,8337600,14558400,36,0,0,36,28,8,359,30,29,36,7,5,36,0,0,0,657,529,128,596,61,381,372,240,0,837,4482,2049,15039.288887586445,330,,,43200,turbo
post-speed5-day,post_review_intermediate,12441600,post-speed5-day/census.txt,897,8380800,14601600,36,0,1,37,29,8,359,25,29,36,7,5,37,0,0,0,658,529,129,597,61,381,372,240,0,839,4509,2070,15091.846169080585,330,,,43200,turbo
post-speed5-day,post_review_intermediate,12441600,post-speed5-day/census.txt,901,8424000,14644800,36,0,1,37,29,8,358,16,29,36,7,5,37,0,0,0,659,529,130,598,61,382,373,240,0,839,4538,2077,15130.744639303535,330,,,43200,turbo
post-speed5-day,post_review_intermediate,12441600,post-speed5-day/census.txt,905,8467200,14688000,36,0,0,36,28,8,359,16,29,36,7,5,36,0,0,0,659,529,130,598,61,382,373,241,0,841,4564,2093,15165.488109078258,330,,,43200,turbo
post-speed5-day,post_review_intermediate,12441600,post-speed5-day/census.txt,909,8510400,14731200,36,0,0,36,28,8,359,22,23,36,13,5,36,0,0,0,659,529,130,598,61,382,373,241,0,842,4585,2101,15204.324936117977,330,,,43200,turbo
post-speed5-day,post_review_intermediate,12441600,post-speed5-day/census.txt,913,8553600,14774400,36,0,1,37,29,8,358,4,30,36,6,5,37,0,0,0,660,529,131,599,61,382,373,241,0,843,4614,2113,15253.70322566852,330,,,43200,turbo
post-speed5-day,post_review_intermediate,12441600,post-speed5-day/census.txt,917,8596800,14817600,36,0,2,38,30,8,358,6,31,36,5,5,38,0,0,0,662,529,133,601,61,382,373,242,0,845,4641,2133,15306.874565895647,330,,,43200,turbo
post-speed5-day,post_review_intermediate,12441600,post-speed5-day/census.txt,921,8640000,14860800,36,0,1,37,29,8,358,29,34,36,2,5,37,0,0,0,663,529,134,602,61,383,374,243,0,845,4672,2156,15364.682180356234,330,,,43200,turbo
post-speed5-day,post_review_intermediate,12441600,post-speed5-day/census.txt,925,8683200,14904000,36,0,0,36,28,8,358,27,30,36,6,5,36,0,0,0,663,529,134,602,61,383,374,244,0,846,4702,2179,15422.77574820444,330,,,43200,turbo
post-speed5-day,post_review_intermediate,12441600,post-speed5-day/census.txt,929,8726400,14947200,36,0,1,37,29,8,358,11,28,36,8,5,37,0,0,0,664,529,135,603,61,383,374,244,0,848,4730,2180,15460.605437468737,330,,,43200,turbo
post-speed5-day,post_review_intermediate,12441600,post-speed5-day/census.txt,933,8769600,14990400,36,0,0,36,28,8,359,19,29,36,7,5,36,0,0,0,664,529,135,603,61,384,375,244,0,849,4758,2185,15493.784276228398,330,,,43200,turbo
post-speed5-day,post_review_intermediate,12441600,post-speed5-day/census.txt,937,8812800,15033600,36,0,2,38,30,8,357,22,28,36,8,5,38,0,0,0,666,529,137,605,61,384,375,244,0,850,4785,2192,15543.919876139611,330,,,43200,turbo
post-speed5-day,post_review_intermediate,12441600,post-speed5-day/census.txt,941,8856000,15076800,36,0,1,37,29,8,358,19,30,36,6,5,37,0,0,0,667,529,138,606,61,385,376,245,0,851,4814,2203,15593.664885681123,330,,,43200,turbo
post-speed5-day,post_review_intermediate,12441600,post-speed5-day/census.txt,945,8899200,15120000,36,0,0,36,28,8,358,9,21,36,15,5,36,0,0,0,667,529,138,606,61,385,376,246,0,852,4832,2209,15622.24609599635,330,,,43200,turbo
post-speed5-day,post_review_intermediate,12441600,post-speed5-day/census.txt,949,8942400,15163200,36,0,0,36,28,8,358,10,29,36,7,5,36,0,0,0,667,529,138,606,61,385,376,246,0,853,4861,2227,15674.484465103596,330,,,43200,turbo
post-speed5-day,post_review_intermediate,12441600,post-speed5-day/census.txt,953,8985600,15206400,36,0,0,36,28,8,358,29,31,36,5,5,36,0,0,0,667,529,138,606,61,385,376,246,0,854,4892,2252,15735.317084889859,330,,,43200,turbo
post-speed5-day,post_review_intermediate,12441600,post-speed5-day/census.txt,957,9028800,15249600,36,0,0,36,28,8,358,25,28,36,8,5,36,0,0,0,667,529,138,606,61,385,376,246,0,855,4919,2271,15791.736660581082,330,,,43200,turbo
post-speed5-day,post_review_intermediate,12441600,post-speed5-day/census.txt,961,9072000,15292800,36,0,1,37,29,8,358,7,30,36,6,5,37,0,0,0,668,529,139,607,61,385,376,246,0,857,4949,2275,15839.187989335507,330,,,43200,turbo
post-speed5-day,post_review_intermediate,12441600,post-speed5-day/census.txt,965,9115200,15336000,36,0,0,36,28,8,358,7,33,36,3,5,36,0,0,0,668,529,139,607,61,386,377,246,0,857,4981,2280,15881.658591803163,330,,,43200,turbo
post-speed5-day,post_review_intermediate,12441600,post-speed5-day/census.txt,969,9158400,15379200,36,0,0,36,28,8,358,6,31,36,5,5,36,0,0,0,668,529,139,607,61,386,377,246,0,859,5009,2287,15936.515748064965,330,,,43200,turbo
post-speed5-day,post_review_intermediate,12441600,post-speed5-day/census.txt,973,9201600,15422400,36,0,0,36,28,8,358,7,33,36,3,5,36,0,0,0,668,529,139,607,61,386,377,246,0,860,5042,2314,15994.678772430867,330,,,43200,turbo
post-speed5-day,post_review_intermediate,12441600,post-speed5-day/census.txt,977,9244800,15465600,36,0,0,36,28,8,358,13,34,36,2,5,36,0,0,0,668,529,139,607,61,386,377,246,0,861,5076,2340,16056.27667049691,330,,,43200,turbo
post-speed5-day,post_review_intermediate,12441600,post-speed5-day/census.txt,981,9288000,15508800,36,0,0,36,28,8,358,25,31,36,5,5,36,0,0,0,668,529,139,607,61,386,377,246,0,862,5102,2343,16088.367390226573,330,,,43200,turbo
post-speed5-day,post_review_intermediate,12441600,post-speed5-day/census.txt,985,9331200,15552000,36,0,0,36,28,8,358,28,30,36,6,5,36,0,0,0,668,529,139,607,61,386,377,246,0,863,5131,2348,16124.310024928302,330,,,43200,turbo
post-speed5-day,post_review_intermediate,12441600,post-speed5-day/census.txt,989,9374400,15595200,36,0,0,36,28,8,357,24,29,36,7,5,36,0,0,0,668,529,139,607,61,386,377,246,0,864,5158,2353,16178.881853114814,330,,,43200,turbo
post-speed5-day,post_review_intermediate,12441600,post-speed5-day/census.txt,993,9417600,15638400,36,0,0,36,28,8,357,15,29,36,7,5,36,0,0,0,668,529,139,607,61,386,377,246,0,865,5186,2358,16215.865555953234,330,,,43200,turbo
post-speed5-day,post_review_intermediate,12441600,post-speed5-day/census.txt,997,9460800,15681600,36,0,0,36,28,8,357,15,18,36,18,5,36,0,0,0,668,529,139,607,61,386,377,246,0,866,5204,2369,16246.498921286315,330,,,43200,turbo
post-speed5-day,post_review_intermediate,12441600,post-speed5-day/census.txt,1001,9504000,15724800,36,0,0,36,28,8,357,22,31,36,5,5,36,0,0,0,668,529,139,607,61,386,377,246,0,867,5231,2382,16284.092185568064,330,,,43200,turbo
post-speed5-day,post_review_intermediate,12441600,post-speed5-day/census.txt,1005,9547200,15768000,36,0,0,36,28,8,357,18,25,36,11,5,36,0,0,0,668,529,139,607,61,386,377,246,0,868,5255,2395,16321.600395988673,330,,,43200,turbo
post-speed5-day,post_review_intermediate,12441600,post-speed5-day/census.txt,1009,9590400,15811200,36,0,0,36,28,8,357,15,32,36,4,5,36,0,0,0,668,529,139,607,61,386,377,246,0,869,5280,2404,16358.979374360293,330,,,43200,turbo
post-speed5-day,post_review_intermediate,12441600,post-speed5-day/census.txt,1013,9633600,15854400,36,0,0,36,28,8,357,28,31,36,5,5,36,0,0,0,668,529,139,607,61,386,377,246,0,870,5308,2409,16404.751046475023,330,,,43200,turbo
post-speed5-day,post_review_intermediate,12441600,post-speed5-day/census.txt,1017,9676800,15897600,36,0,2,38,30,8,355,28,13,36,23,5,38,0,0,0,670,529,141,609,61,386,377,246,0,871,5320,2413,16428.318487178534,330,,,43200,turbo
post-speed5-day,post_review_intermediate,12441600,post-speed5-day/census.txt,1021,9720000,15940800,36,0,1,37,29,8,356,9,10,36,26,5,37,0,0,0,671,529,142,610,61,387,378,247,0,872,5328,2416,16443.867363583297,330,,,43200,turbo
post-speed5-day,post_review_intermediate,12441600,post-speed5-day/census.txt,1025,9763200,15984000,36,0,0,36,28,8,357,8,30,36,6,5,36,0,0,0,671,529,142,610,61,387,378,248,0,874,5358,2429,16478.117292355746,330,,,43200,turbo
post-speed5-day,post_review_intermediate,12441600,post-speed5-day/census.txt,1029,9806400,16027200,36,0,0,36,28,8,357,14,22,36,14,5,36,0,0,0,671,529,142,610,61,387,378,248,0,875,5378,2433,16512.293456621468,330,,,43200,turbo
post-speed5-day,post_review_intermediate,12441600,post-speed5-day/census.txt,1033,9849600,16070400,36,0,0,36,28,8,357,18,28,36,8,5,36,0,0,0,671,529,142,610,61,387,378,248,0,876,5404,2435,16551.62007880956,330,,,43200,turbo
post-speed5-day,post_review_intermediate,12441600,post-speed5-day/census.txt,1037,9892800,16113600,36,0,0,36,28,8,358,16,32,36,4,5,36,0,0,0,671,529,142,610,61,387,378,248,0,878,5430,2453,16591.258337147534,330,,,43200,turbo
post-speed5-day,post_review_intermediate,12441600,post-speed5-day/census.txt,1041,9936000,16156800,36,0,1,37,29,8,357,18,31,36,5,5,37,0,0,0,672,529,143,611,61,387,378,248,0,879,5453,2463,16629.718819864094,330,,,43200,turbo
post-speed5-day,post_review_intermediate,12441600,post-speed5-day/census.txt,1045,9979200,16200000,36,0,0,36,28,8,359,15,30,36,6,5,36,0,0,0,672,529,143,611,61,388,379,248,0,881,5483,2474,16666.262229926884,330,,,43200,turbo
post-speed5-day,post_review_intermediate,12441600,post-speed5-day/census.txt,1049,10022400,16243200,36,0,0,36,28,8,358,19,26,36,10,5,36,0,0,0,672,529,143,611,61,388,379,248,0,882,5509,2492,16700.56704045087,330,,,43200,turbo
post-speed5-day,post_review_intermediate,12441600,post-speed5-day/census.txt,1053,10065600,16286400,36,0,0,36,28,8,358,22,29,36,7,5,36,0,0,0,672,529,143,611,61,388,379,248,0,883,5537,2498,16749.65568793565,330,,,43200,turbo
post-speed5-day,post_review_intermediate,12441600,post-speed5-day/census.txt,1057,10108800,16329600,36,0,1,37,29,8,359,5,30,36,6,5,37,0,0,0,673,529,144,612,61,388,379,248,0,885,5567,2504,16785.56817383319,330,,,43200,turbo
post-speed5-day,post_review_intermediate,12441600,post-speed5-day/census.txt,1061,10152000,16372800,36,0,0,36,28,8,359,6,31,36,5,5,36,0,0,0,673,529,144,612,61,388,379,249,0,886,5598,2509,16822.3608205989,330,,,43200,turbo
post-speed5-day,post_review_intermediate,12441600,post-speed5-day/census.txt,1065,10195200,16416000,36,0,1,37,29,8,358,12,33,36,3,5,37,0,0,0,674,529,145,613,61,388,379,249,0,887,5630,2514,16885.25616887957,330,,,43200,turbo
post-speed5-day,post_review_intermediate,12441600,post-speed5-day/census.txt,1069,10238400,16459200,36,0,0,36,28,8,359,31,31,36,5,5,36,0,0,0,674,529,145,613,61,388,379,250,0,889,5660,2535,16945.473755784333,330,,,43200,turbo
post-speed5-day,post_review_intermediate,12441600,post-speed5-day/census.txt,1073,10281600,16502400,36,0,0,36,28,8,359,19,31,36,5,5,36,0,0,0,674,529,145,613,61,388,379,250,0,890,5690,2556,16997.365945883095,330,,,43200,turbo
post-speed5-day,post_review_intermediate,12441600,post-speed5-day/census.txt,1077,10324800,16545600,36,0,1,37,29,8,359,7,33,36,3,5,37,0,0,0,675,529,146,614,61,388,379,250,0,892,5722,2577,17050.45752326399,330,,,43200,turbo
post-speed5-day,post_review_intermediate,12441600,post-speed5-day/census.txt,1081,10368000,16588800,36,0,1,37,29,8,359,8,27,36,9,5,37,0,0,0,676,529,147,615,61,389,380,250,0,893,5746,2594,17097.137044347823,330,,,43200,turbo
post-speed5-day,post_review_intermediate,12441600,post-speed5-day/census.txt,1085,10411200,16632000,36,0,0,36,28,8,359,7,32,36,4,5,36,0,0,0,676,529,147,615,61,389,380,251,0,894,5775,2617,17150.4139424935,330,,,43200,turbo
post-speed5-day,post_review_intermediate,12441600,post-speed5-day/census.txt,1089,10454400,16675200,36,0,0,36,28,8,359,12,33,36,3,5,36,0,0,0,676,529,147,615,61,389,380,251,0,895,5807,2642,17207.022094644606,330,,,43200,turbo
post-speed5-day,post_review_intermediate,12441600,post-speed5-day/census.txt,1093,10497600,16718400,36,0,0,36,28,8,359,21,19,36,17,5,36,0,0,0,676,529,147,615,61,389,380,251,0,896,5826,2649,17240.239614881575,330,,,43200,turbo
post-speed5-day,post_review_intermediate,12441600,post-speed5-day/census.txt,1097,10540800,16761600,36,0,0,36,28,8,359,16,28,36,8,5,36,0,0,0,676,529,147,615,61,389,380,251,0,897,5853,2658,17281.716264225543,330,,,43200,turbo
post-speed5-day,post_review_intermediate,12441600,post-speed5-day/census.txt,1101,10584000,16804800,36,0,0,36,28,8,359,13,27,36,9,5,36,0,0,0,676,529,147,615,61,389,380,251,0,898,5875,2663,17313.200431741774,330,,,43200,turbo
post-speed5-day,post_review_intermediate,12441600,post-speed5-day/census.txt,1105,10627200,16848000,36,0,0,36,28,8,359,12,33,36,3,5,36,0,0,0,676,529,147,615,61,389,380,251,0,899,5898,2669,17345.145045258105,330,,,43200,turbo
post-speed5-day,post_review_intermediate,12441600,post-speed5-day/census.txt,1109,10670400,16891200,36,0,0,36,28,8,359,21,27,36,9,5,36,0,0,0,676,529,147,615,61,389,380,251,0,900,5920,2677,17375.978174204938,330,,,43200,turbo
post-speed5-day,post_review_intermediate,12441600,post-speed5-day/census.txt,1113,10713600,16934400,36,0,0,36,28,8,358,11,31,36,5,5,36,0,0,0,676,529,147,615,61,389,380,251,0,901,5949,2684,17428.731707958505,330,,,43200,turbo
post-speed5-day,post_review_intermediate,12441600,post-speed5-day/census.txt,1117,10756800,16977600,36,0,1,37,29,8,358,9,33,36,3,5,37,0,0,0,677,529,148,616,61,389,380,251,0,902,5981,2703,17493.43463314697,330,,,43200,turbo
post-speed5-day,post_review_intermediate,12441600,post-speed5-day/census.txt,1121,10800000,17020800,36,0,1,37,29,8,358,11,33,36,3,5,37,0,0,0,678,529,149,617,61,389,380,252,0,903,6013,2729,17554.121574964374,330,,,43200,turbo
post-speed5-day,post_review_intermediate,12441600,post-speed5-day/census.txt,1125,10843200,17064000,36,0,1,37,29,8,358,26,21,36,15,5,37,0,0,0,679,529,150,618,61,389,380,253,0,905,6032,2743,17587.017320301384,330,,,43200,turbo
post-speed5-day,post_review_intermediate,12441600,post-speed5-day/census.txt,1129,10886400,17107200,36,0,1,37,29,8,358,16,31,36,5,5,37,0,0,0,680,529,151,619,61,389,380,254,0,906,6060,2752,17627.275988664478,330,,,43200,turbo
post-speed5-day,post_review_intermediate,12441600,post-speed5-day/census.txt,1133,10929600,17150400,36,0,0,36,28,8,359,10,32,36,4,5,36,0,0,0,680,529,151,619,61,389,380,255,0,908,6092,2763,17676.551808264107,330,,,43200,turbo
post-speed5-day,post_review_intermediate,12441600,post-speed5-day/census.txt,1137,10972800,17193600,36,0,1,37,29,8,358,11,30,36,6,5,37,0,0,0,681,529,152,620,61,389,380,255,0,909,6121,2773,17732.115510370582,330,,,43200,turbo
post-speed5-day,post_review_intermediate,12441600,post-speed5-day/census.txt,1141,11016000,17236800,36,0,0,36,28,8,359,9,31,36,5,5,36,0,0,0,681,529,152,620,61,390,381,255,0,910,6152,2795,17791.095297243446,330,,,43200,turbo
post-speed5-day,post_review_intermediate,12441600,post-speed5-day/census.txt,1145,11059200,17280000,36,0,0,36,28,8,359,10,32,36,4,5,36,0,0,0,681,529,152,620,61,390,381,255,0,911,6182,2818,17848.416345026344,330,,,43200,turbo
post-speed5-day,post_review_intermediate,12441600,post-speed5-day/census.txt,1149,11102400,17323200,36,0,0,36,28,8,359,29,26,36,10,5,36,0,0,0,681,529,152,620,61,390,381,255,0,912,6208,2836,17897.418032553047,330,,,43200,turbo
post-speed5-day,post_review_intermediate,12441600,post-speed5-day/census.txt,1153,11145600,17366400,36,0,0,36,28,8,359,29,29,36,7,5,36,0,0,0,681,529,152,620,61,390,381,255,0,913,6237,2859,17950.85035720095,330,,,43200,turbo
post-speed5-day,post_review_intermediate,12441600,post-speed5-day/census.txt,1157,11188800,17409600,36,0,0,36,28,8,359,28,29,36,7,5,36,0,0,0,681,529,152,620,61,390,381,255,0,914,6264,2863,17980.720170482993,330,,,43200,turbo
post-speed5-day,post_review_intermediate,12441600,post-speed5-day/census.txt,1161,11232000,17452800,36,0,0,36,28,8,358,6,30,36,6,5,36,0,0,0,681,529,152,620,61,390,381,255,0,915,6294,2869,18016.12251226604,330,,,43200,turbo
post-speed5-day,post_review_intermediate,12441600,post-speed5-day/census.txt,1165,11275200,17496000,36,0,1,37,29,8,358,9,29,36,7,5,37,0,0,0,682,529,153,621,61,390,381,255,0,916,6322,2874,18070.65999907255,330,,,43200,turbo
post-speed5-day,post_review_intermediate,12441600,post-speed5-day/census.txt,1169,11318400,17539200,36,0,0,36,28,8,358,9,32,36,4,5,36,0,0,0,682,529,153,621,61,390,381,256,0,917,6352,2897,18122.35338869691,330,,,43200,turbo
post-speed5-day,post_review_intermediate,12441600,post-speed5-day/census.txt,1173,11361600,17582400,36,0,0,36,28,8,359,10,31,36,5,5,36,0,0,0,682,529,153,621,61,390,381,256,0,919,6381,2918,18178.153636574745,330,,,43200,turbo
post-speed5-day,post_review_intermediate,12441600,post-speed5-day/census.txt,1177,11404800,17625600,36,0,0,36,28,8,359,9,31,36,5,5,36,0,0,0,682,529,153,621,61,390,381,256,0,920,6411,2939,18232.017960488796,330,,,43200,turbo
post-speed5-day,post_review_intermediate,12441600,post-speed5-day/census.txt,1181,11448000,17668800,36,0,1,37,29,8,359,12,32,36,4,5,37,0,0,0,683,529,154,622,61,390,381,256,0,922,6442,2959,18286.035528421402,330,,,43200,turbo
post-speed5-day,post_review_intermediate,12441600,post-speed5-day/census.txt,1185,11491200,17712000,36,0,0,36,28,8,359,11,32,36,4,5,36,0,0,0,683,529,154,622,61,390,381,257,0,923,6472,2981,18339.675476133823,330,,,43200,turbo
post-speed5-day,post_review_intermediate,12441600,post-speed5-day/census.txt,1189,11534400,17755200,36,0,0,36,28,8,359,10,30,36,6,5,36,0,0,0,683,529,154,622,61,390,381,257,0,924,6499,3002,18385.258739188313,330,,,43200,turbo
post-speed5-day,post_review_intermediate,12441600,post-speed5-day/census.txt,1193,11577600,17798400,36,0,1,37,29,8,359,14,32,36,4,5,37,0,0,0,684,529,155,623,61,390,381,257,0,926,6531,3028,18443.954228952527,330,,,43200,turbo
post-speed5-day,post_review_intermediate,12441600,post-speed5-day/census.txt,1197,11620800,17841600,36,0,0,36,28,8,360,11,32,36,4,5,36,0,0,0,684,529,155,623,61,391,382,257,0,927,6563,3051,18503.80143351853,330,,,43200,turbo
post-speed5-day,post_review_intermediate,12441600,post-speed5-day/census.txt,1201,11664000,17884800,36,0,0,36,28,8,360,23,32,36,4,5,36,0,0,0,684,529,155,623,61,391,382,257,0,928,6594,3068,18559.8745880872,330,,,43200,turbo
post-speed5-day,post_review_intermediate,12441600,post-speed5-day/census.txt,1205,11707200,17928000,36,0,1,37,29,8,360,30,31,36,5,5,37,0,0,0,685,529,156,624,61,391,382,257,0,930,6621,3090,18617.233327254653,330,,,43200,turbo
post-speed5-day,post_review_intermediate,12441600,post-speed5-day/census.txt,1209,11750400,17971200,36,0,0,36,28,8,360,13,32,36,4,5,36,0,0,0,685,529,156,624,61,392,383,257,0,930,6652,3102,18672.954932674766,330,,,43200,turbo
post-speed5-day,post_review_intermediate,12441600,post-speed5-day/census.txt,1213,11793600,18014400,36,0,0,36,28,8,360,15,30,36,6,5,36,0,0,0,685,529,156,624,61,392,383,257,0,931,6681,3106,18712.438017770648,330,,,43200,turbo
post-speed5-day,post_review_intermediate,12441600,post-speed5-day/census.txt,1217,11836800,18057600,36,0,0,36,28,8,361,19,27,36,9,5,36,0,0,0,685,529,156,624,61,392,383,257,0,933,6707,3125,18750.40920393169,330,,,43200,turbo
post-speed5-day,post_review_intermediate,12441600,post-speed5-day/census.txt,1221,11880000,18100800,36,0,1,37,29,8,360,7,30,36,6,5,37,0,0,0,686,529,157,625,61,392,383,257,0,934,6736,3143,18786.04150478542,330,,,43200,turbo
post-speed5-day,post_review_intermediate,12441600,post-speed5-day/census.txt,1225,11923200,18144000,36,0,0,36,28,8,361,10,30,36,6,5,36,0,0,0,686,529,157,625,61,393,384,257,0,935,6766,3147,18835.297424182296,330,,,43200,turbo
post-speed5-day,post_review_intermediate,12441600,post-speed5-day/census.txt,1229,11966400,18187200,36,0,0,36,28,8,361,20,32,36,4,5,36,0,0,0,686,529,157,625,61,393,384,257,0,937,6797,3168,18891.359071266837,330,,,43200,turbo
post-speed5-day,post_review_intermediate,12441600,post-speed5-day/census.txt,1233,12009600,18230400,36,0,0,36,28,8,362,18,32,36,4,5,36,0,0,0,686,529,157,625,61,393,384,257,0,938,6829,3189,18955.210071933456,330,,,43200,turbo
post-speed5-day,post_review_intermediate,12441600,post-speed5-day/census.txt,1237,12052800,18273600,36,0,0,36,28,8,362,20,32,36,4,5,36,0,0,0,686,529,157,625,61,393,384,257,0,939,6861,3218,19020.8072860362,330,,,43200,turbo
post-speed5-day,post_review_intermediate,12441600,post-speed5-day/census.txt,1241,12096000,18316800,36,0,0,36,28,8,362,21,33,36,3,5,36,0,0,0,686,529,157,625,61,393,384,257,0,941,6894,3244,19090.868711722083,330,,,43200,turbo
post-speed5-day,post_review_intermediate,12441600,post-speed5-day/census.txt,1245,12139200,18360000,36,0,0,36,28,8,362,14,27,36,9,5,36,0,0,0,686,529,157,625,61,393,384,257,0,942,6921,3254,19134.764162552543,330,,,43200,turbo
post-speed5-day,post_review_intermediate,12441600,post-speed5-day/census.txt,1249,12182400,18403200,36,0,0,36,28,8,363,12,32,36,4,5,36,0,0,0,686,529,157,625,61,393,384,257,0,944,6944,3265,19173.65396883432,330,,,43200,turbo
post-speed5-day,post_review_intermediate,12441600,post-speed5-day/census.txt,1253,12225600,18446400,36,0,1,37,29,8,362,19,26,36,10,5,37,0,0,0,687,529,158,626,61,393,384,257,0,945,6963,3273,19207.24736302439,330,,,43200,turbo
post-speed5-day,post_review_intermediate,12441600,post-speed5-day/census.txt,1257,12268800,18489600,36,0,1,37,29,8,362,22,22,36,14,5,37,0,0,0,688,529,159,627,61,393,384,258,0,947,6976,3281,19227.90476664249,330,,,43200,turbo
post-speed5-day,post_review_intermediate,12441600,post-speed5-day/census.txt,1261,12312000,18532800,36,0,1,37,29,8,361,13,28,36,8,5,37,0,0,0,689,529,160,628,61,394,385,258,0,947,7001,3293,19257.27180104796,330,,,43200,turbo
post-speed5-day,post_review_intermediate,12441600,post-speed5-day/census.txt,1265,12355200,18576000,36,0,0,36,28,8,361,12,31,36,5,5,36,0,0,0,689,529,160,628,61,394,385,259,0,948,7031,3301,19307.112153821625,330,,,43200,turbo
post-speed5-day,post_review_intermediate,12441600,post-speed5-day/census.txt,1269,12398400,18619200,36,0,0,36,28,8,361,24,32,36,4,5,36,0,0,0,689,529,160,628,61,394,385,259,0,949,7061,3321,19372.43987592403,330,,,43200,turbo
post-speed5-day,post_review_intermediate,12441600,post-speed5-day/census.txt,1273,12441600,18662400,36,0,0,36,28,8,360,23,32,36,4,5,36,0,0,0,689,529,160,628,61,394,385,259,0,950,7092,3346,19437.841604948975,330,,,43200,turbo
final-speed5-sixhours,final_candidate,3110400,final-speed5-sixhours/census.txt,2,0,6220800,0,0,0,0,0,0,330,0,0,0,0,5,0,0,0,0,0,0,0,0,0,0,0,0,0,0,0,0,0,0,0,0,43200,turbo-unchecked
final-speed5-sixhours,final_candidate,3110400,final-speed5-sixhours/census.txt,125,43200,6264000,23,0,3,26,21,5,328,21,0,23,0,5,26,0,0,0,26,23,3,21,5,0,0,0,0,25,0,0,0,0,2210,0,43200,turbo-unchecked
final-speed5-sixhours,final_candidate,3110400,final-speed5-sixhours/census.txt,129,86400,6307200,31,0,2,33,28,5,329,30,11,31,0,5,33,0,0,0,48,43,5,41,7,7,7,8,0,50,11,0,314.41396045684814,7,1,0,43200,turbo-unchecked
final-speed5-sixhours,final_candidate,3110400,final-speed5-sixhours/census.txt,133,129600,6350400,31,0,3,34,29,5,329,31,12,31,0,5,34,0,0,0,70,62,8,60,10,22,21,14,0,72,22,0,647.9813248217106,21,0,0,43200,turbo-unchecked
final-speed5-sixhours,final_candidate,3110400,final-speed5-sixhours/census.txt,137,172800,6393600,29,0,6,35,31,4,329,28,5,29,0,5,35,0,0,0,100,86,14,87,13,42,40,23,0,102,27,0,742.814990311861,40,1,0,43200,turbo-unchecked
final-speed5-sixhours,final_candidate,3110400,final-speed5-sixhours/census.txt,141,216000,6436800,32,0,3,35,32,3,329,28,6,32,0,5,35,0,0,0,128,112,16,113,15,59,57,34,0,130,33,0,912.6264813244343,56,404,0,43200,turbo-unchecked
final-speed5-sixhours,final_candidate,3110400,final-speed5-sixhours/census.txt,145,259200,6480000,28,0,2,30,26,4,329,28,11,28,0,5,30,0,0,0,147,129,18,130,17,71,69,46,0,151,44,0,1309.6324341595173,68,0,0,43200,turbo-unchecked
final-speed5-sixhours,final_candidate,3110400,final-speed5-sixhours/census.txt,149,302400,6523200,28,0,5,33,28,5,328,25,8,28,0,5,33,0,0,0,172,149,23,152,20,80,77,59,0,177,52,0,1463.6996006071568,76,2016,0,43200,turbo-unchecked
final-speed5-sixhours,final_candidate,3110400,final-speed5-sixhours/census.txt,153,345600,6566400,29,0,1,30,28,2,330,26,10,29,0,5,30,0,0,0,192,168,24,171,21,95,91,67,0,198,62,0,1735.443746238947,89,2154,0,43200,turbo-unchecked
final-speed5-sixhours,final_candidate,3110400,final-speed5-sixhours/census.txt,157,388800,6609600,31,0,3,34,29,5,327,25,13,31,0,5,34,0,0,0,213,186,27,189,24,108,104,71,0,218,75,0,2054.254151493311,102,343,0,43200,turbo-unchecked
final-speed5-sixhours,final_candidate,3110400,final-speed5-sixhours/census.txt,161,432000,6652800,33,0,3,36,29,7,327,30,20,33,0,5,36,0,0,0,229,199,30,201,28,114,110,79,0,234,95,0,2569.8412493765354,108,1,0,43200,turbo-unchecked
final-speed5-sixhours,final_candidate,3110400,final-speed5-sixhours/census.txt,165,475200,6696000,35,0,1,36,31,5,327,29,16,35,0,5,36,0,0,0,249,218,31,219,30,127,123,86,0,254,111,0,3005.573933750391,121,1082,0,43200,turbo-unchecked
final-speed5-sixhours,final_candidate,3110400,final-speed5-sixhours/census.txt,169,518400,6739200,30,0,5,35,30,5,328,26,16,30,0,5,35,0,0,0,268,232,36,236,32,140,135,93,0,273,126,0,3344.0771213769913,133,418,0,43200,turbo-unchecked
final-speed5-sixhours,final_candidate,3110400,final-speed5-sixhours/census.txt,173,561600,6782400,28,0,5,33,25,8,328,20,10,28,0,5,33,0,0,0,290,250,40,254,36,155,150,102,0,297,136,0,3495.2929272651672,148,6,0,43200,turbo-unchecked
final-speed5-sixhours,final_candidate,3110400,final-speed5-sixhours/census.txt,177,604800,6825600,32,0,2,34,28,6,329,20,17,32,1,5,34,0,0,0,306,264,42,269,37,165,159,107,0,315,153,0,3798.808880209923,157,2350,0,43200,turbo-unchecked
final-speed5-sixhours,final_candidate,3110400,final-speed5-sixhours/census.txt,181,648000,6868800,32,0,2,34,28,6,329,21,23,32,2,5,34,0,0,0,315,271,44,278,37,170,164,111,0,326,176,0,4021.976667165756,162,14914,1,43200,turbo-unchecked
final-speed5-sixhours,final_candidate,3110400,final-speed5-sixhours/census.txt,185,691200,6912000,33,0,2,35,27,8,329,25,23,33,0,5,35,0,0,0,327,281,46,287,40,178,172,114,0,338,198,1,4321.935933589935,170,812,0,43200,turbo-unchecked
final-speed5-sixhours,final_candidate,3110400,final-speed5-sixhours/census.txt,189,734400,6955200,27,0,7,34,30,4,330,16,21,27,0,5,34,0,0,0,340,287,53,300,40,187,181,119,0,353,219,1,4619.034855365753,178,207,0,43200,turbo-unchecked
final-speed5-sixhours,final_candidate,3110400,final-speed5-sixhours/census.txt,193,777600,6998400,32,0,1,33,28,5,329,27,15,32,0,5,33,0,0,0,358,304,54,316,42,196,190,129,0,373,234,2,4904.27912735939,187,205,0,43200,turbo-unchecked
final-speed5-sixhours,final_candidate,3110400,final-speed5-sixhours/census.txt,197,820800,7041600,32,0,3,35,32,3,331,25,17,32,0,5,35,0,0,0,376,319,57,333,43,205,198,136,0,392,251,2,5137.203200340271,194,1,0,43200,turbo-unchecked
final-speed5-sixhours,final_candidate,3110400,final-speed5-sixhours/census.txt,201,864000,7084800,32,0,2,34,29,5,330,24,21,32,1,5,34,0,0,0,388,329,59,343,45,214,207,140,0,405,272,2,5543.762595653534,203,436,0,43200,turbo-unchecked
final-speed5-sixhours,final_candidate,3110400,final-speed5-sixhours/census.txt,205,907200,7128000,33,0,1,34,30,4,331,21,19,33,1,5,34,0,0,0,402,342,60,356,46,225,217,143,0,420,291,3,5790.051565170288,213,10457,0,43200,turbo-unchecked
final-speed5-sixhours,final_candidate,3110400,final-speed5-sixhours/census.txt,209,950400,7171200,33,0,2,35,28,7,329,25,21,33,0,5,35,0,0,0,416,354,62,367,49,233,225,148,0,433,312,3,6002.926756501198,221,1,0,43200,turbo-unchecked
final-speed5-sixhours,final_candidate,3110400,final-speed5-sixhours/census.txt,213,993600,7214400,33,0,2,35,30,5,330,16,18,33,0,5,35,0,0,0,433,369,64,383,50,248,239,150,0,451,329,5,6225.192836523056,234,9651,0,43200,turbo-unchecked
final-speed5-sixhours,final_candidate,3110400,final-speed5-sixhours/census.txt,217,1036800,7257600,35,0,1,36,31,5,329,27,21,35,1,5,36,0,0,0,447,382,65,396,51,259,250,152,0,464,350,7,6442.57255423069,245,1,0,43200,turbo-unchecked
final-speed5-sixhours,final_candidate,3110400,final-speed5-sixhours/census.txt,221,1080000,7300800,35,0,0,35,28,7,329,20,19,35,3,5,35,0,0,0,460,395,65,407,53,267,258,158,0,478,367,7,6609.6474777162075,253,1955,0,43200,turbo-unchecked
final-speed5-sixhours,final_candidate,3110400,final-speed5-sixhours/census.txt,225,1123200,7344000,34,0,1,35,28,7,329,24,27,34,1,5,35,0,0,0,467,401,66,413,54,269,260,163,0,486,393,8,6884.79126688838,255,2146,0,43200,turbo-unchecked
final-speed5-sixhours,final_candidate,3110400,final-speed5-sixhours/census.txt,229,1166400,7387200,33,0,1,34,25,9,330,17,26,33,1,5,34,0,0,0,474,407,67,418,56,274,265,166,0,493,418,10,7051.317745298147,259,20080,1,43200,turbo-unchecked
final-speed5-sixhours,final_candidate,3110400,final-speed5-sixhours/census.txt,233,1209600,7430400,31,0,2,33,23,10,331,12,27,31,1,5,33,0,0,0,479,410,69,422,57,277,268,169,0,500,443,11,7187.591523975134,262,14545,1,43200,turbo-unchecked
final-speed5-sixhours,final_candidate,3110400,final-speed5-sixhours/census.txt,237,1252800,7473600,35,0,0,35,25,10,331,18,26,35,3,5,35,0,0,0,485,416,69,428,57,279,270,171,0,507,468,15,7279.878741115332,264,476,0,43200,turbo-unchecked
final-speed5-sixhours,final_candidate,3110400,final-speed5-sixhours/census.txt,241,1296000,7516800,34,0,1,35,26,9,331,19,30,34,2,5,35,0,0,0,488,418,70,431,57,282,273,171,0,510,497,17,7523.892861574888,266,26698,1,43200,turbo-unchecked
final-speed5-sixhours,final_candidate,3110400,final-speed5-sixhours/census.txt,245,1339200,7560000,33,0,2,35,24,11,330,22,25,33,3,5,35,0,0,0,495,423,72,436,59,287,278,173,0,516,522,19,7614.997723430395,271,264,0,43200,turbo-unchecked
final-speed5-sixhours,final_candidate,3110400,final-speed5-sixhours/census.txt,249,1382400,7603200,34,0,1,35,25,10,330,18,26,34,0,5,35,0,0,0,504,431,73,443,61,291,282,178,0,525,548,19,7743.051415294409,275,2294,0,43200,turbo-unchecked
final-speed5-sixhours,final_candidate,3110400,final-speed5-sixhours/census.txt,253,1425600,7646400,35,0,0,35,26,9,331,20,26,35,1,5,35,0,0,0,512,439,73,451,61,294,285,183,0,534,573,24,7908.962857097387,278,2034,0,43200,turbo-unchecked
final-speed5-sixhours,final_candidate,3110400,final-speed5-sixhours/census.txt,257,1468800,7689600,35,0,0,35,26,9,330,16,30,35,0,5,35,0,0,0,517,444,73,455,62,298,289,184,0,540,601,25,8078.790098577738,282,11121,0,43200,turbo-unchecked
final-speed5-sixhours,final_candidate,3110400,final-speed5-sixhours/census.txt,261,1512000,7732800,33,0,2,35,27,8,330,15,30,33,0,5,35,0,0,0,522,447,75,460,62,303,294,184,0,546,630,28,8221.220965534449,287,9897,0,43200,turbo-unchecked
final-speed5-sixhours,final_candidate,3110400,final-speed5-sixhours/census.txt,265,1555200,7776000,35,0,0,35,27,8,331,22,23,35,6,5,35,0,0,0,528,453,75,466,62,307,298,186,0,553,651,30,8309.993928611279,290,485,0,43200,turbo-unchecked
final-speed5-sixhours,final_candidate,3110400,final-speed5-sixhours/census.txt,269,1598400,7819200,34,0,0,34,26,8,331,20,28,34,1,5,34,0,0,0,533,458,75,470,63,311,302,188,0,559,678,31,8520.612561881542,294,2360,0,43200,turbo-unchecked
final-speed5-sixhours,final_candidate,3110400,final-speed5-sixhours/census.txt,273,1641600,7862400,35,0,0,35,26,9,331,18,26,35,3,5,35,0,0,0,539,464,75,474,65,314,305,190,0,566,703,32,8735.85252970457,297,10892,0,43200,turbo-unchecked
final-speed5-sixhours,final_candidate,3110400,final-speed5-sixhours/census.txt,277,1684800,7905600,33,0,2,35,26,9,331,16,30,33,1,5,35,0,0,0,543,466,77,477,66,317,308,191,0,571,731,34,8912.778215050697,300,1827,0,43200,turbo-unchecked
final-speed5-sixhours,final_candidate,3110400,final-speed5-sixhours/census.txt,281,1728000,7948800,31,0,4,35,26,9,331,16,25,31,2,5,35,0,0,0,551,470,81,484,67,323,314,193,0,579,756,34,9057.819812893867,306,8672,0,43200,turbo-unchecked
final-speed5-sixhours,final_candidate,3110400,final-speed5-sixhours/census.txt,285,1771200,7992000,34,0,0,34,25,9,331,20,21,34,3,5,34,0,0,0,561,480,81,493,68,328,319,199,0,591,772,35,9316.95672261715,311,1671,0,43200,turbo-unchecked
final-speed5-sixhours,final_candidate,3110400,final-speed5-sixhours/census.txt,289,1814400,8035200,35,0,2,37,29,8,331,26,24,35,2,5,37,0,0,0,572,489,83,503,69,333,324,202,0,603,796,39,9576.825506091118,316,14097,1,43200,turbo-unchecked
final-speed5-sixhours,final_candidate,3110400,final-speed5-sixhours/census.txt,293,1857600,8078400,33,0,0,33,27,6,332,21,24,33,1,5,33,0,0,0,580,497,83,510,70,343,333,204,0,611,820,42,9699.528127670288,323,17726,1,43200,turbo-unchecked
final-speed5-sixhours,final_candidate,3110400,final-speed5-sixhours/census.txt,297,1900800,8121600,35,0,0,35,27,8,331,22,23,35,3,5,35,0,0,0,589,506,83,516,73,348,338,206,0,620,842,44,9850.271561145782,328,2212,0,43200,turbo-unchecked
final-speed5-sixhours,final_candidate,3110400,final-speed5-sixhours/census.txt,301,1944000,8164800,34,0,0,34,28,6,331,19,22,34,2,5,34,0,0,0,599,516,83,526,73,357,347,208,0,632,863,45,10049.654255867004,337,1111,0,43200,turbo-unchecked
final-speed5-sixhours,final_candidate,3110400,final-speed5-sixhours/census.txt,305,1987200,8208000,33,0,2,35,32,3,331,20,26,33,0,5,35,0,0,0,608,523,85,535,73,363,353,210,0,641,887,45,10307.964045763016,343,10129,0,43200,turbo-unchecked
final-speed5-sixhours,final_candidate,3110400,final-speed5-sixhours/census.txt,309,2030400,8251200,34,0,0,34,28,6,331,17,24,34,2,5,34,0,0,0,616,531,85,540,76,368,358,214,0,651,908,45,10437.58682525158,348,2196,0,43200,turbo-unchecked
final-speed5-sixhours,final_candidate,3110400,final-speed5-sixhours/census.txt,313,2073600,8294400,34,0,1,35,30,5,331,13,27,34,0,5,35,0,0,0,624,538,86,548,76,371,361,218,0,660,934,46,10595.455038070679,351,18478,1,43200,turbo-unchecked
final-speed5-sixhours,final_candidate,3110400,final-speed5-sixhours/census.txt,317,2116800,8337600,34,0,0,34,29,5,332,23,25,34,2,5,34,0,0,0,631,545,86,554,77,378,367,219,0,668,958,48,10741.439991950989,357,149,0,43200,turbo-unchecked
final-speed5-sixhours,final_candidate,3110400,final-speed5-sixhours/census.txt,321,2160000,8380800,35,0,0,35,30,5,332,14,26,35,2,5,35,0,0,0,638,552,86,560,78,383,372,220,0,676,982,48,10857.159979701042,362,873,0,43200,turbo-unchecked
final-speed5-sixhours,final_candidate,3110400,final-speed5-sixhours/census.txt,325,2203200,8424000,35,0,0,35,29,6,332,17,26,35,3,5,35,0,0,0,644,558,86,565,79,388,377,221,0,683,1008,51,11029.417670726776,367,760,0,43200,turbo-unchecked
final-speed5-sixhours,final_candidate,3110400,final-speed5-sixhours/census.txt,329,2246400,8467200,32,0,3,35,28,7,332,19,25,32,3,5,35,0,0,0,651,562,89,571,80,392,381,224,0,691,1032,52,11241.512431025505,371,5211,0,43200,turbo-unchecked
final-speed5-sixhours,final_candidate,3110400,final-speed5-sixhours/census.txt,333,2289600,8510400,31,0,2,33,28,5,333,14,29,31,0,5,33,0,0,0,655,564,91,575,80,395,382,227,0,696,1058,53,11456.221650242805,372,19212,1,43200,turbo-unchecked
final-speed5-sixhours,final_candidate,3110400,final-speed5-sixhours/census.txt,337,2332800,8553600,33,0,2,35,29,6,331,23,24,33,2,5,35,0,0,0,664,571,93,582,82,399,386,230,0,704,1082,57,11696.86242544651,376,2393,0,43200,turbo-unchecked
final-speed5-sixhours,final_candidate,3110400,final-speed5-sixhours/census.txt,341,2376000,8596800,33,0,2,35,30,5,331,13,27,33,2,5,35,0,0,0,670,575,95,588,82,405,392,230,0,711,1109,58,12010.544420063496,382,6041,0,43200,turbo-unchecked
final-speed5-sixhours,final_candidate,3110400,final-speed5-sixhours/census.txt,345,2419200,8640000,34,0,0,34,28,6,332,18,29,34,0,5,34,0,0,0,675,580,95,592,83,409,396,232,0,719,1136,59,12265.016943067312,386,7086,0,43200,turbo-unchecked
final-speed5-sixhours,final_candidate,3110400,final-speed5-sixhours/census.txt,349,2462400,8683200,33,0,2,35,30,5,331,15,29,33,1,5,35,0,0,0,680,583,97,597,83,412,399,233,0,725,1163,59,12463.668268829584,389,587,0,43200,turbo-unchecked
final-speed5-sixhours,final_candidate,3110400,final-speed5-sixhours/census.txt,353,2505600,8726400,34,0,1,35,30,5,333,21,22,34,4,5,35,0,0,0,689,591,98,605,84,420,407,234,0,735,1185,62,12526.978897064924,395,8899,0,43200,turbo-unchecked
final-speed5-sixhours,final_candidate,3110400,final-speed5-sixhours/census.txt,357,2548800,8769600,32,0,1,33,27,6,332,22,24,32,2,5,33,0,0,0,696,597,99,611,85,424,411,239,0,742,1208,66,12631.416496127844,399,2629,0,43200,turbo-unchecked
final-speed5-sixhours,final_candidate,3110400,final-speed5-sixhours/census.txt,361,2592000,8812800,32,0,3,35,30,5,332,16,26,32,0,5,35,0,0,0,705,603,102,619,86,428,415,242,0,753,1234,68,12816.502433031797,403,30466,1,43200,turbo-unchecked
final-speed5-sixhours,final_candidate,3110400,final-speed5-sixhours/census.txt,365,2635200,8856000,35,0,1,36,31,5,332,15,21,35,5,5,36,0,0,0,715,612,103,629,86,434,421,245,0,763,1254,71,12905.636288136244,408,31913,2,43200,turbo-unchecked
final-speed5-sixhours,final_candidate,3110400,final-speed5-sixhours/census.txt,369,2678400,8899200,34,0,1,35,30,5,333,17,24,34,4,5,35,0,0,0,722,618,104,636,86,437,424,250,0,771,1275,73,13011.143386811018,411,7129,0,43200,turbo-unchecked
final-speed5-sixhours,final_candidate,3110400,final-speed5-sixhours/census.txt,373,2721600,8942400,34,0,2,36,31,5,332,19,26,34,1,5,36,0,0,0,731,625,106,644,87,444,431,251,0,780,1300,77,13190.61874768138,418,1783,0,43200,turbo-unchecked
final-speed5-sixhours,final_candidate,3110400,final-speed5-sixhours/census.txt,377,2764800,8985600,32,0,1,33,29,4,333,19,24,32,2,5,33,0,0,0,738,631,107,651,87,451,438,254,0,790,1322,79,13330.477403521538,425,2830,0,43200,turbo-unchecked
final-speed5-sixhours,final_candidate,3110400,final-speed5-sixhours/census.txt,381,2808000,9028800,34,0,0,34,30,4,333,23,25,34,0,5,34,0,0,0,747,640,107,659,88,457,444,256,0,800,1345,80,13445.963667660952,431,23809,1,43200,turbo-unchecked
final-speed5-sixhours,final_candidate,3110400,final-speed5-sixhours/census.txt,385,2851200,9072000,32,0,3,35,31,4,333,20,27,32,1,5,35,0,0,0,754,644,110,665,89,460,447,259,0,808,1371,81,13711.8557433784,434,15283,1,43200,turbo-unchecked
final-speed5-sixhours,final_candidate,3110400,final-speed5-sixhours/census.txt,389,2894400,9115200,34,0,1,35,31,4,333,18,26,34,0,5,35,0,0,0,763,652,111,673,90,466,453,262,0,818,1396,83,13894.77344378829,440,10277,0,43200,turbo-unchecked
final-speed5-sixhours,final_candidate,3110400,final-speed5-sixhours/census.txt,393,2937600,9158400,36,0,0,36,32,4,333,21,24,36,1,5,36,0,0,0,774,663,111,684,90,473,460,265,0,830,1418,84,14059.104269951582,447,17689,1,43200,turbo-unchecked
final-speed5-sixhours,final_candidate,3110400,final-speed5-sixhours/census.txt,397,2980800,9201600,31,0,1,32,29,3,334,21,21,31,2,5,32,0,0,0,783,671,112,693,90,482,468,269,0,842,1438,85,14191.573429107666,455,8990,0,43200,turbo-unchecked
final-speed5-sixhours,final_candidate,3110400,final-speed5-sixhours/census.txt,401,3024000,9244800,31,0,4,35,30,5,334,22,21,31,0,5,35,0,0,0,797,681,116,705,92,490,476,272,0,856,1459,86,14349.680112242699,463,2349,0,43200,turbo-unchecked
final-speed5-sixhours,final_candidate,3110400,final-speed5-sixhours/census.txt,405,3067200,9288000,32,0,1,33,28,5,334,23,15,32,1,5,33,0,0,0,814,697,117,721,93,502,488,279,0,874,1474,87,14502.48782992363,475,15205,1,43200,turbo-unchecked
final-speed5-sixhours,final_candidate,3110400,final-speed5-sixhours/census.txt,409,3110400,9331200,32,0,0,32,26,6,335,20,15,32,1,5,32,0,0,0,830,713,117,734,96,517,502,281,0,893,1489,87,14762.315738677979,489,1,0,43200,turbo-unchecked
final-speed5-day,final_candidate,12441600,final-speed5-day/census.txt,2,0,6220800,0,0,0,0,0,0,330,0,0,0,0,5,0,0,0,0,0,0,0,0,0,0,0,0,0,0,0,0,0,0,0,0,43200,turbo-unchecked
final-speed5-day,final_candidate,12441600,final-speed5-day/census.txt,125,43200,6264000,23,0,3,26,21,5,328,21,0,23,0,5,26,0,0,0,26,23,3,21,5,0,0,0,0,25,0,0,0,0,2210,0,43200,turbo-unchecked
final-speed5-day,final_candidate,12441600,final-speed5-day/census.txt,129,86400,6307200,31,0,2,33,28,5,329,30,11,31,0,5,33,0,0,0,48,43,5,41,7,7,7,8,0,50,11,0,314.41396045684814,7,1,0,43200,turbo-unchecked
final-speed5-day,final_candidate,12441600,final-speed5-day/census.txt,133,129600,6350400,31,0,3,34,29,5,329,31,12,31,0,5,34,0,0,0,70,62,8,60,10,22,21,14,0,72,22,0,647.9813248217106,21,0,0,43200,turbo-unchecked
final-speed5-day,final_candidate,12441600,final-speed5-day/census.txt,137,172800,6393600,29,0,6,35,31,4,329,28,5,29,0,5,35,0,0,0,100,86,14,87,13,42,40,23,0,102,27,0,742.814990311861,40,1,0,43200,turbo-unchecked
final-speed5-day,final_candidate,12441600,final-speed5-day/census.txt,141,216000,6436800,32,0,3,35,32,3,329,28,6,32,0,5,35,0,0,0,128,112,16,113,15,59,57,34,0,130,33,0,912.6264813244343,56,404,0,43200,turbo-unchecked
final-speed5-day,final_candidate,12441600,final-speed5-day/census.txt,145,259200,6480000,28,0,2,30,26,4,329,28,11,28,0,5,30,0,0,0,147,129,18,130,17,71,69,46,0,151,44,0,1309.6324341595173,68,0,0,43200,turbo-unchecked
final-speed5-day,final_candidate,12441600,final-speed5-day/census.txt,149,302400,6523200,28,0,5,33,28,5,328,25,8,28,0,5,33,0,0,0,172,149,23,152,20,80,77,59,0,177,52,0,1463.6996006071568,76,2016,0,43200,turbo-unchecked
final-speed5-day,final_candidate,12441600,final-speed5-day/census.txt,153,345600,6566400,29,0,1,30,28,2,330,26,10,29,0,5,30,0,0,0,192,168,24,171,21,95,91,67,0,198,62,0,1735.443746238947,89,2154,0,43200,turbo-unchecked
final-speed5-day,final_candidate,12441600,final-speed5-day/census.txt,157,388800,6609600,31,0,3,34,29,5,327,25,13,31,0,5,34,0,0,0,213,186,27,189,24,108,104,71,0,218,75,0,2054.254151493311,102,343,0,43200,turbo-unchecked
final-speed5-day,final_candidate,12441600,final-speed5-day/census.txt,161,432000,6652800,33,0,3,36,29,7,327,30,20,33,0,5,36,0,0,0,229,199,30,201,28,114,110,79,0,234,95,0,2569.8412493765354,108,1,0,43200,turbo-unchecked
final-speed5-day,final_candidate,12441600,final-speed5-day/census.txt,165,475200,6696000,35,0,1,36,31,5,327,29,16,35,0,5,36,0,0,0,249,218,31,219,30,127,123,86,0,254,111,0,3005.573933750391,121,1082,0,43200,turbo-unchecked
final-speed5-day,final_candidate,12441600,final-speed5-day/census.txt,169,518400,6739200,30,0,5,35,30,5,328,26,16,30,0,5,35,0,0,0,268,232,36,236,32,140,135,93,0,273,126,0,3344.0771213769913,133,418,0,43200,turbo-unchecked
final-speed5-day,final_candidate,12441600,final-speed5-day/census.txt,173,561600,6782400,28,0,5,33,25,8,328,20,10,28,0,5,33,0,0,0,290,250,40,254,36,155,150,102,0,297,136,0,3495.2929272651672,148,6,0,43200,turbo-unchecked
final-speed5-day,final_candidate,12441600,final-speed5-day/census.txt,177,604800,6825600,32,0,2,34,28,6,329,20,17,32,1,5,34,0,0,0,306,264,42,269,37,165,159,107,0,315,153,0,3798.808880209923,157,2350,0,43200,turbo-unchecked
final-speed5-day,final_candidate,12441600,final-speed5-day/census.txt,181,648000,6868800,32,0,2,34,28,6,329,21,23,32,2,5,34,0,0,0,315,271,44,278,37,170,164,111,0,326,176,0,4021.976667165756,162,14914,1,43200,turbo-unchecked
final-speed5-day,final_candidate,12441600,final-speed5-day/census.txt,185,691200,6912000,33,0,2,35,27,8,329,25,23,33,0,5,35,0,0,0,327,281,46,287,40,178,172,114,0,338,198,1,4321.935933589935,170,812,0,43200,turbo-unchecked
final-speed5-day,final_candidate,12441600,final-speed5-day/census.txt,189,734400,6955200,27,0,7,34,30,4,330,16,21,27,0,5,34,0,0,0,340,287,53,300,40,187,181,119,0,353,219,1,4619.034855365753,178,207,0,43200,turbo-unchecked
final-speed5-day,final_candidate,12441600,final-speed5-day/census.txt,193,777600,6998400,32,0,1,33,28,5,329,27,15,32,0,5,33,0,0,0,358,304,54,316,42,196,190,129,0,373,234,2,4904.27912735939,187,205,0,43200,turbo-unchecked
final-speed5-day,final_candidate,12441600,final-speed5-day/census.txt,197,820800,7041600,32,0,3,35,32,3,331,25,17,32,0,5,35,0,0,0,376,319,57,333,43,205,198,136,0,392,251,2,5137.203200340271,194,1,0,43200,turbo-unchecked
final-speed5-day,final_candidate,12441600,final-speed5-day/census.txt,201,864000,7084800,32,0,2,34,29,5,330,24,21,32,1,5,34,0,0,0,388,329,59,343,45,214,207,140,0,405,272,2,5543.762595653534,203,436,0,43200,turbo-unchecked
final-speed5-day,final_candidate,12441600,final-speed5-day/census.txt,205,907200,7128000,33,0,1,34,30,4,331,21,19,33,1,5,34,0,0,0,402,342,60,356,46,225,217,143,0,420,291,3,5790.051565170288,213,10457,0,43200,turbo-unchecked
final-speed5-day,final_candidate,12441600,final-speed5-day/census.txt,209,950400,7171200,33,0,2,35,28,7,329,25,21,33,0,5,35,0,0,0,416,354,62,367,49,233,225,148,0,433,312,3,6002.926756501198,221,1,0,43200,turbo-unchecked
final-speed5-day,final_candidate,12441600,final-speed5-day/census.txt,213,993600,7214400,33,0,2,35,30,5,330,16,18,33,0,5,35,0,0,0,433,369,64,383,50,248,239,150,0,451,329,5,6225.192836523056,234,9651,0,43200,turbo-unchecked
final-speed5-day,final_candidate,12441600,final-speed5-day/census.txt,217,1036800,7257600,35,0,1,36,31,5,329,27,21,35,1,5,36,0,0,0,447,382,65,396,51,259,250,152,0,464,350,7,6442.57255423069,245,1,0,43200,turbo-unchecked
final-speed5-day,final_candidate,12441600,final-speed5-day/census.txt,221,1080000,7300800,35,0,0,35,28,7,329,20,19,35,3,5,35,0,0,0,460,395,65,407,53,267,258,158,0,478,367,7,6609.6474777162075,253,1955,0,43200,turbo-unchecked
final-speed5-day,final_candidate,12441600,final-speed5-day/census.txt,225,1123200,7344000,34,0,1,35,28,7,329,24,27,34,1,5,35,0,0,0,467,401,66,413,54,269,260,163,0,486,393,8,6884.79126688838,255,2146,0,43200,turbo-unchecked
final-speed5-day,final_candidate,12441600,final-speed5-day/census.txt,229,1166400,7387200,33,0,1,34,25,9,330,17,26,33,1,5,34,0,0,0,474,407,67,418,56,274,265,166,0,493,418,10,7051.317745298147,259,20080,1,43200,turbo-unchecked
final-speed5-day,final_candidate,12441600,final-speed5-day/census.txt,233,1209600,7430400,31,0,2,33,23,10,331,12,27,31,1,5,33,0,0,0,479,410,69,422,57,277,268,169,0,500,443,11,7187.591523975134,262,14545,1,43200,turbo-unchecked
final-speed5-day,final_candidate,12441600,final-speed5-day/census.txt,237,1252800,7473600,35,0,0,35,25,10,331,18,26,35,3,5,35,0,0,0,485,416,69,428,57,279,270,171,0,507,468,15,7279.878741115332,264,476,0,43200,turbo-unchecked
final-speed5-day,final_candidate,12441600,final-speed5-day/census.txt,241,1296000,7516800,34,0,1,35,26,9,331,19,30,34,2,5,35,0,0,0,488,418,70,431,57,282,273,171,0,510,497,17,7523.892861574888,266,26698,1,43200,turbo-unchecked
final-speed5-day,final_candidate,12441600,final-speed5-day/census.txt,245,1339200,7560000,33,0,2,35,24,11,330,22,25,33,3,5,35,0,0,0,495,423,72,436,59,287,278,173,0,516,522,19,7614.997723430395,271,264,0,43200,turbo-unchecked
final-speed5-day,final_candidate,12441600,final-speed5-day/census.txt,249,1382400,7603200,34,0,1,35,25,10,330,18,26,34,0,5,35,0,0,0,504,431,73,443,61,291,282,178,0,525,548,19,7743.051415294409,275,2294,0,43200,turbo-unchecked
final-speed5-day,final_candidate,12441600,final-speed5-day/census.txt,253,1425600,7646400,35,0,0,35,26,9,331,20,26,35,1,5,35,0,0,0,512,439,73,451,61,294,285,183,0,534,573,24,7908.962857097387,278,2034,0,43200,turbo-unchecked
final-speed5-day,final_candidate,12441600,final-speed5-day/census.txt,257,1468800,7689600,35,0,0,35,26,9,330,16,30,35,0,5,35,0,0,0,517,444,73,455,62,298,289,184,0,540,601,25,8078.790098577738,282,11121,0,43200,turbo-unchecked
final-speed5-day,final_candidate,12441600,final-speed5-day/census.txt,261,1512000,7732800,33,0,2,35,27,8,330,15,30,33,0,5,35,0,0,0,522,447,75,460,62,303,294,184,0,546,630,28,8221.220965534449,287,9897,0,43200,turbo-unchecked
final-speed5-day,final_candidate,12441600,final-speed5-day/census.txt,265,1555200,7776000,35,0,0,35,27,8,331,22,23,35,6,5,35,0,0,0,528,453,75,466,62,307,298,186,0,553,651,30,8309.993928611279,290,485,0,43200,turbo-unchecked
final-speed5-day,final_candidate,12441600,final-speed5-day/census.txt,269,1598400,7819200,34,0,0,34,26,8,331,20,28,34,1,5,34,0,0,0,533,458,75,470,63,311,302,188,0,559,678,31,8520.612561881542,294,2360,0,43200,turbo-unchecked
final-speed5-day,final_candidate,12441600,final-speed5-day/census.txt,273,1641600,7862400,35,0,0,35,26,9,331,18,26,35,3,5,35,0,0,0,539,464,75,474,65,314,305,190,0,566,703,32,8735.85252970457,297,10892,0,43200,turbo-unchecked
final-speed5-day,final_candidate,12441600,final-speed5-day/census.txt,277,1684800,7905600,33,0,2,35,26,9,331,16,30,33,1,5,35,0,0,0,543,466,77,477,66,317,308,191,0,571,731,34,8912.778215050697,300,1827,0,43200,turbo-unchecked
final-speed5-day,final_candidate,12441600,final-speed5-day/census.txt,281,1728000,7948800,31,0,4,35,26,9,331,16,25,31,2,5,35,0,0,0,551,470,81,484,67,323,314,193,0,579,756,34,9057.819812893867,306,8672,0,43200,turbo-unchecked
final-speed5-day,final_candidate,12441600,final-speed5-day/census.txt,285,1771200,7992000,34,0,0,34,25,9,331,20,21,34,3,5,34,0,0,0,561,480,81,493,68,328,319,199,0,591,772,35,9316.95672261715,311,1671,0,43200,turbo-unchecked
final-speed5-day,final_candidate,12441600,final-speed5-day/census.txt,289,1814400,8035200,35,0,2,37,29,8,331,26,24,35,2,5,37,0,0,0,572,489,83,503,69,333,324,202,0,603,796,39,9576.825506091118,316,14097,1,43200,turbo-unchecked
final-speed5-day,final_candidate,12441600,final-speed5-day/census.txt,293,1857600,8078400,33,0,0,33,27,6,332,21,24,33,1,5,33,0,0,0,580,497,83,510,70,343,333,204,0,611,820,42,9699.528127670288,323,17726,1,43200,turbo-unchecked
final-speed5-day,final_candidate,12441600,final-speed5-day/census.txt,297,1900800,8121600,35,0,0,35,27,8,331,22,23,35,3,5,35,0,0,0,589,506,83,516,73,348,338,206,0,620,842,44,9850.271561145782,328,2212,0,43200,turbo-unchecked
final-speed5-day,final_candidate,12441600,final-speed5-day/census.txt,301,1944000,8164800,34,0,0,34,28,6,331,19,22,34,2,5,34,0,0,0,599,516,83,526,73,357,347,208,0,632,863,45,10049.654255867004,337,1111,0,43200,turbo-unchecked
final-speed5-day,final_candidate,12441600,final-speed5-day/census.txt,305,1987200,8208000,33,0,2,35,32,3,331,20,26,33,0,5,35,0,0,0,608,523,85,535,73,363,353,210,0,641,887,45,10307.964045763016,343,10129,0,43200,turbo-unchecked
final-speed5-day,final_candidate,12441600,final-speed5-day/census.txt,309,2030400,8251200,34,0,0,34,28,6,331,17,24,34,2,5,34,0,0,0,616,531,85,540,76,368,358,214,0,651,908,45,10437.58682525158,348,2196,0,43200,turbo-unchecked
final-speed5-day,final_candidate,12441600,final-speed5-day/census.txt,313,2073600,8294400,34,0,1,35,30,5,331,13,27,34,0,5,35,0,0,0,624,538,86,548,76,371,361,218,0,660,934,46,10595.455038070679,351,18478,1,43200,turbo-unchecked
final-speed5-day,final_candidate,12441600,final-speed5-day/census.txt,317,2116800,8337600,34,0,0,34,29,5,332,23,25,34,2,5,34,0,0,0,631,545,86,554,77,378,367,219,0,668,958,48,10741.439991950989,357,149,0,43200,turbo-unchecked
final-speed5-day,final_candidate,12441600,final-speed5-day/census.txt,321,2160000,8380800,35,0,0,35,30,5,332,14,26,35,2,5,35,0,0,0,638,552,86,560,78,383,372,220,0,676,982,48,10857.159979701042,362,873,0,43200,turbo-unchecked
final-speed5-day,final_candidate,12441600,final-speed5-day/census.txt,325,2203200,8424000,35,0,0,35,29,6,332,17,26,35,3,5,35,0,0,0,644,558,86,565,79,388,377,221,0,683,1008,51,11029.417670726776,367,760,0,43200,turbo-unchecked
final-speed5-day,final_candidate,12441600,final-speed5-day/census.txt,329,2246400,8467200,32,0,3,35,28,7,332,19,25,32,3,5,35,0,0,0,651,562,89,571,80,392,381,224,0,691,1032,52,11241.512431025505,371,5211,0,43200,turbo-unchecked
final-speed5-day,final_candidate,12441600,final-speed5-day/census.txt,333,2289600,8510400,31,0,2,33,28,5,333,14,29,31,0,5,33,0,0,0,655,564,91,575,80,395,382,227,0,696,1058,53,11456.221650242805,372,19212,1,43200,turbo-unchecked
final-speed5-day,final_candidate,12441600,final-speed5-day/census.txt,337,2332800,8553600,33,0,2,35,29,6,331,23,24,33,2,5,35,0,0,0,664,571,93,582,82,399,386,230,0,704,1082,57,11696.86242544651,376,2393,0,43200,turbo-unchecked
final-speed5-day,final_candidate,12441600,final-speed5-day/census.txt,341,2376000,8596800,33,0,2,35,30,5,331,13,27,33,2,5,35,0,0,0,670,575,95,588,82,405,392,230,0,711,1109,58,12010.544420063496,382,6041,0,43200,turbo-unchecked
final-speed5-day,final_candidate,12441600,final-speed5-day/census.txt,345,2419200,8640000,34,0,0,34,28,6,332,18,29,34,0,5,34,0,0,0,675,580,95,592,83,409,396,232,0,719,1136,59,12265.016943067312,386,7086,0,43200,turbo-unchecked
final-speed5-day,final_candidate,12441600,final-speed5-day/census.txt,349,2462400,8683200,33,0,2,35,30,5,331,15,29,33,1,5,35,0,0,0,680,583,97,597,83,412,399,233,0,725,1163,59,12463.668268829584,389,587,0,43200,turbo-unchecked
final-speed5-day,final_candidate,12441600,final-speed5-day/census.txt,353,2505600,8726400,34,0,1,35,30,5,333,21,22,34,4,5,35,0,0,0,689,591,98,605,84,420,407,234,0,735,1185,62,12526.978897064924,395,8899,0,43200,turbo-unchecked
final-speed5-day,final_candidate,12441600,final-speed5-day/census.txt,357,2548800,8769600,32,0,1,33,27,6,332,22,24,32,2,5,33,0,0,0,696,597,99,611,85,424,411,239,0,742,1208,66,12631.416496127844,399,2629,0,43200,turbo-unchecked
final-speed5-day,final_candidate,12441600,final-speed5-day/census.txt,361,2592000,8812800,32,0,3,35,30,5,332,16,26,32,0,5,35,0,0,0,705,603,102,619,86,428,415,242,0,753,1234,68,12816.502433031797,403,30466,1,43200,turbo-unchecked
final-speed5-day,final_candidate,12441600,final-speed5-day/census.txt,365,2635200,8856000,35,0,1,36,31,5,332,15,21,35,5,5,36,0,0,0,715,612,103,629,86,434,421,245,0,763,1254,71,12905.636288136244,408,31913,2,43200,turbo-unchecked
final-speed5-day,final_candidate,12441600,final-speed5-day/census.txt,369,2678400,8899200,34,0,1,35,30,5,333,17,24,34,4,5,35,0,0,0,722,618,104,636,86,437,424,250,0,771,1275,73,13011.143386811018,411,7129,0,43200,turbo-unchecked
final-speed5-day,final_candidate,12441600,final-speed5-day/census.txt,373,2721600,8942400,34,0,2,36,31,5,332,19,26,34,1,5,36,0,0,0,731,625,106,644,87,444,431,251,0,780,1300,77,13190.61874768138,418,1783,0,43200,turbo-unchecked
final-speed5-day,final_candidate,12441600,final-speed5-day/census.txt,377,2764800,8985600,32,0,1,33,29,4,333,19,24,32,2,5,33,0,0,0,738,631,107,651,87,451,438,254,0,790,1322,79,13330.477403521538,425,2830,0,43200,turbo-unchecked
final-speed5-day,final_candidate,12441600,final-speed5-day/census.txt,381,2808000,9028800,34,0,0,34,30,4,333,23,25,34,0,5,34,0,0,0,747,640,107,659,88,457,444,256,0,800,1345,80,13445.963667660952,431,23809,1,43200,turbo-unchecked
final-speed5-day,final_candidate,12441600,final-speed5-day/census.txt,385,2851200,9072000,32,0,3,35,31,4,333,20,27,32,1,5,35,0,0,0,754,644,110,665,89,460,447,259,0,808,1371,81,13711.8557433784,434,15283,1,43200,turbo-unchecked
final-speed5-day,final_candidate,12441600,final-speed5-day/census.txt,389,2894400,9115200,34,0,1,35,31,4,333,18,26,34,0,5,35,0,0,0,763,652,111,673,90,466,453,262,0,818,1396,83,13894.77344378829,440,10277,0,43200,turbo-unchecked
final-speed5-day,final_candidate,12441600,final-speed5-day/census.txt,393,2937600,9158400,36,0,0,36,32,4,333,21,24,36,1,5,36,0,0,0,774,663,111,684,90,473,460,265,0,830,1418,84,14059.104269951582,447,17689,1,43200,turbo-unchecked
final-speed5-day,final_candidate,12441600,final-speed5-day/census.txt,397,2980800,9201600,31,0,1,32,29,3,334,21,21,31,2,5,32,0,0,0,783,671,112,693,90,482,468,269,0,842,1438,85,14191.573429107666,455,8990,0,43200,turbo-unchecked
final-speed5-day,final_candidate,12441600,final-speed5-day/census.txt,401,3024000,9244800,31,0,4,35,30,5,334,22,21,31,0,5,35,0,0,0,797,681,116,705,92,490,476,272,0,856,1459,86,14349.680112242699,463,2349,0,43200,turbo-unchecked
final-speed5-day,final_candidate,12441600,final-speed5-day/census.txt,405,3067200,9288000,32,0,1,33,28,5,334,23,15,32,1,5,33,0,0,0,814,697,117,721,93,502,488,279,0,874,1474,87,14502.48782992363,475,15205,1,43200,turbo-unchecked
final-speed5-day,final_candidate,12441600,final-speed5-day/census.txt,409,3110400,9331200,32,0,0,32,26,6,335,20,15,32,1,5,32,0,0,0,830,713,117,734,96,517,502,281,0,893,1489,87,14762.315738677979,489,1,0,43200,turbo-unchecked
final-speed5-day,final_candidate,12441600,final-speed5-day/census.txt,413,3153600,9374400,34,0,0,34,30,4,335,20,20,34,1,5,34,0,0,0,843,726,117,746,97,522,506,287,0,907,1508,87,14960.802548289299,493,2112,0,43200,turbo-unchecked
final-speed5-day,final_candidate,12441600,final-speed5-day/census.txt,417,3196800,9417600,34,0,1,35,30,5,334,19,25,34,1,5,35,0,0,0,852,734,118,754,98,527,511,290,0,916,1531,87,15272.8258638978,498,5918,0,43200,turbo-unchecked
final-speed5-day,final_candidate,12441600,final-speed5-day/census.txt,421,3240000,9460800,32,0,2,34,29,5,334,25,27,32,0,5,34,0,0,0,859,739,120,760,99,533,517,292,0,924,1558,87,15536.48343104124,504,6,0,43200,turbo-unchecked
final-speed5-day,final_candidate,12441600,final-speed5-day/census.txt,425,3283200,9504000,32,0,3,35,30,5,333,19,24,32,0,5,35,0,0,0,870,747,123,771,99,541,525,294,0,934,1580,87,15632.769280612469,511,6185,0,43200,turbo-unchecked
final-speed5-day,final_candidate,12441600,final-speed5-day/census.txt,429,3326400,9547200,33,0,1,34,29,5,333,23,21,33,4,5,34,0,0,0,879,755,124,779,100,548,532,297,0,943,1600,88,15744.475452065468,517,10985,0,43200,turbo-unchecked
final-speed5-day,final_candidate,12441600,final-speed5-day/census.txt,433,3369600,9590400,32,0,3,35,28,7,333,21,21,32,0,5,35,0,0,0,893,766,127,791,102,559,543,299,0,957,1619,89,15821.787553697824,527,6193,0,43200,turbo-unchecked
final-speed5-day,final_candidate,12441600,final-speed5-day/census.txt,437,3412800,9633600,33,0,1,34,27,7,335,26,19,33,1,5,34,0,0,0,907,779,128,803,104,568,552,305,0,973,1637,90,15936.024470597506,536,4381,0,43200,turbo-unchecked
final-speed5-day,final_candidate,12441600,final-speed5-day/census.txt,441,3456000,9676800,30,0,3,33,27,6,335,12,22,30,1,5,33,0,0,0,917,786,131,813,104,575,559,309,0,985,1658,92,16117.712711274624,543,9204,0,43200,turbo-unchecked
final-speed5-day,final_candidate,12441600,final-speed5-day/census.txt,445,3499200,9720000,32,0,3,35,29,6,335,18,19,32,2,5,35,0,0,0,931,797,134,826,105,584,568,312,0,1000,1676,93,16220.826195895672,552,15182,1,43200,turbo-unchecked
final-speed5-day,final_candidate,12441600,final-speed5-day/census.txt,449,3542400,9763200,33,0,1,34,29,5,335,18,23,33,2,5,34,0,0,0,940,805,135,835,105,590,574,316,0,1011,1697,94,16401.925265699625,558,6537,0,43200,turbo-unchecked
final-speed5-day,final_candidate,12441600,final-speed5-day/census.txt,453,3585600,9806400,33,0,2,35,29,6,334,20,24,33,1,5,35,0,0,0,950,813,137,844,106,594,578,321,0,1021,1721,95,16593.746787697077,562,1678,0,43200,turbo-unchecked
final-speed5-day,final_candidate,12441600,final-speed5-day/census.txt,457,3628800,9849600,35,0,0,35,29,6,334,25,25,35,1,5,35,0,0,0,959,822,137,852,107,601,585,323,0,1031,1745,96,16830.747611433268,569,475,0,43200,turbo-unchecked
final-speed5-day,final_candidate,12441600,final-speed5-day/census.txt,461,3672000,9892800,33,0,2,35,29,6,334,21,24,33,1,5,35,0,0,0,969,830,139,861,108,609,593,325,0,1042,1769,97,17006.678908497095,577,6368,0,43200,turbo-unchecked
final-speed5-day,final_candidate,12441600,final-speed5-day/census.txt,465,3715200,9936000,32,0,3,35,30,5,334,19,24,32,0,5,35,0,0,0,980,838,142,871,109,618,602,327,0,1053,1792,99,17287.65244653821,586,2727,0,43200,turbo-unchecked
final-speed5-day,final_candidate,12441600,final-speed5-day/census.txt,469,3758400,9979200,33,0,2,35,29,6,336,23,24,33,0,5,35,0,0,0,991,847,144,880,111,624,608,332,0,1065,1816,100,17516.583302646875,591,37193,1,43200,turbo-unchecked
final-speed5-day,final_candidate,12441600,final-speed5-day/census.txt,473,3801600,10022400,32,0,2,34,28,6,334,16,17,32,2,5,34,0,0,0,1006,860,146,892,114,631,615,341,0,1081,1831,101,17629.251745462418,598,6242,0,43200,turbo-unchecked
final-speed5-day,final_candidate,12441600,final-speed5-day/census.txt,477,3844800,10065600,35,0,0,35,30,5,334,20,17,35,9,5,35,0,0,0,1015,869,146,900,115,633,617,347,0,1091,1848,104,17780.754330068827,600,45740,3,43200,turbo-unchecked
final-speed5-day,final_candidate,12441600,final-speed5-day/census.txt,481,3888000,10108800,35,0,0,35,29,6,334,16,14,35,12,5,35,0,0,0,1024,878,146,907,117,639,623,350,0,1101,1861,106,17866.194885641336,606,91468,3,43200,turbo-unchecked
final-speed5-day,final_candidate,12441600,final-speed5-day/census.txt,485,3931200,10152000,33,0,0,33,28,5,334,14,14,33,13,5,33,0,0,0,1030,884,146,913,117,641,625,356,0,1109,1874,107,17914.042520433664,608,136028,4,43200,turbo-unchecked
final-speed5-day,final_candidate,12441600,final-speed5-day/census.txt,489,3974400,10195200,34,0,1,35,31,4,333,13,15,34,12,5,35,0,0,0,1038,891,147,921,117,645,629,358,0,1118,1888,108,17964.40618148446,612,181779,4,43200,turbo-unchecked
final-speed5-day,final_candidate,12441600,final-speed5-day/census.txt,493,4017600,10238400,32,0,3,35,31,4,334,10,15,32,14,5,35,0,0,0,1044,894,150,927,117,650,634,359,0,1124,1900,108,18005.573584482074,616,225010,4,43200,turbo-unchecked
final-speed5-day,final_candidate,12441600,final-speed5-day/census.txt,497,4060800,10281600,35,0,0,35,31,4,334,13,19,35,12,5,35,0,0,0,1048,898,150,931,117,652,636,361,0,1129,1919,109,18076.6522334069,618,270928,4,43200,turbo-unchecked
final-speed5-day,final_candidate,12441600,final-speed5-day/census.txt,501,4104000,10324800,34,0,1,35,31,4,334,15,17,34,14,5,35,0,0,0,1052,901,151,935,117,656,640,361,0,1134,1935,110,18123.04607437551,622,314319,4,43200,turbo-unchecked
final-speed5-day,final_candidate,12441600,final-speed5-day/census.txt,505,4147200,10368000,35,0,0,35,31,4,335,13,18,35,16,5,35,0,0,0,1053,902,151,936,117,657,641,361,0,1136,1953,114,18173.640234693885,622,359706,3,43200,turbo-unchecked
final-speed5-day,final_candidate,12441600,final-speed5-day/census.txt,509,4190400,10411200,35,0,0,35,31,4,336,14,34,35,0,5,35,0,0,0,1054,903,151,937,117,658,642,361,0,1139,1984,115,18300.41939638555,623,9545,0,43200,turbo-unchecked
final-speed5-day,final_candidate,12441600,final-speed5-day/census.txt,513,4233600,10454400,34,0,1,35,31,4,335,12,28,34,4,5,35,0,0,0,1057,905,152,940,117,661,645,361,0,1142,2011,116,18443.03514455259,626,2798,0,43200,turbo-unchecked
final-speed5-day,final_candidate,12441600,final-speed5-day/census.txt,517,4276800,10497600,35,0,0,35,32,3,336,11,20,35,11,5,35,0,0,0,1061,909,152,944,117,665,649,361,0,1147,2030,120,18539.672580733895,629,45616,2,43200,turbo-unchecked
final-speed5-day,final_candidate,12441600,final-speed5-day/census.txt,521,4320000,10540800,34,0,1,35,30,5,335,14,19,34,11,5,35,0,0,0,1066,913,153,947,119,668,652,363,0,1152,2049,123,18603.81548537314,632,90200,2,43200,turbo-unchecked
final-speed5-day,final_candidate,12441600,final-speed5-day/census.txt,525,4363200,10584000,33,0,1,34,31,3,336,18,25,33,4,5,34,0,0,0,1071,917,154,952,119,671,655,366,0,1159,2072,128,18712.482376620173,635,117669,1,43200,turbo-unchecked
final-speed5-day,final_candidate,12441600,final-speed5-day/census.txt,529,4406400,10627200,34,0,1,35,31,4,335,20,26,34,1,5,35,0,0,0,1079,924,155,959,120,676,660,368,0,1167,2098,129,18797.39208815992,639,18399,3,43200,turbo-unchecked
final-speed5-day,final_candidate,12441600,final-speed5-day/census.txt,533,4449600,10670400,35,0,0,35,32,3,335,14,28,35,0,5,35,0,0,0,1086,931,155,966,120,681,665,370,0,1175,2125,131,18903.959567800164,644,994,0,43200,turbo-unchecked
final-speed5-day,final_candidate,12441600,final-speed5-day/census.txt,537,4492800,10713600,35,0,0,35,32,3,337,20,26,35,1,5,35,0,0,0,1094,939,155,973,121,687,671,372,0,1185,2150,135,19057.708233490586,649,11490,0,43200,turbo-unchecked
final-speed5-day,final_candidate,12441600,final-speed5-day/census.txt,541,4536000,10756800,35,0,1,36,30,6,336,22,26,35,0,5,36,0,0,0,1104,948,156,980,124,694,678,374,0,1195,2174,137,19172.7329505831,656,10547,0,43200,turbo-unchecked
final-speed5-day,final_candidate,12441600,final-speed5-day/census.txt,545,4579200,10800000,33,0,1,34,30,4,337,18,26,33,1,5,34,0,0,0,1111,954,157,987,124,702,686,375,0,1203,2199,138,19260.72530643642,663,18054,1,43200,turbo-unchecked
final-speed5-day,final_candidate,12441600,final-speed5-day/census.txt,549,4622400,10843200,34,0,2,36,32,4,335,22,26,34,0,5,36,0,0,0,1121,962,159,997,124,708,692,377,0,1212,2223,141,19443.280657216907,669,1326,0,43200,turbo-unchecked
final-speed5-day,final_candidate,12441600,final-speed5-day/census.txt,553,4665600,10886400,33,0,1,34,30,4,336,23,25,33,2,5,34,0,0,0,1128,968,160,1004,124,715,699,379,0,1220,2246,141,19640.614746823907,675,1,0,43200,turbo-unchecked
final-speed5-day,final_candidate,12441600,final-speed5-day/census.txt,557,4708800,10929600,30,0,4,34,29,5,338,21,24,30,1,5,34,0,0,0,1137,973,164,1011,126,720,703,383,0,1230,2269,143,19806.547647610307,679,1282,0,43200,turbo-unchecked
final-speed5-day,final_candidate,12441600,final-speed5-day/census.txt,561,4752000,10972800,34,0,2,36,32,4,336,24,20,34,2,5,36,0,0,0,1151,985,166,1024,127,726,709,389,0,1243,2288,145,19877.847742900252,685,1,0,43200,turbo-unchecked
final-speed5-day,final_candidate,12441600,final-speed5-day/census.txt,565,4795200,11016000,35,0,0,35,31,4,336,23,25,35,1,5,35,0,0,0,1160,994,166,1033,127,733,716,392,0,1253,2313,145,20058.976311549544,691,19559,2,43200,turbo-unchecked
final-speed5-day,final_candidate,12441600,final-speed5-day/census.txt,569,4838400,11059200,30,0,2,32,29,3,337,25,23,30,3,5,32,0,0,0,1166,998,168,1039,127,739,721,395,0,1260,2336,147,20280.134170278907,696,466,0,43200,turbo-unchecked
final-speed5-day,final_candidate,12441600,final-speed5-day/census.txt,573,4881600,11102400,35,0,0,35,29,6,336,20,21,35,2,5,35,0,0,0,1178,1010,168,1048,130,743,725,400,0,1272,2356,148,20376.50414918363,700,2832,0,43200,turbo-unchecked
final-speed5-day,final_candidate,12441600,final-speed5-day/census.txt,577,4924800,11145600,32,0,1,33,28,5,336,19,25,32,0,5,33,0,0,0,1186,1017,169,1056,130,748,730,405,0,1281,2379,149,20640.036427006125,705,823,0,43200,turbo-unchecked
final-speed5-day,final_candidate,12441600,final-speed5-day/census.txt,581,4968000,11188800,35,0,0,35,30,5,335,23,26,35,0,5,35,0,0,0,1195,1026,169,1065,130,753,735,407,0,1290,2404,151,20868.317233905196,709,2213,0,43200,turbo-unchecked
final-speed5-day,final_candidate,12441600,final-speed5-day/census.txt,585,5011200,11232000,32,0,2,34,29,5,335,17,28,32,1,5,34,0,0,0,1200,1029,171,1070,130,756,738,410,0,1296,2432,152,21101.12387369573,712,9470,0,43200,turbo-unchecked
final-speed5-day,final_candidate,12441600,final-speed5-day/census.txt,589,5054400,11275200,34,0,0,34,31,3,337,17,23,34,1,5,34,0,0,0,1210,1039,171,1080,130,764,745,412,0,1307,2455,155,21216.38894377649,718,873,0,43200,turbo-unchecked
final-speed5-day,final_candidate,12441600,final-speed5-day/census.txt,593,5097600,11318400,34,0,1,35,29,6,334,18,25,34,0,5,35,0,0,0,1220,1048,172,1087,133,768,749,417,0,1316,2475,155,21354.489688649774,722,457,0,43200,turbo-unchecked
final-speed5-day,final_candidate,12441600,final-speed5-day/census.txt,597,5140800,11361600,35,0,0,35,30,5,335,23,27,35,1,5,35,0,0,0,1227,1055,172,1094,133,771,751,421,0,1324,2499,157,21467.743202582,724,14971,1,43200,turbo-unchecked
final-speed5-day,final_candidate,12441600,final-speed5-day/census.txt,601,5184000,11404800,35,0,2,37,32,5,333,22,26,35,2,5,37,0,0,0,1236,1062,174,1102,134,775,755,424,0,1332,2521,158,21586.700650826097,728,496,0,43200,turbo-unchecked
final-speed5-day,final_candidate,12441600,final-speed5-day/census.txt,605,5227200,11448000,34,0,1,35,29,6,334,19,24,34,0,5,35,0,0,0,1247,1072,175,1112,135,785,765,427,0,1343,2545,161,21765.675144329667,737,1,0,43200,turbo-unchecked
final-speed5-day,final_candidate,12441600,final-speed5-day/census.txt,609,5270400,11491200,31,0,3,34,30,4,334,19,21,31,2,5,34,0,0,0,1258,1080,178,1123,135,791,771,433,0,1356,2565,163,21936.370207016356,743,9092,0,43200,turbo-unchecked
final-speed5-day,final_candidate,12441600,final-speed5-day/census.txt,613,5313600,11534400,33,0,1,34,30,4,334,23,21,33,1,5,34,0,0,0,1270,1091,179,1135,135,799,779,437,0,1369,2586,163,22104.13529962767,751,6451,0,43200,turbo-unchecked
final-speed5-day,final_candidate,12441600,final-speed5-day/census.txt,617,5356800,11577600,34,0,1,35,29,6,335,24,18,34,2,5,35,0,0,0,1285,1105,180,1148,137,807,787,443,0,1386,2602,164,22325.058862869628,759,1318,0,43200,turbo-unchecked
final-speed5-day,final_candidate,12441600,final-speed5-day/census.txt,621,5400000,11620800,33,0,1,34,31,3,335,29,18,33,1,5,34,0,0,0,1300,1119,181,1163,137,819,798,447,0,1402,2619,165,22542.09347159136,770,1,0,43200,turbo-unchecked
final-speed5-day,final_candidate,12441600,final-speed5-day/census.txt,625,5443200,11664000,28,0,1,29,26,3,334,22,18,28,0,5,29,0,0,0,1311,1129,182,1173,138,829,808,453,0,1414,2637,165,22899.53310925234,780,550,0,43200,turbo-unchecked
final-speed5-day,final_candidate,12441600,final-speed5-day/census.txt,629,5486400,11707200,32,0,1,33,31,2,335,28,10,32,0,5,33,0,0,0,1334,1151,183,1196,138,845,823,456,0,1438,2647,165,23180.94148880709,795,1,0,43200,turbo-unchecked
final-speed5-day,final_candidate,12441600,final-speed5-day/census.txt,633,5529600,11750400,30,0,2,32,29,3,334,27,10,30,0,5,32,0,0,0,1356,1171,185,1216,140,855,833,469,0,1461,2657,165,23398.527920787223,805,1,0,43200,turbo-unchecked
final-speed5-day,final_candidate,12441600,final-speed5-day/census.txt,637,5572800,11793600,30,0,1,31,29,2,335,29,13,30,0,5,31,0,0,0,1374,1188,186,1234,140,866,844,477,0,1482,2670,165,23673.409159247763,816,1,0,43200,turbo-unchecked
final-speed5-day,final_candidate,12441600,final-speed5-day/census.txt,641,5616000,11836800,30,0,4,34,29,5,333,27,11,30,0,5,34,0,0,0,1397,1207,190,1254,143,878,856,485,0,1504,2681,165,23816.081486766227,828,1,0,43200,turbo-unchecked
final-speed5-day,final_candidate,12441600,final-speed5-day/census.txt,645,5659200,11880000,34,0,1,35,29,6,333,32,14,34,0,5,35,0,0,0,1418,1227,191,1273,145,893,870,490,0,1524,2695,165,24122.881709163077,841,1,0,43200,turbo-unchecked
final-speed5-day,final_candidate,12441600,final-speed5-day/census.txt,649,5702400,11923200,31,0,4,35,31,4,336,29,18,31,0,5,35,0,0,0,1435,1240,195,1287,148,906,883,494,0,1542,2712,165,24529.947358106263,851,1,0,43200,turbo-unchecked
final-speed5-day,final_candidate,12441600,final-speed5-day/census.txt,653,5745600,11966400,32,0,2,34,30,4,332,27,10,32,0,5,34,0,0,0,1459,1262,197,1307,152,922,899,503,0,1565,2722,165,24783.044045423158,867,1,0,43200,turbo-unchecked
final-speed5-day,final_candidate,12441600,final-speed5-day/census.txt,657,5788800,12009600,31,0,2,33,28,5,333,24,15,31,0,5,33,0,0,0,1477,1278,199,1324,153,937,914,507,0,1586,2737,165,25143.412180875428,881,98,0,43200,turbo-unchecked
final-speed5-day,final_candidate,12441600,final-speed5-day/census.txt,661,5832000,12052800,32,0,3,35,29,6,333,22,21,32,0,5,35,0,0,0,1491,1289,202,1336,155,946,923,510,0,1601,2757,165,25578.454574082978,890,14277,1,43200,turbo-unchecked
final-speed5-day,final_candidate,12441600,final-speed5-day/census.txt,665,5875200,12096000,33,0,1,34,28,6,333,26,20,33,0,5,34,0,0,0,1505,1302,203,1349,156,956,933,515,0,1616,2776,165,25842.622479175217,899,6873,0,43200,turbo-unchecked
final-speed5-day,final_candidate,12441600,final-speed5-day/census.txt,669,5918400,12139200,32,0,2,34,29,5,333,23,14,32,0,5,34,0,0,0,1525,1320,205,1367,158,969,946,522,0,1636,2790,165,25966.919158314355,911,18682,1,43200,turbo-unchecked
final-speed5-day,final_candidate,12441600,final-speed5-day/census.txt,673,5961600,12182400,34,0,1,35,28,7,333,30,20,34,1,5,35,0,0,0,1539,1333,206,1378,161,975,952,529,0,1651,2810,166,26288.277589057572,917,39,0,43200,turbo-unchecked
final-speed5-day,final_candidate,12441600,final-speed5-day/census.txt,677,6004800,12225600,32,0,2,34,29,5,334,28,17,32,0,5,34,0,0,0,1556,1348,208,1393,163,987,963,535,0,1669,2827,166,26617.68632933963,928,2185,0,43200,turbo-unchecked
final-speed5-day,final_candidate,12441600,final-speed5-day/census.txt,681,6048000,12268800,30,0,0,30,24,6,333,28,17,30,0,5,30,0,0,0,1569,1361,208,1404,165,1000,976,539,0,1684,2844,166,27091.98858067859,941,1,0,43200,turbo-unchecked
final-speed5-day,final_candidate,12441600,final-speed5-day/census.txt,685,6091200,12312000,30,0,2,32,28,4,335,28,6,30,0,5,32,0,0,0,1595,1385,210,1428,167,1017,992,546,0,1713,2850,166,27254.886820768006,957,1,0,43200,turbo-unchecked
final-speed5-day,final_candidate,12441600,final-speed5-day/census.txt,689,6134400,12355200,30,0,3,33,27,6,334,28,10,30,0,5,33,0,0,0,1618,1405,213,1447,171,1031,1006,554,0,1736,2860,166,27451.359876726754,971,461,0,43200,turbo-unchecked
final-speed5-day,final_candidate,12441600,final-speed5-day/census.txt,693,6177600,12398400,31,0,3,34,29,5,335,28,12,31,0,5,34,0,0,0,1640,1424,216,1468,172,1048,1022,558,0,1760,2872,166,27763.071602319367,987,8833,0,43200,turbo-unchecked
final-speed5-day,final_candidate,12441600,final-speed5-day/census.txt,697,6220800,12441600,29,0,4,33,28,5,350,23,13,29,0,5,33,0,0,0,1660,1440,220,1485,175,1066,1039,561,0,1798,2885,166,28120.283109162934,1004,5113,0,43200,turbo-unchecked
final-speed5-day,final_candidate,12441600,final-speed5-day/census.txt,701,6264000,12484800,33,0,0,33,30,3,349,23,19,33,0,5,33,0,0,0,1674,1454,220,1498,176,1072,1045,569,0,1814,2904,167,28499.75292346347,1010,2551,0,43200,turbo-unchecked
final-speed5-day,final_candidate,12441600,final-speed5-day/census.txt,705,6307200,12528000,31,0,4,35,29,6,350,22,23,31,0,5,35,0,0,0,1686,1462,224,1507,179,1079,1052,572,0,1828,2927,167,28868.302884911187,1017,447,0,43200,turbo-unchecked
final-speed5-day,final_candidate,12441600,final-speed5-day/census.txt,709,6350400,12571200,35,0,1,36,31,5,350,29,21,35,0,5,36,0,0,0,1701,1476,225,1521,180,1088,1061,577,0,1844,2948,167,29181.752006267197,1026,2705,0,43200,turbo-unchecked
final-speed5-day,final_candidate,12441600,final-speed5-day/census.txt,713,6393600,12614400,32,0,3,35,31,4,349,20,22,32,1,5,35,0,0,0,1713,1485,228,1532,181,1098,1071,580,0,1857,2970,168,29543.13232681621,1036,2115,0,43200,turbo-unchecked
final-speed5-day,final_candidate,12441600,final-speed5-day/census.txt,717,6436800,12657600,35,0,0,35,30,5,349,23,23,35,1,5,35,0,0,0,1724,1496,228,1541,183,1105,1078,584,0,1869,2992,169,29818.823402558453,1043,1108,0,43200,turbo-unchecked
final-speed5-day,final_candidate,12441600,final-speed5-day/census.txt,721,6480000,12700800,33,0,2,35,30,5,350,28,24,33,1,5,35,0,0,0,1734,1504,230,1549,185,1114,1087,585,0,1881,3015,169,30258.617389117368,1052,2635,0,43200,turbo-unchecked
final-speed5-day,final_candidate,12441600,final-speed5-day/census.txt,725,6523200,12744000,35,0,0,35,29,6,350,26,19,35,2,5,35,0,0,0,1748,1518,230,1561,187,1125,1098,588,0,1896,3034,170,30470.88353744615,1063,338,0,43200,turbo-unchecked
final-speed5-day,final_candidate,12441600,final-speed5-day/census.txt,729,6566400,12787200,34,0,0,34,30,4,350,28,17,34,0,5,34,0,0,0,1765,1535,230,1578,187,1141,1114,590,0,1915,3051,170,30796.169459138997,1079,1,0,43200,turbo-unchecked
final-speed5-day,final_candidate,12441600,final-speed5-day/census.txt,733,6609600,12830400,32,0,0,32,28,4,351,27,19,32,0,5,32,0,0,0,1778,1548,230,1591,187,1152,1125,594,0,1930,3070,170,31130.901767645963,1090,809,0,43200,turbo-unchecked
final-speed5-day,final_candidate,12441600,final-speed5-day/census.txt,737,6652800,12873600,32,0,3,35,30,5,350,29,18,32,0,5,35,0,0,0,1795,1562,233,1606,189,1162,1135,598,0,1948,3088,170,31641.51321867574,1100,405,0,43200,turbo-unchecked
final-speed5-day,final_candidate,12441600,final-speed5-day/census.txt,741,6696000,12916800,35,0,1,36,30,6,352,29,15,35,0,5,36,0,0,0,1816,1582,234,1623,193,1177,1148,603,0,1970,3103,170,31964.727095519193,1113,121,0,43200,turbo-unchecked
final-speed5-day,final_candidate,12441600,final-speed5-day/census.txt,745,6739200,12960000,34,0,1,35,29,6,350,29,21,34,0,5,35,0,0,0,1830,1595,235,1634,196,1188,1159,607,0,1983,3123,170,32334.923989539035,1124,1,0,43200,turbo-unchecked
final-speed5-day,final_candidate,12441600,final-speed5-day/census.txt,749,6782400,13003200,32,0,1,33,28,5,349,23,18,32,0,5,33,0,0,0,1845,1609,236,1649,196,1204,1175,608,0,2000,3141,170,32564.193835024722,1140,1,0,43200,turbo-unchecked
final-speed5-day,final_candidate,12441600,final-speed5-day/census.txt,753,6825600,13046400,32,0,2,34,27,7,349,27,21,32,0,5,34,0,0,0,1858,1620,238,1659,199,1214,1185,610,0,2013,3162,173,32912.61130238045,1149,1,0,43200,turbo-unchecked
final-speed5-day,final_candidate,12441600,final-speed5-day/census.txt,757,6868800,13089600,33,0,3,36,31,5,348,28,12,33,0,5,36,0,0,0,1882,1641,241,1682,200,1234,1205,612,0,2038,3174,173,33115.959952835925,1169,1269,0,43200,turbo-unchecked
final-speed5-day,final_candidate,12441600,final-speed5-day/census.txt,761,6912000,13132800,34,0,1,35,29,6,351,27,13,34,0,5,35,0,0,0,1904,1662,242,1701,203,1246,1217,623,0,2062,3187,173,33346.59438753594,1180,769,0,43200,turbo-unchecked
final-speed5-day,final_candidate,12441600,final-speed5-day/census.txt,765,6955200,13176000,31,0,3,34,27,7,349,27,16,31,0,5,34,0,0,0,1922,1677,245,1716,206,1257,1228,631,0,2080,3203,173,33893.56008363236,1191,2442,0,43200,turbo-unchecked
final-speed5-day,final_candidate,12441600,final-speed5-day/census.txt,769,6998400,13219200,33,0,2,35,29,6,352,27,16,33,0,5,35,0,0,0,1941,1694,247,1733,208,1269,1239,637,0,2101,3219,173,34262.007607047446,1200,2867,0,43200,turbo-unchecked
final-speed5-day,final_candidate,12441600,final-speed5-day/census.txt,773,7041600,13262400,35,0,0,35,29,6,349,27,18,35,1,5,35,0,0,0,1957,1710,247,1745,212,1282,1252,640,0,2115,3237,173,34620.50114256609,1213,1,0,43200,turbo-unchecked
final-speed5-day,final_candidate,12441600,final-speed5-day/census.txt,777,7084800,13305600,34,0,1,35,31,4,351,28,20,34,0,5,35,0,0,0,1972,1724,248,1760,212,1292,1261,645,0,2131,3257,173,34898.996729318984,1221,1,0,43200,turbo-unchecked
final-speed5-day,final_candidate,12441600,final-speed5-day/census.txt,781,7128000,13348800,31,0,2,33,26,7,350,28,20,31,0,5,33,0,0,0,1985,1735,250,1770,215,1300,1269,652,0,2144,3277,174,35258.13784021605,1229,1,0,43200,turbo-unchecked
final-speed5-day,final_candidate,12441600,final-speed5-day/census.txt,785,7171200,13392000,33,0,2,35,29,6,350,25,19,33,1,5,35,0,0,0,2000,1748,252,1784,216,1309,1278,656,0,2160,3296,174,35532.73510140646,1238,1,0,43200,turbo-unchecked
final-speed5-day,final_candidate,12441600,final-speed5-day/census.txt,789,7214400,13435200,34,0,0,34,28,6,350,24,17,34,0,5,34,0,0,0,2017,1765,252,1799,218,1321,1289,662,0,2178,3312,174,35721.92982858885,1249,86,0,43200,turbo-unchecked
final-speed5-day,final_candidate,12441600,final-speed5-day/census.txt,793,7257600,13478400,33,0,1,34,29,5,350,23,22,33,0,5,34,0,0,0,2029,1776,253,1810,219,1328,1296,667,0,2191,3334,175,36099.35877293814,1255,961,0,43200,turbo-unchecked
final-speed5-day,final_candidate,12441600,final-speed5-day/census.txt,797,7300800,13521600,28,0,0,28,24,4,350,19,20,28,0,5,28,0,0,0,2037,1784,253,1817,220,1336,1304,673,0,2200,3353,175,36401.6879560994,1263,309,0,43200,turbo-unchecked
final-speed5-day,final_candidate,12441600,final-speed5-day/census.txt,801,7344000,13564800,32,0,3,35,29,6,347,26,17,32,0,5,35,0,0,0,2055,1799,256,1833,222,1345,1313,675,0,2216,3370,175,36764.64206362236,1272,2006,0,43200,turbo-unchecked
final-speed5-day,final_candidate,12441600,final-speed5-day/census.txt,805,7387200,13608000,27,0,2,29,22,7,347,24,15,27,0,5,29,0,0,0,2069,1811,258,1845,224,1363,1331,677,0,2230,3385,175,37151.63513529766,1290,1,0,43200,turbo-unchecked
final-speed5-day,final_candidate,12441600,final-speed5-day/census.txt,809,7430400,13651200,13,0,4,17,15,2,347,11,6,13,0,5,17,0,0,0,2080,1818,262,1856,224,1379,1347,684,0,2241,3391,175,37274.5938416766,1305,4888,0,43200,turbo-unchecked
final-speed5-day,final_candidate,12441600,final-speed5-day/census.txt,813,7473600,13694400,21,0,3,24,19,5,346,20,8,21,0,5,24,0,0,0,2096,1831,265,1869,227,1384,1352,688,0,2255,3399,175,37546.818233613856,1309,1,0,43200,turbo-unchecked
final-speed5-day,final_candidate,12441600,final-speed5-day/census.txt,817,7516800,13737600,19,0,0,19,16,3,348,19,5,19,0,5,19,0,0,0,2110,1845,265,1883,227,1395,1362,696,0,2270,3404,175,37635.119607572444,1318,0,0,43200,turbo-unchecked
final-speed5-day,final_candidate,12441600,final-speed5-day/census.txt,821,7560000,13780800,17,0,4,21,18,3,346,16,5,17,0,5,21,0,0,0,2126,1857,269,1898,228,1401,1368,704,0,2286,3409,175,37805.19073641766,1324,1,0,43200,turbo-unchecked
final-speed5-day,final_candidate,12441600,final-speed5-day/census.txt,825,7603200,13824000,15,0,5,20,16,4,346,15,5,15,0,5,20,0,0,0,2141,1867,274,1912,229,1409,1376,712,0,2300,3414,175,37950.385425214656,1331,0,0,43200,turbo-unchecked
final-speed5-day,final_candidate,12441600,final-speed5-day/census.txt,829,7646400,13867200,15,0,2,17,16,1,348,14,4,15,0,5,17,0,0,0,2154,1878,276,1925,229,1418,1383,719,0,2313,3418,175,38063.29161084164,1337,1,0,43200,turbo-unchecked
final-speed5-day,final_candidate,12441600,final-speed5-day/census.txt,833,7689600,13910400,18,0,3,21,18,3,347,18,5,18,0,5,21,0,0,0,2170,1891,279,1938,232,1425,1389,724,0,2327,3423,175,38227.40346253384,1342,0,0,43200,turbo-unchecked
final-speed5-day,final_candidate,12441600,final-speed5-day/census.txt,837,7732800,13953600,15,0,1,16,11,5,347,15,4,15,0,5,16,0,0,0,2182,1902,280,1947,235,1435,1398,731,0,2340,3427,175,38383.34342682827,1351,0,0,43200,turbo-unchecked
final-speed5-day,final_candidate,12441600,final-speed5-day/census.txt,841,7776000,13996800,9,0,5,14,14,0,348,9,2,9,0,5,14,0,0,0,2194,1909,285,1959,235,1443,1404,737,0,2353,3429,175,38449.3126956271,1357,0,0,43200,turbo-unchecked
final-speed5-day,final_candidate,12441600,final-speed5-day/census.txt,845,7819200,14040000,15,0,2,17,12,5,346,15,0,15,0,5,17,0,0,0,2211,1924,287,1971,240,1448,1409,746,0,2368,3429,175,38449.3126956271,1362,0,0,43200,turbo-unchecked
final-speed5-day,final_candidate,12441600,final-speed5-day/census.txt,849,7862400,14083200,16,0,3,19,15,4,347,15,8,16,0,5,19,0,0,0,2222,1932,290,1982,240,1453,1413,750,0,2380,3437,175,38676.203294639476,1366,1,0,43200,turbo-unchecked
final-speed5-day,final_candidate,12441600,final-speed5-day/census.txt,853,7905600,14126400,21,0,3,24,21,3,345,20,5,21,0,5,24,0,0,0,2241,1948,293,2000,241,1464,1424,753,0,2398,3442,175,38841.987914209254,1377,1,0,43200,turbo-unchecked
final-speed5-day,final_candidate,12441600,final-speed5-day/census.txt,857,7948800,14169600,21,0,2,23,18,5,345,20,9,21,0,5,23,0,0,0,2255,1960,295,2012,243,1471,1431,761,0,2413,3451,175,39172.70576203335,1384,1,0,43200,turbo-unchecked
final-speed5-day,final_candidate,12441600,final-speed5-day/census.txt,861,7992000,14212800,17,0,1,18,14,4,346,16,4,17,0,5,18,0,0,0,2269,1973,296,2025,244,1483,1443,768,0,2428,3455,175,39303.68587410916,1396,1,0,43200,turbo-unchecked
final-speed5-day,final_candidate,12441600,final-speed5-day/census.txt,865,8035200,14256000,17,0,1,18,14,4,348,16,3,17,0,5,18,0,0,0,2284,1987,297,2037,247,1490,1448,776,0,2444,3458,175,39421.22219956387,1401,1,0,43200,turbo-unchecked
final-speed5-day,final_candidate,12441600,final-speed5-day/census.txt,869,8078400,14299200,21,0,2,23,17,6,345,21,5,21,0,5,23,0,0,0,2302,2003,299,2052,250,1500,1458,779,0,2460,3463,175,39592.03366768826,1411,0,0,43200,turbo-unchecked
final-speed5-day,final_candidate,12441600,final-speed5-day/census.txt,873,8121600,14342400,19,0,3,22,19,3,347,18,5,19,0,5,22,0,0,0,2319,2017,302,2067,252,1511,1467,786,0,2477,3468,175,39783.98998558987,1420,2085,0,43200,turbo-unchecked
final-speed5-day,final_candidate,12441600,final-speed5-day/census.txt,877,8164800,14385600,21,0,0,21,16,5,346,21,4,21,0,5,21,0,0,0,2336,2034,302,2080,256,1518,1474,797,0,2493,3472,175,39914.68508637417,1427,0,0,43200,turbo-unchecked
final-speed5-day,final_candidate,12441600,final-speed5-day/census.txt,881,8208000,14428800,17,0,1,18,15,3,347,16,7,17,0,5,18,0,0,0,2347,2044,303,2091,256,1523,1479,806,0,2506,3479,175,40127.60762894619,1432,1,0,43200,turbo-unchecked
final-speed5-day,final_candidate,12441600,final-speed5-day/census.txt,885,8251200,14472000,16,0,0,16,12,4,347,16,4,16,0,5,16,0,0,0,2359,2056,303,2100,259,1533,1488,810,0,2519,3483,175,40254.98191082943,1441,0,0,43200,turbo-unchecked
final-speed5-day,final_candidate,12441600,final-speed5-day/census.txt,889,8294400,14515200,20,0,3,23,16,7,345,19,7,20,0,5,23,0,0,0,2375,2069,306,2112,263,1540,1495,812,0,2535,3490,175,40497.946267490275,1448,1,0,43200,turbo-unchecked
final-speed5-day,final_candidate,12441600,final-speed5-day/census.txt,893,8337600,14558400,18,0,2,20,16,4,345,17,5,18,0,5,20,0,0,0,2390,2082,308,2127,263,1548,1503,822,0,2550,3495,175,40621.15804803837,1456,1,0,43200,turbo-unchecked
final-speed5-day,final_candidate,12441600,final-speed5-day/census.txt,897,8380800,14601600,20,0,4,24,21,3,348,18,4,20,0,5,24,0,0,0,2410,2098,312,2145,265,1556,1509,830,0,2571,3499,175,40782.02581155766,1462,1,0,43200,turbo-unchecked
final-speed5-day,final_candidate,12441600,final-speed5-day/census.txt,901,8424000,14644800,17,0,3,20,15,5,347,17,4,17,0,5,20,0,0,0,2426,2111,315,2157,269,1565,1518,841,0,2587,3503,175,40882.999869232066,1471,0,0,43200,turbo-unchecked
final-speed5-day,final_candidate,12441600,final-speed5-day/census.txt,905,8467200,14688000,23,0,3,26,23,3,348,20,5,23,0,5,26,0,0,0,2447,2129,318,2176,271,1576,1527,845,0,2607,3508,175,41074.41840637196,1480,1,0,43200,turbo-unchecked
final-speed5-day,final_candidate,12441600,final-speed5-day/census.txt,909,8510400,14731200,26,0,2,28,24,4,347,24,11,26,0,5,28,0,0,0,2464,2144,320,2191,273,1585,1536,851,0,2622,3519,175,41407.147753362544,1488,569,0,43200,turbo-unchecked
final-speed5-day,final_candidate,12441600,final-speed5-day/census.txt,913,8553600,14774400,24,0,2,26,20,6,348,24,6,24,0,5,26,0,0,0,2484,2162,322,2207,277,1599,1550,859,0,2643,3525,175,41551.59087622631,1501,0,0,43200,turbo-unchecked
final-speed5-day,final_candidate,12441600,final-speed5-day/census.txt,917,8596800,14817600,19,0,2,21,20,1,348,19,4,19,0,5,21,0,0,0,2501,2177,324,2224,277,1611,1562,869,0,2660,3529,175,41694.836453084834,1512,0,0,43200,turbo-unchecked
final-speed5-day,final_candidate,12441600,final-speed5-day/census.txt,921,8640000,14860800,17,0,2,19,17,2,348,16,5,17,0,5,19,0,0,0,2515,2189,326,2236,279,1620,1570,876,0,2673,3534,175,41844.71793044079,1519,1,0,43200,turbo-unchecked
final-speed5-day,final_candidate,12441600,final-speed5-day/census.txt,925,8683200,14904000,20,0,1,21,15,6,348,20,5,20,0,5,21,0,0,0,2531,2204,327,2248,283,1630,1580,880,0,2690,3539,175,42015.91539109219,1529,0,0,43200,turbo-unchecked
final-speed5-day,final_candidate,12441600,final-speed5-day/census.txt,929,8726400,14947200,17,0,0,17,12,5,348,15,2,17,0,5,17,0,0,0,2546,2219,327,2259,287,1640,1590,889,0,2705,3541,175,42071.34113371838,1538,1,0,43200,turbo-unchecked
final-speed5-day,final_candidate,12441600,final-speed5-day/census.txt,933,8769600,14990400,19,0,2,21,19,2,347,19,5,19,0,5,21,0,0,0,2562,2233,329,2274,288,1644,1593,897,0,2721,3546,175,42163.80487263668,1541,0,0,43200,turbo-unchecked
final-speed5-day,final_candidate,12441600,final-speed5-day/census.txt,937,8812800,15033600,21,0,2,23,19,4,347,19,7,21,0,5,23,0,0,0,2578,2247,331,2288,290,1653,1602,902,0,2738,3553,175,42340.302638893016,1550,1,0,43200,turbo-unchecked
final-speed5-day,final_candidate,12441600,final-speed5-day/census.txt,941,8856000,15076800,21,0,1,22,19,3,348,20,7,21,0,5,22,0,0,0,2593,2261,332,2301,292,1663,1611,908,0,2754,3560,175,42517.083122138865,1558,1,0,43200,turbo-unchecked
final-speed5-day,final_candidate,12441600,final-speed5-day/census.txt,945,8899200,15120000,20,0,2,22,19,3,349,20,8,20,0,5,22,0,0,0,2607,2273,334,2313,294,1671,1618,914,0,2767,3568,175,42788.19770992268,1564,0,0,43200,turbo-unchecked
final-speed5-day,final_candidate,12441600,final-speed5-day/census.txt,949,8942400,15163200,20,0,3,23,19,4,348,20,8,20,0,5,23,0,0,0,2622,2285,337,2326,296,1681,1628,918,0,2782,3576,175,43054.79082918633,1574,0,0,43200,turbo-unchecked
final-speed5-day,final_candidate,12441600,final-speed5-day/census.txt,953,8985600,15206400,19,0,2,21,17,4,348,18,6,19,0,5,21,0,0,0,2637,2298,339,2339,298,1694,1640,922,0,2798,3582,175,43285.5979981469,1586,1,0,43200,turbo-unchecked
final-speed5-day,final_candidate,12441600,final-speed5-day/census.txt,957,9028800,15249600,19,0,3,22,16,6,346,18,6,19,0,5,22,0,0,0,2653,2311,342,2353,300,1705,1651,926,0,2813,3588,175,43415.92603922356,1597,1,0,43200,turbo-unchecked
final-speed5-day,final_candidate,12441600,final-speed5-day/census.txt,961,9072000,15292800,16,0,1,17,14,3,346,16,4,16,0,5,17,0,0,0,2666,2323,343,2366,300,1714,1660,935,0,2826,3592,175,43495.444176678546,1606,0,0,43200,turbo-unchecked
final-speed5-day,final_candidate,12441600,final-speed5-day/census.txt,965,9115200,15336000,19,0,1,20,16,4,348,19,5,19,0,5,20,0,0,0,2681,2337,344,2379,302,1719,1664,942,0,2842,3597,175,43602.23679543007,1610,0,0,43200,turbo-unchecked
final-speed5-day,final_candidate,12441600,final-speed5-day/census.txt,969,9158400,15379200,19,0,3,22,21,1,351,19,5,19,0,5,22,0,0,0,2698,2351,347,2396,302,1726,1670,950,0,2862,3602,175,43788.68267322052,1615,0,0,43200,turbo-unchecked
final-speed5-day,final_candidate,12441600,final-speed5-day/census.txt,973,9201600,15422400,28,0,2,30,26,4,347,22,10,28,0,5,30,0,0,0,2718,2369,349,2412,306,1731,1675,957,0,2880,3612,175,44098.90364528168,1620,1,0,43200,turbo-unchecked
final-speed5-day,final_candidate,12441600,final-speed5-day/census.txt,977,9244800,15465600,26,0,1,27,23,4,348,21,14,26,1,5,27,0,0,0,2730,2380,350,2423,307,1740,1684,963,0,2893,3626,175,44499.00851321686,1627,1,0,43200,turbo-unchecked
final-speed5-day,final_candidate,12441600,final-speed5-day/census.txt,981,9288000,15508800,28,0,2,30,26,4,350,25,12,28,0,5,30,0,0,0,2748,2396,352,2438,310,1753,1696,965,0,2911,3638,175,44813.823532824405,1637,309,0,43200,turbo-unchecked
final-speed5-day,final_candidate,12441600,final-speed5-day/census.txt,985,9331200,15552000,25,0,0,25,18,7,347,24,6,25,0,5,25,0,0,0,2767,2415,352,2451,316,1771,1714,971,0,2929,3644,175,44970.513052945025,1655,1,0,43200,turbo-unchecked
final-speed5-day,final_candidate,12441600,final-speed5-day/census.txt,989,9374400,15595200,23,0,3,26,21,5,347,22,7,23,0,5,26,0,0,0,2786,2431,355,2468,318,1783,1726,977,0,2949,3651,175,45184.683609013446,1666,1,0,43200,turbo-unchecked
final-speed5-day,final_candidate,12441600,final-speed5-day/census.txt,993,9417600,15638400,23,0,3,26,22,4,347,23,9,23,0,5,26,0,0,0,2803,2445,358,2483,320,1792,1735,985,0,2965,3660,175,45503.48512936104,1674,0,0,43200,turbo-unchecked
final-speed5-day,final_candidate,12441600,final-speed5-day/census.txt,997,9460800,15681600,13,0,2,15,12,3,348,13,5,13,0,5,15,0,0,0,2813,2453,360,2493,320,1805,1748,993,0,2977,3665,175,45668.83241844643,1687,0,0,43200,turbo-unchecked
final-speed5-day,final_candidate,12441600,final-speed5-day/census.txt,1001,9504000,15724800,18,0,0,18,17,1,350,18,3,18,0,5,18,0,0,0,2828,2468,360,2508,320,1813,1754,997,0,2994,3668,175,45756.45342112053,1693,0,0,43200,turbo-unchecked
final-speed5-day,final_candidate,12441600,final-speed5-day/census.txt,1005,9547200,15768000,17,0,2,19,13,6,347,16,6,17,0,5,19,0,0,0,2841,2479,362,2516,325,1821,1762,1001,0,3007,3674,175,45927.69646955002,1701,1,0,43200,turbo-unchecked
final-speed5-day,final_candidate,12441600,final-speed5-day/census.txt,1009,9590400,15811200,18,0,2,20,14,6,347,17,7,18,0,5,20,0,0,0,2854,2490,364,2526,328,1831,1771,1003,0,3020,3681,175,46206.98410821427,1710,1,0,43200,turbo-unchecked
final-speed5-day,final_candidate,12441600,final-speed5-day/census.txt,1013,9633600,15854400,15,0,1,16,12,4,347,14,3,15,0,5,16,0,0,0,2867,2502,365,2538,329,1843,1783,1008,0,3034,3684,175,46330.47005868424,1722,1,0,43200,turbo-unchecked
final-speed5-day,final_candidate,12441600,final-speed5-day/census.txt,1017,9676800,15897600,19,0,3,22,20,2,347,19,7,19,0,5,22,0,0,0,2882,2514,368,2553,329,1846,1785,1014,0,3050,3691,175,46528.5837051915,1724,0,0,43200,turbo-unchecked
final-speed5-day,final_candidate,12441600,final-speed5-day/census.txt,1021,9720000,15940800,20,0,2,22,18,4,347,20,7,20,0,5,22,0,0,0,2897,2527,370,2566,331,1854,1793,1021,0,3065,3698,175,46754.53393960465,1731,0,0,43200,turbo-unchecked
final-speed5-day,final_candidate,12441600,final-speed5-day/census.txt,1025,9763200,15984000,24,0,2,26,21,5,346,23,10,24,0,5,26,0,0,0,2913,2541,372,2581,332,1863,1802,1024,0,3081,3708,175,47023.65902162064,1740,1,0,43200,turbo-unchecked
final-speed5-day,final_candidate,12441600,final-speed5-day/census.txt,1029,9806400,16027200,15,0,2,17,15,2,348,15,4,15,0,5,17,0,0,0,2926,2552,374,2594,332,1878,1816,1031,0,3095,3712,175,47195.22307038773,1753,0,0,43200,turbo-unchecked
final-speed5-day,final_candidate,12441600,final-speed5-day/census.txt,1033,9849600,16070400,24,0,0,24,20,4,347,24,6,24,0,5,24,0,0,0,2944,2570,374,2610,334,1883,1821,1037,0,3113,3718,175,47393.57613587845,1758,0,0,43200,turbo-unchecked
final-speed5-day,final_candidate,12441600,final-speed5-day/census.txt,1037,9892800,16113600,35,0,0,35,28,7,348,31,13,35,0,5,35,0,0,0,2966,2592,374,2629,337,1888,1826,1043,0,3137,3731,175,47737.07791448105,1763,2479,0,43200,turbo-unchecked
final-speed5-day,final_candidate,12441600,final-speed5-day/census.txt,1041,9936000,16156800,32,0,1,33,29,4,348,28,17,32,2,5,33,0,0,0,2980,2605,375,2643,337,1899,1837,1048,0,3153,3748,175,48126.51522297133,1774,121,0,43200,turbo-unchecked
final-speed5-day,final_candidate,12441600,final-speed5-day/census.txt,1045,9979200,16200000,33,0,2,35,30,5,348,30,17,33,0,5,35,0,0,0,2998,2621,377,2659,339,1911,1849,1052,0,3173,3765,175,48483.26931447256,1786,1019,0,43200,turbo-unchecked
final-speed5-day,final_candidate,12441600,final-speed5-day/census.txt,1049,10022400,16243200,28,0,5,33,30,3,349,23,11,28,0,5,33,0,0,0,3020,2638,382,2680,340,1929,1866,1058,0,3195,3776,175,48754.805059378035,1802,1,0,43200,turbo-unchecked
final-speed5-day,final_candidate,12441600,final-speed5-day/census.txt,1053,10065600,16286400,33,0,0,33,29,4,349,23,19,33,0,5,33,0,0,0,3034,2652,382,2692,342,1937,1873,1064,0,3209,3795,175,49244.97597176302,1809,1483,0,43200,turbo-unchecked
final-speed5-day,final_candidate,12441600,final-speed5-day/census.txt,1057,10108800,16329600,33,0,1,34,28,6,348,26,20,33,0,5,34,0,0,0,3048,2665,383,2704,344,1948,1884,1066,0,3223,3814,175,49642.0115588652,1820,289,0,43200,turbo-unchecked
final-speed5-day,final_candidate,12441600,final-speed5-day/census.txt,1061,10152000,16372800,33,0,1,34,27,7,346,27,19,33,1,5,34,0,0,0,3062,2678,384,2715,347,1959,1895,1069,0,3238,3833,176,49884.844365690835,1831,4476,0,43200,turbo-unchecked
final-speed5-day,final_candidate,12441600,final-speed5-day/census.txt,1065,10195200,16416000,33,0,2,35,29,6,347,23,19,33,1,5,35,0,0,0,3077,2691,386,2729,348,1966,1902,1076,0,3253,3851,177,50020.88402519096,1837,1978,0,43200,turbo-unchecked
final-speed5-day,final_candidate,12441600,final-speed5-day/census.txt,1069,10238400,16459200,32,0,2,34,28,6,347,23,24,32,0,5,34,0,0,0,3087,2699,388,2738,349,1973,1909,1080,0,3264,3874,177,50313.55577776302,1844,89,0,43200,turbo-unchecked
final-speed5-day,final_candidate,12441600,final-speed5-day/census.txt,1073,10281600,16502400,32,0,2,34,29,5,347,22,22,32,1,5,34,0,0,0,3098,2708,390,2749,349,1982,1918,1082,0,3276,3896,178,50524.56203529704,1853,62,0,43200,turbo-unchecked
final-speed5-day,final_candidate,12441600,final-speed5-day/census.txt,1077,10324800,16545600,33,0,1,34,31,3,349,24,21,33,0,5,34,0,0,0,3111,2720,391,2762,349,1992,1927,1085,0,3291,3917,178,50865.73917410243,1861,4852,0,43200,turbo-unchecked
final-speed5-day,final_candidate,12441600,final-speed5-day/census.txt,1081,10368000,16588800,30,0,2,32,30,2,349,26,14,30,0,5,32,0,0,0,3129,2736,393,2779,350,2007,1941,1090,0,3309,3930,178,51043.539798294194,1875,1,0,43200,turbo-unchecked
final-speed5-day,final_candidate,12441600,final-speed5-day/census.txt,1085,10411200,16632000,34,0,1,35,30,5,347,25,19,34,0,5,35,0,0,0,3145,2751,394,2792,353,2016,1950,1094,0,3324,3949,178,51383.90693906415,1884,8907,0,43200,turbo-unchecked
final-speed5-day,final_candidate,12441600,final-speed5-day/census.txt,1089,10454400,16675200,33,0,2,35,29,6,348,25,20,33,0,5,35,0,0,0,3160,2764,396,2805,355,2024,1958,1101,0,3341,3969,178,51669.844314490445,1892,17434,1,43200,turbo-unchecked
final-speed5-day,final_candidate,12441600,final-speed5-day/census.txt,1093,10497600,16718400,29,0,5,34,28,6,347,19,19,29,0,5,34,0,0,0,3175,2774,401,2819,356,2033,1967,1108,0,3356,3988,179,51873.89088067878,1901,7015,0,43200,turbo-unchecked
final-speed5-day,final_candidate,12441600,final-speed5-day/census.txt,1097,10540800,16761600,31,0,1,32,26,6,347,22,17,31,1,5,32,0,0,0,3189,2787,402,2832,357,2043,1976,1114,0,3373,4005,179,52085.291705225594,1909,1,0,43200,turbo-unchecked
final-speed5-day,final_candidate,12441600,final-speed5-day/census.txt,1101,10584000,16804800,34,0,0,34,27,7,347,25,14,34,2,5,34,0,0,0,3207,2805,402,2848,359,2058,1991,1115,0,3391,4019,179,52281.18710092176,1923,1,0,43200,turbo-unchecked
final-speed5-day,final_candidate,12441600,final-speed5-day/census.txt,1105,10627200,16848000,34,0,0,34,27,7,347,31,15,34,0,5,34,0,0,0,3226,2824,402,2866,360,2071,2004,1121,0,3412,4034,179,52563.20833829511,1936,1,0,43200,turbo-unchecked
final-speed5-day,final_candidate,12441600,final-speed5-day/census.txt,1109,10670400,16891200,33,0,2,35,29,6,347,25,20,33,0,5,35,0,0,0,3241,2837,404,2880,361,2081,2014,1125,0,3428,4054,180,52907.87140039075,1946,6429,0,43200,turbo-unchecked
final-speed5-day,final_candidate,12441600,final-speed5-day/census.txt,1113,10713600,16934400,33,0,2,35,28,7,347,24,24,33,0,5,35,0,0,0,3252,2846,406,2889,363,2088,2021,1129,0,3440,4077,180,53273.99242365826,1953,4603,0,43200,turbo-unchecked
final-speed5-day,final_candidate,12441600,final-speed5-day/census.txt,1117,10756800,16977600,32,0,2,34,26,8,346,20,17,32,0,5,34,0,0,0,3269,2861,408,2904,365,2103,2036,1132,0,3458,4094,180,53466.88081872929,1968,1947,0,43200,turbo-unchecked
final-speed5-day,final_candidate,12441600,final-speed5-day/census.txt,1121,10800000,17020800,34,0,1,35,26,9,347,27,21,34,0,5,35,0,0,0,3283,2874,409,2914,369,2113,2045,1135,0,3473,4115,181,53699.79489255417,1977,1,0,43200,turbo-unchecked
final-speed5-day,final_candidate,12441600,final-speed5-day/census.txt,1125,10843200,17064000,29,0,4,33,26,7,347,24,17,29,0,5,33,0,0,0,3299,2886,413,2927,372,2126,2058,1140,0,3490,4130,181,53908.17609122861,1989,781,0,43200,turbo-unchecked
final-speed5-day,final_candidate,12441600,final-speed5-day/census.txt,1129,10886400,17107200,31,0,4,35,30,5,348,26,20,31,0,5,35,0,0,0,3314,2897,417,2941,373,2134,2065,1145,0,3506,4150,183,54153.48449543584,1996,1,0,43200,turbo-unchecked
final-speed5-day,final_candidate,12441600,final-speed5-day/census.txt,1133,10929600,17150400,31,0,3,34,30,4,346,18,19,31,0,5,34,0,0,0,3329,2909,420,2955,374,2144,2075,1151,0,3521,4168,183,54392.80756631959,2006,216,0,43200,turbo-unchecked
final-speed5-day,final_candidate,12441600,final-speed5-day/census.txt,1137,10972800,17193600,29,0,5,34,29,5,345,18,23,29,0,5,34,0,0,0,3340,2915,425,2965,375,2149,2080,1157,0,3531,4191,183,54660.705446396954,2011,1099,0,43200,turbo-unchecked
final-speed5-day,final_candidate,12441600,final-speed5-day/census.txt,1141,11016000,17236800,33,0,2,35,30,5,345,23,21,33,0,5,35,0,0,0,3354,2927,427,2978,376,2156,2087,1163,0,3546,4211,184,54877.07637599576,2018,5838,0,43200,turbo-unchecked
final-speed5-day,final_candidate,12441600,final-speed5-day/census.txt,1145,11059200,17280000,35,0,0,35,31,4,345,22,26,35,1,5,35,0,0,0,3362,2935,427,2986,376,2160,2091,1167,0,3555,4234,184,55109.737469946034,2022,1802,0,43200,turbo-unchecked
final-speed5-day,final_candidate,12441600,final-speed5-day/census.txt,1149,11102400,17323200,34,0,2,36,31,5,345,23,28,34,1,5,36,0,0,0,3369,2940,429,2992,377,2164,2095,1169,0,3563,4261,185,55264.00653008092,2026,746,0,43200,turbo-unchecked
final-speed5-day,final_candidate,12441600,final-speed5-day/census.txt,1153,11145600,17366400,34,0,1,35,31,4,345,22,29,34,3,5,35,0,0,0,3371,2942,429,2994,377,2165,2096,1171,0,3566,4288,186,55470.95654061902,2027,396,0,43200,turbo-unchecked
final-speed5-day,final_candidate,12441600,final-speed5-day/census.txt,1157,11188800,17409600,34,0,1,35,31,4,345,23,30,34,0,5,35,0,0,0,3376,2946,430,2999,377,2169,2100,1172,0,3574,4316,189,55644.52632001508,2031,934,0,43200,turbo-unchecked
final-speed5-day,final_candidate,12441600,final-speed5-day/census.txt,1161,11232000,17452800,36,0,0,36,32,4,345,26,29,36,2,5,36,0,0,0,3381,2951,430,3004,377,2172,2103,1173,0,3579,4344,190,55900.591171656735,2033,301,0,43200,turbo-unchecked
final-speed5-day,final_candidate,12441600,final-speed5-day/census.txt,1165,11275200,17496000,34,0,0,34,30,4,347,16,29,34,2,5,34,0,0,0,3384,2954,430,3006,378,2175,2106,1175,0,3584,4373,190,56073.01560107339,2035,6960,0,43200,turbo-unchecked
final-speed5-day,final_candidate,12441600,final-speed5-day/census.txt,1169,11318400,17539200,33,0,1,34,31,3,348,24,27,33,2,5,34,0,0,0,3389,2958,431,3011,378,2179,2109,1176,0,3591,4398,191,56287.18873352278,2038,22310,1,43200,turbo-unchecked
final-speed5-day,final_candidate,12441600,final-speed5-day/census.txt,1173,11361600,17582400,32,0,3,35,32,3,346,15,28,32,0,5,35,0,0,0,3396,2962,434,3017,379,2181,2111,1180,0,3597,4423,194,56456.46930349339,2040,15748,3,43200,turbo-unchecked
final-speed5-day,final_candidate,12441600,final-speed5-day/census.txt,1177,11404800,17625600,34,0,2,36,32,4,345,15,23,34,1,5,36,0,0,0,3408,2972,436,3028,380,2187,2117,1185,0,3609,4446,199,56581.726210360415,2045,2399,0,43200,turbo-unchecked
final-speed5-day,final_candidate,12441600,final-speed5-day/census.txt,1181,11448000,17668800,33,0,1,34,30,4,345,18,22,33,7,5,34,0,0,0,3413,2976,437,3033,380,2193,2123,1186,0,3614,4468,201,56836.22191358078,2050,2554,0,43200,turbo-unchecked
final-speed5-day,final_candidate,12441600,final-speed5-day/census.txt,1185,11491200,17712000,34,0,1,35,32,3,347,20,28,34,1,5,35,0,0,0,3419,2981,438,3039,380,2198,2127,1186,0,3622,4491,203,57033.43191230763,2054,386,0,43200,turbo-unchecked
final-speed5-day,final_candidate,12441600,final-speed5-day/census.txt,1189,11534400,17755200,34,0,1,35,31,4,347,18,24,34,3,5,35,0,0,0,3427,2988,439,3046,381,2204,2133,1188,0,3631,4514,203,57147.78693449963,2060,5940,0,43200,turbo-unchecked
final-speed5-day,final_candidate,12441600,final-speed5-day/census.txt,1193,11577600,17798400,34,0,1,35,30,5,347,22,24,34,0,5,35,0,0,0,3438,2998,440,3056,382,2213,2142,1190,0,3643,4538,206,57278.634161834605,2069,6863,0,43200,turbo-unchecked
final-speed5-day,final_candidate,12441600,final-speed5-day/census.txt,1197,11620800,17841600,34,0,2,36,31,5,347,24,23,34,1,5,36,0,0,0,3450,3008,442,3068,382,2220,2149,1194,0,3656,4560,208,57401.379554276355,2076,1170,0,43200,turbo-unchecked
final-speed5-day,final_candidate,12441600,final-speed5-day/census.txt,1201,11664000,17884800,35,0,0,35,32,3,348,19,22,35,0,5,35,0,0,0,3463,3021,442,3081,382,2231,2160,1197,0,3670,4580,211,57458.15322512854,2086,440,0,43200,turbo-unchecked
final-speed5-day,final_candidate,12441600,final-speed5-day/census.txt,1205,11707200,17928000,32,0,2,34,31,3,348,21,23,32,1,5,34,0,0,0,3473,3029,444,3091,382,2237,2166,1202,0,3682,4602,212,57556.68228131998,2092,241,0,43200,turbo-unchecked
final-speed5-day,final_candidate,12441600,final-speed5-day/census.txt,1209,11750400,17971200,32,0,3,35,30,5,348,19,20,32,0,5,35,0,0,0,3488,3041,447,3104,384,2246,2175,1207,0,3697,4621,213,57632.85072535742,2100,1861,0,43200,turbo-unchecked
final-speed5-day,final_candidate,12441600,final-speed5-day/census.txt,1213,11793600,18014400,35,0,0,35,30,5,348,23,23,35,1,5,35,0,0,0,3499,3052,447,3114,385,2251,2180,1213,0,3708,4643,213,57833.89965767134,2104,5507,0,43200,turbo-unchecked
final-speed5-day,final_candidate,12441600,final-speed5-day/census.txt,1217,11836800,18057600,34,0,1,35,29,6,348,23,25,34,1,5,35,0,0,0,3508,3060,448,3121,387,2255,2184,1218,0,3718,4668,213,58076.28845674265,2108,1460,0,43200,turbo-unchecked
final-speed5-day,final_candidate,12441600,final-speed5-day/census.txt,1221,11880000,18100800,33,0,2,35,30,5,348,23,24,33,0,5,35,0,0,0,3519,3069,450,3131,388,2262,2191,1222,0,3729,4690,215,58234.555867840536,2115,1894,0,43200,turbo-unchecked
final-speed5-day,final_candidate,12441600,final-speed5-day/census.txt,1225,11923200,18144000,30,0,4,34,31,3,349,18,23,30,0,5,34,0,0,0,3530,3076,454,3142,388,2268,2196,1228,0,3742,4711,216,58381.26218183804,2120,8714,0,43200,turbo-unchecked
final-speed5-day,final_candidate,12441600,final-speed5-day/census.txt,1229,11966400,18187200,33,0,2,35,32,3,348,23,19,33,2,5,35,0,0,0,3544,3088,456,3155,389,2278,2205,1231,0,3756,4730,218,58480.15165020991,2129,5843,0,43200,turbo-unchecked
final-speed5-day,final_candidate,12441600,final-speed5-day/census.txt,1233,12009600,18230400,33,0,2,35,30,5,348,20,22,33,3,5,35,0,0,0,3554,3096,458,3163,391,2283,2210,1236,0,3766,4751,221,58638.98297407199,2133,22646,1,43200,turbo-unchecked
final-speed5-day,final_candidate,12441600,final-speed5-day/census.txt,1237,12052800,18273600,33,0,1,34,28,6,349,23,25,33,0,5,34,0,0,0,3563,3104,459,3170,393,2290,2216,1239,0,3775,4773,222,58797.09777681995,2138,116,0,43200,turbo-unchecked
final-speed5-day,final_candidate,12441600,final-speed5-day/census.txt,1241,12096000,18316800,36,0,0,36,28,8,348,19,28,36,1,5,36,0,0,0,3570,3111,459,3173,397,2294,2220,1240,0,3781,4799,222,59104.56214230228,2141,257,0,43200,turbo-unchecked
final-speed5-day,final_candidate,12441600,final-speed5-day/census.txt,1245,12139200,18360000,34,0,1,35,29,6,348,20,23,34,1,5,35,0,0,0,3581,3121,460,3182,399,2305,2231,1241,0,3793,4820,223,59178.42710663844,2152,1558,0,43200,turbo-unchecked
final-speed5-day,final_candidate,12441600,final-speed5-day/census.txt,1249,12182400,18403200,34,0,1,35,30,5,348,14,27,34,2,5,35,0,0,0,3587,3126,461,3188,399,2307,2233,1245,0,3800,4844,229,59296.54036276508,2154,10722,0,43200,turbo-unchecked
final-speed5-day,final_candidate,12441600,final-speed5-day/census.txt,1253,12225600,18446400,31,0,3,34,30,4,349,21,20,31,4,5,34,0,0,0,3597,3133,464,3198,399,2315,2241,1248,0,3811,4864,231,59431.81876902748,2161,1,0,43200,turbo-unchecked
final-speed5-day,final_candidate,12441600,final-speed5-day/census.txt,1257,12268800,18489600,31,0,4,35,31,4,349,17,20,31,3,5,35,0,0,0,3609,3141,468,3208,401,2320,2245,1254,0,3823,4883,232,59613.074543018825,2165,4621,0,43200,turbo-unchecked
final-speed5-day,final_candidate,12441600,final-speed5-day/census.txt,1261,12312000,18532800,34,0,1,35,29,6,348,19,24,34,0,5,35,0,0,0,3620,3151,469,3216,404,2327,2252,1258,0,3834,4907,233,59818.980328102596,2172,2115,0,43200,turbo-unchecked
final-speed5-day,final_candidate,12441600,final-speed5-day/census.txt,1265,12355200,18576000,30,0,5,35,29,6,350,25,24,30,0,5,35,0,0,0,3631,3157,474,3226,405,2334,2258,1262,0,3846,4929,235,60070.51237752009,2178,1663,0,43200,turbo-unchecked
final-speed5-day,final_candidate,12441600,final-speed5-day/census.txt,1269,12398400,18619200,34,0,1,35,31,4,350,23,21,34,1,5,35,0,0,0,3644,3169,475,3238,406,2340,2263,1269,0,3858,4948,235,60224.319742699154,2183,5367,0,43200,turbo-unchecked
final-speed5-day,final_candidate,12441600,final-speed5-day/census.txt,1273,12441600,18662400,32,0,2,34,28,6,349,22,21,32,0,5,34,0,0,0,3657,3180,477,3249,408,2349,2272,1274,0,3871,4968,237,60332.821688910015,2192,2368,0,43200,turbo-unchecked
final-speed5-eligible-hour,final_candidate,518400,final-speed5-eligible-hour/census.txt,2,0,6220800,0,0,0,0,0,0,330,0,0,0,0,5,0,0,0,0,0,0,0,0,0,0,0,0,0,0,0,0,0,0,0,0,43200,turbo
final-speed5-eligible-hour,final_candidate,518400,final-speed5-eligible-hour/census.txt,125,43200,6264000,22,0,6,28,24,4,329,21,0,22,0,5,28,0,0,0,28,22,6,24,4,0,0,0,0,27,0,0,0,0,1,0,43200,turbo
final-speed5-eligible-hour,final_candidate,518400,final-speed5-eligible-hour/census.txt,129,86400,6307200,33,0,2,35,34,1,330,31,4,33,0,5,35,0,0,0,59,51,8,54,5,9,7,15,0,58,4,0,134.77497673034668,7,5701,0,43200,turbo
final-speed5-eligible-hour,final_candidate,518400,final-speed5-eligible-hour/census.txt,133,129600,6350400,32,0,2,34,29,5,329,27,17,32,0,5,34,0,0,0,76,66,10,66,10,23,20,19,0,74,20,0,561.0329966545105,20,1,0,43200,turbo
final-speed5-eligible-hour,final_candidate,518400,final-speed5-eligible-hour/census.txt,137,172800,6393600,31,0,3,34,29,5,329,28,9,31,0,5,34,0,0,0,101,88,13,89,12,40,37,27,0,99,28,0,817.6091072261333,36,2045,0,43200,turbo
final-speed5-eligible-hour,final_candidate,518400,final-speed5-eligible-hour/census.txt,141,216000,6436800,30,0,3,33,30,3,328,28,14,30,0,5,33,0,0,0,119,104,15,107,12,52,49,34,0,117,42,0,1217.6183169782162,48,1,0,43200,turbo
final-speed5-eligible-hour,final_candidate,518400,final-speed5-eligible-hour/census.txt,145,259200,6480000,33,0,2,35,32,3,329,27,14,33,0,5,35,0,0,0,140,123,17,127,13,63,59,42,0,138,55,0,1680.8843908905983,58,105,0,43200,turbo
final-speed5-eligible-hour,final_candidate,518400,final-speed5-eligible-hour/census.txt,149,302400,6523200,28,0,6,34,29,5,329,24,12,28,0,5,34,0,0,0,162,139,23,145,17,77,72,51,0,160,67,0,2056.4854236245155,71,648,0,43200,turbo
final-speed5-eligible-hour,final_candidate,518400,final-speed5-eligible-hour/census.txt,153,345600,6566400,31,0,1,32,29,3,330,29,12,31,0,5,32,0,0,0,182,158,24,163,19,93,88,57,0,181,79,0,2276.900102198124,86,1,0,43200,turbo
final-speed5-eligible-hour,final_candidate,518400,final-speed5-eligible-hour/census.txt,157,388800,6609600,30,0,5,35,31,4,329,29,16,30,0,5,35,0,0,0,201,172,29,180,21,105,99,61,0,200,95,0,2719.989216387272,97,1,0,43200,turbo
final-speed5-eligible-hour,final_candidate,518400,final-speed5-eligible-hour/census.txt,161,432000,6652800,32,0,3,35,28,7,328,24,8,32,0,5,35,0,0,0,228,196,32,202,26,125,119,68,0,227,103,0,2969.6567917466164,117,1863,0,43200,turbo
final-speed5-eligible-hour,final_candidate,518400,final-speed5-eligible-hour/census.txt,165,475200,6696000,31,0,1,32,28,4,329,25,15,31,0,5,32,0,0,0,245,212,33,217,28,137,130,76,0,247,118,0,3238.9878650307655,128,1402,0,43200,turbo
final-speed5-eligible-hour,final_candidate,518400,final-speed5-eligible-hour/census.txt,169,518400,6739200,31,0,0,31,28,3,328,28,7,31,0,5,31,0,0,0,269,236,33,239,30,157,149,81,0,271,125,0,3425.559513628483,147,1,0,43200,turbo
